{
  "ABHY0065001": {
    "BANK": "ABHYUDAYA COOPERATIVE BANK LIMITED",
    "IFSC": "ABHY0065001",
    "BRANCH": "RTGS-HO",
    "ADDRESS": "ABHYUDAYA BANK BLDG., B.NO.71, NEHRU NAGAR, KURLA (E), MUMBAI-400024",
    "CONTACT": "25260173",
    "CITY": "MUMBAI",
    "DISTRICT": "GREATER MUMBAI",
    "STATE": "MAHARASHTRA"
  },
  "ABHY0065002": {
    "BANK": "ABHYUDAYA COOPERATIVE BANK LIMITED",
    "IFSC": "ABHY0065002",
    "BRANCH": "ABHYUDAYA NAGAR",
    "ADDRESS": "ABHYUDAYA EDUCATION SOCIETY, OPP. BLDG. NO. 18, ABHYUDAYA NAGAR, KALACHOWKY, MUMBAI - 400033",
    "CONTACT": "24702643",
    "CITY": "MUMBAI",
    "DISTRICT": "GREATER MUMBAI",
    "STATE": "MAHARASHTRA"
  },
  "ABHY0065003": {
    "BANK": "ABHYUDAYA COOPERATIVE BANK LIMITED",
    "IFSC": "ABHY0065003",
    "BRANCH": "BAIL BAZAR",
    "ADDRESS": "KMSPM'S SCHOOL, WADIA ESTATE, BAIL BAZAR-KURLA(W), MUMBAI-400070",
    "CONTACT": "25032202",
    "CITY": "MUMBAI",
    "DISTRICT": "GREATER MUMBAI",
    "STATE": "MAHARASHTRA"
  },
  "ABHY0065004": {
    "BANK": "ABHYUDAYA COOPERATIVE BANK LIMITED",
    "IFSC": "ABHY0065004",
    "BRANCH": "BHANDUP",
    "ADDRESS": "CHETNA APARTMENTS, J.M.ROAD, BHANDUP, MUMBAI-400078",
    "CONTACT": "25963157",
    "CITY": "MUMBAI",
    "DISTRICT": "GREATER MUMBAI",
    "STATE": "MAHARASHTRA"
  },
  "ABHY0065005": {
    "BANK": "ABHYUDAYA COOPERATIVE BANK LIMITED",
    "IFSC": "ABHY0065005",
    "BRANCH": "DARUKHANA",
    "ADDRESS": "POTIA IND.ESTATE, REAY ROAD (E), DARUKHANA, MUMBAI-400010",
    "CONTACT": "23778164",
    "CITY": "MUMBAI",
    "DISTRICT": "GREATER MUMBAI",
    "STATE": "MAHARASHTRA"
  },
  "ABHY0065006": {
    "BANK": "ABHYUDAYA COOPERATIVE BANK LIMITED",
    "IFSC": "ABHY0065006",
    "BRANCH": "FORT",
    "ADDRESS": "ABHYUDAYA BANK BLDG., 251, PERIN NARIMAN STREET, FORT, MUMBAI-400001",
    "CONTACT": "22614468",
    "CITY": "MUMBAI",
    "DISTRICT": "GREATER MUMBAI",
    "STATE": "MAHARASHTRA"
  },
  "ABHY0065007": {
    "BANK": "ABHYUDAYA COOPERATIVE BANK LIMITED",
    "IFSC": "ABHY0065007",
    "BRANCH": "GHATKOPAR",
    "ADDRESS": "UNIT NO 2 & 3, SILVER HARMONY BLDG,NEW MANIKLAL ESTATE, GHATKOPAR (WEST), MUMBAI-400086",
    "CONTACT": "25116673",
    "CITY": "MUMBAI",
    "DISTRICT": "GREATER MUMBAI",
    "STATE": "MAHARASHTRA"
  },
  "ABHY0065008": {
    "BANK": "ABHYUDAYA COOPERATIVE BANK LIMITED",
    "IFSC": "ABHY0065008",
    "BRANCH": "KANJUR",
    "ADDRESS": "BHANDARI CO-OP. HSG. SOCIETY, KANJUR VILLAGE, KANJUR (EAST), MUMBAI-400078",
    "CONTACT": "25783519",
    "CITY": "MUMBAI",
    "DISTRICT": "GREATER MUMBAI",
    "STATE": "MAHARASHTRA"
  },
  "ABHY0065009": {
    "BANK": "ABHYUDAYA COOPERATIVE BANK LIMITED",
    "IFSC": "ABHY0065009",
    "BRANCH": "NEHRU NAGAR",
    "ADDRESS": "ABHYUDAYA BANK BLDG., B.NO.71, NEHRU NAGAR, KURLA (E), MUMBAI-400024",
    "CONTACT": "25222386",
    "CITY": "MUMBAI",
    "DISTRICT": "GREATER MUMBAI",
    "STATE": "MAHARASHTRA"
  },
  "ABHY0065010": {
    "BANK": "ABHYUDAYA COOPERATIVE BANK LIMITED",
    "IFSC": "ABHY0065010",
    "BRANCH": "PAREL",
    "ADDRESS": "SHRAMA SAFALYA, 63 G.D.AMBEKAR MARG, PAREL VILLAGE, MUMBAI-400012",
    "CONTACT": "24137707",
    "CITY": "MUMBAI",
    "DISTRICT": "GREATER MUMBAI",
    "STATE": "MAHARASHTRA"
  },
  "ABHY0065011": {
    "BANK": "ABHYUDAYA COOPERATIVE BANK LIMITED",
    "IFSC": "ABHY0065011",
    "BRANCH": "SEWRI",
    "ADDRESS": "NAVNIDHI INDUSTRIAL ESTATE, ACHARYA DONDHE MARG, SEWRI, MUMBAI-400015",
    "CONTACT": "24136008",
    "CITY": "MUMBAI",
    "DISTRICT": "GREATER MUMBAI",
    "STATE": "MAHARASHTRA"
  },
  "ABHY0065012": {
    "BANK": "ABHYUDAYA COOPERATIVE BANK LIMITED",
    "IFSC": "ABHY0065012",
    "BRANCH": "WADALA",
    "ADDRESS": "B.P.T.MARKET BLDG., NADKARNI PARK, WADALA (EAST), MUMBAI-400037",
    "CONTACT": "24184512",
    "CITY": "MUMBAI",
    "DISTRICT": "GREATER MUMBAI",
    "STATE": "MAHARASHTRA"
  },
  "ABHY0065013": {
    "BANK": "ABHYUDAYA COOPERATIVE BANK LIMITED",
    "IFSC": "ABHY0065013",
    "BRANCH": "WORLI",
    "ADDRESS": "LANDMARK,NEXT TO MAHINDRA TOWERS, PLOT NO.1, J M BHOSLE MARG, WORLI, MUMBAI-400018",
    "CONTACT": "24921104",
    "CITY": "MUMBAI",
    "DISTRICT": "GREATER MUMBAI",
    "STATE": "MAHARASHTRA"
  },
  "ABHY0065014": {
    "BANK": "ABHYUDAYA COOPERATIVE BANK LIMITED",
    "IFSC": "ABHY0065014",
    "BRANCH": "MUMBRA",
    "ADDRESS": "RIZVI APARTMENTS, OPP. RAILWAY STATION, MUMBRA-400612",
    "CONTACT": "25462172",
    "CITY": "MUMBAI",
    "DISTRICT": "GREATER MUMBAI",
    "STATE": "MAHARASHTRA"
  },
  "ABHY0065015": {
    "BANK": "ABHYUDAYA COOPERATIVE BANK LIMITED",
    "IFSC": "ABHY0065015",
    "BRANCH": "TURBHE",
    "ADDRESS": "A.P.M.C.MARKET, ADMINISTRATIVE BLDG, TURBHE, NAVI MUMBAI-400705",
    "CONTACT": "27888044",
    "CITY": "MUMBAI",
    "DISTRICT": "GREATER MUMBAI",
    "STATE": "MAHARASHTRA"
  },
  "ABHY0065016": {
    "BANK": "ABHYUDAYA COOPERATIVE BANK LIMITED",
    "IFSC": "ABHY0065016",
    "BRANCH": "VASHI",
    "ADDRESS": "ABHYUDAYA BANK BLDG., SECTOR 17, VASHI, NAVI MUMBAI-400705",
    "CONTACT": "27892458",
    "CITY": "MUMBAI",
    "DISTRICT": "GREATER MUMBAI",
    "STATE": "MAHARASHTRA"
  },
  "ABHY0065017": {
    "BANK": "ABHYUDAYA COOPERATIVE BANK LIMITED",
    "IFSC": "ABHY0065017",
    "BRANCH": "MOBILE BANK",
    "ADDRESS": "ABHYUDAYA BANK BLDG., SECTOR 17, VASHI, NAVI MUMBAI-400703",
    "CONTACT": "27892444",
    "CITY": "MUMBAI",
    "DISTRICT": "GREATER MUMBAI",
    "STATE": "MAHARASHTRA"
  },
  "ABHY0065018": {
    "BANK": "ABHYUDAYA COOPERATIVE BANK LIMITED",
    "IFSC": "ABHY0065018",
    "BRANCH": "NEW PANVEL",
    "ADDRESS": "ABHYUDAYA BANK BLDG., SECTOR 17, NEW PANVEL-410206",
    "CONTACT": "27453585",
    "CITY": "MUMBAI",
    "DISTRICT": "GREATER MUMBAI",
    "STATE": "MAHARASHTRA"
  },
  "ABHY0065019": {
    "BANK": "ABHYUDAYA COOPERATIVE BANK LIMITED",
    "IFSC": "ABHY0065019",
    "BRANCH": "KALAMBOLI",
    "ADDRESS": "BLDG F-4, SHOP NO 17-20, SECTOR 3 EB, KALAMBOLI, NAVI MUMBAI-410218",
    "CONTACT": "27420148",
    "CITY": "MUMBAI",
    "DISTRICT": "GREATER MUMBAI",
    "STATE": "MAHARASHTRA"
  },
  "ABHY0065020": {
    "BANK": "ABHYUDAYA COOPERATIVE BANK LIMITED",
    "IFSC": "ABHY0065020",
    "BRANCH": "DHARAVI",
    "ADDRESS": "WESTERN INDIA TANNERIES, SION DHARAVI ROAD, MUMBAI-400017",
    "CONTACT": "24077126",
    "CITY": "MUMBAI",
    "DISTRICT": "GREATER MUMBAI",
    "STATE": "MAHARASHTRA"
  },
  "ABHY0065021": {
    "BANK": "ABHYUDAYA COOPERATIVE BANK LIMITED",
    "IFSC": "ABHY0065021",
    "BRANCH": "MALAD EAST",
    "ADDRESS": "148 ELLORA SHOPPING CENTRE, DAFTARY ROAD, MALAD (EAST), MUMBAI-400097",
    "CONTACT": "28800272",
    "CITY": "MUMBAI",
    "DISTRICT": "GREATER MUMBAI",
    "STATE": "MAHARASHTRA"
  },
  "ABHY0065022": {
    "BANK": "ABHYUDAYA COOPERATIVE BANK LIMITED",
    "IFSC": "ABHY0065022",
    "BRANCH": "CBD BELAPUR",
    "ADDRESS": "SECTOR-3, CHANAKYA SHOPPING CENTRE, BELAPUR (CBD), NAVI MUMBAI-400614",
    "CONTACT": "27572179",
    "CITY": "MUMBAI",
    "DISTRICT": "GREATER MUMBAI",
    "STATE": "MAHARASHTRA"
  },
  "ABHY0065023": {
    "BANK": "ABHYUDAYA COOPERATIVE BANK LIMITED",
    "IFSC": "ABHY0065023",
    "BRANCH": "BHIWANDI",
    "ADDRESS": "BLDG F-1,GOPAL NAGAR,BHIWANDI-KALYAN ROAD, BHIWANDI, 421302",
    "CONTACT": "251852",
    "CITY": "MUMBAI",
    "DISTRICT": "GREATER MUMBAI",
    "STATE": "MAHARASHTRA"
  },
  "ABHY0065024": {
    "BANK": "ABHYUDAYA COOPERATIVE BANK LIMITED",
    "IFSC": "ABHY0065024",
    "BRANCH": "BORIVALI",
    "ADDRESS": "RATNADEEP APARTMENTS, CARTER ROAD NO.1, BORIVLI (EAST), MUMBAI-400066",
    "CONTACT": "28636529",
    "CITY": "MUMBAI",
    "DISTRICT": "GREATER MUMBAI",
    "STATE": "MAHARASHTRA"
  },
  "ABHY0065025": {
    "BANK": "ABHYUDAYA COOPERATIVE BANK LIMITED",
    "IFSC": "ABHY0065025",
    "BRANCH": "HILL ROAD",
    "ADDRESS": "HILL-N-DALE, HILL ROAD, NR.BANDRA POLICE STATION, BANDRA (W), MUMBAI-400050",
    "CONTACT": "26402597",
    "CITY": "MUMBAI",
    "DISTRICT": "GREATER MUMBAI",
    "STATE": "MAHARASHTRA"
  },
  "ABHY0065026": {
    "BANK": "ABHYUDAYA COOPERATIVE BANK LIMITED",
    "IFSC": "ABHY0065026",
    "BRANCH": "KHER NAGAR",
    "ADDRESS": "JANATA EDUCATION SOC. PREMISES, KHER NAGAR, BANDRA (E), MUMBAI-400051",
    "CONTACT": "26473470",
    "CITY": "MUMBAI",
    "DISTRICT": "GREATER MUMBAI",
    "STATE": "MAHARASHTRA"
  },
  "ABHY0065027": {
    "BANK": "ABHYUDAYA COOPERATIVE BANK LIMITED",
    "IFSC": "ABHY0065027",
    "BRANCH": "KANDIVLI-EAST",
    "ADDRESS": "GUNDECHA INDL.COMPLEX, AKURLI RD, KANDIVLI (E), MUMBAI-400101",
    "CONTACT": "28851962",
    "CITY": "MUMBAI",
    "DISTRICT": "GREATER MUMBAI",
    "STATE": "MAHARASHTRA"
  },
  "ABHY0065028": {
    "BANK": "ABHYUDAYA COOPERATIVE BANK LIMITED",
    "IFSC": "ABHY0065028",
    "BRANCH": "SHERLY RAJAN",
    "ADDRESS": "KHAIR HOUSE, SHERLY RAJAN RD, BANDRA (WEST), MUMBAI-400050",
    "CONTACT": "26047905",
    "CITY": "MUMBAI",
    "DISTRICT": "GREATER MUMBAI",
    "STATE": "MAHARASHTRA"
  },
  "ABHY0065029": {
    "BANK": "ABHYUDAYA COOPERATIVE BANK LIMITED",
    "IFSC": "ABHY0065029",
    "BRANCH": "GANESH NAGAR",
    "ADDRESS": "NAVJIVAN VIDYA MANDIR, GANESH NAGAR, BHANDUP (W), MUMBAI-400078.",
    "CONTACT": "25951049",
    "CITY": "MUMBAI",
    "DISTRICT": "GREATER MUMBAI",
    "STATE": "MAHARASHTRA"
  },
  "ABHY0065030": {
    "BANK": "ABHYUDAYA COOPERATIVE BANK LIMITED",
    "IFSC": "ABHY0065030",
    "BRANCH": "MALAD WEST",
    "ADDRESS": "ST.JUDE'S HIGH SCHOOL, KHARODI, MALAD(W), MUMBAI,400095",
    "CONTACT": "28073539",
    "CITY": "MUMBAI",
    "DISTRICT": "GREATER MUMBAI",
    "STATE": "MAHARASHTRA"
  },
  "ABHY0065031": {
    "BANK": "ABHYUDAYA COOPERATIVE BANK LIMITED",
    "IFSC": "ABHY0065031",
    "BRANCH": "NERUL",
    "ADDRESS": "ABHYUDAYA BANK BLDG. PLOT NO.3A, SECTOR 15, NERUL, NAVI MUMBAI-400706",
    "CONTACT": "27717823",
    "CITY": "MUMBAI",
    "DISTRICT": "GREATER MUMBAI",
    "STATE": "MAHARASHTRA"
  },
  "ABHY0065032": {
    "BANK": "ABHYUDAYA COOPERATIVE BANK LIMITED",
    "IFSC": "ABHY0065032",
    "BRANCH": "AIROLI",
    "ADDRESS": "ABHYUDAYA BANK BLDG., PLOT NO.26 SECTOR 17, AIROLI, NAVI MUMBAI-400701",
    "CONTACT": "27792043",
    "CITY": "MUMBAI",
    "DISTRICT": "GREATER MUMBAI",
    "STATE": "MAHARASHTRA"
  },
  "ABHY0065034": {
    "BANK": "ABHYUDAYA COOPERATIVE BANK LIMITED",
    "IFSC": "ABHY0065034",
    "BRANCH": "ANDHERI",
    "ADDRESS": "SHRADHA SHOPPING CENTRE, OLD NAGARDAS ROAD, ANDHERI (E), MUMBAI-400069",
    "CONTACT": "26833207",
    "CITY": "MUMBAI",
    "DISTRICT": "GREATER MUMBAI",
    "STATE": "MAHARASHTRA"
  },
  "ABHY0065035": {
    "BANK": "ABHYUDAYA COOPERATIVE BANK LIMITED",
    "IFSC": "ABHY0065035",
    "BRANCH": "NHAVA SHEVA",
    "ADDRESS": "J.N.P.T. SHOPPING COMPLEX, NHAVA SHEVA, NAVI MUMBAI-400707",
    "CONTACT": "27471237",
    "CITY": "MUMBAI",
    "DISTRICT": "GREATER MUMBAI",
    "STATE": "MAHARASHTRA"
  },
  "ABHY0065036": {
    "BANK": "ABHYUDAYA COOPERATIVE BANK LIMITED",
    "IFSC": "ABHY0065036",
    "BRANCH": "BANKING COMPLEX",
    "ADDRESS": "UNIT NO.7 SECTOR 19, PHASE II, APMC, VASHI, NAVI MUMBAI-400705",
    "CONTACT": "27830425",
    "CITY": "MUMBAI",
    "DISTRICT": "GREATER MUMBAI",
    "STATE": "MAHARASHTRA"
  },
  "ABHY0065037": {
    "BANK": "ABHYUDAYA COOPERATIVE BANK LIMITED",
    "IFSC": "ABHY0065037",
    "BRANCH": "KOPARKHAIRNE",
    "ADDRESS": "UNIT NO.1, PLOT 24-25 SECTOR 6, KOPARKHAIRANE, NAVI MUMBAI-400701",
    "CONTACT": "27544040",
    "CITY": "MUMBAI",
    "DISTRICT": "GREATER MUMBAI",
    "STATE": "MAHARASHTRA"
  },
  "ABHY0065038": {
    "BANK": "ABHYUDAYA COOPERATIVE BANK LIMITED",
    "IFSC": "ABHY0065038",
    "BRANCH": "DADAR",
    "ADDRESS": "GURUKRIPA CHS LTD., OPP. PLAZA CINEMA, DADAR (W), MUMBAI-400028.",
    "CONTACT": "24325136",
    "CITY": "MUMBAI",
    "DISTRICT": "GREATER MUMBAI",
    "STATE": "MAHARASHTRA"
  },
  "ABHY0065039": {
    "BANK": "ABHYUDAYA COOPERATIVE BANK LIMITED",
    "IFSC": "ABHY0065039",
    "BRANCH": "MULUND",
    "ADDRESS": "NEELKANTHDHARA, NETAJI SUBHASHCHANDRA ROAD, MULUND (W), MUMBAI-400080.",
    "CONTACT": "25641442",
    "CITY": "MUMBAI",
    "DISTRICT": "GREATER MUMBAI",
    "STATE": "MAHARASHTRA"
  },
  "ABHY0065040": {
    "BANK": "ABHYUDAYA COOPERATIVE BANK LIMITED",
    "IFSC": "ABHY0065040",
    "BRANCH": "CHARAI",
    "ADDRESS": "MUMBA DEVI APT., JOSHIWADA, CHARAI, VEER SAVARKAR PATH, THANE WEST 400601",
    "CONTACT": "25447077",
    "CITY": "MUMBAI",
    "DISTRICT": "GREATER MUMBAI",
    "STATE": "MAHARASHTRA"
  },
  "ABHY0065041": {
    "BANK": "ABHYUDAYA COOPERATIVE BANK LIMITED",
    "IFSC": "ABHY0065041",
    "BRANCH": "LOKMANYA NAGAR",
    "ADDRESS": "PANCHPAKHADI SAMARTHA CHS LTD., LOKMANYA NAGAR, THANE (W)-400608",
    "CONTACT": "25806049",
    "CITY": "MUMBAI",
    "DISTRICT": "GREATER MUMBAI",
    "STATE": "MAHARASHTRA"
  },
  "ABHY0065042": {
    "BANK": "ABHYUDAYA COOPERATIVE BANK LIMITED",
    "IFSC": "ABHY0065042",
    "BRANCH": "KHARGHAR",
    "ADDRESS": "SHOP NO 66/67, PATEL HERITAGE, PLOT NO 15/17, SECTOR 7, KHARGHAR, NAVI MUMBAI 410210",
    "CONTACT": "27741002",
    "CITY": "MUMBAI",
    "DISTRICT": "RAIGAD",
    "STATE": "MAHARASHTRA"
  },
  "ABHY0065043": {
    "BANK": "ABHYUDAYA COOPERATIVE BANK LIMITED",
    "IFSC": "ABHY0065043",
    "BRANCH": "VASAI",
    "ADDRESS": "OM SHIVSHAKTI COMPLEX, VAJRESHWARI ROAD, VALIV VILLAGE, VASAI ROAD (EAST), VASAI 401208",
    "CONTACT": "2452512",
    "CITY": "VASAI",
    "DISTRICT": "THANE",
    "STATE": "MAHARASHTRA"
  },
  "ABHY0065044": {
    "BANK": "ABHYUDAYA COOPERATIVE BANK LIMITED",
    "IFSC": "ABHY0065044",
    "BRANCH": "GHANSOLI",
    "ADDRESS": "SHREE MANOSHI COMPLEX, PLOT NO.5& 6, SECTOR-3, GHANSOLI, NAVI MUMBAI GHANSOLI- 410 701.",
    "CONTACT": "27549124",
    "CITY": "NAVI MUMBAI",
    "DISTRICT": "THANE",
    "STATE": "MAHARASHTRA"
  },
  "ABHY0065045": {
    "BANK": "ABHYUDAYA COOPERATIVE BANK LIMITED",
    "IFSC": "ABHY0065045",
    "BRANCH": "KAMOTHE",
    "ADDRESS": "DHARTI COMPLEX, SHOP NO.7,8,9310 & 11, PLOT NO. 60/61, SECTOR 18, KAMOTHE II, PANVEL-",
    "CONTACT": "65298847",
    "CITY": "NAVI MUMBAI",
    "DISTRICT": "RAIGAD",
    "STATE": "MAHARASHTRA"
  },
  "ABHY0065046": {
    "BANK": "ABHYUDAYA COOPERATIVE BANK LIMITED",
    "IFSC": "ABHY0065046",
    "BRANCH": "BHAYANDAR",
    "ADDRESS": "SHOP NO. 7,8,9,&107 TO 111 ON GR. FLOOR & 1ST FLOOR. MALHAR ARCADE, CODDEV VILLAGE, NAVGHAR PHATAK ROAD, BHAYANDAR (E), DIST. THANE, 401101",
    "CONTACT": "28140964",
    "CITY": "THANE",
    "DISTRICT": "THANE",
    "STATE": "MAHARASHTRA"
  },
  "ABHY0065047": {
    "BANK": "ABHYUDAYA COOPERATIVE BANK LIMITED",
    "IFSC": "ABHY0065047",
    "BRANCH": "DAHISAR EAST",
    "ADDRESS": "GR. FLOOR, MADHURAM HALL, HARISHANKAR JOSHI ROAD, DAHISAR (E), MUMBAI - 400 068",
    "CONTACT": "28480321",
    "CITY": "MUMBAI",
    "DISTRICT": "GREATER MUMBAI",
    "STATE": "MAHARASHTRA"
  },
  "ABHY0065048": {
    "BANK": "ABHYUDAYA COOPERATIVE BANK LIMITED",
    "IFSC": "ABHY0065048",
    "BRANCH": "KALYAN-WEST",
    "ADDRESS": "FLOWER VALLEY, KHADAKPADA, KALYAN (W), DIST. THANE 421 301",
    "CONTACT": "2203321",
    "CITY": "THANE",
    "DISTRICT": "THANE",
    "STATE": "MAHARASHTRA"
  },
  "ABHY0065049": {
    "BANK": "ABHYUDAYA COOPERATIVE BANK LIMITED",
    "IFSC": "ABHY0065049",
    "BRANCH": "DOMBIVLI EAST",
    "ADDRESS": "FIRST FLOOR, JAIKUL ARCADE, MANPADA ROAD, DOMBIVLI (E) 421201",
    "CONTACT": "2489860",
    "CITY": "THANE",
    "DISTRICT": "THANE",
    "STATE": "MAHARASHTRA"
  },
  "ABHY0065050": {
    "BANK": "ABHYUDAYA COOPERATIVE BANK LIMITED",
    "IFSC": "ABHY0065050",
    "BRANCH": "OLD PANVEL",
    "ADDRESS": "SHOP NO 1 & 2, KANAK VITHAL, PLOT NO.25, OLD PANVEL, DIST RAIGAD 410 206",
    "CONTACT": "27459656",
    "CITY": "RAIGAD",
    "DISTRICT": "RAIGAD",
    "STATE": "MAHARASHTRA"
  },
  "ABHY0065051": {
    "BANK": "ABHYUDAYA COOPERATIVE BANK LIMITED",
    "IFSC": "ABHY0065051",
    "BRANCH": "KANDIVALI (WEST)",
    "ADDRESS": "KANDIVLI (W) BRANCH, SHOP NO.7, VIJAYBHARTI CO-OP. HSG. SOCIETY, SECTOR - II CHARKOP, KANDIVALI (W), MUMBAI 400067",
    "CONTACT": "28678031",
    "CITY": "MUMBAI",
    "DISTRICT": "MUMBAI",
    "STATE": "MAHARASHTRA"
  },
  "ABHY0065052": {
    "BANK": "ABHYUDAYA COOPERATIVE BANK LIMITED",
    "IFSC": "ABHY0065052",
    "BRANCH": "MIRA ROAD (EAST)",
    "ADDRESS": "SHOP NO. 6,7 & 8, GROUND FLOOR, BUILDING NO. A-63, SECTOR - 1, SHANTI NAGAR, MIRA ROAD (E), DIST THANE 401107.",
    "CONTACT": "28555244",
    "CITY": "BHAYANDAR",
    "DISTRICT": "THANE",
    "STATE": "MAHARASHTRA"
  },
  "ABHY0065053": {
    "BANK": "ABHYUDAYA COOPERATIVE BANK LIMITED",
    "IFSC": "ABHY0065053",
    "BRANCH": "BADLAPUR (EAST)",
    "ADDRESS": "KULGAON GRIHNIRMAN SOCIETY, PLOT NO. 36, GANDHI CHOWK, NEAR KATDHARE HALL, KULGAON, BADLAPUR (E), DIST. THANE 421503",
    "CONTACT": "2693726",
    "CITY": "KALYAN",
    "DISTRICT": "THANE",
    "STATE": "MAHARASHTRA"
  },
  "ABHY0065054": {
    "BANK": "ABHYUDAYA COOPERATIVE BANK LIMITED",
    "IFSC": "ABHY0065054",
    "BRANCH": "CHEMBUR",
    "ADDRESS": "SHOP NO.12 TO 19, BLDG. NO. 2, TILAKNAGAR SHRAMIK CO-OP HSG SOCIETY LTD., TILAKNAGAR, CHEMBUR, MUMBAI 400089.",
    "CONTACT": "25262390",
    "CITY": "MUMBAI",
    "DISTRICT": "GREATER MUMBAI",
    "STATE": "MAHARASHTRA"
  },
  "ABHY0065055": {
    "BANK": "ABHYUDAYA COOPERATIVE BANK LIMITED",
    "IFSC": "ABHY0065055",
    "BRANCH": "VIRAR",
    "ADDRESS": "GRND & 1ST FLOOR, MATAJI KRUPA, OPP. MAHANAGARPALIKA LIBRARY, PHOOL PADA ROAD,VIRAR (E), DIST THANE 401303",
    "CONTACT": "2524161",
    "CITY": "THANE",
    "DISTRICT": "THANE",
    "STATE": "MAHARASHTRA"
  },
  "ABHY0065056": {
    "BANK": "ABHYUDAYA COOPERATIVE BANK LIMITED",
    "IFSC": "ABHY0065056",
    "BRANCH": "SEAWOOD",
    "ADDRESS": "SHOP NO. 13 TO 15, GIRIRAJ CO-OP HSG SOCIETY LTD., PLOT NO.7&8, SECTOR NO.44, NRI SEAWOOD ROAD, SEAWOOD, NERUL 400706",
    "CONTACT": "27719879",
    "CITY": "MUMBAI",
    "DISTRICT": "GREATER MUMBAI",
    "STATE": "MAHARASHTRA"
  },
  "ABHY0065057": {
    "BANK": "ABHYUDAYA COOPERATIVE BANK LIMITED",
    "IFSC": "ABHY0065057",
    "BRANCH": "GHODBUNDER ROAD",
    "ADDRESS": "SIDDHIVINAYAK ARCADE, KAILASH TOWER, OWALE VILLAGE, OWALA NAKA, GHODBUNDER ROAD, THANE 400605.",
    "CONTACT": "25971586",
    "CITY": "THANE",
    "DISTRICT": "THANE",
    "STATE": "MAHARASHTRA"
  },
  "ABHY0065058": {
    "BANK": "ABHYUDAYA COOPERATIVE BANK LIMITED",
    "IFSC": "ABHY0065058",
    "BRANCH": "ANTOP HILL",
    "ADDRESS": "SHOP NO..34 & 35, GROUND FLOOR, BLDG NO. B-2, KALPAK ESTATE, SHAIKH MISTRY ROAD, ANTOP HILL, MUMBAI 400037",
    "CONTACT": "24092210",
    "CITY": "MUMBAI",
    "DISTRICT": "GREATER MUMBAI",
    "STATE": "MAHARASHTRA"
  },
  "ABHY0065059": {
    "BANK": "ABHYUDAYA COOPERATIVE BANK LIMITED",
    "IFSC": "ABHY0065059",
    "BRANCH": "NALLASOPARA",
    "ADDRESS": "SHOP NO. 1 & 2, GROUND FLOOR, OLIVE APARTMENT, BLDG.NO.06, SECTOR VII, NALLASOPARA, TAL VASAI, DIST THANE.",
    "CONTACT": "3290277",
    "CITY": "THANE",
    "DISTRICT": "THANE",
    "STATE": "MAHARASHTRA"
  },
  "ABHY0065060": {
    "BANK": "ABHYUDAYA COOPERATIVE BANK LIMITED",
    "IFSC": "ABHY0065060",
    "BRANCH": "DIVALE CBD",
    "ADDRESS": "SHOP NO 8A & 9, GROUND FLOOR, SAI SANGAM, SECTOR-15, SAKAL BHAVAN MARG, CBD BELAPUR, NAVI MUMBAI 400 614",
    "CONTACT": "27563509",
    "CITY": "MUMBAI",
    "DISTRICT": "GREATER MUMBAI",
    "STATE": "MAHARASHTRA"
  },
  "ABHY0065061": {
    "BANK": "ABHYUDAYA COOPERATIVE BANK LIMITED",
    "IFSC": "ABHY0065061",
    "BRANCH": "KHANDA COLONY",
    "ADDRESS": "SHOP NO.30 TO 33, GROUND FLOOR, SHREEJI SANGH, SECTOR - 7, PLOT NO. 15/16 KHANDA COLONY, PANVEL 410206",
    "CONTACT": "27490760",
    "CITY": "PANVEL",
    "DISTRICT": "RAIGAD",
    "STATE": "MAHARASHTRA"
  },
  "ABHY0065062": {
    "BANK": "ABHYUDAYA COOPERATIVE BANK LIMITED",
    "IFSC": "ABHY0065062",
    "BRANCH": "KALWA",
    "ADDRESS": "MILESTONE CORPORATE PARK, DATTAWADI, OLD MUMBAI ROAD, KALWA (W) DIST. THANE 400 605",
    "CONTACT": "25406301",
    "CITY": "THANE",
    "DISTRICT": "THANE",
    "STATE": "MAHARASHTRA"
  },
  "ABHY0065063": {
    "BANK": "ABHYUDAYA COOPERATIVE BANK LIMITED",
    "IFSC": "ABHY0065063",
    "BRANCH": "DOMBIVLI (WEST)",
    "ADDRESS": "JANKI HEIGHTS OPP. SHIV SENA SHAKA, DEENDAYAL ROAD, DOMBIVALI (WEST), DIS THANE 421202",
    "CONTACT": "2489860",
    "CITY": "DOMBIVLI",
    "DISTRICT": "THANE",
    "STATE": "MAHARASHTRA"
  },
  "ABHY0065064": {
    "BANK": "ABHYUDAYA COOPERATIVE BANK LIMITED",
    "IFSC": "ABHY0065064",
    "BRANCH": "GOREGAON WEST",
    "ADDRESS": "SHOP NO.2,3,5 & 6A, VRINDAVAN CHS LTD., BUILDING NO.9, SHASTRI NAGAR ROAD NO.1, GOREGAON (W), MUMBAI 400 104.",
    "CONTACT": "28711793",
    "CITY": "MUMBAI",
    "DISTRICT": "GREATER BOMBAY",
    "STATE": "MAHARASHTRA"
  },
  "ABHY0065065": {
    "BANK": "ABHYUDAYA COOPERATIVE BANK LIMITED",
    "IFSC": "ABHY0065065",
    "BRANCH": "JOGESHWARI (E)",
    "ADDRESS": "BAL VIKAS SCHOOL BUILDING, GROUND FLOOR, MHADA COLONY, SARVODAYA NAGAR, JOGESHWARI (E), MUMBAI 400 060",
    "CONTACT": "28320628",
    "CITY": "MUMBAI",
    "DISTRICT": "GREATER BOMBAY",
    "STATE": "MAHARASHTRA"
  },
  "ABHY0065066": {
    "BANK": "ABHYUDAYA COOPERATIVE BANK LIMITED",
    "IFSC": "ABHY0065066",
    "BRANCH": "KALYAN (E)",
    "ADDRESS": "KHUSHI HEIGHTS, POONA LINK ROAD, OPP. NITIN RAJ HOTEL, KATEMANIVALI, KALYAN (E), DIST. THANE - 421 306.",
    "CONTACT": "2362365",
    "CITY": "KALYAN",
    "DISTRICT": "THANE",
    "STATE": "MAHARASHTRA"
  },
  "ABHY0065067": {
    "BANK": "ABHYUDAYA COOPERATIVE BANK LIMITED",
    "IFSC": "ABHY0065067",
    "BRANCH": "DIVA (E)",
    "ADDRESS": "SHREE KRISHNA PARK, NEAR SHIV SENA SHAKA, DIVA (E), DIST. THANE - 400 612.",
    "CONTACT": "25318101",
    "CITY": "THANE",
    "DISTRICT": "THANE",
    "STATE": "MAHARASHTRA"
  },
  "ABHY0065068": {
    "BANK": "ABHYUDAYA COOPERATIVE BANK LIMITED",
    "IFSC": "ABHY0065068",
    "BRANCH": "ANJUR PHATA",
    "ADDRESS": "SOM SHIV PLAZA, ANJUR PHATA, KAMATGHAR, AGRA ROAD, BHIWANDI - 421 302.",
    "CONTACT": "278055",
    "CITY": "BHIWANDI",
    "DISTRICT": "THANE",
    "STATE": "MAHARASHTRA"
  },
  "ABHY0065069": {
    "BANK": "ABHYUDAYA COOPERATIVE BANK LIMITED",
    "IFSC": "ABHY0065069",
    "BRANCH": "MARVE LINK ROAD",
    "ADDRESS": "SHOP NO. S-109, RAJIV GANDHI COMMERCIAL COMPLEX, EKTA NAGAR, CHARKOP MARVE LINK ROAD, KANDIVLI (W), MUMBAI - 400 067",
    "CONTACT": "28680471",
    "CITY": "MUMBAI",
    "DISTRICT": "GREATER BOMBAY",
    "STATE": "MAHARASHTRA"
  },
  "ABHY0065070": {
    "BANK": "ABHYUDAYA COOPERATIVE BANK LIMITED",
    "IFSC": "ABHY0065070",
    "BRANCH": "LOWER PAREL",
    "ADDRESS": "BLOCK NO.12, GROUND FLOOR, DHANRAJ MILL COMPOUND, SITARAM JADHAV MARG, LOWER PAREL, MUMBAI - 400 013.",
    "CONTACT": "28680471",
    "CITY": "MUMBAI",
    "DISTRICT": "GREATER BOMBAY",
    "STATE": "MAHARASHTRA"
  },
  "ABHY0065071": {
    "BANK": "ABHYUDAYA COOPERATIVE BANK LIMITED",
    "IFSC": "ABHY0065071",
    "BRANCH": "LALBAUG",
    "ADDRESS": "SHOP NO. 6, 7, 8 & 9, GROUND FLOOR, \"TAMBAWALA BUILDING NO.1\", 205, KALACHOWKY ROAD, D. L. MARG, LALBAUG, MUMBAI - 400 012",
    "CONTACT": "23742274",
    "CITY": "MUMBAI",
    "DISTRICT": "GREATER BOMBAY",
    "STATE": "MAHARASHTRA"
  },
  "ABHY0065072": {
    "BANK": "ABHYUDAYA COOPERATIVE BANK LIMITED",
    "IFSC": "ABHY0065072",
    "BRANCH": "VIKHROLI (EAST)",
    "ADDRESS": "SHOP NO. 3, B WING, BUILDING NO. 87, \"KANNAMWAR NAGAR RAIGAD CO-OP. HSG. SOC. LTD., KANNAMWAR NAGAR, VIKHROLI (E), MUMBAI - 400 083",
    "CONTACT": "25791070",
    "CITY": "MUMBAI",
    "DISTRICT": "GREATER BOMBAY",
    "STATE": "MAHARASHTRA"
  },
  "ABHY0065073": {
    "BANK": "ABHYUDAYA COOPERATIVE BANK LIMITED",
    "IFSC": "ABHY0065073",
    "BRANCH": "VIKHROLI W",
    "ADDRESS": "SHOP NO.1, MAYFIAR SYMPHONY SPRING, PARKSITE, GODREJ, HIRANANDANI LINK RD., VIKHROLI WEST, MUMBAI 400079",
    "CONTACT": "25174388",
    "CITY": "MUMBAI",
    "DISTRICT": "GREATER BOMBAY",
    "STATE": "MAHARASHTRA"
  },
  "ABHY0065074": {
    "BANK": "ABHYUDAYA COOPERATIVE BANK LIMITED",
    "IFSC": "ABHY0065074",
    "BRANCH": "KAUSA MUMBRA",
    "ADDRESS": "VIRANI BUSINESS CENTRE, SHOP NO. 1,2,3,4, PLOT NO. 96 BY 2, OPP BHARAT GEARS CO., KAUSA, DIST-THANE- 400612",
    "CONTACT": "25495095",
    "CITY": "THANE",
    "DISTRICT": "THANE",
    "STATE": "MAHARASHTRA"
  },
  "ABHY0065075": {
    "BANK": "ABHYUDAYA COOPERATIVE BANK LIMITED",
    "IFSC": "ABHY0065075",
    "BRANCH": "ULWE",
    "ADDRESS": "SHOP NO. 1,2,3 PRATHMESH PRIDE, PLOT NO. 06, SECTOR 19, ULWE, TAL  PANVEL, DIST RAIGAD  410206",
    "CONTACT": null,
    "CITY": "PANVEL",
    "DISTRICT": "RAIGAD",
    "STATE": "MAHARASHTRA"
  },
  "ABHY0065076": {
    "BANK": "ABHYUDAYA COOPERATIVE BANK LIMITED",
    "IFSC": "ABHY0065076",
    "BRANCH": "KURLA (W)",
    "ADDRESS": "SHOP NO. 1 AND 2, SANGHAVI PALACE, BELGRAMI ROAD, KURLA W, MUMBAI - 400070",
    "CONTACT": "26503002",
    "CITY": "MUMBAI",
    "DISTRICT": "GREATER BOMBAY",
    "STATE": "MAHARASHTRA"
  },
  "ABHY0065077": {
    "BANK": "ABHYUDAYA COOPERATIVE BANK LIMITED",
    "IFSC": "ABHY0065077",
    "BRANCH": "PEN",
    "ADDRESS": "SHOP NO.4 AND 6, REDWOOD CITY PLAZA, PLOT NO. C 13, SURVEY NO 242B, ICE FACTORY, PEN 402107.",
    "CONTACT": "24140961",
    "CITY": "PEN",
    "DISTRICT": "RAIGAD",
    "STATE": "MAHARASHTRA"
  },
  "ABHY0065102": {
    "BANK": "ABHYUDAYA COOPERATIVE BANK LIMITED",
    "IFSC": "ABHY0065102",
    "BRANCH": "NANA PETH",
    "ADDRESS": "355, NANA PETH, PUNE-411002",
    "CONTACT": "26356923",
    "CITY": "PUNE",
    "DISTRICT": "PUNE",
    "STATE": "MAHARASHTRA"
  },
  "ABHY0065103": {
    "BANK": "ABHYUDAYA COOPERATIVE BANK LIMITED",
    "IFSC": "ABHY0065103",
    "BRANCH": "LAXMI ROAD",
    "ADDRESS": "867, BUDHWAR PETH, LAXMI ROAD, PUNE-411002",
    "CONTACT": "24470805",
    "CITY": "PUNE",
    "DISTRICT": "PUNE",
    "STATE": "MAHARASHTRA"
  },
  "ABHY0065104": {
    "BANK": "ABHYUDAYA COOPERATIVE BANK LIMITED",
    "IFSC": "ABHY0065104",
    "BRANCH": "YERWADA",
    "ADDRESS": "OM MAHAVIR CHS, SHOP NO. D1-2-3, SURVEY NO. 1-A, PUNE NAGAR RD., YERWADA, PUNE-411006",
    "CONTACT": "26613493",
    "CITY": "PUNE",
    "DISTRICT": "PUNE",
    "STATE": "MAHARASHTRA"
  },
  "ABHY0065105": {
    "BANK": "ABHYUDAYA COOPERATIVE BANK LIMITED",
    "IFSC": "ABHY0065105",
    "BRANCH": "PIMPRI",
    "ADDRESS": "SUNSHINE MARKS, CTS NO.4840, MUMBAI-PUNE RD, OPP B AMBEDKAR STATUE, PIMPRI, PUNE-411018",
    "CONTACT": "27426288",
    "CITY": "PUNE",
    "DISTRICT": "PUNE",
    "STATE": "MAHARASHTRA"
  },
  "ABHY0065106": {
    "BANK": "ABHYUDAYA COOPERATIVE BANK LIMITED",
    "IFSC": "ABHY0065106",
    "BRANCH": "PAUD PHATA",
    "ADDRESS": "MANGALAM CHAMBERS, ERANDWANA, PAUD ROAD, PUNE-411038",
    "CONTACT": "25446729",
    "CITY": "PUNE",
    "DISTRICT": "PUNE",
    "STATE": "MAHARASHTRA"
  },
  "ABHY0065107": {
    "BANK": "ABHYUDAYA COOPERATIVE BANK LIMITED",
    "IFSC": "ABHY0065107",
    "BRANCH": "BANER ROAD",
    "ADDRESS": "TEJAS ETERNITY, S. NO. 134, H. NO.5,6/1, BANER BALEWADI RD, BANER, PUNE 411045",
    "CONTACT": "27290321",
    "CITY": "PUNE",
    "DISTRICT": "PUNE",
    "STATE": "MAHARASHTRA"
  },
  "ABHY0065108": {
    "BANK": "ABHYUDAYA COOPERATIVE BANK LIMITED",
    "IFSC": "ABHY0065108",
    "BRANCH": "DHANKAWADI",
    "ADDRESS": "SHIVSMARAK SAMITI, PUNE-SATARA ROAD,DHANKWADI, PUNE-411037",
    "CONTACT": "24377083",
    "CITY": "PUNE",
    "DISTRICT": "PUNE",
    "STATE": "MAHARASHTRA"
  },
  "ABHY0065109": {
    "BANK": "ABHYUDAYA COOPERATIVE BANK LIMITED",
    "IFSC": "ABHY0065109",
    "BRANCH": "WAGHOLI",
    "ADDRESS": "620, PUNE NAGAR ROAD, WAGHOLI, TAL.HAVELI, PUNE-412207",
    "CONTACT": "27051700",
    "CITY": "PUNE",
    "DISTRICT": "PUNE",
    "STATE": "MAHARASHTRA"
  },
  "ABHY0065110": {
    "BANK": "ABHYUDAYA COOPERATIVE BANK LIMITED",
    "IFSC": "ABHY0065110",
    "BRANCH": "SINHAGAD ROAD",
    "ADDRESS": "SHOWROOM NO. 1 AND 3, SUNIT RIDDHI BLDG, PLOT NO. 2B, FINAL PLOT NO. 545, S. NO. 120A, 120B, PARVATI, SINHAGAD RD, PUNE 411030",
    "CONTACT": "24308301",
    "CITY": "PUNE",
    "DISTRICT": "PUNE",
    "STATE": "MAHARASHTRA"
  },
  "ABHY0065111": {
    "BANK": "ABHYUDAYA COOPERATIVE BANK LIMITED",
    "IFSC": "ABHY0065111",
    "BRANCH": "DECCAN GYMKHANA",
    "ADDRESS": "AMIT SAMRUDDHI, OFF. J.M.ROAD, SHIVAJI NAGAR, PUNE-411004",
    "CONTACT": "25513670",
    "CITY": "PUNE",
    "DISTRICT": "PUNE",
    "STATE": "MAHARASHTRA"
  },
  "ABHY0065112": {
    "BANK": "ABHYUDAYA COOPERATIVE BANK LIMITED",
    "IFSC": "ABHY0065112",
    "BRANCH": "NAGPUR",
    "ADDRESS": "BHAGVAN HOUSE, GROUND FLOOR, WARDHA ROAD, WARDHA ROAD, NAGPUR WARDHA ROAD, NAGPUR",
    "CONTACT": "22244715",
    "CITY": "NAGPUR",
    "DISTRICT": "NAGPUR",
    "STATE": "MAHARASHTRA"
  },
  "ABHY0065113": {
    "BANK": "ABHYUDAYA COOPERATIVE BANK LIMITED",
    "IFSC": "ABHY0065113",
    "BRANCH": "AURANGABAD",
    "ADDRESS": "AMDANI CHAMBERS, GROUND FLOOR, NEW GULMANDI ROAD, DALAL WADI, AURANGABAD- 431 001.",
    "CONTACT": "2346043",
    "CITY": "AURANGABAD",
    "DISTRICT": "AURANGABAD",
    "STATE": "MAHARASHTRA"
  },
  "ABHY0065114": {
    "BANK": "ABHYUDAYA COOPERATIVE BANK LIMITED",
    "IFSC": "ABHY0065114",
    "BRANCH": "KANKAVLI",
    "ADDRESS": "3/16, A-1-B, GROUND FLOOR, HISSA NO.29, SURVEY NO.204, MUMABAI GOA HIGHWAY, AT AND POST - KANKAVLI, DIST - SINDHUDURG 416602",
    "CONTACT": "231160",
    "CITY": "KANKAVLI",
    "DISTRICT": "SINDHUDURG",
    "STATE": "MAHARASHTRA"
  },
  "ABHY0065115": {
    "BANK": "ABHYUDAYA COOPERATIVE BANK LIMITED",
    "IFSC": "ABHY0065115",
    "BRANCH": "NASHIK",
    "ADDRESS": "SHOP NO. 3 & 4 & OFFICE NO.4,5 & 6 LUCKY PALACE APARTMENTS, CANARA CORNER, SHARANPUR TRIMBAK ROAD, NASHIK 422 005",
    "CONTACT": "2232031",
    "CITY": "NASHIK",
    "DISTRICT": "NASIK",
    "STATE": "MAHARASHTRA"
  },
  "ABHY0065116": {
    "BANK": "ABHYUDAYA COOPERATIVE BANK LIMITED",
    "IFSC": "ABHY0065116",
    "BRANCH": "CHAKAN BRANCH",
    "ADDRESS": "ANAND BUILDING, MAIN BAZAR PETH, NEAR CHAKAN S.T. STAND, OLD PUNE NASHIK ROAD, CHAKAN, DIST PUNE 410 501",
    "CONTACT": "252001",
    "CITY": "CHAKAN",
    "DISTRICT": "PUNE",
    "STATE": "MAHARASHTRA"
  },
  "ABHY0065117": {
    "BANK": "ABHYUDAYA COOPERATIVE BANK LIMITED",
    "IFSC": "ABHY0065117",
    "BRANCH": "AMBAD",
    "ADDRESS": "SHO NO.1-5, LOTUS PLAZA, TRIMURTI CHOWK, AMBAD-LINK ROAD, CIDCO, NEW NASHIK NASHIK-422008",
    "CONTACT": "2399714",
    "CITY": "NASHIK",
    "DISTRICT": "NASIK",
    "STATE": "MAHARASHTRA"
  },
  "ABHY0065118": {
    "BANK": "ABHYUDAYA COOPERATIVE BANK LIMITED",
    "IFSC": "ABHY0065118",
    "BRANCH": "NASHIK ROAD",
    "ADDRESS": "RAJAN COMPLEX, DATTA MANDIR STOP, NASHIK-PUNE HIGHWAY, NASHIK 422 101",
    "CONTACT": "2459921",
    "CITY": "NASHIK",
    "DISTRICT": "NASIK",
    "STATE": "MAHARASHTRA"
  },
  "ABHY0065119": {
    "BANK": "ABHYUDAYA COOPERATIVE BANK LIMITED",
    "IFSC": "ABHY0065119",
    "BRANCH": "GARKHEDA",
    "ADDRESS": "SHOP NO.1 & 2, MALANI CHAMBERS, PLOT NO.5, SHIVAJI NAGAR ROAD, GARKHEDA, AURANGABAD 431005",
    "CONTACT": "2405659",
    "CITY": "AURANGABAD",
    "DISTRICT": "AURANGABAD",
    "STATE": "MAHARASHTRA"
  },
  "ABHY0065120": {
    "BANK": "ABHYUDAYA COOPERATIVE BANK LIMITED",
    "IFSC": "ABHY0065120",
    "BRANCH": "ASHOK NAGAR",
    "ADDRESS": "GROUND FLOOR, 69, ASHOKNAGAR, WORKSHOP-BHAGYANAGAR ROAD, NANDED, DIST NANDED - 431605",
    "CONTACT": "254030",
    "CITY": "NANDED",
    "DISTRICT": "NANDED",
    "STATE": "MAHARASHTRA"
  },
  "ABHY0065121": {
    "BANK": "ABHYUDAYA COOPERATIVE BANK LIMITED",
    "IFSC": "ABHY0065121",
    "BRANCH": "C.A. ROAD",
    "ADDRESS": "GANDHI GRAIN MARKET, OLD BAGADGANJ LAYOUT, CHAPRU CHOWK, CENTRAL AVENUE ROAD, NAGPUR - 440 008.",
    "CONTACT": "2739918",
    "CITY": "NAGPUR",
    "DISTRICT": "NAGPUR",
    "STATE": "MAHARASHTRA"
  },
  "ABHY0065122": {
    "BANK": "ABHYUDAYA COOPERATIVE BANK LIMITED",
    "IFSC": "ABHY0065122",
    "BRANCH": "DABHADE TALEGAON",
    "ADDRESS": "AMBIKA CORNER APARTMENT, PLOT NO. 6 & 7, LAXMIBAUG COLONY, TALEGAON DABHADE TAL. MAWAL, DIST. PUNE - 410506",
    "CONTACT": "224460",
    "CITY": "TALEGAONDABHADE",
    "DISTRICT": "PUNE",
    "STATE": "MAHARASHTRA"
  },
  "ABHY0065123": {
    "BANK": "ABHYUDAYA COOPERATIVE BANK LIMITED",
    "IFSC": "ABHY0065123",
    "BRANCH": "SAMRAT NAGAR",
    "ADDRESS": "PLOT NO. 10, 11, 12(D), THE NANDED TOWN MARKET AREA, SAMRAT NAGAR, NEAR ANNABHAU SATHE CHOWK, NANDED - 431 602.",
    "CONTACT": "284030",
    "CITY": "NANDED",
    "DISTRICT": "NANDED",
    "STATE": "MAHARASHTRA"
  },
  "ABHY0065124": {
    "BANK": "ABHYUDAYA COOPERATIVE BANK LIMITED",
    "IFSC": "ABHY0065124",
    "BRANCH": "INDIRA NAGAR",
    "ADDRESS": "GROUND FLOOR, MADHUSUDAN PARK, C BUILDING, WADALA PATHARDI ROAD, INDIRA NAGAR, NASHIK - 422 009",
    "CONTACT": "2329560",
    "CITY": "NASHIK",
    "DISTRICT": "NASIK",
    "STATE": "MAHARASHTRA"
  },
  "ABHY0065125": {
    "BANK": "ABHYUDAYA COOPERATIVE BANK LIMITED",
    "IFSC": "ABHY0065125",
    "BRANCH": "PANCHAVATI",
    "ADDRESS": "4614, LAXMI RESIDENCY, PETH ROAD, PANCHAVATI, NASHIK - 422 003.",
    "CONTACT": "2629916",
    "CITY": "NASHIK",
    "DISTRICT": "NASIK",
    "STATE": "MAHARASHTRA"
  },
  "ABHY0065126": {
    "BANK": "ABHYUDAYA COOPERATIVE BANK LIMITED",
    "IFSC": "ABHY0065126",
    "BRANCH": "AHMEDNAGAR",
    "ADDRESS": "SAI MIDAS TOUCH, SHOP NO. 7 AND 8, PLOT NO. 101 SLASH 86, NAGAR MANMAD ROAD, SAVEDI ROAD, AHMEDNAGAR 414003",
    "CONTACT": "2356588",
    "CITY": "AHMEDNAGAR",
    "DISTRICT": "AHMEDNAGAR",
    "STATE": "MAHARASHTRA"
  },
  "ABHY0065201": {
    "BANK": "ABHYUDAYA COOPERATIVE BANK LIMITED",
    "IFSC": "ABHY0065201",
    "BRANCH": "MANDVI",
    "ADDRESS": "SHREE KRISHNA BHAVAN, NEAR CHAMPANER GATE,  3259 BANK ROAD, VADODARA 390006,",
    "CONTACT": "2424149",
    "CITY": "VADODARA",
    "DISTRICT": "VADODARA",
    "STATE": "GUJARAT"
  },
  "ABHY0065202": {
    "BANK": "ABHYUDAYA COOPERATIVE BANK LIMITED",
    "IFSC": "ABHY0065202",
    "BRANCH": "MITHAKHALI",
    "ADDRESS": "JAYMANGAL HOUSE, BLOCK B, NEAR GANDHIGRAM RLY, STATION, ELLISBRIDGE, AHMEDABAD- 380 009.",
    "CONTACT": "26589676",
    "CITY": "AHMEDABAD",
    "DISTRICT": "AHMEDABAD",
    "STATE": "GUJARAT"
  },
  "ABHY0065203": {
    "BANK": "ABHYUDAYA COOPERATIVE BANK LIMITED",
    "IFSC": "ABHY0065203",
    "BRANCH": "MANEKCHOWK",
    "ADDRESS": "DAHINI KHADKI, MANEKCHOWK, AHMEDABAD- 380 221.",
    "CONTACT": "22143710",
    "CITY": "AHMEDABAD",
    "DISTRICT": "AHMEDABAD",
    "STATE": "GUJARAT"
  },
  "ABHY0065204": {
    "BANK": "ABHYUDAYA COOPERATIVE BANK LIMITED",
    "IFSC": "ABHY0065204",
    "BRANCH": "RAIPUR",
    "ADDRESS": "BLOCK NO.E/1, GHANTAKARNA MAHAVIR CLOTH MARKET, RAIPUR, AHMEDABAD- 380 002.",
    "CONTACT": "22142022",
    "CITY": "AHMEDABAD",
    "DISTRICT": "AHMEDABAD",
    "STATE": "GUJARAT"
  },
  "ABHY0065205": {
    "BANK": "ABHYUDAYA COOPERATIVE BANK LIMITED",
    "IFSC": "ABHY0065205",
    "BRANCH": "ODHAV",
    "ADDRESS": "HARSHAD CHAMBERS, OPP. VALLABHNAGAR, ODHAV, AHMEDABAD - 380 021",
    "CONTACT": "22871977",
    "CITY": "AHMEDABAD",
    "DISTRICT": "AHMEDABAD",
    "STATE": "GUJARAT"
  },
  "ABHY0065208": {
    "BANK": "ABHYUDAYA COOPERATIVE BANK LIMITED",
    "IFSC": "ABHY0065208",
    "BRANCH": "GHATLODIYA",
    "ADDRESS": "1, SATYAM, MANJUSHRI SOCIETY, GHATLODIA, AHMEDABAD- 380 061.",
    "CONTACT": "27475098",
    "CITY": "AHMEDABAD",
    "DISTRICT": "AHMEDABAD",
    "STATE": "GUJARAT"
  },
  "ABHY0065301": {
    "BANK": "ABHYUDAYA COOPERATIVE BANK LIMITED",
    "IFSC": "ABHY0065301",
    "BRANCH": "MAIN BR UDUPI",
    "ADDRESS": "SRI KANIYOOR BLDG, CAR STREET, UDUPI,  TEH. UDUPI, 576 101",
    "CONTACT": "2520117",
    "CITY": "UDUPI",
    "DISTRICT": "UDUPI",
    "STATE": "KARNATAKA"
  },
  "ABHY0065302": {
    "BANK": "ABHYUDAYA COOPERATIVE BANK LIMITED",
    "IFSC": "ABHY0065302",
    "BRANCH": "CITY",
    "ADDRESS": "SHAMBHAVI FORTUNE, BEHIND K S R T C BUS STAND, UDUPI -576101",
    "CONTACT": "2520117",
    "CITY": "UDUPI",
    "DISTRICT": "UDUPI",
    "STATE": "KARNATAKA"
  },
  "ABHY0065304": {
    "BANK": "ABHYUDAYA COOPERATIVE BANK LIMITED",
    "IFSC": "ABHY0065304",
    "BRANCH": "SHIRVA",
    "ADDRESS": "SHIRVA, TEH. UDUPI, 574 116",
    "CONTACT": "2554287",
    "CITY": "UDUPI",
    "DISTRICT": "UDUPI",
    "STATE": "KARNATAKA"
  },
  "ABHY0065305": {
    "BANK": "ABHYUDAYA COOPERATIVE BANK LIMITED",
    "IFSC": "ABHY0065305",
    "BRANCH": "PADUBIDRI",
    "ADDRESS": "SHRI SHAKTHI COMPLEX, NH-66, NADSAL VILLAGE, PADUBIDRI, UDUPI-DIST, 574111",
    "CONTACT": "2556177",
    "CITY": "UDUPI",
    "DISTRICT": "DAKSHINA KANNADA",
    "STATE": "KARNATAKA"
  },
  "ABHY0065306": {
    "BANK": "ABHYUDAYA COOPERATIVE BANK LIMITED",
    "IFSC": "ABHY0065306",
    "BRANCH": "MANGALORE",
    "ADDRESS": "SHOP NO. 4, JANVI PLAZA, NEAR BUNTS HOSTEL, KARANGLAPADY, MANGALORE-575003",
    "CONTACT": "2423067",
    "CITY": "MANGALORE",
    "DISTRICT": "DAKSHINA KANNADA",
    "STATE": "KARNATAKA"
  }
}