{
  "ADCC0000001": {
    "BANK": "THE AKOLA DISTRICT CENTRAL COOPERATIVE BANK",
    "IFSC": "ADCC0000001",
    "BRANCH": "RTGS-HO",
    "ADDRESS": "THE AKOLA DISTRICT CENTRAL COOP. BANK LTD., P.B.NO. 8, CIVIL LINES, S.A. COLLEGE ROAD, AKOLA. 444001",
    "CONTACT": "2415105",
    "CITY": "AKOLA",
    "DISTRICT": "AKOLA",
    "STATE": "MAHARASHTRA"
  },
  "ADCC0000002": {
    "BANK": "THE AKOLA DISTRICT CENTRAL COOPERATIVE BANK",
    "IFSC": "ADCC0000002",
    "BRANCH": "MARKET YARD BRANCH - AKOLA",
    "ADDRESS": "THE AKOLA DISTRICT CENTRAL COOP. BANK LTD.,BRANCH MARKET YARD, APMC, NEAR SHIVAJI COLLEGE, AKOLA. 444001",
    "CONTACT": "2415105",
    "CITY": "AKOLA",
    "DISTRICT": "AKOLA",
    "STATE": "MAHARASHTRA"
  },
  "ADCC0000003": {
    "BANK": "THE AKOLA DISTRICT CENTRAL COOPERATIVE BANK",
    "IFSC": "ADCC0000003",
    "BRANCH": "KAPAD BAZAR BRANCH - AKOLA",
    "ADDRESS": "THE AKOLA DISTRICT CENTRAL COOP. BANK LTD., BRANCH KAPAD BAZAR,TILAK ROAD, RAYAT HAWELI, AKOLA. 444001",
    "CONTACT": "2415105",
    "CITY": "AKOLA",
    "DISTRICT": "AKOLA",
    "STATE": "MAHARASHTRA"
  },
  "ADCC0000004": {
    "BANK": "THE AKOLA DISTRICT CENTRAL COOPERATIVE BANK",
    "IFSC": "ADCC0000004",
    "BRANCH": "SHRI RAJESHWAR BRANCH - AKOLA",
    "ADDRESS": "THE AKOLA DISTRICT CENTRAL COOP. BANK LTD., JAI HIND CHOWK, OLD CITY, AKOLA. 444002",
    "CONTACT": "2415105",
    "CITY": "AKOLA",
    "DISTRICT": "AKOLA",
    "STATE": "MAHARASHTRA"
  },
  "ADCC0000005": {
    "BANK": "THE AKOLA DISTRICT CENTRAL COOPERATIVE BANK",
    "IFSC": "ADCC0000005",
    "BRANCH": "ZP BRANCH - AKOLA",
    "ADDRESS": "THE AKOLA DISTRICT CENTRAL COOP. BANK LTD., BRANCH Z.P., NEAR COLLECTOR OFFICE, AKOLA. 444001",
    "CONTACT": "2415105",
    "CITY": "AKOLA",
    "DISTRICT": "AKOLA",
    "STATE": "MAHARASHTRA"
  },
  "ADCC0000006": {
    "BANK": "THE AKOLA DISTRICT CENTRAL COOPERATIVE BANK",
    "IFSC": "ADCC0000006",
    "BRANCH": "CIVIL LINES BRANCH - AKOLA",
    "ADDRESS": "THE AKOLA DISTRICT CENTRAL COOP. BANK LTD., CIVIL LINES BRANCH, S.A. COLLEGE ROAD, AKOLA. 444001",
    "CONTACT": "2415105",
    "CITY": "AKOLA",
    "DISTRICT": "AKOLA",
    "STATE": "MAHARASHTRA"
  },
  "ADCC0000007": {
    "BANK": "THE AKOLA DISTRICT CENTRAL COOPERATIVE BANK",
    "IFSC": "ADCC0000007",
    "BRANCH": "MAHILA BRANCH - AKOLA",
    "ADDRESS": "THE AKOLA DISTRICT CENTRAL COOP. BANK LTD., RAMDAS PETH, NEAR BIRLA GATE, AKOLA. 444005",
    "CONTACT": "2415105",
    "CITY": "AKOLA",
    "DISTRICT": "AKOLA",
    "STATE": "MAHARASHTRA"
  },
  "ADCC0000008": {
    "BANK": "THE AKOLA DISTRICT CENTRAL COOPERATIVE BANK",
    "IFSC": "ADCC0000008",
    "BRANCH": "SAH.MAH.DR.ANNASAHEB KORPE NGR BR-AKOLA",
    "ADDRESS": "THE AKOLA DISTRICT CENTRAL COOP. BANK LTD., ADARSH COLONY, NEAR ADARSH VIDYALAYA, AKOLA. 444005",
    "CONTACT": "2415105",
    "CITY": "AKOLA",
    "DISTRICT": "AKOLA",
    "STATE": "MAHARASHTRA"
  },
  "ADCC0000009": {
    "BANK": "THE AKOLA DISTRICT CENTRAL COOPERATIVE BANK",
    "IFSC": "ADCC0000009",
    "BRANCH": "DR.PDKV BRANCH - AKOLA",
    "ADDRESS": "THE AKOLA DISTRICT CENTRAL COOP. BANK LTD., IN P.D.K.V. PREMICES, AKOLA. 444004",
    "CONTACT": "2415105",
    "CITY": "AKOLA",
    "DISTRICT": "AKOLA",
    "STATE": "MAHARASHTRA"
  },
  "ADCC0000010": {
    "BANK": "THE AKOLA DISTRICT CENTRAL COOPERATIVE BANK",
    "IFSC": "ADCC0000010",
    "BRANCH": "DABKI ROAD BRANCH - AKOLA",
    "ADDRESS": "THE AKOLA DISTRICT CENTRAL COOP. BANK LTD.,BRANCH DABKI ROAD, NEAR KHANDELWAL HIGH SCHOOL, GODBOLE PLOT, DABKI ROAD, OLD CITY, AKOLA. 444002",
    "CONTACT": "2415105",
    "CITY": "AKOLA",
    "DISTRICT": "AKOLA",
    "STATE": "MAHARASHTRA"
  },
  "ADCC0000011": {
    "BANK": "THE AKOLA DISTRICT CENTRAL COOPERATIVE BANK",
    "IFSC": "ADCC0000011",
    "BRANCH": "TUKARAM SQUARE BRANCH - AKOLA",
    "ADDRESS": "THE AKOLA DISTRICT CENTRAL COOP. BANK LTD., BRANCH TUKARAM CHOWK, SANT TUKARAM HOSPITAL CHOWK, GORAKSHAN ROAD, AKOLA. 444002",
    "CONTACT": "2415105",
    "CITY": "AKOLA",
    "DISTRICT": "AKOLA",
    "STATE": "MAHARASHTRA"
  },
  "ADCC0000012": {
    "BANK": "THE AKOLA DISTRICT CENTRAL COOPERATIVE BANK",
    "IFSC": "ADCC0000012",
    "BRANCH": "BORGAON MANJU BRANCH",
    "ADDRESS": "THE AKOLA DISTRICT CENTRAL COOP. BANK LTD., BRANCH BORGAON MANJU AT. PO. BORGAON MANJU, TQ. DIST. AKOLA. 444102",
    "CONTACT": "2415105",
    "CITY": "AKOLA",
    "DISTRICT": "BORGAON-MANJU",
    "STATE": "MAHARASHTRA"
  },
  "ADCC0000013": {
    "BANK": "THE AKOLA DISTRICT CENTRAL COOPERATIVE BANK",
    "IFSC": "ADCC0000013",
    "BRANCH": "PALSO BADHE BRANCH",
    "ADDRESS": "THE AKOLA DISTRICT CENTRAL COOP. BANK LTD., BRANCH PALSO, AT. PO. PALSO, TQ. DIST. AKOLA. 444102",
    "CONTACT": "2415105",
    "CITY": "AKOLA",
    "DISTRICT": "PALSO",
    "STATE": "MAHARASHTRA"
  },
  "ADCC0000014": {
    "BANK": "THE AKOLA DISTRICT CENTRAL COOPERATIVE BANK",
    "IFSC": "ADCC0000014",
    "BRANCH": "MHAISANG BRANCH",
    "ADDRESS": "THE AKOLA DISTRICT CENTRAL COOP. BANK LTD., BRANCH MHAISANG, AT. PO. MHAISANG, TQ. DIST. AKOLA. 444003",
    "CONTACT": "2415105",
    "CITY": "AKOLA",
    "DISTRICT": "MHYSANG",
    "STATE": "MAHARASHTRA"
  },
  "ADCC0000015": {
    "BANK": "THE AKOLA DISTRICT CENTRAL COOPERATIVE BANK",
    "IFSC": "ADCC0000015",
    "BRANCH": "KANSHIVANI BRANCH",
    "ADDRESS": "THE AKOLA DISTRICT CENTRAL COOP. BANK LTD., BRANCH KANSHIVANI, AT. PO. KANSHIVANI, TQ. DIST. AKOLA 444102",
    "CONTACT": "2415105",
    "CITY": "AKOLA",
    "DISTRICT": "AKOLA",
    "STATE": "MAHARASHTRA"
  },
  "ADCC0000016": {
    "BANK": "THE AKOLA DISTRICT CENTRAL COOPERATIVE BANK",
    "IFSC": "ADCC0000016",
    "BRANCH": "GANDHIGRAM BRANCH",
    "ADDRESS": "THE AKOLA DISTRICT CENTRAL COOP. BANK LTD.,BRANCH GANDHIGRAM, AT. PO. GANDHIGRAM, TQ. DIST.AKOLA. 444006",
    "CONTACT": "2415105",
    "CITY": "AKOLA",
    "DISTRICT": "GANDHIGRAM",
    "STATE": "MAHARASHTRA"
  },
  "ADCC0000017": {
    "BANK": "THE AKOLA DISTRICT CENTRAL COOPERATIVE BANK",
    "IFSC": "ADCC0000017",
    "BRANCH": "CHIKHALGAON BRANCH",
    "ADDRESS": "THE AKOLA DISTRICT CENTRAL COOP. BANK LTD.,BR. CHIKHALGAON, AT.PO. CHIKHALGAON, TQ. DIST. AKOLA. 444006",
    "CONTACT": "2415105",
    "CITY": "AKOLA",
    "DISTRICT": "AKOLA",
    "STATE": "MAHARASHTRA"
  },
  "ADCC0000018": {
    "BANK": "THE AKOLA DISTRICT CENTRAL COOPERATIVE BANK",
    "IFSC": "ADCC0000018",
    "BRANCH": "DAHIHANDA ┬áBRANCH",
    "ADDRESS": "THE AKOLA DISTRICT CENTRAL COOP. BANK LTD.,BRANCH DAHIHANDA, AT. PO. DAHIHANDA, TQ. DIST. AKOLA. 444111",
    "CONTACT": "2415105",
    "CITY": "AKOLA",
    "DISTRICT": "GANDHIGRAM",
    "STATE": "MAHARASHTRA"
  },
  "ADCC0000019": {
    "BANK": "THE AKOLA DISTRICT CENTRAL COOPERATIVE BANK",
    "IFSC": "ADCC0000019",
    "BRANCH": "PATUR NANDAPUR BRANCH",
    "ADDRESS": "THE AKOLA DISTRICT CENTRAL COOP. BANK LTD.,BRANCH PATUR NANDAPUR, AT. PO. PATUR NANDAPUR, TQ.DIST. AKOLA. 444407",
    "CONTACT": "2415105",
    "CITY": "AKOLA",
    "DISTRICT": "PATUR NANDAPUR",
    "STATE": "MAHARASHTRA"
  },
  "ADCC0000020": {
    "BANK": "THE AKOLA DISTRICT CENTRAL COOPERATIVE BANK",
    "IFSC": "ADCC0000020",
    "BRANCH": "KURANKHED BRANCH",
    "ADDRESS": "THE AKOLA DISTRICT CENTRAL COOP. BANK LTD.,BRANCH KURANKHED, AT. PO. KURANKHED, TQ.DIST.AKOLA. 444102",
    "CONTACT": "2415105",
    "CITY": "AKOLA",
    "DISTRICT": "KURANKHED",
    "STATE": "MAHARASHTRA"
  },
  "ADCC0000021": {
    "BANK": "THE AKOLA DISTRICT CENTRAL COOPERATIVE BANK",
    "IFSC": "ADCC0000021",
    "BRANCH": "GOREGAON KHURD BRANCH",
    "ADDRESS": "THE AKOLA DISTRICT CENTRAL COOP. BANK LTD., BRANCH GOREGAON KD., AT. PO. GOREGAON KD., TQ. DIST. AKOLA. 444102",
    "CONTACT": "2415105",
    "CITY": "AKOLA",
    "DISTRICT": "GOREGAON(KHURD)",
    "STATE": "MAHARASHTRA"
  },
  "ADCC0000022": {
    "BANK": "THE AKOLA DISTRICT CENTRAL COOPERATIVE BANK",
    "IFSC": "ADCC0000022",
    "BRANCH": "UMRI BRANCH",
    "ADDRESS": "THE AKOLA DISTRICT CENTRAL COOP. BANK LTD., JATHARPETH, UMARI ROAD, NEAR PATIL MARKET, AKOLA.  444005",
    "CONTACT": "2415105",
    "CITY": "AKOLA",
    "DISTRICT": "UMRI",
    "STATE": "MAHARASHTRA"
  },
  "ADCC0000023": {
    "BANK": "THE AKOLA DISTRICT CENTRAL COOPERATIVE BANK",
    "IFSC": "ADCC0000023",
    "BRANCH": "KHADAKI-CHANDUR BRANCH",
    "ADDRESS": "THE AKOLA DISTRICT CENTRAL COOP. BANK LTD., BRANCH KHADKI BK., AT. KHADKI BK., PO. CHANDUR, TQ. DIST. AKOLA. 444004",
    "CONTACT": "2415105",
    "CITY": "AKOLA",
    "DISTRICT": "AKOLA",
    "STATE": "MAHARASHTRA"
  },
  "ADCC0000024": {
    "BANK": "THE AKOLA DISTRICT CENTRAL COOPERATIVE BANK",
    "IFSC": "ADCC0000024",
    "BRANCH": "RANPISE NAGAR BRANCH - AKOLA",
    "ADDRESS": "THE AKOLA DISTRICT CENTRAL COOP. BANK LTD., BRANCH RANPISE NAGAR, RANPISE NAGAR, AKOLA. 444001",
    "CONTACT": "2415105",
    "CITY": "AKOLA",
    "DISTRICT": "AKOLA",
    "STATE": "MAHARASHTRA"
  },
  "ADCC0000025": {
    "BANK": "THE AKOLA DISTRICT CENTRAL COOPERATIVE BANK",
    "IFSC": "ADCC0000025",
    "BRANCH": "AAGAR BRANCH",
    "ADDRESS": "THE AKOLA DISTRICT CENTRAL COOP. BANK LTD., BRANCH AGAR, AT. PO. AGAR, TQ. DIST. AKOLA.  444006",
    "CONTACT": "2415105",
    "CITY": "AKOLA",
    "DISTRICT": "AKOLA",
    "STATE": "MAHARASHTRA"
  },
  "ADCC0000026": {
    "BANK": "THE AKOLA DISTRICT CENTRAL COOPERATIVE BANK",
    "IFSC": "ADCC0000026",
    "BRANCH": "RATANLAL PLOTS BRANCH - AKOLA",
    "ADDRESS": "THE AKOLA DISTRICT CENTRAL COOP. BANK LTD., BRANCH RATANLAL PLOT, NEAR RAGHUVANSHI MANGAL KARYALAYA, RATANLAL PLOT, AKOLA. 444001",
    "CONTACT": "2415105",
    "CITY": "AKOLA",
    "DISTRICT": "AKOLA",
    "STATE": "MAHARASHTRA"
  },
  "ADCC0000028": {
    "BANK": "THE AKOLA DISTRICT CENTRAL COOPERATIVE BANK",
    "IFSC": "ADCC0000028",
    "BRANCH": "BARSHITAKLI BRANCH",
    "ADDRESS": "THE AKOLA DISTRICT CENTRAL COOP. BANK LTD., BRANCH BARSHITAKLI, AT. PO. TQ. BARSHITAKLI, DIST. AKOLA. 444401",
    "CONTACT": "2415105",
    "CITY": "AKOLA",
    "DISTRICT": "BARSI-TAKLI",
    "STATE": "MAHARASHTRA"
  },
  "ADCC0000029": {
    "BANK": "THE AKOLA DISTRICT CENTRAL COOPERATIVE BANK",
    "IFSC": "ADCC0000029",
    "BRANCH": "PINJAR BRANCH",
    "ADDRESS": "THE AKOLA DISTRICT CENTRAL COOP. BANK LTD., BRANCH PINJAR, AT. PO. PINJAR, TQ. BARSHITAKLI, DIST. AKOLA. 444407",
    "CONTACT": "2415105",
    "CITY": "AKOLA",
    "DISTRICT": "PINJAR",
    "STATE": "MAHARASHTRA"
  },
  "ADCC0000030": {
    "BANK": "THE AKOLA DISTRICT CENTRAL COOPERATIVE BANK",
    "IFSC": "ADCC0000030",
    "BRANCH": "MAHAN BRANCH",
    "ADDRESS": "THE AKOLA DISTRICT CENTRAL COOP. BANK LTD., BRANCH MAHAN, AT. PO. MAHAN, TQ. BARSHITAKLI, DIST. AKOLA. 444405",
    "CONTACT": "2415105",
    "CITY": "AKOLA",
    "DISTRICT": "MAHAN",
    "STATE": "MAHARASHTRA"
  },
  "ADCC0000031": {
    "BANK": "THE AKOLA DISTRICT CENTRAL COOPERATIVE BANK",
    "IFSC": "ADCC0000031",
    "BRANCH": "KANHERI SARAP BRANCH",
    "ADDRESS": "THE AKOLA DISTRICT CENTRAL COOP. BANK LTD., BRANCH KANHERI SARAP, AT. PO. KANHERI SARAP, TQ. BARSHITAKLI, DIST. AKOLA. 444401",
    "CONTACT": "2415105",
    "CITY": "AKOLA",
    "DISTRICT": "KANHERI SARAP",
    "STATE": "MAHARASHTRA"
  },
  "ADCC0000032": {
    "BANK": "THE AKOLA DISTRICT CENTRAL COOPERATIVE BANK",
    "IFSC": "ADCC0000032",
    "BRANCH": "DHABA BRANCH",
    "ADDRESS": "THE AKOLA DISTRICT CENTRAL COOP. BANK LTD., BRANCH DHABA, AT. PO. DHABA, TQ. BARSHITAKLI, DIST. AKOLA. 444401",
    "CONTACT": "2415105",
    "CITY": "AKOLA",
    "DISTRICT": "DHABA",
    "STATE": "MAHARASHTRA"
  },
  "ADCC0000033": {
    "BANK": "THE AKOLA DISTRICT CENTRAL COOPERATIVE BANK",
    "IFSC": "ADCC0000033",
    "BRANCH": "AKOT MAIN BRANCH",
    "ADDRESS": "THE AKOLA DISTRICT CENTRAL COOP. BANK LTD., BRANCH AKOT MAIN, AT. PO. TQ. AKOT, DIST. AKOLA. 444101",
    "CONTACT": "2415105",
    "CITY": "AKOLA",
    "DISTRICT": "AKOT",
    "STATE": "MAHARASHTRA"
  },
  "ADCC0000034": {
    "BANK": "THE AKOLA DISTRICT CENTRAL COOPERATIVE BANK",
    "IFSC": "ADCC0000034",
    "BRANCH": "AKOT CITY BRANCH",
    "ADDRESS": "THE AKOLA DISTRICT CENTRAL COOP. BANK LTD., BRANCH AKOT CITY, AT. PO. TQ. AKOT, DIST. AKOLA. 444101",
    "CONTACT": "2415105",
    "CITY": "AKOLA",
    "DISTRICT": "AKOT",
    "STATE": "MAHARASHTRA"
  },
  "ADCC0000035": {
    "BANK": "THE AKOLA DISTRICT CENTRAL COOPERATIVE BANK",
    "IFSC": "ADCC0000035",
    "BRANCH": "AKOT NARSING MANDIR BRANCH",
    "ADDRESS": "THE AKOLA DISTRICT CENTRAL COOP. BANK LTD.,BRANCH NARSING MANDIR, AT. PO. TQ. AKOT, DIST. AKOLA. 444101",
    "CONTACT": "2415105",
    "CITY": "AKOLA",
    "DISTRICT": "AKOT",
    "STATE": "MAHARASHTRA"
  },
  "ADCC0000036": {
    "BANK": "THE AKOLA DISTRICT CENTRAL COOPERATIVE BANK",
    "IFSC": "ADCC0000036",
    "BRANCH": "SAVARA BRANCH",
    "ADDRESS": "THE AKOLA DISTRICT CENTRAL COOP. BANK LTD., BRANCH SAVARA, AT. PO. SAVARA, TQ. AKOT, DIST. AKOLA. 444101",
    "CONTACT": "2415105",
    "CITY": "AKOLA",
    "DISTRICT": "AKOT",
    "STATE": "MAHARASHTRA"
  },
  "ADCC0000037": {
    "BANK": "THE AKOLA DISTRICT CENTRAL COOPERATIVE BANK",
    "IFSC": "ADCC0000037",
    "BRANCH": "RAUNDALA BRANCH",
    "ADDRESS": "THE AKOLA DIST. CENTRAL COOP. BANK LTD., BRANCH RAUNDALA, AT PO. DEVRI PHATA PARISAR, NEAR SWAMI VIVEKANAND CONVENT. TQ. AKOT DIST. AKOLA., 444101",
    "CONTACT": "2415105",
    "CITY": "AKOLA",
    "DISTRICT": "CHAUHATTA",
    "STATE": "MAHARASHTRA"
  },
  "ADCC0000038": {
    "BANK": "THE AKOLA DISTRICT CENTRAL COOPERATIVE BANK",
    "IFSC": "ADCC0000038",
    "BRANCH": "CHOHOTTA BAZAR BRANCH",
    "ADDRESS": "THE AKOLA DISTRICT CENTRAL COOP. BANK LTD., BRANCH CHOHOTTA BAZAR, AT. PO. CHOHOTTA BAZAR, TQ. AKOT, DIST. AKOLA. 444125",
    "CONTACT": "2415105",
    "CITY": "AKOLA",
    "DISTRICT": "CHAUHATTA",
    "STATE": "MAHARASHTRA"
  },
  "ADCC0000039": {
    "BANK": "THE AKOLA DISTRICT CENTRAL COOPERATIVE BANK",
    "IFSC": "ADCC0000039",
    "BRANCH": "WARUL JAULKA BRANCH",
    "ADDRESS": "THE AKOLA DISTRICT CENTRAL COOP. BANK LTD.,BRANCH WARUD JAULKA, AT. PO. WARUD JAULKA,TQ. AKOT, DIST. AKOLA. 444101",
    "CONTACT": "2415105",
    "CITY": "AKOLA",
    "DISTRICT": "CHAUHATTA",
    "STATE": "MAHARASHTRA"
  },
  "ADCC0000040": {
    "BANK": "THE AKOLA DISTRICT CENTRAL COOPERATIVE BANK",
    "IFSC": "ADCC0000040",
    "BRANCH": "AKOLKHED BRANCH",
    "ADDRESS": "THE AKOLA DISTRICT CENTRAL COOP. BANK LTD., BRANCH AKOLKHED, AT. PO. AKOLKHED, TQ. AKOT, DIST.AKOLA. 444101",
    "CONTACT": "2415105",
    "CITY": "AKOLA",
    "DISTRICT": "AKOT",
    "STATE": "MAHARASHTRA"
  },
  "ADCC0000041": {
    "BANK": "THE AKOLA DISTRICT CENTRAL COOPERATIVE BANK",
    "IFSC": "ADCC0000041",
    "BRANCH": "KUTASA BRANCH",
    "ADDRESS": "THE AKOLA DISTRICT CENTRAL COOP. BANK LTD., BRANCH KUTASA, AT. PO. KUTASA, TQ. AKOT, DIST. AKOLA. 444101",
    "CONTACT": "2415105",
    "CITY": "AKOLA",
    "DISTRICT": "KUTASA",
    "STATE": "MAHARASHTRA"
  },
  "ADCC0000042": {
    "BANK": "THE AKOLA DISTRICT CENTRAL COOPERATIVE BANK",
    "IFSC": "ADCC0000042",
    "BRANCH": "MUNDGAON BRANCH",
    "ADDRESS": "THE AKOLA DISTRICT CENTRAL COOP. BANK LTD., BRANCH MUNDGAON, AT. PO. MUNDGAON, TQ. AKOT, DIST. AKOLA. 444117",
    "CONTACT": "2415105",
    "CITY": "AKOLA",
    "DISTRICT": "MUNDGAON",
    "STATE": "MAHARASHTRA"
  },
  "ADCC0000043": {
    "BANK": "THE AKOLA DISTRICT CENTRAL COOPERATIVE BANK",
    "IFSC": "ADCC0000043",
    "BRANCH": "TELHARA MAIN BRANCH",
    "ADDRESS": "THE AKOLA DISTRICT CENTRAL COOP. BANK LTD., BRANCH TELHARA MAIN, AT. PO. TQ.TELHARA,  DIST. AKOLA. 444108",
    "CONTACT": "2415105",
    "CITY": "AKOLA",
    "DISTRICT": "TELHARA",
    "STATE": "MAHARASHTRA"
  },
  "ADCC0000044": {
    "BANK": "THE AKOLA DISTRICT CENTRAL COOPERATIVE BANK",
    "IFSC": "ADCC0000044",
    "BRANCH": "TELHARA CITY BRANCH",
    "ADDRESS": "THE AKOLA DISTRICT CENTRAL COOP. BANK LTD., BRANCH TELHARA CITY, AT. PO. TQ.TELHARA,  DIST. AKOLA. 444108",
    "CONTACT": "2415105",
    "CITY": "AKOLA",
    "DISTRICT": "TELHARA",
    "STATE": "MAHARASHTRA"
  },
  "ADCC0000045": {
    "BANK": "THE AKOLA DISTRICT CENTRAL COOPERATIVE BANK",
    "IFSC": "ADCC0000045",
    "BRANCH": "HIWARKHED BRANCH",
    "ADDRESS": "THE AKOLA DISTRICT CENTRAL COOP. BANK LTD., BRANCH HIWARKHED, AT. PO. HIWARKHED, TQ. TELHARA, DIST.AKOLA. 444103",
    "CONTACT": "2415105",
    "CITY": "AKOLA",
    "DISTRICT": "HIWARKHED",
    "STATE": "MAHARASHTRA"
  },
  "ADCC0000046": {
    "BANK": "THE AKOLA DISTRICT CENTRAL COOPERATIVE BANK",
    "IFSC": "ADCC0000046",
    "BRANCH": "DANAPUR BRANCH",
    "ADDRESS": "THE AKOLA DISTRICT CENTRAL COOP. BANK LTD.,BRANCH DANAPUR, AT. PO. DANAPUR, TQ. TELHARA, DIST.AKOLA. 444129",
    "CONTACT": "2415105",
    "CITY": "AKOLA",
    "DISTRICT": "DANAPUR",
    "STATE": "MAHARASHTRA"
  },
  "ADCC0000047": {
    "BANK": "THE AKOLA DISTRICT CENTRAL COOPERATIVE BANK",
    "IFSC": "ADCC0000047",
    "BRANCH": "PATHARDI BRANCH",
    "ADDRESS": "THE AKOLA DISTRICT CENTRAL COOP. BANK LTD., BRANCH PATHARDI, AT. PO. PATHARDI, TQ. TELHARA, DIST.AKOLA. 444117",
    "CONTACT": "2415105",
    "CITY": "AKOLA",
    "DISTRICT": "PATHARDI",
    "STATE": "MAHARASHTRA"
  },
  "ADCC0000048": {
    "BANK": "THE AKOLA DISTRICT CENTRAL COOPERATIVE BANK",
    "IFSC": "ADCC0000048",
    "BRANCH": "BELKHED BRANCH",
    "ADDRESS": "THE AKOLA DISTRICT CENTRAL COOP. BANK LTD.,BRANCH BELKHED, AT. PO. BELKHED, TQ. TELHARA, DIST.AKOLA. 444108",
    "CONTACT": "2415105",
    "CITY": "AKOLA",
    "DISTRICT": "TELHARA",
    "STATE": "MAHARASHTRA"
  },
  "ADCC0000049": {
    "BANK": "THE AKOLA DISTRICT CENTRAL COOPERATIVE BANK",
    "IFSC": "ADCC0000049",
    "BRANCH": "AADSUL ┬áBRANCH",
    "ADDRESS": "THE AKOLA DISTRICT CENTRAL COOP. BANK LTD., BRANCH ADSUL, AT. PO. ADSUL, TQ. TELHARA, DIST. AKOLA. 444108",
    "CONTACT": "2415105",
    "CITY": "AKOLA",
    "DISTRICT": "TELHARA",
    "STATE": "MAHARASHTRA"
  },
  "ADCC0000050": {
    "BANK": "THE AKOLA DISTRICT CENTRAL COOPERATIVE BANK",
    "IFSC": "ADCC0000050",
    "BRANCH": "ADGAON BUJRUK BRANCH",
    "ADDRESS": "THE AKOLA DISTRICT CENTRAL COOP. BANK LTD., BRANCH ADGAON, AT.PO. ADGAON, TQ. TELHARA, DIST.AKOLA. 444126",
    "CONTACT": "2415105",
    "CITY": "AKOLA",
    "DISTRICT": "ADGAON BK",
    "STATE": "MAHARASHTRA"
  },
  "ADCC0000051": {
    "BANK": "THE AKOLA DISTRICT CENTRAL COOPERATIVE BANK",
    "IFSC": "ADCC0000051",
    "BRANCH": "BALAPUR BRANCH",
    "ADDRESS": "THE AKOLA DISTRICT CENTRAL COOP. BANK LTD., BRANCH BALAPUR, AT.PO. TQ. BALAPUR, DIST. AKOLA. 444302",
    "CONTACT": "2415105",
    "CITY": "AKOLA",
    "DISTRICT": "BALAPUR",
    "STATE": "MAHARASHTRA"
  },
  "ADCC0000052": {
    "BANK": "THE AKOLA DISTRICT CENTRAL COOPERATIVE BANK",
    "IFSC": "ADCC0000052",
    "BRANCH": "URAL BRANCH",
    "ADDRESS": "THE AKOLA DISTRICT CENTRAL COOP. BANK LTD.,BRANCH URAL BK., AT. PO. URAL BK., TQ. BALAPUR, DIST.AKOLA. 444311",
    "CONTACT": "2415105",
    "CITY": "AKOLA",
    "DISTRICT": "URAL(BK)",
    "STATE": "MAHARASHTRA"
  },
  "ADCC0000053": {
    "BANK": "THE AKOLA DISTRICT CENTRAL COOPERATIVE BANK",
    "IFSC": "ADCC0000053",
    "BRANCH": "WADEGAON BRANCH",
    "ADDRESS": "THE AKOLA DISTRICT CENTRAL COOP. BANK LTD.,BRANCH WADEGAON, AT. PO. WADEGAON, TQ. BALAPUR, DIST. AKOLA. 444502",
    "CONTACT": "2415105",
    "CITY": "AKOLA",
    "DISTRICT": "WADEGAON",
    "STATE": "MAHARASHTRA"
  },
  "ADCC0000054": {
    "BANK": "THE AKOLA DISTRICT CENTRAL COOPERATIVE BANK",
    "IFSC": "ADCC0000054",
    "BRANCH": "NIMBA ┬áBRANCH",
    "ADDRESS": "THE AKOLA DISTRICT CENTRAL COOP. BANK LTD.,BRANCH NIMBA, AT. PO. NIMBA, TQ. BALAPUR, DIST.AKOLA. 444311",
    "CONTACT": "2415105",
    "CITY": "AKOLA",
    "DISTRICT": "NIMBA",
    "STATE": "MAHARASHTRA"
  },
  "ADCC0000055": {
    "BANK": "THE AKOLA DISTRICT CENTRAL COOPERATIVE BANK",
    "IFSC": "ADCC0000055",
    "BRANCH": "PARAS BRANCH",
    "ADDRESS": "THE AKOLA DISTRICT CENTRAL COOP. BANK LTD.,BRANCH PARAS, AT. PO. PARAS, TQ. BALAPUR, DIST.AKOLA. 444109",
    "CONTACT": "2415105",
    "CITY": "AKOLA",
    "DISTRICT": "PARAS",
    "STATE": "MAHARASHTRA"
  },
  "ADCC0000056": {
    "BANK": "THE AKOLA DISTRICT CENTRAL COOPERATIVE BANK",
    "IFSC": "ADCC0000056",
    "BRANCH": "HATRUN BRANCH",
    "ADDRESS": "THE AKOLA DISTRICT CENTRAL COOP. BANK LTD.,BRANCH HATRUN, AT. PO. HATRUN, TQ. BALAPUR, DIST.AKOLA 444109",
    "CONTACT": "2415105",
    "CITY": "AKOLA",
    "DISTRICT": "PARAS",
    "STATE": "MAHARASHTRA"
  },
  "ADCC0000057": {
    "BANK": "THE AKOLA DISTRICT CENTRAL COOPERATIVE BANK",
    "IFSC": "ADCC0000057",
    "BRANCH": "VYALA BRANCH",
    "ADDRESS": "THE AKOLA DISTRICT CENTRAL COOP. BANK LTD.,BRANCH VYALA, AT. PO. VYALA, TQ. BALAPUR, DIST.AKOLA. 444302",
    "CONTACT": "2415105",
    "CITY": "AKOLA",
    "DISTRICT": "VYALA",
    "STATE": "MAHARASHTRA"
  },
  "ADCC0000058": {
    "BANK": "THE AKOLA DISTRICT CENTRAL COOPERATIVE BANK",
    "IFSC": "ADCC0000058",
    "BRANCH": "PATUR ┬áBRANCH",
    "ADDRESS": "THE AKOLA DISTRICT CENTRAL COOP. BANK LTD.,BRANCH PATUR, AT. PO. TQ. PATUR, DIST. AKOLA. 444501",
    "CONTACT": "2415105",
    "CITY": "AKOLA",
    "DISTRICT": "PATUR",
    "STATE": "MAHARASHTRA"
  },
  "ADCC0000059": {
    "BANK": "THE AKOLA DISTRICT CENTRAL COOPERATIVE BANK",
    "IFSC": "ADCC0000059",
    "BRANCH": "CHANNI ┬áBRANCH",
    "ADDRESS": "THE AKOLA DISTRICT CENTRAL COOP. BANK LTD.,BRANCH CHANNI, AT. PO. CHANNI, TQ. PATUR, DIST. AKOLA. 444501",
    "CONTACT": "2415105",
    "CITY": "AKOLA",
    "DISTRICT": "CHANNI",
    "STATE": "MAHARASHTRA"
  },
  "ADCC0000060": {
    "BANK": "THE AKOLA DISTRICT CENTRAL COOPERATIVE BANK",
    "IFSC": "ADCC0000060",
    "BRANCH": "AALEGAON BRANCH",
    "ADDRESS": "THE AKOLA DISTRICT CENTRAL COOP. BANK LTD.,BRANCH ALEGAON, AT. PO. ALEGAON, TQ. PATUR, DIST.AKOLA. 444511",
    "CONTACT": "2415105",
    "CITY": "AKOLA",
    "DISTRICT": "ALEGAON",
    "STATE": "MAHARASHTRA"
  },
  "ADCC0000061": {
    "BANK": "THE AKOLA DISTRICT CENTRAL COOPERATIVE BANK",
    "IFSC": "ADCC0000061",
    "BRANCH": "VIWARA BABHULGAON BRANCH",
    "ADDRESS": "THE AKOLA DISTRICT CENTRAL COOP. BANK LTD.,BRANCH VIWARA, AT. PO. VIWARA, TQ. PATUR, DIST. AKOLA. 444511",
    "CONTACT": "2415105",
    "CITY": "AKOLA",
    "DISTRICT": "BABULGAON",
    "STATE": "MAHARASHTRA"
  },
  "ADCC0000062": {
    "BANK": "THE AKOLA DISTRICT CENTRAL COOPERATIVE BANK",
    "IFSC": "ADCC0000062",
    "BRANCH": "SASTI BRANCH",
    "ADDRESS": "THE AKOLA DISTRICT CENTRAL COOP. BANK LTD.,BRANCH SASTI, AT. PO. SASTI, TQ. PATUR, DIST. AKOLA. 444501",
    "CONTACT": "2415105",
    "CITY": "AKOLA",
    "DISTRICT": "SASTI",
    "STATE": "MAHARASHTRA"
  },
  "ADCC0000064": {
    "BANK": "THE AKOLA DISTRICT CENTRAL COOPERATIVE BANK",
    "IFSC": "ADCC0000064",
    "BRANCH": "MURTIJAPUR MAIN BRANCH",
    "ADDRESS": "THE AKOLA DISTRICT CENTRAL COOP. BANK LTD.,BRANCH MURTIZAPUR MAIN, AT.PO.TQ. MURTIZAPUR, DIST.AKOLA. 444107",
    "CONTACT": "2415105",
    "CITY": "AKOLA",
    "DISTRICT": "MURTIZAPUR",
    "STATE": "MAHARASHTRA"
  },
  "ADCC0000065": {
    "BANK": "THE AKOLA DISTRICT CENTRAL COOPERATIVE BANK",
    "IFSC": "ADCC0000065",
    "BRANCH": "MURTIJAPUR MARKET YARD BRANCH",
    "ADDRESS": "THE AKOLA DISTRICT CENTRAL COOP. BANK LTD.,BRANCH MURTIZAPUR M.Y., AT.PO.TQ. MURTIZAPUR, DIST.AKOLA. 444107",
    "CONTACT": "2415105",
    "CITY": "AKOLA",
    "DISTRICT": "MURTIZAPUR",
    "STATE": "MAHARASHTRA"
  },
  "ADCC0000066": {
    "BANK": "THE AKOLA DISTRICT CENTRAL COOPERATIVE BANK",
    "IFSC": "ADCC0000066",
    "BRANCH": "MURTIJAPUR CITY BRANCH",
    "ADDRESS": "THE AKOLA DISTRICT CENTRAL COOP. BANK LTD.,BRANCH MURTIZAPUR CITY, AT.PO.TQ. MURTIZAPUR, DIST.AKOLA. 444107",
    "CONTACT": "2415105",
    "CITY": "AKOLA",
    "DISTRICT": "MURTIZAPUR",
    "STATE": "MAHARASHTRA"
  },
  "ADCC0000067": {
    "BANK": "THE AKOLA DISTRICT CENTRAL COOPERATIVE BANK",
    "IFSC": "ADCC0000067",
    "BRANCH": "MANA BRANCH",
    "ADDRESS": "THE AKOLA DISTRICT CENTRAL COOP. BANK LTD.,BRANCH MANA, AT. PO. MANA, TQ. MURTIZAPUR, DIST.AKOLA. 444106",
    "CONTACT": "2415105",
    "CITY": "AKOLA",
    "DISTRICT": "MANA",
    "STATE": "MAHARASHTRA"
  },
  "ADCC0000068": {
    "BANK": "THE AKOLA DISTRICT CENTRAL COOPERATIVE BANK",
    "IFSC": "ADCC0000068",
    "BRANCH": "KURUM BRANCH",
    "ADDRESS": "THE AKOLA DISTRICT CENTRAL COOP. BANK LTD.,BRANCH KURUM, AT. PO. KURUM, TQ. MURTIZAPUR, DIST.AKOLA. 444115",
    "CONTACT": "2415105",
    "CITY": "AKOLA",
    "DISTRICT": "KURUM",
    "STATE": "MAHARASHTRA"
  },
  "ADCC0000070": {
    "BANK": "THE AKOLA DISTRICT CENTRAL COOPERATIVE BANK",
    "IFSC": "ADCC0000070",
    "BRANCH": "KARANJA MAIN BRANCH",
    "ADDRESS": "THE AKOLA DISTRICT CENTRAL COOP. BANK LTD.,BRANCH KARANJA MAIN, AT. PO. TQ. KARANJA,  DIST.WASHIM. 444105",
    "CONTACT": "2415105",
    "CITY": "WASHIM",
    "DISTRICT": "KARANJA",
    "STATE": "MAHARASHTRA"
  },
  "ADCC0000071": {
    "BANK": "THE AKOLA DISTRICT CENTRAL COOPERATIVE BANK",
    "IFSC": "ADCC0000071",
    "BRANCH": "KARANJA CITY BRANCH",
    "ADDRESS": "THE AKOLA DISTRICT CENTRAL COOP. BANK LTD.,BRANCH KARANJA CITY, AT. PO. TQ. KARANJA,  DIST.WASHIM. 444105",
    "CONTACT": "2415105",
    "CITY": "WASHIM",
    "DISTRICT": "KARANJA",
    "STATE": "MAHARASHTRA"
  },
  "ADCC0000072": {
    "BANK": "THE AKOLA DISTRICT CENTRAL COOPERATIVE BANK",
    "IFSC": "ADCC0000072",
    "BRANCH": "KAMARGAON BRANCH",
    "ADDRESS": "THE AKOLA DISTRICT CENTRAL COOP. BANK LTD.,BRANCH KAMARGAON, AT. PO. KAMARGAON, TQ.KARANJA DIST. WASHIM. 444110",
    "CONTACT": "2415105",
    "CITY": "WASHIM",
    "DISTRICT": "KAMARGAON",
    "STATE": "MAHARASHTRA"
  },
  "ADCC0000073": {
    "BANK": "THE AKOLA DISTRICT CENTRAL COOPERATIVE BANK",
    "IFSC": "ADCC0000073",
    "BRANCH": "UMBARDA BAZAR BRANCH",
    "ADDRESS": "THE AKOLA DISTRICT CENTRAL COOP. BANK LTD.,BRANCH UMBARDA BAZAR, AT. PO. UMBARDA BAZAR, TQ.KARANJA, DIST. WASHIM.444102",
    "CONTACT": "2415105",
    "CITY": "WASHIM",
    "DISTRICT": "UMBARDA BAZAR",
    "STATE": "MAHARASHTRA"
  },
  "ADCC0000074": {
    "BANK": "THE AKOLA DISTRICT CENTRAL COOPERATIVE BANK",
    "IFSC": "ADCC0000074",
    "BRANCH": "DHANAJ BUJRUK BRANCH",
    "ADDRESS": "THE AKOLA DISTRICT CENTRAL COOP. BANK LTD.,BRANCH DHANAJ BK, AT. PO. DHANAJ BK., TQ. KARANJA, DIST. WASHIM. 444110",
    "CONTACT": "2415105",
    "CITY": "WASHIM",
    "DISTRICT": "DHANAJ BUDRUK",
    "STATE": "MAHARASHTRA"
  },
  "ADCC0000075": {
    "BANK": "THE AKOLA DISTRICT CENTRAL COOPERATIVE BANK",
    "IFSC": "ADCC0000075",
    "BRANCH": "MANBHA BRANCH",
    "ADDRESS": "THE AKOLA DISTRICT CENTRAL COOP. BANK LTD.,BRANCH MANBHA, AT. PO. MANBHA, TQ. KARANJA, DIST.WASHIM. 444105",
    "CONTACT": "2415105",
    "CITY": "WASHIM",
    "DISTRICT": "UMBARDA BAZAR",
    "STATE": "MAHARASHTRA"
  },
  "ADCC0000076": {
    "BANK": "THE AKOLA DISTRICT CENTRAL COOPERATIVE BANK",
    "IFSC": "ADCC0000076",
    "BRANCH": "POHA BRANCH",
    "ADDRESS": "THE AKOLA DISTRICT CENTRAL COOP. BANK LTD.,BRANCH POHA, AT. PO. POHA, TQ. KARANJA, DIST.WASHIM 444105",
    "CONTACT": "2415105",
    "CITY": "WASHIM",
    "DISTRICT": "KARANJA",
    "STATE": "MAHARASHTRA"
  },
  "ADCC0000077": {
    "BANK": "THE AKOLA DISTRICT CENTRAL COOPERATIVE BANK",
    "IFSC": "ADCC0000077",
    "BRANCH": "KAJALESHWAR BRANCH",
    "ADDRESS": "THE AKOLA DISTRICT CENTRAL COOP. BANK LTD.,BRANCH KAJALESHWAR, AT. PO. KAJALESHWAR, TQ. KARANJA DIST. WASHIM. 444017",
    "CONTACT": "2415105",
    "CITY": "WASHIM",
    "DISTRICT": "KAJALESHWAR",
    "STATE": "MAHARASHTRA"
  },
  "ADCC0000078": {
    "BANK": "THE AKOLA DISTRICT CENTRAL COOPERATIVE BANK",
    "IFSC": "ADCC0000078",
    "BRANCH": "MANGRULPIR MAIN BRANCH",
    "ADDRESS": "THE AKOLA DISTRICT CENTRAL COOP. BANK LTD.,BRANCH MANGRULPIR MAIN, AT. PO. TQ. MANGRULPIR, DIST.WASHIM. 444403",
    "CONTACT": "2415105",
    "CITY": "WASHIM",
    "DISTRICT": "MANGRULPIR",
    "STATE": "MAHARASHTRA"
  },
  "ADCC0000079": {
    "BANK": "THE AKOLA DISTRICT CENTRAL COOPERATIVE BANK",
    "IFSC": "ADCC0000079",
    "BRANCH": "MANGRULPIR CITY BRANCH",
    "ADDRESS": "THE AKOLA DISTRICT CENTRAL COOP. BANK LTD.,BRANCH MANGRULPIR CITY, AT. PO. TQ. MANGRULPIR, DIST.WASHIM. 444403",
    "CONTACT": "2415105",
    "CITY": "WASHIM",
    "DISTRICT": "MANGRULPIR",
    "STATE": "MAHARASHTRA"
  },
  "ADCC0000080": {
    "BANK": "THE AKOLA DISTRICT CENTRAL COOPERATIVE BANK",
    "IFSC": "ADCC0000080",
    "BRANCH": "MOHARI ┬áBRANCH",
    "ADDRESS": "THE AKOLA DISTRICT CENTRAL COOP. BANK LTD.,BRANCH MOHARI, AT. PO. MOHARI, TQ. MANGRULPIR, DIST.WASHIM. 444403",
    "CONTACT": "2415105",
    "CITY": "WASHIM",
    "DISTRICT": "MANGRULPIR",
    "STATE": "MAHARASHTRA"
  },
  "ADCC0000081": {
    "BANK": "THE AKOLA DISTRICT CENTRAL COOPERATIVE BANK",
    "IFSC": "ADCC0000081",
    "BRANCH": "SHELU BAZAR BRANCH",
    "ADDRESS": "THE AKOLA DISTRICT CENTRAL COOP. BANK LTD.,BRANCH SHELU BAZAR, AT. PO. SHELU BAZAR, TQ.MANGRULPIR, DIST. WASHIM. 444402",
    "CONTACT": "2415105",
    "CITY": "WASHIM",
    "DISTRICT": "SELU BAZAR",
    "STATE": "MAHARASHTRA"
  },
  "ADCC0000082": {
    "BANK": "THE AKOLA DISTRICT CENTRAL COOPERATIVE BANK",
    "IFSC": "ADCC0000082",
    "BRANCH": "WANOJA BRANCH",
    "ADDRESS": "THE AKOLA DISTRICT CENTRAL COOP. BANK LTD.,BRANCH WANOJA, AT. PO. WANOJA, TQ. MANGRULPIR, DIST.WASHIM. 444402",
    "CONTACT": "2415105",
    "CITY": "WASHIM",
    "DISTRICT": "SELU BAZAR",
    "STATE": "MAHARASHTRA"
  },
  "ADCC0000083": {
    "BANK": "THE AKOLA DISTRICT CENTRAL COOPERATIVE BANK",
    "IFSC": "ADCC0000083",
    "BRANCH": "DHANORA BRANCH",
    "ADDRESS": "THE AKOLA DISTRICT CENTRAL COOP. BANK LTD.,BRANCH DHANORA, AT. PO. DHANORA, TQ. MANGRULPIR, DIST. WASHIM. 444507",
    "CONTACT": "2415105",
    "CITY": "WASHIM",
    "DISTRICT": "MANGRULPIR",
    "STATE": "MAHARASHTRA"
  },
  "ADCC0000084": {
    "BANK": "THE AKOLA DISTRICT CENTRAL COOPERATIVE BANK",
    "IFSC": "ADCC0000084",
    "BRANCH": "MANORA BRANCH",
    "ADDRESS": "THE AKOLA DISTRICT CENTRAL COOP. BANK LTD.,BRANCH MANORA, AT. PO. TQ. MANORA, DIST. WASHIM. 444404",
    "CONTACT": "2415105",
    "CITY": "WASHIM",
    "DISTRICT": "MANORA",
    "STATE": "MAHARASHTRA"
  },
  "ADCC0000085": {
    "BANK": "THE AKOLA DISTRICT CENTRAL COOPERATIVE BANK",
    "IFSC": "ADCC0000085",
    "BRANCH": "SHENDURJANA BRANCH",
    "ADDRESS": "THE AKOLA DISTRICT CENTRAL COOP. BANK LTD.,BRANCH SHENDURJANA, AT. PO. SHENDURJANA, TQ.MANORA, DIST. WASHIM. 444403",
    "CONTACT": "2415105",
    "CITY": "WASHIM",
    "DISTRICT": "SHENDURJANA",
    "STATE": "MAHARASHTRA"
  },
  "ADCC0000086": {
    "BANK": "THE AKOLA DISTRICT CENTRAL COOPERATIVE BANK",
    "IFSC": "ADCC0000086",
    "BRANCH": "POHARADEVI BRANCH",
    "ADDRESS": "THE AKOLA DISTRICT CENTRAL COOP. BANK LTD.,BRANCH POHARADEVI, AT. PO. POHARADEVI, TQ. MANORA, DIST. WASHIM. 444404",
    "CONTACT": "2415105",
    "CITY": "WASHIM",
    "DISTRICT": "POHARADEVI",
    "STATE": "MAHARASHTRA"
  },
  "ADCC0000087": {
    "BANK": "THE AKOLA DISTRICT CENTRAL COOPERATIVE BANK",
    "IFSC": "ADCC0000087",
    "BRANCH": "SAKHARDOH BRANCH",
    "ADDRESS": "THE AKOLA DISTRICT CENTRAL COOP. BANK LTD.,BRANCH SAKHARDOH, AT. PO. SAKHARDOH, TQ. MANORA, DIST. WASHIM. 444403",
    "CONTACT": "2415105",
    "CITY": "WASHIM",
    "DISTRICT": "MANORA",
    "STATE": "MAHARASHTRA"
  },
  "ADCC0000088": {
    "BANK": "THE AKOLA DISTRICT CENTRAL COOPERATIVE BANK",
    "IFSC": "ADCC0000088",
    "BRANCH": "WASHIM MAIN BRANCH",
    "ADDRESS": "THE AKOLA DISTRICT CENTRAL COOP. BANK LTD.,BRANCH WASHIM MAIN, NEAR BUS STAND, WASHIM TQ.DIST. WASHIM,  444505",
    "CONTACT": "2415105",
    "CITY": "WASHIM",
    "DISTRICT": "WASHIM",
    "STATE": "MAHARASHTRA"
  },
  "ADCC0000089": {
    "BANK": "THE AKOLA DISTRICT CENTRAL COOPERATIVE BANK",
    "IFSC": "ADCC0000089",
    "BRANCH": "WASHIM CITY BRANCH",
    "ADDRESS": "THE AKOLA DISTRICT CENTRAL COOP. BANK LTD.,BRANCH WASHIM CITY, SHUKRAWAR PETH, WASHIM, TQ.DIST.WASHIM. 444505",
    "CONTACT": "2415105",
    "CITY": "WASHIM",
    "DISTRICT": "WASHIM",
    "STATE": "MAHARASHTRA"
  },
  "ADCC0000090": {
    "BANK": "THE AKOLA DISTRICT CENTRAL COOPERATIVE BANK",
    "IFSC": "ADCC0000090",
    "BRANCH": "ANSING BRANCH",
    "ADDRESS": "THE AKOLA DISTRICT CENTRAL COOP. BANK LTD.,BRANCH ANSING, AT. PO. ANSING, TQ. DIST. WASHIM. 444507",
    "CONTACT": "2415105",
    "CITY": "WASHIM",
    "DISTRICT": "ANSING",
    "STATE": "MAHARASHTRA"
  },
  "ADCC0000091": {
    "BANK": "THE AKOLA DISTRICT CENTRAL COOPERATIVE BANK",
    "IFSC": "ADCC0000091",
    "BRANCH": "TONDGAON BRANCH",
    "ADDRESS": "THE AKOLA DISTRICT CENTRAL COOP. BANK LTD.,BRANCH TONDGAON, AT. PO. TONDGAON, TQ.DIST.WASHIM 444505",
    "CONTACT": "2415105",
    "CITY": "WASHIM",
    "DISTRICT": "WASHIM",
    "STATE": "MAHARASHTRA"
  },
  "ADCC0000092": {
    "BANK": "THE AKOLA DISTRICT CENTRAL COOPERATIVE BANK",
    "IFSC": "ADCC0000092",
    "BRANCH": "PARDI TAKMOR BRANCH",
    "ADDRESS": "THE AKOLA DISTRICT CENTRAL COOP. BANK LTD.,BRANCH PARDITAKMOR, AT. PO. PARDITAKMOR, TQ.DIST.WASHIM. 444505",
    "CONTACT": "2415105",
    "CITY": "WASHIM",
    "DISTRICT": "PARDI TAKMOR",
    "STATE": "MAHARASHTRA"
  },
  "ADCC0000093": {
    "BANK": "THE AKOLA DISTRICT CENTRAL COOPERATIVE BANK",
    "IFSC": "ADCC0000093",
    "BRANCH": "MALEGAON BRANCH",
    "ADDRESS": "THE AKOLA DISTRICT CENTRAL COOP. BANK LTD.,BRANCH MALEGAON, AT. PO. TQ. MALEGAON, DIST.WASHIM. 444503",
    "CONTACT": "2415105",
    "CITY": "WASHIM",
    "DISTRICT": "MALEGAON",
    "STATE": "MAHARASHTRA"
  },
  "ADCC0000094": {
    "BANK": "THE AKOLA DISTRICT CENTRAL COOPERATIVE BANK",
    "IFSC": "ADCC0000094",
    "BRANCH": "KINHIRAJA BRANCH",
    "ADDRESS": "THE AKOLA DISTRICT CENTRAL COOP. BANK LTD.,BRANCH KINHIRAJA, AT. PO. KINHIRAJA, TQ. MALEGAON, DIST.WASHIM. 444503",
    "CONTACT": "2415105",
    "CITY": "WASHIM",
    "DISTRICT": "KINHIRAJA",
    "STATE": "MAHARASHTRA"
  },
  "ADCC0000095": {
    "BANK": "THE AKOLA DISTRICT CENTRAL COOPERATIVE BANK",
    "IFSC": "ADCC0000095",
    "BRANCH": "SHIRPUR JAIN BRANCH",
    "ADDRESS": "THE AKOLA DISTRICT CENTRAL COOP. BANK LTD.,BRANCH SHIRPUR, AT. PO. SHIRPUR, TQ. MALEGAON, DIST.WASHIM. 444504",
    "CONTACT": "2415105",
    "CITY": "WASHIM",
    "DISTRICT": "SHIRPUR",
    "STATE": "MAHARASHTRA"
  },
  "ADCC0000096": {
    "BANK": "THE AKOLA DISTRICT CENTRAL COOPERATIVE BANK",
    "IFSC": "ADCC0000096",
    "BRANCH": "MEDSHI BRANCH",
    "ADDRESS": "THE AKOLA DISTRICT CENTRAL COOP. BANK LTD.,BRANCH MEDSHI, AT. PO. MEDSHI, TQ. MALEGAON, DIST.WASHIM. 444512",
    "CONTACT": "2415105",
    "CITY": "WASHIM",
    "DISTRICT": "MEDSHI",
    "STATE": "MAHARASHTRA"
  },
  "ADCC0000097": {
    "BANK": "THE AKOLA DISTRICT CENTRAL COOPERATIVE BANK",
    "IFSC": "ADCC0000097",
    "BRANCH": "PANGRIKUTE BRANCH",
    "ADDRESS": "THE AKOLA DISTRICT CENTRAL COOP. BANK LTD.,BRANCH PANGRIKUTE, AT. PO. PANGRIKUTE, TQ. MALEGAON DIST. WASHIM. 444503",
    "CONTACT": "2415105",
    "CITY": "WASHIM",
    "DISTRICT": "MALEGAON",
    "STATE": "MAHARASHTRA"
  },
  "ADCC0000098": {
    "BANK": "THE AKOLA DISTRICT CENTRAL COOPERATIVE BANK",
    "IFSC": "ADCC0000098",
    "BRANCH": "JAULKA RAILWAY BRANCH",
    "ADDRESS": "THE AKOLA DISTRICT CENTRAL COOP. BANK LTD.,BRANCH JAULKA RLY, AT. PO. JAULKA RLY, TQ. MALEGAON, DIST. WASHIM. 444503",
    "CONTACT": "2415105",
    "CITY": "WASHIM",
    "DISTRICT": "JAULKA",
    "STATE": "MAHARASHTRA"
  },
  "ADCC0000099": {
    "BANK": "THE AKOLA DISTRICT CENTRAL COOPERATIVE BANK",
    "IFSC": "ADCC0000099",
    "BRANCH": "RISOD MAIN BRANCH",
    "ADDRESS": "THE AKOLA DISTRICT CENTRAL COOP. BANK LTD.,BRANCH RISOD MAIN, AT. PO. TQ. RISOD, DIST. WASHIM. 444506",
    "CONTACT": "2415105",
    "CITY": "WASHIM",
    "DISTRICT": "RISOD",
    "STATE": "MAHARASHTRA"
  },
  "ADCC0000100": {
    "BANK": "THE AKOLA DISTRICT CENTRAL COOPERATIVE BANK",
    "IFSC": "ADCC0000100",
    "BRANCH": "RISOD CITY BRANCH",
    "ADDRESS": "THE AKOLA DISTRICT CENTRAL COOP. BANK LTD.,BRANCH RISOD CITY, AT. PO. TQ. RISOD, DIST. WASHIM. 444506",
    "CONTACT": "2415105",
    "CITY": "WASHIM",
    "DISTRICT": "RISOD",
    "STATE": "MAHARASHTRA"
  },
  "ADCC0000101": {
    "BANK": "THE AKOLA DISTRICT CENTRAL COOPERATIVE BANK",
    "IFSC": "ADCC0000101",
    "BRANCH": "RITHAD BRANCH",
    "ADDRESS": "THE AKOLA DISTRICT CENTRAL COOP. BANK LTD.,BRANCH RITHAD, AT. PO. RITHAD, TQ. RISOD, DIST.WASHIM 444510",
    "CONTACT": "2415105",
    "CITY": "WASHIM",
    "DISTRICT": "RITHAD",
    "STATE": "MAHARASHTRA"
  },
  "ADCC0000102": {
    "BANK": "THE AKOLA DISTRICT CENTRAL COOPERATIVE BANK",
    "IFSC": "ADCC0000102",
    "BRANCH": "KENWAD BRANCH",
    "ADDRESS": "THE AKOLA DISTRICT CENTRAL COOP. BANK LTD.,BRANCH KENWAD, AT. PO. KENWAD, TQ. RISOD, DIST.WASHIM. 444503",
    "CONTACT": "2415105",
    "CITY": "WASHIM",
    "DISTRICT": "KENWAD",
    "STATE": "MAHARASHTRA"
  },
  "ADCC0000103": {
    "BANK": "THE AKOLA DISTRICT CENTRAL COOPERATIVE BANK",
    "IFSC": "ADCC0000103",
    "BRANCH": "MANGULZANAK BRANCH",
    "ADDRESS": "THE AKOLA DISTRICT CENTRAL COOP. BANK LTD.,BRANCH MANGUL ZANAK, AT. PO. MANGUL ZANAK, TQ. RISOD, DIST. WASHIM. 444504",
    "CONTACT": "2415105",
    "CITY": "WASHIM",
    "DISTRICT": "MANGRUL ZANAK",
    "STATE": "MAHARASHTRA"
  },
  "ADCC0000104": {
    "BANK": "THE AKOLA DISTRICT CENTRAL COOPERATIVE BANK",
    "IFSC": "ADCC0000104",
    "BRANCH": "HARAL BRANCH",
    "ADDRESS": "THE AKOLA DISTRICT CENTRAL COOP. BANK LTD.,BRANCH HARAL, AT. PO. HARAL, TQ. RISOD, DIST. WASHIM. 444510",
    "CONTACT": "2415105",
    "CITY": "WASHIM",
    "DISTRICT": "RISOD",
    "STATE": "MAHARASHTRA"
  },
  "ADCC0000105": {
    "BANK": "THE AKOLA DISTRICT CENTRAL COOPERATIVE BANK",
    "IFSC": "ADCC0000105",
    "BRANCH": "MOP BRANCH",
    "ADDRESS": "THE AKOLA DISTRICT CENTRAL COOP. BANK LTD.,BRANCH MOP, AT. PO. MOP, TQ. RISOD, DIST. WASHIM 444506",
    "CONTACT": "2415105",
    "CITY": "WASHIM",
    "DISTRICT": "RISOD",
    "STATE": "MAHARASHTRA"
  },
  "ADCC0000106": {
    "BANK": "THE AKOLA DISTRICT CENTRAL COOPERATIVE BANK",
    "IFSC": "ADCC0000106",
    "BRANCH": "KESHAV NAGAR",
    "ADDRESS": "THE AKOLA DISTRICT CENTRAL COOP. BANK LTD.,BRANCH KESHAVNAGAR, AT. PO. KESHAVNAGAR, TQ. RISOD DIST. WASHIM. 444504",
    "CONTACT": "2415105",
    "CITY": "WASHIM",
    "DISTRICT": "MASALA PEN",
    "STATE": "MAHARASHTRA"
  },
  "ADCC0000107": {
    "BANK": "THE AKOLA DISTRICT CENTRAL COOPERATIVE BANK",
    "IFSC": "ADCC0000107",
    "BRANCH": "WAKAD",
    "ADDRESS": "THE AKOLA DISTRICT CENTRAL COOP. BANK LTD., BRANCH WAKAD, AT.PO. WAKAD, TQ. RISOD, DIST. WASHIM 444506",
    "CONTACT": "2415105",
    "CITY": "WASHIM",
    "DISTRICT": "WAKAD",
    "STATE": "MAHARASHTRA"
  },
  "ADCC0000108": {
    "BANK": "THE AKOLA DISTRICT CENTRAL COOPERATIVE BANK",
    "IFSC": "ADCC0000108",
    "BRANCH": "CHIKHALI EXTENSION COUNTER",
    "ADDRESS": "THE AKOLA DISTRICT CENTRAL COOPERATIVE BANK LTD., CHIKHALI",
    "CONTACT": "225533",
    "CITY": "WASHIM",
    "DISTRICT": "RISOD",
    "STATE": "MAHARASHTRA"
  },
  "ADCC0000109": {
    "BANK": "THE AKOLA DISTRICT CENTRAL COOPERATIVE BANK",
    "IFSC": "ADCC0000109",
    "BRANCH": "KASOLA",
    "ADDRESS": "THE AKOLA DISTRICT CENTRAL COOPERATIVE BANK LTD., KASOLA",
    "CONTACT": "2415785",
    "CITY": "WASHIM",
    "DISTRICT": "KASOLA",
    "STATE": "MAHARASHTRA"
  },
  "ADCC0000110": {
    "BANK": "THE AKOLA DISTRICT CENTRAL COOPERATIVE BANK",
    "IFSC": "ADCC0000110",
    "BRANCH": "BORDI EXTENSION COUNTER",
    "ADDRESS": "THE AKOLA DISTRICT CENTRAL COOPERATIVE BANK LTD., IN FRONT OF GRAM PANCHAYAT BORDI",
    "CONTACT": "2415785",
    "CITY": "AKOLA",
    "DISTRICT": "AKOT",
    "STATE": "MAHARASHTRA"
  },
  "ADCC0000111": {
    "BANK": "THE AKOLA DISTRICT CENTRAL COOPERATIVE BANK",
    "IFSC": "ADCC0000111",
    "BRANCH": "PATNI CHOWK BRANCH WASHIM",
    "ADDRESS": "THE AKOLA DISTRICT CENTRAL COOP. BANK LTD., BRANCH PATNI CHOWK, AT.PO. WASHIM, TQ. WASHIM, DIST. WASHIM 444506",
    "CONTACT": "2415105",
    "CITY": "WASHIM",
    "DISTRICT": "WASHIM",
    "STATE": "MAHARASHTRA"
  },
  "ADCC0000112": {
    "BANK": "THE AKOLA DISTRICT CENTRAL COOPERATIVE BANK",
    "IFSC": "ADCC0000112",
    "BRANCH": "ASEGAON EXTENSION COUNTER",
    "ADDRESS": "THE AKOLA DISTRICT CENTRAL COOPERATIVE BANK LTD., ASEGAON",
    "CONTACT": "2415785",
    "CITY": "WASHIM",
    "DISTRICT": "ASEGAON",
    "STATE": "MAHARASHTRA"
  },
  "ADCC0000113": {
    "BANK": "THE AKOLA DISTRICT CENTRAL COOPERATIVE BANK",
    "IFSC": "ADCC0000113",
    "BRANCH": "ZP WASHIM BRANCH",
    "ADDRESS": "THE AKOLA DISTRICT CENTRAL CO-OPERATIVE BANK LTD., ZP BRANCH WASHIM",
    "CONTACT": "232063",
    "CITY": "WASHIM",
    "DISTRICT": "WASHIM",
    "STATE": "MAHARASHTRA"
  },
  "ADCC0000114": {
    "BANK": "THE AKOLA DISTRICT CENTRAL COOPERATIVE BANK",
    "IFSC": "ADCC0000114",
    "BRANCH": "HIWARKHED EXTENSION COUNTER",
    "ADDRESS": "THE AKOLA DISTRICT CENTRAL CO OPERATIVE BANK LTD., AKOLA, HIWARKHED",
    "CONTACT": "285228",
    "CITY": "AKOLA",
    "DISTRICT": "HIWARKHED",
    "STATE": "MAHARASHTRA"
  },
  "ADCC0000115": {
    "BANK": "THE AKOLA DISTRICT CENTRAL COOPERATIVE BANK",
    "IFSC": "ADCC0000115",
    "BRANCH": "INZORI",
    "ADDRESS": "THE AKOLA DISTRICT CENTRAL CO-OPERATIVE BANK LTD., AKOLA, BRANCH INZORI, TA- MANORA, DIST. WASHIM",
    "CONTACT": "263225",
    "CITY": "WASHIM",
    "DISTRICT": "INZORI",
    "STATE": "MAHARASHTRA"
  },
  "ADCC0000116": {
    "BANK": "THE AKOLA DISTRICT CENTRAL COOPERATIVE BANK",
    "IFSC": "ADCC0000116",
    "BRANCH": "KARANJA MARKET YARD",
    "ADDRESS": "SHOP NO 3 DAHATONDE COMPLEX RANI ZASHI CHOWK BYPASS ROAD KARANJA",
    "CONTACT": "2415105",
    "CITY": "WASHIM",
    "DISTRICT": "KARANJA",
    "STATE": "MAHARASHTRA"
  }
}