{
  "ASBL0000001": {
    "BANK": "APNA SAHAKARI BANK LIMITED",
    "IFSC": "ASBL0000001",
    "BRANCH": "RTGS-HO",
    "ADDRESS": "APNA BANK BHAVAN, DR.S.SRAO ROAD,PAREL, MUMBAI 400012.",
    "CONTACT": "24110149",
    "CITY": "MUMBAI",
    "DISTRICT": "GREATER BOMBAY",
    "STATE": "MAHARASHTRA"
  },
  "ASBL0000002": {
    "BANK": "APNA SAHAKARI BANK LIMITED",
    "IFSC": "ASBL0000002",
    "BRANCH": "ADMINISTRATION OFFICE",
    "ADDRESS": "APNA BANK BHAVAN, DR.S.SRAO ROAD,PAREL, MUMBAI 400012.",
    "CONTACT": "24174860",
    "CITY": "MUMBAI",
    "DISTRICT": "GREATER BOMBAY",
    "STATE": "MAHARASHTRA"
  },
  "ASBL0000003": {
    "BANK": "APNA SAHAKARI BANK LIMITED",
    "IFSC": "ASBL0000003",
    "BRANCH": "NAIGAON",
    "ADDRESS": "APNA BAZAR, 1ST FLOOR, GOVINDJI KENY ROAD, NAIGAON, MUMBAI 400014",
    "CONTACT": "24127875",
    "CITY": "MUMBAI",
    "DISTRICT": "GREATER BOMBAY",
    "STATE": "MAHARASHTRA"
  },
  "ASBL0000004": {
    "BANK": "APNA SAHAKARI BANK LIMITED",
    "IFSC": "ASBL0000004",
    "BRANCH": "LOWER PAREL",
    "ADDRESS": "MATULYA CENTRE, JN.OF G.K.MARG & J PHATANKAR MARG, MUMBAI 400013",
    "CONTACT": "24947332",
    "CITY": "MUMBAI",
    "DISTRICT": "GREATER BOMBAY",
    "STATE": "MAHARASHTRA"
  },
  "ASBL0000005": {
    "BANK": "APNA SAHAKARI BANK LIMITED",
    "IFSC": "ASBL0000005",
    "BRANCH": "DR AMBEDKAR ROAD",
    "ADDRESS": "DHANU BLDG., DR AMBEDKAR ROAD, PAREL, MUMBAI 400012",
    "CONTACT": "24130752",
    "CITY": "MUMBAI",
    "DISTRICT": "GREATER BOMBAY",
    "STATE": "MAHARASHTRA"
  },
  "ASBL0000006": {
    "BANK": "APNA SAHAKARI BANK LIMITED",
    "IFSC": "ASBL0000006",
    "BRANCH": "DADASAHEB SARFARE CHOWK",
    "ADDRESS": "A-4/5, RAYOL INDUSTRIAL ESTATE, WADALA, MUMBAI 400031",
    "CONTACT": "24148481",
    "CITY": "MUMBAI",
    "DISTRICT": "GREATER BOMBAY",
    "STATE": "MAHARASHTRA"
  },
  "ASBL0000007": {
    "BANK": "APNA SAHAKARI BANK LIMITED",
    "IFSC": "ASBL0000007",
    "BRANCH": "ANDHERI",
    "ADDRESS": "1ST FLOOR, APNA BAZAR, J.P.ROAD, ANDHERI (W), MUMBAI 400058",
    "CONTACT": "26744861",
    "CITY": "MUMBAI",
    "DISTRICT": "GREATER BOMBAY",
    "STATE": "MAHARASHTRA"
  },
  "ASBL0000008": {
    "BANK": "APNA SAHAKARI BANK LIMITED",
    "IFSC": "ASBL0000008",
    "BRANCH": "MALAD (W)",
    "ADDRESS": "SHYAM SADAM, MITH CHOWKI, MARVE LINK ROAD, MALAD (W), MUMBAI 400064",
    "CONTACT": "28820732",
    "CITY": "MUMBAI",
    "DISTRICT": "GREATER BOMBAY",
    "STATE": "MAHARASHTRA"
  },
  "ASBL0000009": {
    "BANK": "APNA SAHAKARI BANK LIMITED",
    "IFSC": "ASBL0000009",
    "BRANCH": "DINDOSHI",
    "ADDRESS": "GAURAV, GOKULDHAM, GEN,ARUNKUMAR VAIDYA MARG, GOREGAON (E), MUMBAI 400063",
    "CONTACT": "28400446",
    "CITY": "MUMBAI",
    "DISTRICT": "GREATER BOMBAY",
    "STATE": "MAHARASHTRA"
  },
  "ASBL0000010": {
    "BANK": "APNA SAHAKARI BANK LIMITED",
    "IFSC": "ASBL0000010",
    "BRANCH": "POWAI",
    "ADDRESS": "DAFFODIL, 1ST FLOOR, HIRANANDANI GARDEN, POWAI, MUMBAI 400076",
    "CONTACT": "25703097",
    "CITY": "MUMBAI",
    "DISTRICT": "GREATER BOMBAY",
    "STATE": "MAHARASHTRA"
  },
  "ASBL0000011": {
    "BANK": "APNA SAHAKARI BANK LIMITED",
    "IFSC": "ASBL0000011",
    "BRANCH": "KURLA",
    "ADDRESS": "SHATRUNJAY COMPLEX, TANAJI CHOWK, KURLA (W), MUMBAI 400070",
    "CONTACT": "26501515",
    "CITY": "MUMBAI",
    "DISTRICT": "GREATER BOMBAY",
    "STATE": "MAHARASHTRA"
  },
  "ASBL0000012": {
    "BANK": "APNA SAHAKARI BANK LIMITED",
    "IFSC": "ASBL0000012",
    "BRANCH": "CHARKOP",
    "ADDRESS": "SECTOR-5, APNA BAZAR BLDG., DR. AMBEDKAR ROAD, CHARKOP, KANDIVALI (W), MUMBAI 400067",
    "CONTACT": "28688666",
    "CITY": "MUMBAI",
    "DISTRICT": "GREATER BOMBAY",
    "STATE": "MAHARASHTRA"
  },
  "ASBL0000013": {
    "BANK": "APNA SAHAKARI BANK LIMITED",
    "IFSC": "ASBL0000013",
    "BRANCH": "BHANDUP",
    "ADDRESS": "SHIV SAGAR COMPLEX, ASHOK KADARE CHOWK, TEMBHI PADA ROAD, BHANDUP (W), MUMBAI 400078",
    "CONTACT": "25942423",
    "CITY": "MUMBAI",
    "DISTRICT": "GREATER BOMBAY",
    "STATE": "MAHARASHTRA"
  },
  "ASBL0000014": {
    "BANK": "APNA SAHAKARI BANK LIMITED",
    "IFSC": "ASBL0000014",
    "BRANCH": "BORIVLI",
    "ADDRESS": "INDRAPRASTHA CHS, DATTA PADA, BORIVLI (E), MUMBAI 400066",
    "CONTACT": "28706127",
    "CITY": "MUMBAI",
    "DISTRICT": "GREATER BOMBAY",
    "STATE": "MAHARASHTRA"
  },
  "ASBL0000015": {
    "BANK": "APNA SAHAKARI BANK LIMITED",
    "IFSC": "ASBL0000015",
    "BRANCH": "PAREL MAIN",
    "ADDRESS": "APNA BANK BHAVAN, DR.S.SRAO ROAD,PAREL, MUMBAI 400012.",
    "CONTACT": "24172155",
    "CITY": "MUMBAI",
    "DISTRICT": "GREATER BOMBAY",
    "STATE": "MAHARASHTRA"
  },
  "ASBL0000016": {
    "BANK": "APNA SAHAKARI BANK LIMITED",
    "IFSC": "ASBL0000016",
    "BRANCH": "VASHI",
    "ADDRESS": "CENTRAL FACILITY BLDG., NO.II, PLOT NO.13, SECTOR NO.19,APMC MARKET, VASHI, NAVI MUMBAI 400709",
    "CONTACT": "27897882",
    "CITY": "MUMBAI",
    "DISTRICT": "GREATER BOMBAY",
    "STATE": "MAHARASHTRA"
  },
  "ASBL0000017": {
    "BANK": "APNA SAHAKARI BANK LIMITED",
    "IFSC": "ASBL0000017",
    "BRANCH": "MALAD (E)",
    "ADDRESS": "DEORA COMPOUND, RANI SATI MARG, MALAD (E), MUMBAI 400097",
    "CONTACT": "28784411",
    "CITY": "MUMBAI",
    "DISTRICT": "GREATER BOMBAY",
    "STATE": "MAHARASHTRA"
  },
  "ASBL0000018": {
    "BANK": "APNA SAHAKARI BANK LIMITED",
    "IFSC": "ASBL0000018",
    "BRANCH": "VASAI (E)",
    "ADDRESS": "VASANT BLDG., AGRAWAL NAKA, SATIVALI ROAD, VASAI (E), DIST.-THANE 401208",
    "CONTACT": "2454647",
    "CITY": "VASAI",
    "DISTRICT": "THANE",
    "STATE": "MAHARASHTRA"
  },
  "ASBL0000019": {
    "BANK": "APNA SAHAKARI BANK LIMITED",
    "IFSC": "ASBL0000019",
    "BRANCH": "GHATKOPAR",
    "ADDRESS": "SHIVAJI SHIKSHAN SANSTHA, NEW BLDG., GR. FLOOR, DR.ANKUSH GAWDE MARG, PANT NAGAR, GHATKOPAR (E), MUMBAI 400077",
    "CONTACT": "25010138",
    "CITY": "MUMBAI",
    "DISTRICT": "GREATER BOMBAY",
    "STATE": "MAHARASHTRA"
  },
  "ASBL0000020": {
    "BANK": "APNA SAHAKARI BANK LIMITED",
    "IFSC": "ASBL0000020",
    "BRANCH": "THANE",
    "ADDRESS": "EVEREST SAMRUDHI, BHASKAR COLONY, MAHATMA GANDHI RIAD, OPP. TIMES IF INDIA, NAVPADA, THANE (W), 400706",
    "CONTACT": "25406161",
    "CITY": "THANE",
    "DISTRICT": "THANE",
    "STATE": "MAHARASHTRA"
  },
  "ASBL0000021": {
    "BANK": "APNA SAHAKARI BANK LIMITED",
    "IFSC": "ASBL0000021",
    "BRANCH": "NEW PANVEL",
    "ADDRESS": "SHANTINIKETAN PUBLIC SCHOOL,PLOT NO.27, SECTOR NO.2, NEW PANVEL, NAVI MUMBAI-400706",
    "CONTACT": "27483366",
    "CITY": "PANVEL",
    "DISTRICT": "RAIGAD",
    "STATE": "MAHARASHTRA"
  },
  "ASBL0000022": {
    "BANK": "APNA SAHAKARI BANK LIMITED",
    "IFSC": "ASBL0000022",
    "BRANCH": "ASHTA",
    "ADDRESS": "BHAWKI ROAD, AT POST ASHTA, DIST.-SANGLI-416301",
    "CONTACT": "243926",
    "CITY": "ASHTA",
    "DISTRICT": "SANGLI",
    "STATE": "MAHARASHTRA"
  },
  "ASBL0000023": {
    "BANK": "APNA SAHAKARI BANK LIMITED",
    "IFSC": "ASBL0000023",
    "BRANCH": "WALWA",
    "ADDRESS": "TAL.-WALWA, DIST-SANGLI-416410",
    "CONTACT": "267525",
    "CITY": "WALWA",
    "DISTRICT": "SANGLI",
    "STATE": "MAHARASHTRA"
  },
  "ASBL0000024": {
    "BANK": "APNA SAHAKARI BANK LIMITED",
    "IFSC": "ASBL0000024",
    "BRANCH": "PETH BHAG, SANGLI",
    "ADDRESS": "SHRISHALIYA APT., HARBAT ROAD, OPP.ARWADE HIGHSCHOOL, PETH BHAG,SANGLI 416416",
    "CONTACT": "2322489",
    "CITY": "SANGLI",
    "DISTRICT": "SANGLI",
    "STATE": "MAHARASHTRA"
  },
  "ASBL0000025": {
    "BANK": "APNA SAHAKARI BANK LIMITED",
    "IFSC": "ASBL0000025",
    "BRANCH": "MIRAJ",
    "ADDRESS": "BHRAMANPURI, PATWARDHAN HALL, MIRAJ, DIST.-SANGLI 416313",
    "CONTACT": "2223089",
    "CITY": "MIRAJ",
    "DISTRICT": "SANGLI",
    "STATE": "MAHARASHTRA"
  },
  "ASBL0000026": {
    "BANK": "APNA SAHAKARI BANK LIMITED",
    "IFSC": "ASBL0000026",
    "BRANCH": "DHARAVI",
    "ADDRESS": "1ST FLOOR, KAMRAJ CHS, 90 FEET ROAD, DHARAVI, MUMBAI 400017",
    "CONTACT": "24091410",
    "CITY": "MUMBAI",
    "DISTRICT": "GREATER BOMBAY",
    "STATE": "MAHARASHTRA"
  },
  "ASBL0000027": {
    "BANK": "APNA SAHAKARI BANK LIMITED",
    "IFSC": "ASBL0000027",
    "BRANCH": "PRATIKSHA NAGAR",
    "ADDRESS": "M 2 CHS, D WING, GALA NO.1 TO 6, PRATIKSHA NAGAR, SION, MUMBAI 400022",
    "CONTACT": "24028000",
    "CITY": "MUMBAI",
    "DISTRICT": "GREATER BOMBAY",
    "STATE": "MAHARASHTRA"
  },
  "ASBL0000028": {
    "BANK": "APNA SAHAKARI BANK LIMITED",
    "IFSC": "ASBL0000028",
    "BRANCH": "MULUND (E)",
    "ADDRESS": "SHIV SIDHI APT., PLOT NO.6/A, G.V.SCHEME ROAD, ROAD NO.1, MULUND (E) MUMBAI 400081",
    "CONTACT": "21638661",
    "CITY": "MUMBAI",
    "DISTRICT": "GREATER BOMBAY",
    "STATE": "MAHARASHTRA"
  },
  "ASBL0000029": {
    "BANK": "APNA SAHAKARI BANK LIMITED",
    "IFSC": "ASBL0000029",
    "BRANCH": "DEVRUKH",
    "ADDRESS": "AUDHUT KRUPA, NEAR S.T. STAND, BAZAR PETH, DEVRUKH, TAL.-SANGMESHWAR, DIST.-RATNAGIRI 415804",
    "CONTACT": "240300",
    "CITY": "DEVRUKH",
    "DISTRICT": "RATNAGIRI",
    "STATE": "MAHARASHTRA"
  },
  "ASBL0000030": {
    "BANK": "APNA SAHAKARI BANK LIMITED",
    "IFSC": "ASBL0000030",
    "BRANCH": "VIKHROLI (E)",
    "ADDRESS": "VIKHROLI VIDYALAYA, TAGORE NAGAR, GROUP NO.3, VIKHROLI (E), MUMBAI",
    "CONTACT": "25747011",
    "CITY": "MUMBAI",
    "DISTRICT": "GREATER BOMBAY",
    "STATE": "MAHARASHTRA"
  },
  "ASBL0000031": {
    "BANK": "APNA SAHAKARI BANK LIMITED",
    "IFSC": "ASBL0000031",
    "BRANCH": "DOMBIVLI (E)",
    "ADDRESS": "SHRI SNEHA BLDG., GR. FLOOR, SHIV MANDIR ROAD, DOMBIVLI (E), DIST.-THANE",
    "CONTACT": "2861251",
    "CITY": "DOMBIVLI",
    "DISTRICT": "THANE",
    "STATE": "MAHARASHTRA"
  },
  "ASBL0000032": {
    "BANK": "APNA SAHAKARI BANK LIMITED",
    "IFSC": "ASBL0000032",
    "BRANCH": "SHIVAJI PETH",
    "ADDRESS": "2402/2, A WARD, UBHA MARUTI CHOWK, SHIVAJI PETH, KOLHAPUR 416012",
    "CONTACT": "2622958",
    "CITY": "KOLHAPUR",
    "DISTRICT": "KOLHAPUR",
    "STATE": "MAHARASHTRA"
  },
  "ASBL0000033": {
    "BANK": "APNA SAHAKARI BANK LIMITED",
    "IFSC": "ASBL0000033",
    "BRANCH": "TIMBER MARKET",
    "ADDRESS": "712/1/2B, A WARD, KALAMBA ROAD, KOLHAPUR 416012",
    "CONTACT": "2627658",
    "CITY": "KOLHAPUR",
    "DISTRICT": "KOLHAPUR",
    "STATE": "MAHARASHTRA"
  },
  "ASBL0000034": {
    "BANK": "APNA SAHAKARI BANK LIMITED",
    "IFSC": "ASBL0000034",
    "BRANCH": "PHULE WADI",
    "ADDRESS": "PLOT NO.359, MAHATMA PHULE HSG.SOC., PHULEWADI, KOLHAPUR 416010",
    "CONTACT": "2631717",
    "CITY": "KOLHAPUR",
    "DISTRICT": "KOLHAPUR",
    "STATE": "MAHARASHTRA"
  },
  "ASBL0000035": {
    "BANK": "APNA SAHAKARI BANK LIMITED",
    "IFSC": "ASBL0000035",
    "BRANCH": "SADAR BAZAR",
    "ADDRESS": "C.S.NO.233, PLOT NO.12/13, FLAT NO.7/8, E WARD, SADAR BAZAR, KOLHAPUR 416002",
    "CONTACT": "2650058",
    "CITY": "KOLHAPUR",
    "DISTRICT": "KOLHAPUR",
    "STATE": "MAHARASHTRA"
  },
  "ASBL0000036": {
    "BANK": "APNA SAHAKARI BANK LIMITED",
    "IFSC": "ASBL0000036",
    "BRANCH": "KSHIRSAGAR",
    "ADDRESS": "2053/A-1, C WARD, MINCH COMPLEX, KOLHAPUR 416002",
    "CONTACT": "2542221",
    "CITY": "KOLHAPUR",
    "DISTRICT": "KOLHAPUR",
    "STATE": "MAHARASHTRA"
  },
  "ASBL0000037": {
    "BANK": "APNA SAHAKARI BANK LIMITED",
    "IFSC": "ASBL0000037",
    "BRANCH": "RAJARAMPURI",
    "ADDRESS": "C.S.NO.1382, E WARD, SHIVAJI VIDYAPITHROAD, RAJARAPURI, KOLHAPUR 416008",
    "CONTACT": "2521078",
    "CITY": "KOLHAPUR",
    "DISTRICT": "KOLHAPUR",
    "STATE": "MAHARASHTRA"
  },
  "ASBL0000038": {
    "BANK": "APNA SAHAKARI BANK LIMITED",
    "IFSC": "ASBL0000038",
    "BRANCH": "LAXMIPURI",
    "ADDRESS": "883 K, C WARD, NEAR UMA , LAXMIPURI, KOLHAPUR 416004",
    "CONTACT": "2640658",
    "CITY": "KOLHAPUR",
    "DISTRICT": "KOLHAPUR",
    "STATE": "MAHARASHTRA"
  },
  "ASBL0000039": {
    "BANK": "APNA SAHAKARI BANK LIMITED",
    "IFSC": "ASBL0000039",
    "BRANCH": "BAMBAVADE",
    "ADDRESS": "BAUCHKAR BLDG., AT POST-BAMBAVADE, TAL.-SHAHUWADI, KOLHAPUR 416213",
    "CONTACT": "234484",
    "CITY": "BAMBAVADE",
    "DISTRICT": "KOLHAPUR",
    "STATE": "MAHARASHTRA"
  },
  "ASBL0000040": {
    "BANK": "APNA SAHAKARI BANK LIMITED",
    "IFSC": "ASBL0000040",
    "BRANCH": "GADHINGLAJ",
    "ADDRESS": "MAKANDAR COMPLEX, MAIN ROAD, GADHINGLAJ, KOLHAPUR 416052",
    "CONTACT": "224340",
    "CITY": "GADHINGLAJ",
    "DISTRICT": "KOLHAPUR",
    "STATE": "MAHARASHTRA"
  },
  "ASBL0000041": {
    "BANK": "APNA SAHAKARI BANK LIMITED",
    "IFSC": "ASBL0000041",
    "BRANCH": "GARGOTI",
    "ADDRESS": "S.S.NO.1277, VANI GALLI, GARGOTI, TAL.BHUDARGAD, KOLHAPUR 416209",
    "CONTACT": "221476",
    "CITY": "GARGOTI",
    "DISTRICT": "KOLHAPUR",
    "STATE": "MAHARASHTRA"
  },
  "ASBL0000042": {
    "BANK": "APNA SAHAKARI BANK LIMITED",
    "IFSC": "ASBL0000042",
    "BRANCH": "JOGESHWARI",
    "ADDRESS": "RJMDS'S INST. MUMBAI, BAL VIKAS VIDYAMANDIR SCHOOL, RATNASINDHU, MEGHWADI, JOGESHWARI (E), MUMBAI 400060",
    "CONTACT": "28302700",
    "CITY": "MUMBAI",
    "DISTRICT": "GREATER BOMBAY",
    "STATE": "MAHARASHTRA"
  },
  "ASBL0000043": {
    "BANK": "APNA SAHAKARI BANK LIMITED",
    "IFSC": "ASBL0000043",
    "BRANCH": "DADAR (W)",
    "ADDRESS": "MADHUKALA CHS, R.K.VAIDYA MARG, DADAR (W) MUMBAI 400028",
    "CONTACT": "24328337",
    "CITY": "MUMBAI",
    "DISTRICT": "GREATER BOMBAY",
    "STATE": "MAHARASHTRA"
  },
  "ASBL0000044": {
    "BANK": "APNA SAHAKARI BANK LIMITED",
    "IFSC": "ASBL0000044",
    "BRANCH": "BHIWANDI",
    "ADDRESS": "223, DURGA KRUPA, TELI PADA, AGRA ROAD, DHAMANKAR NAKA, BHIWANDI, DIST-THANE 421302",
    "CONTACT": "254411",
    "CITY": "BHIWANDI",
    "DISTRICT": "THANE",
    "STATE": "MAHARASHTRA"
  },
  "ASBL0000045": {
    "BANK": "APNA SAHAKARI BANK LIMITED",
    "IFSC": "ASBL0000045",
    "BRANCH": "KANKAVLI",
    "ADDRESS": "SHOP NO.A5,GR.FLOOR,BANDAL COMPLEX, OPP. PRANT OFFICE, MUMBAI-GOA HIGHWAY, KANKAVLI, DIST. SINDHURGA",
    "CONTACT": "231981",
    "CITY": "KANKAVLI",
    "DISTRICT": "SINDHUDURG",
    "STATE": "MAHARASHTRA"
  },
  "ASBL0000046": {
    "BANK": "APNA SAHAKARI BANK LIMITED",
    "IFSC": "ASBL0000046",
    "BRANCH": "KAMOTHE",
    "ADDRESS": "SHOP NO 4,5,6, PRATAPGADH CHS, PLOT NO.37, SECTOR NO.34 MANSAROVAR, KAMOTHE, NAVI MUMBAI 410209",
    "CONTACT": "27480627",
    "CITY": "KAMOTHE",
    "DISTRICT": "RAIGAD",
    "STATE": "MAHARASHTRA"
  },
  "ASBL0000047": {
    "BANK": "APNA SAHAKARI BANK LIMITED",
    "IFSC": "ASBL0000047",
    "BRANCH": "SATPUR-NASHIK",
    "ADDRESS": "SHOP NO.2-5, RAHUL PRASAD CHS, ABB CIRCLE CORNER. OPP. HOTAL EMERALD PARK, MAHATMA NAGAR, SATPUR, NASHIK 422007",
    "CONTACT": "2360029",
    "CITY": "NASHIK",
    "DISTRICT": "NASHIK",
    "STATE": "MAHARASHTRA"
  },
  "ASBL0000048": {
    "BANK": "APNA SAHAKARI BANK LIMITED",
    "IFSC": "ASBL0000048",
    "BRANCH": "TALOJA",
    "ADDRESS": "HOUSE NO.362,AT & POST NAWDA PHATA, NEAR TALOJA MIDC BRIDGE, MUMBAI-PUNE-ROAD, TALOJA, NAVI MUMBAI 410206",
    "CONTACT": "27412811",
    "CITY": "TALOJA",
    "DISTRICT": "RAIGAD",
    "STATE": "MAHARASHTRA"
  },
  "ASBL0000049": {
    "BANK": "APNA SAHAKARI BANK LIMITED",
    "IFSC": "ASBL0000049",
    "BRANCH": "KALYAN",
    "ADDRESS": "VEDMANTRA APARTMENTS, GROUND FLOOR, GHODEKHAT LANE, AGRA CROSS ROAD, KALYAN WEST, DIST THANE 421301",
    "CONTACT": "2026077",
    "CITY": "KALYAN",
    "DISTRICT": "THANE",
    "STATE": "MAHARASHTRA"
  },
  "ASBL0000050": {
    "BANK": "APNA SAHAKARI BANK LIMITED",
    "IFSC": "ASBL0000050",
    "BRANCH": "BADLAPUR",
    "ADDRESS": "SHOP NO.1 TO 6, GROUND FLOOR, SARASWATI C.H.S, OPP KALYANVASTU HALL, NEAR ATITHI HOTEL, KULGAON, BADLAPUR EAST, DIST THANE 421503",
    "CONTACT": "2695222",
    "CITY": "BADLAPUR",
    "DISTRICT": "THANE",
    "STATE": "MAHARASHTRA"
  },
  "ASBL0000051": {
    "BANK": "APNA SAHAKARI BANK LIMITED",
    "IFSC": "ASBL0000051",
    "BRANCH": "AMBERNATH",
    "ADDRESS": "MANDAR APARTMENTS, SHOP NO.1 & 2, GROUND LOOR, NEAR SHIV SENA OFFICE, VADAVLI SECTION, AMBERNATH EAST, DIST THANE 421501",
    "CONTACT": "32600018",
    "CITY": "AMBERNATH",
    "DISTRICT": "THANE",
    "STATE": "MAHARASHTRA"
  },
  "ASBL0000052": {
    "BANK": "APNA SAHAKARI BANK LIMITED",
    "IFSC": "ASBL0000052",
    "BRANCH": "BHAYANDER",
    "ADDRESS": "RITU HORIZON, GROUND FLOOR, COMMERCIAL WING, 100 WIDE, KANAKIA ROAD, NEAR ANKUR BUILDING, BHAYANDER KASHIMIRA CROSS ROAD, BHAYANDER EAST, DIST THANE 401107",
    "CONTACT": "28110020",
    "CITY": "BHAYANDER",
    "DISTRICT": "THANE",
    "STATE": "MAHARASHTRA"
  },
  "ASBL0000053": {
    "BANK": "APNA SAHAKARI BANK LIMITED",
    "IFSC": "ASBL0000053",
    "BRANCH": "PUNE",
    "ADDRESS": "47/1, B. O. BHAVAN, GROUND FLOOR, PUNE SATARA ROAD, PUNE 411037",
    "CONTACT": "24226300",
    "CITY": "PUNE",
    "DISTRICT": "PUNE",
    "STATE": "MAHARASHTRA"
  },
  "ASBL0000054": {
    "BANK": "APNA SAHAKARI BANK LIMITED",
    "IFSC": "ASBL0000054",
    "BRANCH": "MAPUSA",
    "ADDRESS": "KANDALKAL BUILDING,ANGOD, NEAR JAMA MASJID, CHALTA NO 129 OF P T SHEET NO 147, MAPUSA, GOA 403507",
    "CONTACT": "2255345",
    "CITY": "MAPUSA",
    "DISTRICT": "NORTH GOA",
    "STATE": "GOA"
  },
  "ASBL0000055": {
    "BANK": "APNA SAHAKARI BANK LIMITED",
    "IFSC": "ASBL0000055",
    "BRANCH": "URAN",
    "ADDRESS": "SHREE KRUPA CHS LTD, GRD FLOOR, URAN KAMITHA ROAD, NEAR VIMAL TALAV, URAN, DIST. RAIGAD 400702",
    "CONTACT": "24164860",
    "CITY": "URAN",
    "DISTRICT": "RAIGAD",
    "STATE": "MAHARASHTRA"
  },
  "ASBL0000056": {
    "BANK": "APNA SAHAKARI BANK LIMITED",
    "IFSC": "ASBL0000056",
    "BRANCH": "DAHISAR EAST",
    "ADDRESS": "SHOP NO 1 AND 11, NANDANVAN CHS, SERVE NO 242, SHARE NO 1A AND 3, S V ROAD, DAHISAR EAST, MUMBAI 4000068",
    "CONTACT": null,
    "CITY": "MUMBAI",
    "DISTRICT": "MUMBAI",
    "STATE": "MAHARASHTRA"
  },
  "ASBL0000057": {
    "BANK": "APNA SAHAKARI BANK LIMITED",
    "IFSC": "ASBL0000057",
    "BRANCH": "VIRAR  EAST",
    "ADDRESS": "VIDYASADAN, GROUND & FIRST FLOOR, MANVELPADA ROAD VIRAR EAST, DIST THANE 401303.",
    "CONTACT": null,
    "CITY": "THANE",
    "DISTRICT": "THANE",
    "STATE": "MAHARASHTRA"
  },
  "ASBL0000058": {
    "BANK": "APNA SAHAKARI BANK LIMITED",
    "IFSC": "ASBL0000058",
    "BRANCH": "DIVA EAST",
    "ADDRESS": "SHOP NO 4 & 5, GROUND FLOOR, DHANRAJ RESIDENCY, DHANRAJ NAGAR,DIVA EAST, THANE 400612.",
    "CONTACT": null,
    "CITY": "THANE",
    "DISTRICT": "THANE",
    "STATE": "MAHARASHTRA"
  },
  "ASBL0000059": {
    "BANK": "APNA SAHAKARI BANK LIMITED",
    "IFSC": "ASBL0000059",
    "BRANCH": "GHODBANDAR RD",
    "ADDRESS": "SHOP NO 5 & 6, SHREE MAA TRUST, GROUND FLOOR, S N 146, PATLIPADA,GHODBANDAR ROAD, HIRANANDANI ESTATE, THANE 400607.",
    "CONTACT": null,
    "CITY": "THANE",
    "DISTRICT": "THANE",
    "STATE": "MAHARASHTRA"
  },
  "ASBL0000060": {
    "BANK": "APNA SAHAKARI BANK LIMITED",
    "IFSC": "ASBL0000060",
    "BRANCH": "KHARGHAR",
    "ADDRESS": "SHOP NO 25/26/27, RAHUL APARTMENT,PLOT NO E,125, SECTOR 12,KHARGHAR, NAVI MUMBAI 410210.",
    "CONTACT": null,
    "CITY": "NAVI MUMBAI",
    "DISTRICT": "NAVI MUMBAI",
    "STATE": "MAHARASHTRA"
  },
  "ASBL0000061": {
    "BANK": "APNA SAHAKARI BANK LIMITED",
    "IFSC": "ASBL0000061",
    "BRANCH": "GORAGOAN WEST",
    "ADDRESS": "PLTO NO1 ,FIRST FLOOR, GANESH NIWAS, M.G. ROAD GOREGAON WEST",
    "CONTACT": null,
    "CITY": "MUMBAI",
    "DISTRICT": "GREATER BOMBAY",
    "STATE": "MAHARASHTRA"
  },
  "ASBL0000062": {
    "BANK": "APNA SAHAKARI BANK LIMITED",
    "IFSC": "ASBL0000062",
    "BRANCH": "CHEMBUR",
    "ADDRESS": "SHOP NO E4/5/6, MARY LAND APT. CHS,SANDU WADI CHEMBUR",
    "CONTACT": null,
    "CITY": "MUMBAI",
    "DISTRICT": "GREATER BOMBAY",
    "STATE": "MAHARASHTRA"
  },
  "ASBL0000063": {
    "BANK": "APNA SAHAKARI BANK LIMITED",
    "IFSC": "ASBL0000063",
    "BRANCH": "MULUND WEST",
    "ADDRESS": "SHOP NO 2 TO4, GR. FLOOR, BHAGYASHREE APT., GANESH GAWADE RD JN.,MULUND WEST",
    "CONTACT": null,
    "CITY": "MUMBAI",
    "DISTRICT": "GREATER BOMBAY",
    "STATE": "MAHARASHTRA"
  },
  "ASBL0000064": {
    "BANK": "APNA SAHAKARI BANK LIMITED",
    "IFSC": "ASBL0000064",
    "BRANCH": "GHATKOPER WEST",
    "ADDRESS": "SHOP NO 1/2/3/4, SAMARPAN CHS, NARSI MEHTA MARG, GHATKOPER WEST",
    "CONTACT": null,
    "CITY": "MUMBAI",
    "DISTRICT": "GREATER BOMBAY",
    "STATE": "MAHARASHTRA"
  },
  "ASBL0000065": {
    "BANK": "APNA SAHAKARI BANK LIMITED",
    "IFSC": "ASBL0000065",
    "BRANCH": "KOPERKHAIRANE",
    "ADDRESS": "SHOP NO 1 TO 4, SHREE SIDHIVINAYAK TOWER, SECTOR 5 KOERKHAIRANE NAVI MUMBAI",
    "CONTACT": null,
    "CITY": "NAVI MUMBAI",
    "DISTRICT": "NAVI MUMBAI",
    "STATE": "MAHARASHTRA"
  },
  "ASBL0000066": {
    "BANK": "APNA SAHAKARI BANK LIMITED",
    "IFSC": "ASBL0000066",
    "BRANCH": "AIROLI",
    "ADDRESS": "SHOP NO 1 AND 2, RIDHI SIDHI HEIGHT CHS, SECTOR 19 AIROLI NAVI MUMBAI",
    "CONTACT": null,
    "CITY": "NAVI MUMBAI",
    "DISTRICT": "NAVI MUMBAI",
    "STATE": "MAHARASHTRA"
  },
  "ASBL0000067": {
    "BANK": "APNA SAHAKARI BANK LIMITED",
    "IFSC": "ASBL0000067",
    "BRANCH": "ULHASNAGER",
    "ADDRESS": "SHOP NO 1/2/3, GR. FLOOR., PREM YESH, BRK NO 802/1 LINK ROAD ULHASNAGER",
    "CONTACT": null,
    "CITY": "ULHASNAGER",
    "DISTRICT": "THANE",
    "STATE": "MAHARASHTRA"
  },
  "ASBL0000068": {
    "BANK": "APNA SAHAKARI BANK LIMITED",
    "IFSC": "ASBL0000068",
    "BRANCH": "KALACKOWKI",
    "ADDRESS": "C.S. NP 770,GROUNG FLOOR, JAIHIND CINEMA DR. AMBEDAKR RD., KALACKOWKI MUMBAI 400033",
    "CONTACT": null,
    "CITY": "MUMBAI",
    "DISTRICT": "GRATER MUMBAI",
    "STATE": "MAHARASHTRA"
  },
  "ASBL0000069": {
    "BANK": "APNA SAHAKARI BANK LIMITED",
    "IFSC": "ASBL0000069",
    "BRANCH": "BANDRA",
    "ADDRESS": "SHOP NO 1,2 AND 3 MONARCH, GANDHI NAGER VARSHA CHS LTD, GNADHI NAGER BANDRA EAST MUMBAI 400051",
    "CONTACT": null,
    "CITY": "GREATER MUMBAI",
    "DISTRICT": "GEATER MUMBAI",
    "STATE": "MAHARASHTRA"
  },
  "ASBL0000070": {
    "BANK": "APNA SAHAKARI BANK LIMITED",
    "IFSC": "ASBL0000070",
    "BRANCH": "NALLASOPARA",
    "ADDRESS": "SHOP NO 11 TO 16 TUJESHWARI HILL SURVEY NO 40 AMBAVADI RAMBHAU NAGER TULINJ NALLASOPARA EAST DIST PALGHAR",
    "CONTACT": null,
    "CITY": "NALLASOPARA",
    "DISTRICT": "PALGHAR",
    "STATE": "MAHARASHTRA"
  },
  "ASBL0000071": {
    "BANK": "APNA SAHAKARI BANK LIMITED",
    "IFSC": "ASBL0000071",
    "BRANCH": "NERUL NAVI MUMBAI",
    "ADDRESS": "SHOP NO 11 AND 12, F-2, ASHIRWAD APARTMENT SECTOR NO 3 NERUL EAST NAVI MUMBAI 400706",
    "CONTACT": null,
    "CITY": "NEW MUMBAI",
    "DISTRICT": "NAVI MUMBAI",
    "STATE": "MAHARASHTRA"
  },
  "ASBL0000072": {
    "BANK": "APNA SAHAKARI BANK LIMITED",
    "IFSC": "ASBL0000072",
    "BRANCH": "VANGANI",
    "ADDRESS": "PLOT NO 2 SURVEY NO 17B, GUTNO. 126, STATION ROAD, VANGNI EAST DIST THANE 421503",
    "CONTACT": null,
    "CITY": "VANGANI",
    "DISTRICT": "THANE",
    "STATE": "MAHARASHTRA"
  },
  "ASBL0000073": {
    "BANK": "APNA SAHAKARI BANK LIMITED",
    "IFSC": "ASBL0000073",
    "BRANCH": "ULWE",
    "ADDRESS": "SHOP NO 10,11,12 OM SAI SHRUSHTI BUILDING PLOT NO 31 SECTOR 17 ULWE NAVI MUMBAI 410206",
    "CONTACT": null,
    "CITY": "ULWE",
    "DISTRICT": "NAVI MUMBAI",
    "STATE": "MAHARASHTRA"
  },
  "ASBL0000074": {
    "BANK": "APNA SAHAKARI BANK LIMITED",
    "IFSC": "ASBL0000074",
    "BRANCH": "KARJAT",
    "ADDRESS": "GR. FLOOR AND FIRST FLOOR, KARJAT MUNCIPAL COUNCIL ADMINISTRATION BUILDING, CTS NO 8A, MOUJE KARJAT DIST RAIGAD 410201",
    "CONTACT": null,
    "CITY": "KARJAT",
    "DISTRICT": "RAIGAD",
    "STATE": "MAHARASHTRA"
  },
  "ASBL0000075": {
    "BANK": "APNA SAHAKARI BANK LIMITED",
    "IFSC": "ASBL0000075",
    "BRANCH": "SHILPHATA",
    "ADDRESS": "1/8, HOUSE NO 17 CHOUDHARI HOUSE, KATAI KALYAN SHILPHATA ROAD, DIST. THANE",
    "CONTACT": null,
    "CITY": "SHILPHATA",
    "DISTRICT": "THANE",
    "STATE": "MAHARASHTRA"
  },
  "ASBL0000076": {
    "BANK": "APNA SAHAKARI BANK LIMITED",
    "IFSC": "ASBL0000076",
    "BRANCH": "ERANDWANE PUNE",
    "ADDRESS": "SHOP NO 4 KLAPNA TARANG, 42/9 MAHARSHI KARVE RD. ERANDWANE PUNE 411004",
    "CONTACT": null,
    "CITY": "PUNE",
    "DISTRICT": "PUNE",
    "STATE": "MAHARASHTRA"
  },
  "ASBL0000077": {
    "BANK": "APNA SAHAKARI BANK LIMITED",
    "IFSC": "ASBL0000077",
    "BRANCH": "MARGAON",
    "ADDRESS": "SHOP NO 1,2 AND 3 GROUND FLOOR, LAXMI BUILDING NEW MARKET MARGAON GOA 403601",
    "CONTACT": null,
    "CITY": "MARGAON",
    "DISTRICT": "MARGAON",
    "STATE": "GOA"
  },
  "ASBL0000078": {
    "BANK": "APNA SAHAKARI BANK LIMITED",
    "IFSC": "ASBL0000078",
    "BRANCH": "RATNAGIRI",
    "ADDRESS": "NAVAKR PLAZA, 1 ST FLOOR, A WING, SHOP NO 14,115,116 RATNAGIRI KOLHAPUR HIGHWAY, MARUTI MANDIR CIRCLE RATNAGIRI 415 612",
    "CONTACT": null,
    "CITY": "RATNAGIRI",
    "DISTRICT": "RATNAGIRI",
    "STATE": "MAHARASHTRA"
  },
  "ASBL0000079": {
    "BANK": "APNA SAHAKARI BANK LIMITED",
    "IFSC": "ASBL0000079",
    "BRANCH": "KHED",
    "ADDRESS": "SHOP NO 6,7,14 AND 15, GROUNG FLOOR, MUKADAM LANDMARK, BULDING NO 1, SURVEY NO 22 A1, HISSA NO 2A/1/2 KKED RATNAGIRI 415709",
    "CONTACT": null,
    "CITY": "KHED",
    "DISTRICT": "RATNAGIRI",
    "STATE": "MAHARASHTRA"
  },
  "ASBL0000080": {
    "BANK": "APNA SAHAKARI BANK LIMITED",
    "IFSC": "ASBL0000080",
    "BRANCH": "ISLAMPUR",
    "ADDRESS": "GROUND FLOOR, SHAKUTALA NIWAS KACHERI ROAD, ISLAMPUR DIST SANGLI 415409",
    "CONTACT": null,
    "CITY": "ISLAMPUR",
    "DISTRICT": "SANGLI",
    "STATE": "MAHARASHTRA"
  },
  "ASBL0000081": {
    "BANK": "APNA SAHAKARI BANK LIMITED",
    "IFSC": "ASBL0000081",
    "BRANCH": "KARAD",
    "ADDRESS": "36 A/1 EKOPA BULIDING, MAGALAWAR PETH, KARAD DIST. SATARA 415110",
    "CONTACT": null,
    "CITY": "KARAD",
    "DISTRICT": "SATARA",
    "STATE": "MAHARASHTRA"
  },
  "ASBL0000082": {
    "BANK": "APNA SAHAKARI BANK LIMITED",
    "IFSC": "ASBL0000082",
    "BRANCH": "SATARA",
    "ADDRESS": "SERVEY NO 287/1 TO 7/6, PLOT NO 3 SHOP NO. 4/5/6/7 8 AND 9 ADARSH CORNER RADHIKA RD KARANJE SATARA 415001",
    "CONTACT": null,
    "CITY": "SATARA",
    "DISTRICT": "SATARA",
    "STATE": "MAHARASHTRA"
  },
  "ASBL0000083": {
    "BANK": "APNA SAHAKARI BANK LIMITED",
    "IFSC": "ASBL0000083",
    "BRANCH": "APNA  SAHAKARI  BANK  LTD",
    "ADDRESS": "C S 1194 1ST FLOOR DHONDIRAJ BULDING CENTRAL JUNCTION PALUS DIST SANGLI 416310",
    "CONTACT": null,
    "CITY": "PALUS",
    "DISTRICT": "SANGLI",
    "STATE": "MAHARASHTRA"
  },
  "ASBL0000084": {
    "BANK": "APNA SAHAKARI BANK LIMITED",
    "IFSC": "ASBL0000084",
    "BRANCH": "PALGHAR",
    "ADDRESS": "SHOP NO 4,5,6 AND A22, SHREE BALAJI COP OP HSG. SOC., PROPERTY NO 1001331, PALGHAR 401404",
    "CONTACT": "2525",
    "CITY": "PALGHAR",
    "DISTRICT": "PALGHAR",
    "STATE": "MAHARASHTRA"
  },
  "ASBL0000085": {
    "BANK": "APNA SAHAKARI BANK LIMITED",
    "IFSC": "ASBL0000085",
    "BRANCH": "ANDHERI-EAST",
    "ADDRESS": "CORPORATE CENTER,G-2,ANDHERI KURAL ROAD,ANDHERI-EAST,MUMBAI-400059",
    "CONTACT": null,
    "CITY": "MUMBAI",
    "DISTRICT": "MUMBAI",
    "STATE": "MAHARASHTRA"
  },
  "ASBL0000086": {
    "BANK": "APNA SAHAKARI BANK LIMITED",
    "IFSC": "ASBL0000086",
    "BRANCH": "BORIVALI -EAST",
    "ADDRESS": "PLOT NO 222-223,RSC-1A,GORAI ROAD,BORIVALI-WEST,MUMBAI 400092",
    "CONTACT": null,
    "CITY": "MUMBAI",
    "DISTRICT": "MUMBAI",
    "STATE": "MAHARASHTRA"
  },
  "ASBL0000087": {
    "BANK": "APNA SAHAKARI BANK LIMITED",
    "IFSC": "ASBL0000087",
    "BRANCH": "CHIPLUN",
    "ADDRESS": "SHOP NO 5,6,7,8, TAMHANE CHEMBERS,CHIPALUN",
    "CONTACT": null,
    "CITY": "CHIPLUN",
    "DISTRICT": "RATNAGIRI",
    "STATE": "MAHARASHTRA"
  }
}