{
  "BACB0000001": {
    "BANK": "BASSEIN CATHOLIC COOPERATIVE BANK LIMITED",
    "IFSC": "BACB0000001",
    "BRANCH": "RTGS-HO",
    "ADDRESS": "HEAD OFFICE, CATHOLIC BANK BUILDING,PAPDY NAKA.VASAI-401207",
    "CONTACT": "23224941",
    "CITY": "VASAI",
    "DISTRICT": "THANE",
    "STATE": "MAHARASHTRA"
  },
  "BACB0000003": {
    "BANK": "BASSEIN CATHOLIC COOPERATIVE BANK LIMITED",
    "IFSC": "BACB0000003",
    "BRANCH": "PAPDY",
    "ADDRESS": "SAROVAR, 'B' BUILDING, PAPDY, POST : PAPDY, TAL:VASAI, DIST : THANE, 401 207",
    "CONTACT": null,
    "CITY": "PAPDI",
    "DISTRICT": "THANE",
    "STATE": "MAHARASHTRA"
  },
  "BACB0000004": {
    "BANK": "BASSEIN CATHOLIC COOPERATIVE BANK LIMITED",
    "IFSC": "BACB0000004",
    "BRANCH": "BANGLI",
    "ADDRESS": "BANGLI, SANDOR, POST : VASAI, TAL: VASAI, DIST: THANE, 401 201",
    "CONTACT": null,
    "CITY": "VASAI",
    "DISTRICT": "THANE",
    "STATE": "MAHARASHTRA"
  },
  "BACB0000005": {
    "BANK": "BASSEIN CATHOLIC COOPERATIVE BANK LIMITED",
    "IFSC": "BACB0000005",
    "BRANCH": "HOLI",
    "ADDRESS": "HOLI BAZAR, PAN-KELA MARKET, TAL & P.O. VASAI, DIST : THANE, 401 201",
    "CONTACT": null,
    "CITY": "VASAI",
    "DISTRICT": "THANE",
    "STATE": "MAHARASHTRA"
  },
  "BACB0000006": {
    "BANK": "BASSEIN CATHOLIC COOPERATIVE BANK LIMITED",
    "IFSC": "BACB0000006",
    "BRANCH": "MANICKPUR",
    "ADDRESS": "LAWRENCE SHOPPING CENTRE,NAVGHAR, P.O.VASAI ROAD,TAL : VASAI, DIST : THANE, 401 202",
    "CONTACT": null,
    "CITY": "MANICKPUR",
    "DISTRICT": "THANE",
    "STATE": "MAHARASHTRA"
  },
  "BACB0000007": {
    "BANK": "BASSEIN CATHOLIC COOPERATIVE BANK LIMITED",
    "IFSC": "BACB0000007",
    "BRANCH": "NANDAKHAL",
    "ADDRESS": "NEAR NANDAKHAL CHURCH,NANDAKHAL, P.O. AGASHI, TAL: VASAI, DIST: THANE, 401 301",
    "CONTACT": null,
    "CITY": "VASAI",
    "DISTRICT": "THANE",
    "STATE": "MAHARASHTRA"
  },
  "BACB0000008": {
    "BANK": "BASSEIN CATHOLIC COOPERATIVE BANK LIMITED",
    "IFSC": "BACB0000008",
    "BRANCH": "NIRMAL",
    "ADDRESS": "NIRMAL NAKA,POST NIRMAL, TAL. VASAI,DIST .THANE, PIN-401304",
    "CONTACT": null,
    "CITY": "NIRMAL",
    "DISTRICT": "THANE",
    "STATE": "MAHARASHTRA"
  },
  "BACB0000009": {
    "BANK": "BASSEIN CATHOLIC COOPERATIVE BANK LIMITED",
    "IFSC": "BACB0000009",
    "BRANCH": "UMRALE",
    "ADDRESS": "FRENCY ARCADE,SAMELPADA,UMRALE,POST:SOPARA, NALLASOPARA(W), TAL:VASAI, 401 203",
    "CONTACT": null,
    "CITY": "VASAI",
    "DISTRICT": "THANE",
    "STATE": "MAHARASHTRA"
  },
  "BACB0000010": {
    "BANK": "BASSEIN CATHOLIC COOPERATIVE BANK LIMITED",
    "IFSC": "BACB0000010",
    "BRANCH": "AGASHI",
    "ADDRESS": "SUVARTA SADAN, NEAR FISH MARKET, AGASHI, POST- AGASHI, TAL. VASAI, DIST- THANE,PIN-401301",
    "CONTACT": null,
    "CITY": "VASAI",
    "DISTRICT": "THANE",
    "STATE": "MAHARASHTRA"
  },
  "BACB0000011": {
    "BANK": "BASSEIN CATHOLIC COOPERATIVE BANK LIMITED",
    "IFSC": "BACB0000011",
    "BRANCH": "NAIGAON",
    "ADDRESS": "KOLAMBEKAR PARK,'B' BLDG.,NEAR NAIGAON STATION,POST:PAPDY,TAL:VASAI,DIST:THANE, 401 207",
    "CONTACT": null,
    "CITY": "VASAI",
    "DISTRICT": "THANE",
    "STATE": "MAHARASHTRA"
  },
  "BACB0000012": {
    "BANK": "BASSEIN CATHOLIC COOPERATIVE BANK LIMITED",
    "IFSC": "BACB0000012",
    "BRANCH": "BHAYANDER",
    "ADDRESS": "ROSEBEN ENCLAVE, FIRST FLOOR, STATION ROAD, BHAYANDER(W), 401 105",
    "CONTACT": null,
    "CITY": "VASAI",
    "DISTRICT": "THANE",
    "STATE": "MAHARASHTRA"
  },
  "BACB0000013": {
    "BANK": "BASSEIN CATHOLIC COOPERATIVE BANK LIMITED",
    "IFSC": "BACB0000013",
    "BRANCH": "UTTAN",
    "ADDRESS": "MINAZ SHOPPING CENTER',UTTAN NAKA, VIA - BHAYANDER, DIST.THANE - 401 106",
    "CONTACT": null,
    "CITY": "VASAI",
    "DISTRICT": "THANE",
    "STATE": "MAHARASHTRA"
  },
  "BACB0000014": {
    "BANK": "BASSEIN CATHOLIC COOPERATIVE BANK LIMITED",
    "IFSC": "BACB0000014",
    "BRANCH": "MIRA RD.",
    "ADDRESS": "SHEETAL SAROVAR, SHEETAL NAGAR, NEAR MIRA ROAD TEL. EXCHANGE, MIRA ROAD(E), DIST:THANE, 401 107",
    "CONTACT": null,
    "CITY": "VASAI",
    "DISTRICT": "THANE",
    "STATE": "MAHARASHTRA"
  },
  "BACB0000015": {
    "BANK": "BASSEIN CATHOLIC COOPERATIVE BANK LIMITED",
    "IFSC": "BACB0000015",
    "BRANCH": "ZENDA BAZAR",
    "ADDRESS": "MOTISHA BHAVAN, NEAR DEEMPAL, ZENDABAZAR, TAL : VASAI, DIST : THANE, 401 201",
    "CONTACT": null,
    "CITY": "VASAI",
    "DISTRICT": "THANE",
    "STATE": "MAHARASHTRA"
  },
  "BACB0000016": {
    "BANK": "BASSEIN CATHOLIC COOPERATIVE BANK LIMITED",
    "IFSC": "BACB0000016",
    "BRANCH": "THANE",
    "ADDRESS": "SUVRAT CO-OPERATIVE HOUSING SOCIETY LTD, SUVRAT APARTMENT, 1ST FLOOR, NEAR JAIN TEMPLE, BHAWANI CHOWK,TEMBHI NAKA, THANE-401601",
    "CONTACT": null,
    "CITY": "THANE",
    "DISTRICT": "THANE",
    "STATE": "MAHARASHTRA"
  },
  "BACB0000017": {
    "BANK": "BASSEIN CATHOLIC COOPERATIVE BANK LIMITED",
    "IFSC": "BACB0000017",
    "BRANCH": "NALLASOPARA",
    "ADDRESS": "SAI KIRAN BUILDING , NARAYAN NAGAR, NALLASOPARA(E), TAL.VASAI, DIST - THANE, PIN CODE-401209",
    "CONTACT": null,
    "CITY": "NALLASOPARA",
    "DISTRICT": "THANE",
    "STATE": "MAHARASHTRA"
  },
  "BACB0000018": {
    "BANK": "BASSEIN CATHOLIC COOPERATIVE BANK LIMITED",
    "IFSC": "BACB0000018",
    "BRANCH": "GOKHIVARE",
    "ADDRESS": "GOKHIVARE NAKA, POST : GOKHIVARE, TAL :VASAI, DIST : THANE, 401 208",
    "CONTACT": null,
    "CITY": "GOKHIVARE",
    "DISTRICT": "THANE",
    "STATE": "MAHARASHTRA"
  },
  "BACB0000019": {
    "BANK": "BASSEIN CATHOLIC COOPERATIVE BANK LIMITED",
    "IFSC": "BACB0000019",
    "BRANCH": "VIRAR",
    "ADDRESS": "NEAR POLICE STATION, POST : VIRAR (E), TAL: VASAI, 401 305",
    "CONTACT": null,
    "CITY": "VIRAR",
    "DISTRICT": "THANE",
    "STATE": "MAHARASHTRA"
  },
  "BACB0000020": {
    "BANK": "BASSEIN CATHOLIC COOPERATIVE BANK LIMITED",
    "IFSC": "BACB0000020",
    "BRANCH": "MADINAKA",
    "ADDRESS": "SAHAKAR BHAVAN, MADINAKA, MERCES, TAL & POST : VASAI, DIST : THANE, 401 201",
    "CONTACT": null,
    "CITY": "VASAI",
    "DISTRICT": "THANE",
    "STATE": "MAHARASHTRA"
  },
  "BACB0000021": {
    "BANK": "BASSEIN CATHOLIC COOPERATIVE BANK LIMITED",
    "IFSC": "BACB0000021",
    "BRANCH": "GASS",
    "ADDRESS": "ST. GONSALO GARCIA SCHOOL BUILDING, GASS, POST : SOPARA, TAL : VASAI, DIST : THANE, 401 203",
    "CONTACT": null,
    "CITY": "VASAI",
    "DISTRICT": "THANE",
    "STATE": "MAHARASHTRA"
  },
  "BACB0000022": {
    "BANK": "BASSEIN CATHOLIC COOPERATIVE BANK LIMITED",
    "IFSC": "BACB0000022",
    "BRANCH": "NANBHAT",
    "ADDRESS": "ST. PAUL CHURCH BUILDING, NANBHAT, POST: SOPARA, TAL : VASAI, DIST : THANE, 401 203",
    "CONTACT": null,
    "CITY": "VASAI",
    "DISTRICT": "THANE",
    "STATE": "MAHARASHTRA"
  },
  "BACB0000023": {
    "BANK": "BASSEIN CATHOLIC COOPERATIVE BANK LIMITED",
    "IFSC": "BACB0000023",
    "BRANCH": "GIRIZ",
    "ADDRESS": "GIRIZ CHURCH SCHOOL COMPOUND, GIRIZ, TAL & POST : VASAI, DIST : THANE, 401 201",
    "CONTACT": null,
    "CITY": "VASAI",
    "DISTRICT": "THANE",
    "STATE": "MAHARASHTRA"
  },
  "BACB0000024": {
    "BANK": "BASSEIN CATHOLIC COOPERATIVE BANK LIMITED",
    "IFSC": "BACB0000024",
    "BRANCH": "BHUIGAON",
    "ADDRESS": "BHUIGAON CHURCH SCHOOL COMPOUND, BHUIGAON, TAL & POST : VASAI, DIST : THANE, 401 201",
    "CONTACT": null,
    "CITY": "VASAI",
    "DISTRICT": "THANE",
    "STATE": "MAHARASHTRA"
  },
  "BACB0000025": {
    "BANK": "BASSEIN CATHOLIC COOPERATIVE BANK LIMITED",
    "IFSC": "BACB0000025",
    "BRANCH": "ARNALA",
    "ADDRESS": "ST. PETER SCHOOL, ARNALA, TAL.VASAI, DIST .THANE , PIN-401302",
    "CONTACT": null,
    "CITY": "ARNALA",
    "DISTRICT": "THANE",
    "STATE": "MAHARASHTRA"
  },
  "BACB0000026": {
    "BANK": "BASSEIN CATHOLIC COOPERATIVE BANK LIMITED",
    "IFSC": "BACB0000026",
    "BRANCH": "MAROL",
    "ADDRESS": "KOSHYA APPARTMENT, BAMANPURI ROAD, OPP. GREATER BOMBAY BANK LTD., J. B. NAGAR, MAROL, ANDHERI (E), MUMBAI - 400059",
    "CONTACT": null,
    "CITY": "MUMBAI",
    "DISTRICT": "THANE",
    "STATE": "MAHARASHTRA"
  },
  "BACB0000027": {
    "BANK": "BASSEIN CATHOLIC COOPERATIVE BANK LIMITED",
    "IFSC": "BACB0000027",
    "BRANCH": "VASHI",
    "ADDRESS": "PREMISES NO. 003-004, GROUND FLOOR, RED ROSE CO-OP. HSG. SOC. LTD, PLOT NO.27, SECTOR NO. 2, VASHI, NAVI MUMBAI - 400 076",
    "CONTACT": null,
    "CITY": "NAVI MUMBAI",
    "DISTRICT": "THANE",
    "STATE": "MAHARASHTRA"
  },
  "BACB0000028": {
    "BANK": "BASSEIN CATHOLIC COOPERATIVE BANK LIMITED",
    "IFSC": "BACB0000028",
    "BRANCH": "BORIVALI",
    "ADDRESS": "VISHWAGANGA CO OP HSG. SOC. LTD.,GROUND FLOOR,MANDAPESHWAR ROAD,OPP BHAGWATI HOSPITAL, BORIVALI (W), MUMBAI-400092",
    "CONTACT": null,
    "CITY": "MUMBAI",
    "DISTRICT": "THANE",
    "STATE": "MAHARASHTRA"
  },
  "BACB0000029": {
    "BANK": "BASSEIN CATHOLIC COOPERATIVE BANK LIMITED",
    "IFSC": "BACB0000029",
    "BRANCH": "MALAD",
    "ADDRESS": "HERITAGE GROTTO, GROUND FLOOR, OPP. ORLEM CHURCH, MARVE ROAD, ORLEM, MALAD (W), MUMBAI- 400 064",
    "CONTACT": null,
    "CITY": "MUMBAI",
    "DISTRICT": "THANE",
    "STATE": "MAHARASHTRA"
  },
  "BACB0000030": {
    "BANK": "BASSEIN CATHOLIC COOPERATIVE BANK LIMITED",
    "IFSC": "BACB0000030",
    "BRANCH": "KALYAN",
    "ADDRESS": "SHOP NO.6 TO 10, REGENCY AVENUE, NEAR SYNDICATE BUS STOP, SANTOSHI MATA ROAD, KALYAN WEST 401 301",
    "CONTACT": null,
    "CITY": "KALYAN",
    "DISTRICT": "THANE",
    "STATE": "MAHARASHTRA"
  },
  "BACB0000031": {
    "BANK": "BASSEIN CATHOLIC COOPERATIVE BANK LIMITED",
    "IFSC": "BACB0000031",
    "BRANCH": "KASHIMIRA",
    "ADDRESS": "PHARMA WORLD,NOOR SHAH COMMERCIAL CENTER, C.T.S. NO.207/208 OF 200, BESIDE JAIBUN TOWER, KASHIMIRA,MIRA ROAD (E), DIST. THANE 401107",
    "CONTACT": null,
    "CITY": "KASHIMIRA",
    "DISTRICT": "THANE",
    "STATE": "MAHARASHTRA"
  },
  "BACB0000032": {
    "BANK": "BASSEIN CATHOLIC COOPERATIVE BANK LIMITED",
    "IFSC": "BACB0000032",
    "BRANCH": "SANTACRUZ KALINA",
    "ADDRESS": "OFFICE NO. 2, 1ST FLOOR, GOKUL HARMONY, OPP KALINA MARKET (MAIN ROAD), KALINA, SUNDER NAGAR, MUMBAI 400 098",
    "CONTACT": null,
    "CITY": "MUMBAI",
    "DISTRICT": "THANE",
    "STATE": "MAHARASHTRA"
  },
  "BACB0000033": {
    "BANK": "BASSEIN CATHOLIC COOPERATIVE BANK LIMITED",
    "IFSC": "BACB0000033",
    "BRANCH": "EXTENSION COUNTER-MULGAON, VASAI WEST",
    "ADDRESS": "ST.MARY MAGDALENE HIGH SCHOOL, NEAR MULGAON CHURCH, MULGAON, VASAI WEST- 401 201",
    "CONTACT": null,
    "CITY": "VASAI",
    "DISTRICT": "THANE",
    "STATE": "MAHARASHTRA"
  },
  "BACB0000034": {
    "BANK": "BASSEIN CATHOLIC COOPERATIVE BANK LIMITED",
    "IFSC": "BACB0000034",
    "BRANCH": "VIRAR (WEST)",
    "ADDRESS": "PRATHAMESH PLAZA,OPP. PREMIUM PARK, AGASHI ROAD, BOLINJ, VIRAR (WEST) - 401 303",
    "CONTACT": null,
    "CITY": "VIRAR",
    "DISTRICT": "THANE",
    "STATE": "MAHARASHTRA"
  },
  "BACB0000035": {
    "BANK": "BASSEIN CATHOLIC COOPERATIVE BANK LIMITED",
    "IFSC": "BACB0000035",
    "BRANCH": "NAIGAON (EAST)",
    "ADDRESS": "RASHMI STAR CITY, PHASE I, BUILDING A-12, SHOP NO. 5,6,7,8, JUCHANDRA ROAD, NAIGAON (EAST) - 401 208",
    "CONTACT": null,
    "CITY": "VASAI",
    "DISTRICT": "THANE",
    "STATE": "MAHARASHTRA"
  },
  "BACB0000036": {
    "BANK": "BASSEIN CATHOLIC COOPERATIVE BANK LIMITED",
    "IFSC": "BACB0000036",
    "BRANCH": "WADA",
    "ADDRESS": "PRAGATI NAGAR, A WING, GROUND FLOOR,SHOP NO. 10,11,12, KHUDUS, WADA, TALUKA WADA, DIST-THANE 431 312",
    "CONTACT": null,
    "CITY": "WADA",
    "DISTRICT": "THANE",
    "STATE": "MAHARASHTRA"
  },
  "BACB0000037": {
    "BANK": "BASSEIN CATHOLIC COOPERATIVE BANK LIMITED",
    "IFSC": "BACB0000037",
    "BRANCH": "NAVGHAR ROAD VASAI EAST",
    "ADDRESS": "SOHAM COMMERCIAL PLAZA, GROUND FLOOR, SHOP NO. 10,11 AND 13, NEAR VASAI ROAD RAILWAY STATION, NAVGHAR ROAD, VASAI EAST, DIST. PALGHAR 401210",
    "CONTACT": "7719046600",
    "CITY": "VASAI",
    "DISTRICT": "PALGHAR",
    "STATE": "MAHARASHTRA"
  },
  "BACB0000038": {
    "BANK": "BASSEIN CATHOLIC COOPERATIVE BANK LIMITED",
    "IFSC": "BACB0000038",
    "BRANCH": "SAPHALE EAST",
    "ADDRESS": "RADHA CHANDRA HERITAGE, TANDULWADI ROAD, NEAR MSEB OFFICE, SAPHALE EAST, TAL. PALGHAR, DIST. PALGHAR 401102",
    "CONTACT": "7719048800",
    "CITY": "SAPHALE",
    "DISTRICT": "PALGHAR",
    "STATE": "MAHARASHTRA"
  },
  "BACB0000039": {
    "BANK": "BASSEIN CATHOLIC COOPERATIVE BANK LIMITED",
    "IFSC": "BACB0000039",
    "BRANCH": "PALGHAR WEST",
    "ADDRESS": "SHOP NO. 1, 2 AND 3, CITY POINT, NEAR PANCHBATTI, KACHERI ROAD, PALGHAR WEST, DIST. PALGHAR, 401404",
    "CONTACT": "7719049900",
    "CITY": "PALGHAR",
    "DISTRICT": "PALGHAR",
    "STATE": "MAHARASHTRA"
  },
  "BACB0000040": {
    "BANK": "BASSEIN CATHOLIC COOPERATIVE BANK LIMITED",
    "IFSC": "BACB0000040",
    "BRANCH": "DAHANU WEST",
    "ADDRESS": "KUMAR CORNER, 103,104,105,106 AND 107, MAIN ROAD, DAHANU ROAD, TAL. DAHANU, DIST. PALGHAR, 401602",
    "CONTACT": "7719045500",
    "CITY": "DAHANU",
    "DISTRICT": "PALGHAR",
    "STATE": "MAHARASHTRA"
  },
  "BACB0000041": {
    "BANK": "BASSEIN CATHOLIC COOPERATIVE BANK LIMITED",
    "IFSC": "BACB0000041",
    "BRANCH": "KAMAN",
    "ADDRESS": "GALA NO. 1 AND 2, S. NO. 161,H. NO. 1 (PART), KAMAN NAKA, VILLAGE KAMAN, TAL. VASAI, DIST. PALGHAR 401 208",
    "CONTACT": "7719867444",
    "CITY": "VASAI",
    "DISTRICT": "PALGHAR",
    "STATE": "MAHARASHTRA"
  },
  "BACB0000042": {
    "BANK": "BASSEIN CATHOLIC COOPERATIVE BANK LIMITED",
    "IFSC": "BACB0000042",
    "BRANCH": "AMBADI ROAD",
    "ADDRESS": "SHOP NO. 7 AND 8, SAI TOWER CHS LTD., D WING, AMBADI ROAD, POST-VASAI ROAD(WEST), TAL. VASAI, DIST. PALGHAR 401 202",
    "CONTACT": "7719872444",
    "CITY": "VASAI",
    "DISTRICT": "PALGHAR",
    "STATE": "MAHARASHTRA"
  },
  "BACB0000043": {
    "BANK": "BASSEIN CATHOLIC COOPERATIVE BANK LIMITED",
    "IFSC": "BACB0000043",
    "BRANCH": "NALLASOPARA EAST NEW LINK ROAD",
    "ADDRESS": "SHOP NO. 49, GROUND FLOOR, BUILDING NO. 5, AGARWAL NAGRI, NEW LINK ROAD, NALLASOPARA(EAST), TAL. VASAI, DIST. PALGHAR 401 208",
    "CONTACT": "7719870444",
    "CITY": "VASAI",
    "DISTRICT": "PALGHAR",
    "STATE": "MAHARASHTRA"
  },
  "BACB0000044": {
    "BANK": "BASSEIN CATHOLIC COOPERATIVE BANK LIMITED",
    "IFSC": "BACB0000044",
    "BRANCH": "BHABOLA",
    "ADDRESS": "SHOP NO. 12 TO 15, GALA NO. G-1/B, RICHMOND TOWN, PHASE-2, BUILDING NO. 4, BHABOLA, TAL. VASAI, DIST. PALGHAR 401 202",
    "CONTACT": "7719869444",
    "CITY": "VASAI",
    "DISTRICT": "PALGHAR",
    "STATE": "MAHARASHTRA"
  },
  "BACB0000045": {
    "BANK": "BASSEIN CATHOLIC COOPERATIVE BANK LIMITED",
    "IFSC": "BACB0000045",
    "BRANCH": "NALLASOPARA WEST",
    "ADDRESS": "GALA NO. 1, GROUND FLOOR, LOTUS APARTMENT, SRI PRASTHA COMPLEX, NALLASOPARA WEST, TAL. VASAI, DIST. PALGHAR 401 203",
    "CONTACT": "7719871444",
    "CITY": "VASAI",
    "DISTRICT": "PALGHAR",
    "STATE": "MAHARASHTRA"
  },
  "BACB0000046": {
    "BANK": "BASSEIN CATHOLIC COOPERATIVE BANK LIMITED",
    "IFSC": "BACB0000046",
    "BRANCH": "BHAYANDER EAST",
    "ADDRESS": "FIRST FLOOR, MINI MARKET CO-OPERATIVE HOUSING SOCIETY LTD, B. P. ROAD, BHAYANDER EAST, DIST. THANE 401 105",
    "CONTACT": "7719873444",
    "CITY": "BHAYANDER",
    "DISTRICT": "THANE",
    "STATE": "MAHARASHTRA"
  },
  "BACB0000047": {
    "BANK": "BASSEIN CATHOLIC COOPERATIVE BANK LIMITED",
    "IFSC": "BACB0000047",
    "BRANCH": "GHODBUNDER BRANCH",
    "ADDRESS": "SHOP NO. 1, GROUND FLOOR, VIJAY GALAXY, KAVESAR ROAD, GHODBUNDER, WAGHBIL, VIJAY NAGAR, THANE 400 607",
    "CONTACT": "7888029950",
    "CITY": "THANE",
    "DISTRICT": "THANE",
    "STATE": "MAHARASHTRA"
  },
  "BACB0000048": {
    "BANK": "BASSEIN CATHOLIC COOPERATIVE BANK LIMITED",
    "IFSC": "BACB0000048",
    "BRANCH": "TALASARI BRANCH",
    "ADDRESS": "HOUSE NO. 786, GROUND FLOOR, NATIONAL HIGHWAY NO. 8, S. NO. 26B, TALASARI NAKA, TAL. TALASARI, DIST. PALGHAR 401 606",
    "CONTACT": "7888029951",
    "CITY": "TALASARI",
    "DISTRICT": "PALGHAR",
    "STATE": "MAHARASHTRA"
  },
  "BACB0000049": {
    "BANK": "BASSEIN CATHOLIC COOPERATIVE BANK LIMITED",
    "IFSC": "BACB0000049",
    "BRANCH": "SATIVALI BRANCH",
    "ADDRESS": "COMMERCIAL GALA NO.1,GROUND FLOOR, ANGEL BUSINESS CENTRE, VILLAGE WALIV,SATIVALI, TAL. VASAI, DIST. PALGHAR 401 208",
    "CONTACT": "7888029952",
    "CITY": "VASAI",
    "DISTRICT": "PALGHAR",
    "STATE": "MAHARASHTRA"
  },
  "BACB0000050": {
    "BANK": "BASSEIN CATHOLIC COOPERATIVE BANK LIMITED",
    "IFSC": "BACB0000050",
    "BRANCH": "KELVE BRANCH",
    "ADDRESS": "KELWA ROAD (WEST), GRAMPANCHAYAT VAKSAI, TALATHI SAJA KELWA ROAD, POST KELVE, TAL.PALGHAR 401 401",
    "CONTACT": "7888029955",
    "CITY": "KELVE",
    "DISTRICT": "PALGHAR",
    "STATE": "MAHARASHTRA"
  },
  "BACB0000051": {
    "BANK": "BASSEIN CATHOLIC COOPERATIVE BANK LIMITED",
    "IFSC": "BACB0000051",
    "BRANCH": "CHARKOP KANDIVALI BRANCH",
    "ADDRESS": "D/22, ROCK ENCLAVE CHSL, OPP. JOY ICE CREAM, NEAR HINDUSTAN NAKA, KANDIVALI WEST, MUMBAI 400 067",
    "CONTACT": null,
    "CITY": "MUMBAI",
    "DISTRICT": "MUMBAI",
    "STATE": "MAHARASHTRA"
  },
  "BACB0000052": {
    "BANK": "BASSEIN CATHOLIC COOPERATIVE BANK LIMITED",
    "IFSC": "BACB0000052",
    "BRANCH": "BANDRA WEST BRANCH",
    "ADDRESS": "SHOP NO. 1, GR AND FIRST FLOOR, TURNER HEIGHTS, BANDRA WEST, MUMBAI 400 050",
    "CONTACT": null,
    "CITY": "MUMBAI",
    "DISTRICT": "MUMBAI",
    "STATE": "MAHARASHTRA"
  },
  "BACB0000053": {
    "BANK": "BASSEIN CATHOLIC COOPERATIVE BANK LIMITED",
    "IFSC": "BACB0000053",
    "BRANCH": "BHIWANDI BRANCH",
    "ADDRESS": "GALA NO. 3, KONARK ARCADE BUILDING, NIJAMPUR, BHIWANDI, DIST THANE 421 302",
    "CONTACT": null,
    "CITY": "BHIWANDI",
    "DISTRICT": "THANE",
    "STATE": "MAHARASHTRA"
  },
  "BACB0000054": {
    "BANK": "BASSEIN CATHOLIC COOPERATIVE BANK LIMITED",
    "IFSC": "BACB0000054",
    "BRANCH": "CHANDANSAR VIRAR BRANCH",
    "ADDRESS": "SHOP NO. 1/15, GR FLOOR, MAKWANA COMPLEX, VEER SAVARKAR MARG, CHANDANSAR ROAD, VIRAR EAST 401 305",
    "CONTACT": null,
    "CITY": "VIRAR EAST",
    "DISTRICT": "PALGHAR",
    "STATE": "MAHARASHTRA"
  },
  "BACB0000055": {
    "BANK": "BASSEIN CATHOLIC COOPERATIVE BANK LIMITED",
    "IFSC": "BACB0000055",
    "BRANCH": "DAHISAR WEST BRANCH",
    "ADDRESS": "SHOP NO.9,FLAT NO. 2, AVISHKAR BUILDING, NO.C-1/A,C-1/B, GR. GLOOR, DAHISAR WEST, MUMBAI 400 068",
    "CONTACT": null,
    "CITY": "MUMBAI",
    "DISTRICT": "MUMBAI",
    "STATE": "MAHARASHTRA"
  },
  "BACB0000102": {
    "BANK": "BASSEIN CATHOLIC COOPERATIVE BANK LIMITED",
    "IFSC": "BACB0000102",
    "BRANCH": "BOISAR",
    "ADDRESS": "OSTWAL EMPIRE, OPP. S.T BUS DEPOT, BOISAR (W)",
    "CONTACT": null,
    "CITY": "BOISAR",
    "DISTRICT": "THANE",
    "STATE": "MAHARASHTRA"
  },
  "BACB0000111": {
    "BANK": "BASSEIN CATHOLIC COOPERATIVE BANK LIMITED",
    "IFSC": "BACB0000111",
    "BRANCH": "PUNE",
    "ADDRESS": "JAI GANESH VISION B BUILDING, FAME GANESH MULTIPLEX, AKURDI, PUNE 411035",
    "CONTACT": null,
    "CITY": "PUNE",
    "DISTRICT": "PUNE",
    "STATE": "MAHARASHTRA"
  },
  "BACB0000112": {
    "BANK": "BASSEIN CATHOLIC COOPERATIVE BANK LIMITED",
    "IFSC": "BACB0000112",
    "BRANCH": "PUNE",
    "ADDRESS": "SHOWROOM NO. B, C WING, KPCT MEGHA COMMERCIAL COMPLEX, FATIMANAGAR, WANAVADI, PUNE - 411 013",
    "CONTACT": null,
    "CITY": "FATIMA NAGAR",
    "DISTRICT": "PUNE",
    "STATE": "MAHARASHTRA"
  },
  "BACB0000113": {
    "BANK": "BASSEIN CATHOLIC COOPERATIVE BANK LIMITED",
    "IFSC": "BACB0000113",
    "BRANCH": "CHAKAN BRANCH",
    "ADDRESS": "GAT NO. 2427 OLD,481 NEW,ARYAA PRISM COMMERCIAL COMPLEX,SHOP NO. 2A,2B AND 5, CHAKAN TALEGAON ROAD,CHAKAN, TAL.KHED,DIST. PUNE 410 501",
    "CONTACT": null,
    "CITY": "PUNE",
    "DISTRICT": "PUNE",
    "STATE": "MAHARASHTRA"
  },
  "BACB0000121": {
    "BANK": "BASSEIN CATHOLIC COOPERATIVE BANK LIMITED",
    "IFSC": "BACB0000121",
    "BRANCH": "NASIK",
    "ADDRESS": "SK OPEN MALL, NEXT TO BYK COLLEGE, COLLEGE RD, NASIK 422 005",
    "CONTACT": null,
    "CITY": "NASHIK",
    "DISTRICT": "NASIK",
    "STATE": "MAHARASHTRA"
  },
  "BACB0000122": {
    "BANK": "BASSEIN CATHOLIC COOPERATIVE BANK LIMITED",
    "IFSC": "BACB0000122",
    "BRANCH": "NASHIK ROAD BRANCH",
    "ADDRESS": "SHOP NO. 3,4,5 DESHMUKH BHAVAN, JAIL ROAD, NEAR TALATHI OFFICE, NASHIK ROAD 422101",
    "CONTACT": null,
    "CITY": "NASHIK",
    "DISTRICT": "NASHIK",
    "STATE": "MAHARASHTRA"
  },
  "BACB0000123": {
    "BANK": "BASSEIN CATHOLIC COOPERATIVE BANK LIMITED",
    "IFSC": "BACB0000123",
    "BRANCH": "AHMEDNAGAR BRANCH",
    "ADDRESS": "COMMERCIAL OFFICE NO. 101,109 AND 110, FIRST FLOOR, SAI MIDAS TOUCH, T. P. SCHEME NO. 4, SAVEDI ROAD, AHMEDNAGAR 414003",
    "CONTACT": null,
    "CITY": "AHMEDNAGAR",
    "DISTRICT": "AHMEDNAGAR",
    "STATE": "MAHARASHTRA"
  }
}