{
  "BCBM0000001": {
    "BANK": "BHARAT COOPERATIVE BANK MUMBAI LIMITED",
    "IFSC": "BCBM0000001",
    "BRANCH": "RTGS-HO",
    "ADDRESS": "MOHAN TERRACE, 64/72, MODY STREET, FORT,MUMBAI-400001",
    "CONTACT": 22616174,
    "CITY": "MUMBAI",
    "DISTRICT": "GREATER BOMBAY",
    "STATE": "MAHARASHTRA"
  },
  "BCBM0000002": {
    "BANK": "BHARAT COOPERATIVE BANK MUMBAI LIMITED",
    "IFSC": "BCBM0000002",
    "BRANCH": "MAIN BRANCH",
    "ADDRESS": "45/47, MINT CHAMBERS, MINT ROAD, OPP G.P.O, FORT, MUMBAI 400001",
    "CONTACT": 61890999,
    "CITY": "MUMBAI",
    "DISTRICT": "GREATER BOMBAY",
    "STATE": "MAHARASHTRA"
  },
  "BCBM0000003": {
    "BANK": "BHARAT COOPERATIVE BANK MUMBAI LIMITED",
    "IFSC": "BCBM0000003",
    "BRANCH": "BHANDUP BRANCH",
    "ADDRESS": "GAUTAM UDYOG BHAVAN,GR. FLOOR,  L.B.S.MARG, BHANDUP(WEST),MUMBAI-400078",
    "CONTACT": 65134902,
    "CITY": "MUMBAI",
    "DISTRICT": "GREATER BOMBAY",
    "STATE": "MAHARASHTRA"
  },
  "BCBM0000004": {
    "BANK": "BHARAT COOPERATIVE BANK MUMBAI LIMITED",
    "IFSC": "BCBM0000004",
    "BRANCH": "GOREGAON BRANCH",
    "ADDRESS": "'SHIVGIRI' PLOT NO.11, GROUND FLOOR, SAMANT ESTATE, GOREGAON (EAST), MUMBAI-400063.",
    "CONTACT": 61890301,
    "CITY": "MUMBAI",
    "DISTRICT": "GREATER BOMBAY",
    "STATE": "MAHARASHTRA"
  },
  "BCBM0000005": {
    "BANK": "BHARAT COOPERATIVE BANK MUMBAI LIMITED",
    "IFSC": "BCBM0000005",
    "BRANCH": "CHEMBUR BRANCH",
    "ADDRESS": "GANGANGIRI COMPLEX, 18TH ROAD, NEAR AMBEDKAR GARDEN, CHEMBUR, MUMBAI-400071.",
    "CONTACT": 61890501,
    "CITY": "MUMBAI",
    "DISTRICT": "GREATER BOMBAY",
    "STATE": "MAHARASHTRA"
  },
  "BCBM0000006": {
    "BANK": "BHARAT COOPERATIVE BANK MUMBAI LIMITED",
    "IFSC": "BCBM0000006",
    "BRANCH": "MULUND BRANCH",
    "ADDRESS": "NEELAM NAGAR, BLDG. NO.7, GAVANPADA, MULUND (EAST) MUMBAI-400081",
    "CONTACT": 21635597,
    "CITY": "MUMBAI",
    "DISTRICT": "GREATER BOMBAY",
    "STATE": "MAHARASHTRA"
  },
  "BCBM0000007": {
    "BANK": "BHARAT COOPERATIVE BANK MUMBAI LIMITED",
    "IFSC": "BCBM0000007",
    "BRANCH": "BORIVALI BRANCH",
    "ADDRESS": "B(6 TO 8),  MANDAPESHWAR INDL. PREMISES  CO-OP. SOCIETY LTD., S.V.P. ROAD, BORIVILI(WEST), MUMBAI-400092.",
    "CONTACT": 28926300,
    "CITY": "MUMBAI",
    "DISTRICT": "GREATER BOMBAY",
    "STATE": "MAHARASHTRA"
  },
  "BCBM0000008": {
    "BANK": "BHARAT COOPERATIVE BANK MUMBAI LIMITED",
    "IFSC": "BCBM0000008",
    "BRANCH": "ANDHERI(WEST) BRANCH",
    "ADDRESS": "G-11 A&B, SHALIMAR MORYA PREMISES CO-OP. SOCIETY LTD., SWASTIK IND. ESTATE, ANDHERI(W), ANDHERI(WEST), MUMBAI 400058.",
    "CONTACT": 26742234,
    "CITY": "MUMBAI",
    "DISTRICT": "GREATER BOMBAY",
    "STATE": "MAHARASHTRA"
  },
  "BCBM0000009": {
    "BANK": "BHARAT COOPERATIVE BANK MUMBAI LIMITED",
    "IFSC": "BCBM0000009",
    "BRANCH": "ANDHERI(EAST) BRANCH",
    "ADDRESS": "6 & 106, TOWN CENTRE, NEAR MITTAL INDUSTRIAL ESTATE, ANDHERI-KURLA RD., ANDHERI(EAST), MUMBAI-400059.",
    "CONTACT": 61890700,
    "CITY": "MUMBAI",
    "DISTRICT": "GREATER BOMBAY",
    "STATE": "MAHARASHTRA"
  },
  "BCBM0000010": {
    "BANK": "BHARAT COOPERATIVE BANK MUMBAI LIMITED",
    "IFSC": "BCBM0000010",
    "BRANCH": "GHATKOPAR BRANCH",
    "ADDRESS": "103 TO 106, JYOTI CHAMBERS, 1ST FLOOR, JUNCTION OF J.V. RD. & HIRACHAND DESAI RD., GHATKOPAR (WEST) MUMBAI-400086.",
    "CONTACT": 25155347,
    "CITY": "MUMBAI",
    "DISTRICT": "GREATER BOMBAY",
    "STATE": "MAHARASHTRA"
  },
  "BCBM0000011": {
    "BANK": "BHARAT COOPERATIVE BANK MUMBAI LIMITED",
    "IFSC": "BCBM0000011",
    "BRANCH": "DAHISAR BRANCH",
    "ADDRESS": "SARITA II, 1ST FLOOR, PRABHAT INDL. & RES. COMPLEX, OPP TOLL PLAZA, DAHISAR (EAST), MUMBAI-400068.",
    "CONTACT": 28963793,
    "CITY": "MUMBAI",
    "DISTRICT": "GREATER BOMBAY",
    "STATE": "MAHARASHTRA"
  },
  "BCBM0000012": {
    "BANK": "BHARAT COOPERATIVE BANK MUMBAI LIMITED",
    "IFSC": "BCBM0000012",
    "BRANCH": "KALINA BRANCH",
    "ADDRESS": "GEESE CO-OP.HOUSING SOCIETY LTD. OPP. VIDYANAGRI UNIVERSITY COMPLEX, KALINA, SANTACRUZ (EAST), MUMBAI-400098",
    "CONTACT": 26652258,
    "CITY": "MUMBAI",
    "DISTRICT": "GREATER BOMBAY",
    "STATE": "MAHARASHTRA"
  },
  "BCBM0000013": {
    "BANK": "BHARAT COOPERATIVE BANK MUMBAI LIMITED",
    "IFSC": "BCBM0000013",
    "BRANCH": "VILE PARLE BRANCH",
    "ADDRESS": "FIRST FLOOR, SUNCITY THEATRES, OPP. SHAAN TALKIES, MAHATMA GANDHI ROAD, VILE PARLE (EAST), MUMBAI-400057.",
    "CONTACT": 26169814,
    "CITY": "MUMBAI",
    "DISTRICT": "GREATER BOMBAY",
    "STATE": "MAHARASHTRA"
  },
  "BCBM0000014": {
    "BANK": "BHARAT COOPERATIVE BANK MUMBAI LIMITED",
    "IFSC": "BCBM0000014",
    "BRANCH": "BANDRA BRANCH",
    "ADDRESS": "NADABRAMHA MANDIR, GROUND FLOOR,  MADHUSUDAN KALEKAR MARG. KALANAGAR, BANDRA (EAST) MUMBAI-400051",
    "CONTACT": 26590742,
    "CITY": "MUMBAI",
    "DISTRICT": "GREATER BOMBAY",
    "STATE": "MAHARASHTRA"
  },
  "BCBM0000015": {
    "BANK": "BHARAT COOPERATIVE BANK MUMBAI LIMITED",
    "IFSC": "BCBM0000015",
    "BRANCH": "GOVANDI BRANCH",
    "ADDRESS": "UNIT NO. 3 & 5, GROUND FLOOR, VIKRANT INDUSTRIAL ESTATE, GOVANDI MUMBAI-400088.",
    "CONTACT": 25579505,
    "CITY": "MUMBAI",
    "DISTRICT": "GREATER BOMBAY",
    "STATE": "MAHARASHTRA"
  },
  "BCBM0000016": {
    "BANK": "BHARAT COOPERATIVE BANK MUMBAI LIMITED",
    "IFSC": "BCBM0000016",
    "BRANCH": "KANDIVLI(WEST) BRANCH",
    "ADDRESS": "FIRST FLR. NAND DHAM, M. G. CROSS ROAD NO. 1, KANDIVILI WEST,MUMBAI 400067",
    "CONTACT": 28637020,
    "CITY": "MUMBAI",
    "DISTRICT": "GREATER BOMBAY",
    "STATE": "MAHARASHTRA"
  },
  "BCBM0000017": {
    "BANK": "BHARAT COOPERATIVE BANK MUMBAI LIMITED",
    "IFSC": "BCBM0000017",
    "BRANCH": "THANE BRANCH",
    "ADDRESS": "PANAMA PLANET 1ST FLOOR, OPP AMRUTA HOTEL GOKHALE ROAD, NAUPADA,THANE (WEST) 401602",
    "CONTACT": 25376552,
    "CITY": "THANE",
    "DISTRICT": "THANE",
    "STATE": "MAHARASHTRA"
  },
  "BCBM0000018": {
    "BANK": "BHARAT COOPERATIVE BANK MUMBAI LIMITED",
    "IFSC": "BCBM0000018",
    "BRANCH": "MIRAROAD BRANCH",
    "ADDRESS": "218, (A), A-WING, SHANTI COMMERCIAL COMPLEX, MIRA ROAD, (EAST), DIST THANE 401107.",
    "CONTACT": 28106193,
    "CITY": "THANE",
    "DISTRICT": "THANE",
    "STATE": "MAHARASHTRA"
  },
  "BCBM0000019": {
    "BANK": "BHARAT COOPERATIVE BANK MUMBAI LIMITED",
    "IFSC": "BCBM0000019",
    "BRANCH": "BHANDUP VILLAGE ROAD BRANCH",
    "ADDRESS": "SAI ASHISH, SANGEETKAR SUDHIR PHADKE MARGVILLAGE ROAD, BHANDUP (WEST) MUMBAI-400078.",
    "CONTACT": 25661386,
    "CITY": "MUMBAI",
    "DISTRICT": "GREATER BOMBAY",
    "STATE": "MAHARASHTRA"
  },
  "BCBM0000020": {
    "BANK": "BHARAT COOPERATIVE BANK MUMBAI LIMITED",
    "IFSC": "BCBM0000020",
    "BRANCH": "VASHI BRANCH",
    "ADDRESS": "2,'F' TYPE BUILDING,SECTOR 6, VASHI, NAVI MUMBAI-400703.",
    "CONTACT": 27824385,
    "CITY": "MUMBAI",
    "DISTRICT": "GREATER BOMBAY",
    "STATE": "MAHARASHTRA"
  },
  "BCBM0000021": {
    "BANK": "BHARAT COOPERATIVE BANK MUMBAI LIMITED",
    "IFSC": "BCBM0000021",
    "BRANCH": "DOMBIVLI BRANCH",
    "ADDRESS": "GR. FLOOR, NEELKANTH CHS LTD., FATEH ALI ROAD, BEHIND KDMC OFFICE, DOMBIVILI (EAST) 421201.",
    "CONTACT": 2861403,
    "CITY": "DOMBIVLI",
    "DISTRICT": "THANE",
    "STATE": "MAHARASHTRA"
  },
  "BCBM0000022": {
    "BANK": "BHARAT COOPERATIVE BANK MUMBAI LIMITED",
    "IFSC": "BCBM0000022",
    "BRANCH": "K.H. ROAD BRANCH",
    "ADDRESS": "MONEY TERRACE, K.H ROAD (DOUBLE ROAD), BANGALORE 560027.",
    "CONTACT": 2291942,
    "CITY": "BANGALORE",
    "DISTRICT": "BANGALORE URBAN",
    "STATE": "KARNATAKA"
  },
  "BCBM0000023": {
    "BANK": "BHARAT COOPERATIVE BANK MUMBAI LIMITED",
    "IFSC": "BCBM0000023",
    "BRANCH": "MALLESHWARAM BRANCH",
    "ADDRESS": "SRI NANJUNDESHWARA COMPLEX, NO. 16, 1ST FLOOR, 10TH CROSS, SAMPIGE ROAD, MALLESWARAM, BANGALORE 560003",
    "CONTACT": 23347755,
    "CITY": "BANGALORE",
    "DISTRICT": "BANGALORE URBAN",
    "STATE": "KARNATAKA"
  },
  "BCBM0000024": {
    "BANK": "BHARAT COOPERATIVE BANK MUMBAI LIMITED",
    "IFSC": "BCBM0000024",
    "BRANCH": "INDIRA NAGAR BRANCH",
    "ADDRESS": "# 623, 11TH MAIN, HAL, II STAGE, 80 FEET ROAD, INDIRA NAGAR, BANGALORE 560038",
    "CONTACT": "2528 1785",
    "CITY": "BANGALORE",
    "DISTRICT": "BANGALORE URBAN",
    "STATE": "KARNATAKA"
  },
  "BCBM0000025": {
    "BANK": "BHARAT COOPERATIVE BANK MUMBAI LIMITED",
    "IFSC": "BCBM0000025",
    "BRANCH": "VASAI ROAD BRANCH",
    "ADDRESS": "VARUN, 1ST FLOOR, PLOT NO.8, AMBADI MAIN ROAD, VASAI (WEST), 401202, DIST THANE",
    "CONTACT": 330308.0,
    "CITY": "THANE",
    "DISTRICT": "THANE",
    "STATE": "MAHARASHTRA"
  },
  "BCBM0000026": {
    "BANK": "BHARAT COOPERATIVE BANK MUMBAI LIMITED",
    "IFSC": "BCBM0000026",
    "BRANCH": "HAMPANKATTA BRANCH",
    "ADDRESS": "CLASSIQUE ARCADE, K.S.RAO ROAD, HAMPANKATTA , MANAGALORE 575001.",
    "CONTACT": 421076.0,
    "CITY": "MANGALORE",
    "DISTRICT": "DAKSHINA KANNADA",
    "STATE": "KARNATAKA"
  },
  "BCBM0000027": {
    "BANK": "BHARAT COOPERATIVE BANK MUMBAI LIMITED",
    "IFSC": "BCBM0000027",
    "BRANCH": "BHIWANDI BRANCH",
    "ADDRESS": "R.K.BUSINESS CENTRE, 1ST FLR, NEAR STATE BANK OF INDIA, AGRA ROAD, BHIWANDI-421302, DIST- THANE.",
    "CONTACT": 220444.0,
    "CITY": "THANE",
    "DISTRICT": "THANE",
    "STATE": "MAHARASHTRA"
  },
  "BCBM0000028": {
    "BANK": "BHARAT COOPERATIVE BANK MUMBAI LIMITED",
    "IFSC": "BCBM0000028",
    "BRANCH": "MALAD BRANCH",
    "ADDRESS": "MONALISA APARTMENT , KASTURBA ROAD, MALAD (WEST), MUMBAI-400064.",
    "CONTACT": 28803811,
    "CITY": "MUMBAI",
    "DISTRICT": "GREATER BOMBAY",
    "STATE": "MAHARASHTRA"
  },
  "BCBM0000029": {
    "BANK": "BHARAT COOPERATIVE BANK MUMBAI LIMITED",
    "IFSC": "BCBM0000029",
    "BRANCH": "SANTACRUZ BRANCH",
    "ADDRESS": "RIZVI PARK, S.V. ROAD, SANTCRUZ(WEST), MUMBAI-400054.",
    "CONTACT": 26141980,
    "CITY": "MUMBAI",
    "DISTRICT": "GREATER BOMBAY",
    "STATE": "MAHARASHTRA"
  },
  "BCBM0000030": {
    "BANK": "BHARAT COOPERATIVE BANK MUMBAI LIMITED",
    "IFSC": "BCBM0000030",
    "BRANCH": "LAMINGTON ROAD",
    "ADDRESS": "GR. FLR, APSARA CINEMA PVT LTD, DADASAHEB BHADKAMKAR MARG, GRANT ROAD (EAST), MUMBAI-400007.",
    "CONTACT": 23090235,
    "CITY": "MUMBAI",
    "DISTRICT": "GREATER BOMBAY",
    "STATE": "MAHARASHTRA"
  },
  "BCBM0000031": {
    "BANK": "BHARAT COOPERATIVE BANK MUMBAI LIMITED",
    "IFSC": "BCBM0000031",
    "BRANCH": "DADAR BRANCH",
    "ADDRESS": "SHOP NO. 4 & 5, SWAPNA BHOOMI, GR.FLOOR, S.K.BHOLE ROAD, DADAR (WEST) MUMBAI-400028.",
    "CONTACT": "2438 5155",
    "CITY": "MUMBAI",
    "DISTRICT": "GREATER BOMBAY",
    "STATE": "MAHARASHTRA"
  },
  "BCBM0000032": {
    "BANK": "BHARAT COOPERATIVE BANK MUMBAI LIMITED",
    "IFSC": "BCBM0000032",
    "BRANCH": "DHANKAWADI, PUNE",
    "ADDRESS": "GR. FLOOR, PANCHARATNA HEIGHTS, CHAITANYA NAGAR, PUNE-SATARA ROAD, DHANKAWADI, PUNE - 411043",
    "CONTACT": 24362698,
    "CITY": "PUNE",
    "DISTRICT": "PUNE",
    "STATE": "MAHARASHTRA"
  },
  "BCBM0000033": {
    "BANK": "BHARAT COOPERATIVE BANK MUMBAI LIMITED",
    "IFSC": "BCBM0000033",
    "BRANCH": "UDIPI",
    "ADDRESS": "GROUND FLOOR, VASUKI, NEAR TALUK OFFICE, (BEHIND DISTRICT COURT, NEXT TO VISHWAS COMMERCIALS), UDIPI - 576 101.",
    "CONTACT": 2525620,
    "CITY": "UDIPI",
    "DISTRICT": "UDUPI",
    "STATE": "KARNATAKA"
  },
  "BCBM0000034": {
    "BANK": "BHARAT COOPERATIVE BANK MUMBAI LIMITED",
    "IFSC": "BCBM0000034",
    "BRANCH": "PANVEL BRANCH",
    "ADDRESS": "SHOP NO. 1, 2 & 3 GR. FLOOR, SHREE SAHAY GALAXY, PLOT NO. 205/74, PANVEL - 410 206",
    "CONTACT": 27492101,
    "CITY": "MUMBAI",
    "DISTRICT": "RAIGAD",
    "STATE": "MAHARASHTRA"
  },
  "BCBM0000035": {
    "BANK": "BHARAT COOPERATIVE BANK MUMBAI LIMITED",
    "IFSC": "BCBM0000035",
    "BRANCH": "JAYANAGAR",
    "ADDRESS": "SHIVA SADAN, 9TH MAIN ROAD, 5TH BLOCK, JAYANAGAR, BANGALORE - 560 041.",
    "CONTACT": 22446030,
    "CITY": "BANGALORE",
    "DISTRICT": "BANGALORE",
    "STATE": "KARNATAKA"
  },
  "BCBM0000036": {
    "BANK": "BHARAT COOPERATIVE BANK MUMBAI LIMITED",
    "IFSC": "BCBM0000036",
    "BRANCH": "SURATKAL",
    "ADDRESS": "VEENU COMPLEX, NATIONAL HIGHWAY, NEXT TO NATRAJ THEATRE, SURATKAL, MANGALORE - 574158",
    "CONTACT": 2477076,
    "CITY": "SURATKAL",
    "DISTRICT": "MANGALORE",
    "STATE": "KARNATAKA"
  },
  "BCBM0000037": {
    "BANK": "BHARAT COOPERATIVE BANK MUMBAI LIMITED",
    "IFSC": "BCBM0000037",
    "BRANCH": "GOREGAON WEST",
    "ADDRESS": "SHREE CHINTAMANI CHS LTD., M. G. ROAD, NEAR WAMAN HARI PETHE JEWELLERS, GOREGAON (WEST) MUMBAI -62",
    "CONTACT": 65669501,
    "CITY": "MUMBAI",
    "DISTRICT": "GREATER BOMBAY",
    "STATE": "MAHARASHTRA"
  },
  "BCBM0000038": {
    "BANK": "BHARAT COOPERATIVE BANK MUMBAI LIMITED",
    "IFSC": "BCBM0000038",
    "BRANCH": "BHAYANDER (EAST)",
    "ADDRESS": "SHOP NO. 5 & 11, ANIL NIWAS, B. P. ROAD, GODDEV NAKA, BHAYANDER [EAST), DIST THANE ┬û 401 101.",
    "CONTACT": 28152265,
    "CITY": "MUMBAI",
    "DISTRICT": "THANE",
    "STATE": "MAHARASHTRA"
  },
  "BCBM0000039": {
    "BANK": "BHARAT COOPERATIVE BANK MUMBAI LIMITED",
    "IFSC": "BCBM0000039",
    "BRANCH": "GHANSOLI",
    "ADDRESS": "SHIV COMPLEX, PLOT NO.14/15, SECTOR-4, GHANSOLI, NAVI MUMBAI 400 701",
    "CONTACT": 27548341,
    "CITY": "NAVI MUMBAI",
    "DISTRICT": "THANE",
    "STATE": "MAHARASHTRA"
  },
  "BCBM0000040": {
    "BANK": "BHARAT COOPERATIVE BANK MUMBAI LIMITED",
    "IFSC": "BCBM0000040",
    "BRANCH": "JOGESHWARI (EAST)",
    "ADDRESS": "DINBHAI CHS LTD., NEAR SBI, CAVES ROAD, JOGESHWARI (EAST), MUMBAI 400 060",
    "CONTACT": 28310527,
    "CITY": "MUMBAI",
    "DISTRICT": "GREATER BOMBAY",
    "STATE": "MAHARASHTRA"
  },
  "BCBM0000041": {
    "BANK": "BHARAT COOPERATIVE BANK MUMBAI LIMITED",
    "IFSC": "BCBM0000041",
    "BRANCH": "KALYAN",
    "ADDRESS": "GROUND FLOOR, SUCHAK HOSPITAL BUILDING, AGRA ROAD, KALYAN 421301",
    "CONTACT": 2310011,
    "CITY": "KALYAN",
    "DISTRICT": "THANE",
    "STATE": "MAHARASHTRA"
  },
  "BCBM0000042": {
    "BANK": "BHARAT COOPERATIVE BANK MUMBAI LIMITED",
    "IFSC": "BCBM0000042",
    "BRANCH": "PUTTUR BRANCH",
    "ADDRESS": "OM ARCADE 1-659A, NEAR MAYURA TALKIES, BOLVAR, PUTTUR-574201, DAKSHINA KANNADA.",
    "CONTACT": 233241.0,
    "CITY": "MANGALORE",
    "DISTRICT": "DAKSHIN KANNADA",
    "STATE": "KARNATAKA"
  },
  "BCBM0000043": {
    "BANK": "BHARAT COOPERATIVE BANK MUMBAI LIMITED",
    "IFSC": "BCBM0000043",
    "BRANCH": "KANDIVALI (EAST)",
    "ADDRESS": "4,GROUND FLOOR,SVITLAND,NEAR SAIDHAM, NR WESTERN EXPRESS HIGHWAY,KANDIVALI (E) MUMBAI-400101",
    "CONTACT": 28543356,
    "CITY": "MUMBAI",
    "DISTRICT": "GREATER BOMBAY",
    "STATE": "MAHARASHTRA"
  },
  "BCBM0000044": {
    "BANK": "BHARAT COOPERATIVE BANK MUMBAI LIMITED",
    "IFSC": "BCBM0000044",
    "BRANCH": "GHODBUNDER ROAD",
    "ADDRESS": "GROUND FLOOR \"DISPLAY SHOP C \" SOLITAIRE TOWERS, CHITALSAT, MANPADA, GHODBUNDER ROAD, THANE (W) 400 607",
    "CONTACT": 25892531,
    "CITY": "MUMBAI",
    "DISTRICT": "THANE",
    "STATE": "MAHARASHTRA"
  },
  "BCBM0000045": {
    "BANK": "BHARAT COOPERATIVE BANK MUMBAI LIMITED",
    "IFSC": "BCBM0000045",
    "BRANCH": "PIMPRI CHINCHWAD",
    "ADDRESS": "SHOP NO B/17 & 18, EMPIRE ESTATE, CHINCHWAD, PUNE 411 019",
    "CONTACT": 27443535,
    "CITY": "PIMPRI CHINCHWAD",
    "DISTRICT": "PUNE",
    "STATE": "MAHARASHTRA"
  },
  "BCBM0000046": {
    "BANK": "BHARAT COOPERATIVE BANK MUMBAI LIMITED",
    "IFSC": "BCBM0000046",
    "BRANCH": "PEENYA",
    "ADDRESS": "1ST CROSS,1ST  STAGE, PEENYA INDUSTRIAL  ESTATE, BENGALURU",
    "CONTACT": 8391995,
    "CITY": "PEENYA",
    "DISTRICT": "BANGALORE",
    "STATE": "KARNATAKA"
  },
  "BCBM0000047": {
    "BANK": "BHARAT COOPERATIVE BANK MUMBAI LIMITED",
    "IFSC": "BCBM0000047",
    "BRANCH": "MOODABIDRI",
    "ADDRESS": "HOTEL VEENU SKY PLAZA, MOODBIDRI KARKALA ROAD, TAL MANGALORE, KARNATAKA STATE 574227",
    "CONTACT": 238700.0,
    "CITY": "MOODABIDRI",
    "DISTRICT": "MOODABIDRI",
    "STATE": "KARNATAKA"
  },
  "BCBM0000048": {
    "BANK": "BHARAT COOPERATIVE BANK MUMBAI LIMITED",
    "IFSC": "BCBM0000048",
    "BRANCH": "KALWA",
    "ADDRESS": "GR. FLOOR, KAVERI HEIGHTS, OLD BOMBAY PUNE ROAD, KHAREGAON, KALWA (WEST), THANE 400605",
    "CONTACT": 25366238,
    "CITY": "THANE",
    "DISTRICT": "THANE",
    "STATE": "MAHARASHTRA"
  },
  "BCBM0000049": {
    "BANK": "BHARAT COOPERATIVE BANK MUMBAI LIMITED",
    "IFSC": "BCBM0000049",
    "BRANCH": "KARKALA",
    "ADDRESS": "1ST FLOOR, SOVEREIGN BLDG., OPP. MANNAGOPURA, A.S.ROAD, KARKALA 574104",
    "CONTACT": 235780.0,
    "CITY": "KARKALA",
    "DISTRICT": "UDIPI",
    "STATE": "KARNATAKA"
  },
  "BCBM0000050": {
    "BANK": "BHARAT COOPERATIVE BANK MUMBAI LIMITED",
    "IFSC": "BCBM0000050",
    "BRANCH": "KUNDAPURA",
    "ADDRESS": "VEENU COMPLEX, MAIN RAOD, NEAR BUS STAND, OPP CANARA BANK, DIST: UDUPI, KARNATAKA STATE 576 201",
    "CONTACT": 234620.0,
    "CITY": "UDUPI",
    "DISTRICT": "UDIPI",
    "STATE": "KARNATAKA"
  },
  "BCBM0000051": {
    "BANK": "BHARAT COOPERATIVE BANK MUMBAI LIMITED",
    "IFSC": "BCBM0000051",
    "BRANCH": "BUNTWAL",
    "ADDRESS": "TRADE CENTER, MAIN ROAD, B.C. ROAD, BANTWAL, DIST- DAKSHINA KANNADA, KARNATAKA STATE┬á 574 219",
    "CONTACT": 230176.0,
    "CITY": "BANTVAL",
    "DISTRICT": "DAKSHIN KANNAD",
    "STATE": "KARNATAKA"
  },
  "BCBM0000052": {
    "BANK": "BHARAT COOPERATIVE BANK MUMBAI LIMITED",
    "IFSC": "BCBM0000052",
    "BRANCH": "NASHIK",
    "ADDRESS": "GROUND FLOOR, RUSHIRAJ ANNEX,D'SOUZA COLONY,OPP. COLLEGE ROAD, NASHIK 422 005",
    "CONTACT": 2340455,
    "CITY": "NASHIK",
    "DISTRICT": "NASIK",
    "STATE": "MAHARASHTRA"
  },
  "BCBM0000053": {
    "BANK": "BHARAT COOPERATIVE BANK MUMBAI LIMITED",
    "IFSC": "BCBM0000053",
    "BRANCH": "MULUND WEST",
    "ADDRESS": "GROUND FLOOR, HANSA VILLA, J. N. ROAD, NEAR APNA BAZAR, MULUND (WEST), MUMBAI 400 080",
    "CONTACT": 25646574,
    "CITY": "MUMBAI",
    "DISTRICT": "GREATER BOMBAY",
    "STATE": "MAHARASHTRA"
  },
  "BCBM0000054": {
    "BANK": "BHARAT COOPERATIVE BANK MUMBAI LIMITED",
    "IFSC": "BCBM0000054",
    "BRANCH": "MULKI",
    "ADDRESS": "SHAMBHAVI COMPLEX, NEAR BUS STAND, MULKY 574154",
    "CONTACT": 2294001,
    "CITY": "MULKI",
    "DISTRICT": "DAKSHIN KANNAD",
    "STATE": "KARNATAKA"
  },
  "BCBM0000055": {
    "BANK": "BHARAT COOPERATIVE BANK MUMBAI LIMITED",
    "IFSC": "BCBM0000055",
    "BRANCH": "DHARAVI WEST",
    "ADDRESS": "GROUND FLOOR, GOLD FILLED PLAZA, SION BANDRA LINK ROAD, MUMBAI 400 017",
    "CONTACT": 24023218,
    "CITY": "MUMBAI",
    "DISTRICT": "GREATER BOMBAY",
    "STATE": "MAHARASHTRA"
  },
  "BCBM0000056": {
    "BANK": "BHARAT COOPERATIVE BANK MUMBAI LIMITED",
    "IFSC": "BCBM0000056",
    "BRANCH": "KURLA WEST",
    "ADDRESS": "GROUND FLOOR, KESHAV BAUG CHS LTD., 170 LBS MARG, KURLA WEST, MUMBAI 400 070",
    "CONTACT": 25039068,
    "CITY": "MUMBAI",
    "DISTRICT": "GREATER BOMBAY",
    "STATE": "MAHARASHTRA"
  },
  "BCBM0000057": {
    "BANK": "BHARAT COOPERATIVE BANK MUMBAI LIMITED",
    "IFSC": "BCBM0000057",
    "BRANCH": "VIRAR WEST",
    "ADDRESS": "UNIT 1-2, POONAM KALPAVRUKSH, VIRAT NAGAR, VIRAR WEST, THANE 401303",
    "CONTACT": 9867339063.0,
    "CITY": "THANE",
    "DISTRICT": "THANE",
    "STATE": "MAHARASHTRA"
  },
  "BCBM0000058": {
    "BANK": "BHARAT COOPERATIVE BANK MUMBAI LIMITED",
    "IFSC": "BCBM0000058",
    "BRANCH": "UJIRE",
    "ADDRESS": "SAIRAM CENTRAL, 1ST FLOOR, BELAL CROSS, UJIRE, DIST. DAKSHINA KANNADA 574240",
    "CONTACT": 9967227398.0,
    "CITY": "MANGALORE",
    "DISTRICT": "DAKSHIN KANNAD",
    "STATE": "KARNATAKA"
  },
  "BCBM0000059": {
    "BANK": "BHARAT COOPERATIVE BANK MUMBAI LIMITED",
    "IFSC": "BCBM0000059",
    "BRANCH": "KANKANADY",
    "ADDRESS": "EXOTICA, GR. FLOOR, BALMATTA ROAD, KANKANADY, MANGALORE DIST. DAKSHINA KANNADA 575002.",
    "CONTACT": 9820947734.0,
    "CITY": "MANGALORE",
    "DISTRICT": "DAKSHIN KANNAD",
    "STATE": "KARNATAKA"
  },
  "BCBM0000060": {
    "BANK": "BHARAT COOPERATIVE BANK MUMBAI LIMITED",
    "IFSC": "BCBM0000060",
    "BRANCH": "WADALA",
    "ADDRESS": "SHOP NO 2,3 & 4, GR FLR, SHREE KRISHNA GYAN MANDIR PATSHALA BLDG., STATION RD, WADALA, MUMBAI 400031",
    "CONTACT": 9821499966.0,
    "CITY": "MUMBAI",
    "DISTRICT": "GREATER BOMBAY",
    "STATE": "MAHARASHTRA"
  },
  "BCBM0000061": {
    "BANK": "BHARAT COOPERATIVE BANK MUMBAI LIMITED",
    "IFSC": "BCBM0000061",
    "BRANCH": "NERUL",
    "ADDRESS": "SHOP NO 22, 23 AND 24, KRISHNA KAMAL CHS, SECTOR 21, NERUL, NAVI MUMBAI 400706.",
    "CONTACT": 61890107,
    "CITY": "NAVI MUMBAI",
    "DISTRICT": "THANE",
    "STATE": "MAHARASHTRA"
  },
  "BCBM0000062": {
    "BANK": "BHARAT COOPERATIVE BANK MUMBAI LIMITED",
    "IFSC": "BCBM0000062",
    "BRANCH": "ANJUR PHATA BHIWANDI",
    "ADDRESS": "FIRST FLOOR, NAVKAR HEIGHTS A, ANJUR PHATA, TAL BHIWANDI, THANE 421302",
    "CONTACT": 61890107,
    "CITY": "THANE",
    "DISTRICT": "THANE",
    "STATE": "MAHARASHTRA"
  },
  "BCBM0000063": {
    "BANK": "BHARAT COOPERATIVE BANK MUMBAI LIMITED",
    "IFSC": "BCBM0000063",
    "BRANCH": "NALLASOPARA WEST",
    "ADDRESS": "102,103,104 NEW PATANKAR CHS LTD., NILEMORE, NALLASOPARA WEST, THANE 401203",
    "CONTACT": 61890107,
    "CITY": "THANE",
    "DISTRICT": "THANE",
    "STATE": "MAHARASHTRA"
  },
  "BCBM0000064": {
    "BANK": "BHARAT COOPERATIVE BANK MUMBAI LIMITED",
    "IFSC": "BCBM0000064",
    "BRANCH": "KOPARKHAIRNE",
    "ADDRESS": "SHUBHAM BLDG., SHOP NO. 3 AND 4, PLOT 77, SEC 18, KOPARKHAIRNE, NAVIMUMBAI 400709",
    "CONTACT": 61890107,
    "CITY": "NAVI MUMBAI",
    "DISTRICT": "GREATER BOMBAY",
    "STATE": "MAHARASHTRA"
  },
  "BCBM0000065": {
    "BANK": "BHARAT COOPERATIVE BANK MUMBAI LIMITED",
    "IFSC": "BCBM0000065",
    "BRANCH": "LONAVALA",
    "ADDRESS": "GROUND FLOOR,AGARWAL BLDG,78 G WARD,BHAJI MARKET ROAD,LONAVALA DIST PUNE",
    "CONTACT": 61890107,
    "CITY": "PUNE",
    "DISTRICT": "PUNE",
    "STATE": "MAHARASHTRA"
  },
  "BCBM0000066": {
    "BANK": "BHARAT COOPERATIVE BANK MUMBAI LIMITED",
    "IFSC": "BCBM0000066",
    "BRANCH": "VIKHROLI",
    "ADDRESS": "GR FLR,VIKHROLI SHIV KRUPA INDL. PREMISES CHS,LBS MARG,VIKHROLI WEST, MUMBAI 400083",
    "CONTACT": 61890106,
    "CITY": "MUMBAI",
    "DISTRICT": "GREATER BOMBAY",
    "STATE": "MAHARASHTRA"
  },
  "BCBM0000067": {
    "BANK": "BHARAT COOPERATIVE BANK MUMBAI LIMITED",
    "IFSC": "BCBM0000067",
    "BRANCH": "VILE PARLE WEST",
    "ADDRESS": "SHOP NO 1,GROUND FLOOR,M L SPACES,DASHRATHLAL JOSHI MARG,STATION ROAD,VILE PARLE WEST MUMBAI 400056",
    "CONTACT": 61890107,
    "CITY": "MUMBAI",
    "DISTRICT": "GREATER BOMBAY",
    "STATE": "MAHARASHTRA"
  },
  "BCBM0000068": {
    "BANK": "BHARAT COOPERATIVE BANK MUMBAI LIMITED",
    "IFSC": "BCBM0000068",
    "BRANCH": "PAREL",
    "ADDRESS": "ROYALE IMPERIA, GROUND FLOOR, SHOP NO.1 TO 4,PLOT NO. 105,CHARMAR BAUG ROAD,PAREL MUMBAI 400012",
    "CONTACT": 61890107,
    "CITY": "MUMBAI",
    "DISTRICT": "GREATER BOMBAY",
    "STATE": "MAHARASHTRA"
  },
  "BCBM0000069": {
    "BANK": "BHARAT COOPERATIVE BANK MUMBAI LIMITED",
    "IFSC": "BCBM0000069",
    "BRANCH": "ANDHERI EAST MAHAKALI CAVES ROAD BRANCH",
    "ADDRESS": "PLOT NO.1, RAMYA JEEVAN COOP HOUSING SOCIETY LTD, MAHAKALI CAVES ROAD, ANDHERI EAST, MUMBAI 400093",
    "CONTACT": 61890106,
    "CITY": "MUMBAI",
    "DISTRICT": "MUMBAI",
    "STATE": "MAHARASHTRA"
  },
  "BCBM0000070": {
    "BANK": "BHARAT COOPERATIVE BANK MUMBAI LIMITED",
    "IFSC": "BCBM0000070",
    "BRANCH": "BANDRA WEST",
    "ADDRESS": "GROUND FLOOR,SHOP NO.1,PLOT NO.368,HOTEL SIDDHARTH BLDG, SHRI SAI GURU AASHISH BLDG,NEXT TO BANDRA LAKE, SWAMI VIVEKANAND ROAD, BANDRA WEST MUMBAI 400050",
    "CONTACT": 26417602,
    "CITY": "MUMBAI",
    "DISTRICT": "GREATER BOMBAY",
    "STATE": "MAHARASHTRA"
  },
  "BCBM0000071": {
    "BANK": "BHARAT COOPERATIVE BANK MUMBAI LIMITED",
    "IFSC": "BCBM0000071",
    "BRANCH": "MALAD EAST - KOKNIPADA",
    "ADDRESS": "FIRST FLOOR OF COSMIC HERITAGE,SHOP NO.2, G.G. MAHAKARI MARG, KOKNIPADA, MALAD EAST, MUMBAI - 400097",
    "CONTACT": 61890107,
    "CITY": "MUMBAI",
    "DISTRICT": "GREATER BOMBAY",
    "STATE": "MAHARASHTRA"
  },
  "BCBM0000072": {
    "BANK": "BHARAT COOPERATIVE BANK MUMBAI LIMITED",
    "IFSC": "BCBM0000072",
    "BRANCH": "VAPI",
    "ADDRESS": "GROUND FLOOR OF STOP AND GO COMPLEX,DAMAN ROAD,NEAR DABHEL CHECK POST,VAPI,VALSAD - 396191",
    "CONTACT": 61890000,
    "CITY": "VAPI",
    "DISTRICT": "VALSAD",
    "STATE": "GUJARAT"
  },
  "BCBM0000073": {
    "BANK": "BHARAT COOPERATIVE BANK MUMBAI LIMITED",
    "IFSC": "BCBM0000073",
    "BRANCH": "KANJURMARG EAST",
    "ADDRESS": "GALA NO.1 AND 2,GROUND FLOOR OF SHREE KUTCHHI BRAHMA KSHATRIYA PANCHAYAT, NEAR CROMPTON GREAVES CO, KANJUR VILLAGE ROAD,KANJURMARG EAST, MUMBAI-400042",
    "CONTACT": 61890000,
    "CITY": "MUMBAI",
    "DISTRICT": "GREATER BOMBAY",
    "STATE": "MAHARASHTRA"
  },
  "BCBM0000074": {
    "BANK": "BHARAT COOPERATIVE BANK MUMBAI LIMITED",
    "IFSC": "BCBM0000074",
    "BRANCH": "AMBERNATH EAST",
    "ADDRESS": "SHOP NO.4 AND 5, GODAVARI HEIGHTS, NEAR DATTA MANDIR, BAJIPRABHU DESHPANDE ROAD, VADAVLI, AMBERNATH EAST, DIST-THANE 421501",
    "CONTACT": 61890000,
    "CITY": "AMBERNATH",
    "DISTRICT": "THANE",
    "STATE": "MAHARASHTRA"
  },
  "BCBM0000075": {
    "BANK": "BHARAT COOPERATIVE BANK MUMBAI LIMITED",
    "IFSC": "BCBM0000075",
    "BRANCH": "BOISAR",
    "ADDRESS": "GROUND FLOOR,SANMAN APARTMENTS,NEAR RAM MANDIR,NAVPUR ROAD,SARAVALI VILLAGE,BOISAR,DIST PALGHAR - 401501",
    "CONTACT": 61890000,
    "CITY": "BOISAR",
    "DISTRICT": "PALGHAR",
    "STATE": "MAHARASHTRA"
  },
  "BCBM0000076": {
    "BANK": "BHARAT COOPERATIVE BANK MUMBAI LIMITED",
    "IFSC": "BCBM0000076",
    "BRANCH": "AIROLI",
    "ADDRESS": "SHOP NO. 7,8 AND 9,GROUND FLOOR, RAMDEV COMPLEX CHSL, PLOT NO.53, SECTOR 19, AIROLI, NAVI MUMBAI- 400708",
    "CONTACT": 61890000,
    "CITY": "AIROLI",
    "DISTRICT": "NAVI MUMBAI",
    "STATE": "MAHARASHTRA"
  },
  "BCBM0000077": {
    "BANK": "BHARAT COOPERATIVE BANK MUMBAI LIMITED",
    "IFSC": "BCBM0000077",
    "BRANCH": "KORAMANGALA",
    "ADDRESS": "PARAGON PRIMA, GROUND FLOOR, NO.39, 8TH MAIN, KORAMANGALA, 4TH BLOCK BENGALURU- 560034",
    "CONTACT": 61890000,
    "CITY": "BENGALURU",
    "DISTRICT": "BENGALURU",
    "STATE": "KARNATAKA"
  },
  "BCBM0000078": {
    "BANK": "BHARAT COOPERATIVE BANK MUMBAI LIMITED",
    "IFSC": "BCBM0000078",
    "BRANCH": "MAGADI MAIN ROAD",
    "ADDRESS": "R R PLAZA, GROUND FLOOR, GOVIDARAJ NAGAR, B BLOCK, KHB COLONY, NEAR A2B HOTEL, MAGADI ROAD, BENGALURU- 560040",
    "CONTACT": 61890000,
    "CITY": "BENGALURU",
    "DISTRICT": "BENGALURU",
    "STATE": "KARNATAKA"
  },
  "BCBM0000079": {
    "BANK": "BHARAT COOPERATIVE BANK MUMBAI LIMITED",
    "IFSC": "BCBM0000079",
    "BRANCH": "CHARKOP KANDIVALI WEST",
    "ADDRESS": "SHOP NO. A-1, GROUND FLOOR, SUNRAYS SHOPPING CENTER, SECTOR NO.5, CHARKOP MARKET, KANDIVALI (WEST) MUMBAI- 400067",
    "CONTACT": 61890000,
    "CITY": "MUMBAI",
    "DISTRICT": "GREATER BOMBAY",
    "STATE": "MAHARASHTRA"
  },
  "BCBM0000080": {
    "BANK": "BHARAT COOPERATIVE BANK MUMBAI LIMITED",
    "IFSC": "BCBM0000080",
    "BRANCH": "BORIVALI EAST",
    "ADDRESS": "SHOP NO.1, RITE GOLDEN CREST, DAULAT NAGAR, S.V ROAD, BORIVALI EAST, MUMBAI- 400066",
    "CONTACT": 61890000,
    "CITY": "MUMBAI",
    "DISTRICT": "GREATER BOMBAY",
    "STATE": "MAHARASHTRA"
  },
  "BCBM0000081": {
    "BANK": "BHARAT COOPERATIVE BANK MUMBAI LIMITED",
    "IFSC": "BCBM0000081",
    "BRANCH": "WORLI",
    "ADDRESS": "SHOP NO.2,2A, BHAVESHWAR BUILDING, NEAR PODDAR HOSPITAL, 148-B, DR. ANNIE BESANT ROAD, WORLI, MUMBAI- 400018",
    "CONTACT": 61890000,
    "CITY": "MUMBAI",
    "DISTRICT": "GREATER BOMBAY",
    "STATE": "MAHARASHTRA"
  },
  "BCBM0000082": {
    "BANK": "BHARAT COOPERATIVE BANK MUMBAI LIMITED",
    "IFSC": "BCBM0000082",
    "BRANCH": "VADODARA",
    "ADDRESS": "SHOP NO. 111,112 AND 209, MIDTOWN HEIGHTS, PIZZAINN, JETALPUR ROAD, ALKAPURI, VADODARA- 390007",
    "CONTACT": 61890000,
    "CITY": "VADODARA",
    "DISTRICT": "VADODARA",
    "STATE": "GUJARAT"
  },
  "BCBM0000083": {
    "BANK": "BHARAT COOPERATIVE BANK MUMBAI LIMITED",
    "IFSC": "BCBM0000083",
    "BRANCH": "SURAT",
    "ADDRESS": "GROUND FLOOR, CENTRAL BAZZAR,OPP. VARACHHA POLICE STATION, MINI BAZAR, VARACHHA, SURAT- 395006",
    "CONTACT": 61890000,
    "CITY": "SURAT",
    "DISTRICT": "SURAT",
    "STATE": "GUJARAT"
  },
  "BCBM0000084": {
    "BANK": "BHARAT COOPERATIVE BANK MUMBAI LIMITED",
    "IFSC": "BCBM0000084",
    "BRANCH": "SHIVAJI NAGAR - PUNE",
    "ADDRESS": "FINAL PLOT NO. 549/20, BHUTTE PATIL VERTEX TOWER, GHOLE ROAD, SHIVAJINAGAR, PUNE - 411005",
    "CONTACT": 61890000,
    "CITY": "PUNE",
    "DISTRICT": "PUNE",
    "STATE": "MAHARASHTRA"
  },
  "BCBM0000085": {
    "BANK": "BHARAT COOPERATIVE BANK MUMBAI LIMITED",
    "IFSC": "BCBM0000085",
    "BRANCH": "KURLA EAST",
    "ADDRESS": "SHOP NO 5 TO 9, SURYAMUKHI CHSL, BUILDING NO. 46, NEHRU NAGAR, KURLA EAST, MUMBAI - 400024",
    "CONTACT": 61890000,
    "CITY": "MUMBAI",
    "DISTRICT": "GREATER BOMBAY",
    "STATE": "MAHARASHTRA"
  },
  "BCBM0000086": {
    "BANK": "BHARAT COOPERATIVE BANK MUMBAI LIMITED",
    "IFSC": "BCBM0000086",
    "BRANCH": "MALAD RANI SATI",
    "ADDRESS": "OFFICE NO.1, FIRST FLOOR, SHAH ARCADE II, CTS 502, RANI SATI MARG, MALAD EAST, MUMBAI- 400097",
    "CONTACT": 61890000,
    "CITY": "MUMBAI",
    "DISTRICT": "GREATER MUMBAI",
    "STATE": "MAHARASHTRA"
  },
  "BCBM0000087": {
    "BANK": "BHARAT COOPERATIVE BANK MUMBAI LIMITED",
    "IFSC": "BCBM0000087",
    "BRANCH": "GHATKOPAR EAST",
    "ADDRESS": "SHOP NO.101 TO 106, 1ST FLOOR, KHODAL CHAMBER, PATEL CHOWK, 60 FEET ROAD, GHATKOPAR EAST, MUMBAI- 400077",
    "CONTACT": 61890000,
    "CITY": "MUMBAI",
    "DISTRICT": "GREATER BOMBAY",
    "STATE": "MAHARASHTRA"
  },
  "BCBM0000088": {
    "BANK": "BHARAT COOPERATIVE BANK MUMBAI LIMITED",
    "IFSC": "BCBM0000088",
    "BRANCH": "BYCULLA",
    "ADDRESS": "SHOP NO.3 AND 4, JAI KRUPA CHS LTD, BEHIND RANI BAUG, RAMBHAU BHOGALE MARG, BEHIND RANI BAUG, GHODAPDEV, BYCULLA EAST, MUMBAI- 400033",
    "CONTACT": 61890000,
    "CITY": "MUMBAI",
    "DISTRICT": "GREATER BOMBAY",
    "STATE": "MAHARASHTRA"
  }
}