{
  "CCBL0209002": {
    "BANK": "Citizen Credit Co-operative Bank",
    "IFSC": "CCBL0209002",
    "MICR": "400209002",
    "BRANCH": "DADAR BRANCH",
    "ADDRESS": "DR.ANTONIO DASILVA HIGH SCHOOL,S.K BOLE ROAD,DADAR (W),MUMBAI 400028",
    "STATE": "MAHARASHTRA",
    "CONTACT": "+912224374948",
    "UPI": false,
    "RTGS": true,
    "CITY": "MUMBAI",
    "CENTRE": "GREATER MUMBAI",
    "DISTRICT": "GREATER MUMBAI",
    "NEFT": true,
    "IMPS": true,
    "SWIFT": null,
    "ISO3166": "IN-MH"
  },
  "CCBL0209003": {
    "BANK": "Citizen Credit Co-operative Bank",
    "IFSC": "CCBL0209003",
    "BRANCH": "Citizen Credit Co-operative Bank IMPS",
    "CENTRE": "GREATER MUMBAI",
    "DISTRICT": "GREATER MUMBAI",
    "STATE": "MAHARASHTRA",
    "ADDRESS": "SIND CHAMBERS CHSL S.B SINGH ROAD,COLABA,MUMBAI 400005.",
    "CONTACT": "22047753",
    "IMPS": true,
    "CITY": "MUMBAI",
    "UPI": false,
    "MICR": "400209003",
    "RTGS": true,
    "NEFT": true,
    "SWIFT": null,
    "ISO3166": "IN-MH"
  },
  "CCBL0209004": {
    "BANK": "Citizen Credit Co-operative Bank",
    "IFSC": "CCBL0209004",
    "MICR": "400209004",
    "BRANCH": "BYCULLA BRANCH",
    "ADDRESS": "ST.MARY'S EXTENSION NESBIT ROAD,MAZGAON,MUMBAI 400010",
    "STATE": "MAHARASHTRA",
    "CONTACT": "23719862",
    "UPI": false,
    "RTGS": true,
    "CITY": "MUMBAI",
    "CENTRE": "GREATER MUMBAI",
    "DISTRICT": "GREATER MUMBAI",
    "NEFT": true,
    "IMPS": true,
    "SWIFT": null,
    "ISO3166": "IN-MH"
  },
  "CCBL0209005": {
    "BANK": "Citizen Credit Co-operative Bank",
    "IFSC": "CCBL0209005",
    "MICR": "400209005",
    "BRANCH": "BANDRA BRANCH",
    "ADDRESS": "SUNBEAM CHSL 64,MOUNT CARMEL ROAD,BANDRA,MUMBAI 400050",
    "STATE": "MAHARASHTRA",
    "CONTACT": "26408717",
    "UPI": false,
    "RTGS": true,
    "CITY": "MUMBAI",
    "CENTRE": "GREATER MUMBAI",
    "DISTRICT": "GREATER MUMBAI",
    "NEFT": true,
    "IMPS": true,
    "SWIFT": null,
    "ISO3166": "IN-MH"
  },
  "CCBL0209006": {
    "BANK": "Citizen Credit Co-operative Bank",
    "IFSC": "CCBL0209006",
    "MICR": "400209006",
    "BRANCH": "KURLA BRANCH",
    "ADDRESS": "SAIDHAM,PREMIER ROAD,KURLA (W) MUMBAI 400070",
    "STATE": "MAHARASHTRA",
    "CONTACT": "25041370",
    "UPI": false,
    "RTGS": true,
    "CITY": "MUMBAI",
    "CENTRE": "GREATER MUMBAI",
    "DISTRICT": "GREATER MUMBAI",
    "NEFT": true,
    "IMPS": true,
    "SWIFT": null,
    "ISO3166": "IN-MH"
  },
  "CCBL0209007": {
    "BANK": "Citizen Credit Co-operative Bank",
    "IFSC": "CCBL0209007",
    "MICR": "400209007",
    "BRANCH": "BORIVLI BRANCH",
    "ADDRESS": "ROSARIO APTS,I.C COLONY,BORIVLI (W) MUMBAI 400103",
    "STATE": "MAHARASHTRA",
    "CONTACT": "28931145",
    "UPI": false,
    "RTGS": true,
    "CITY": "MUMBAI",
    "CENTRE": "GREATER MUMBAI",
    "DISTRICT": "GREATER MUMBAI",
    "NEFT": true,
    "IMPS": true,
    "SWIFT": null,
    "ISO3166": "IN-MH"
  },
  "CCBL0209008": {
    "BANK": "Citizen Credit Co-operative Bank",
    "IFSC": "CCBL0209008",
    "MICR": "400209008",
    "BRANCH": "GORAI BRANCH",
    "ADDRESS": "CHURCH ROAD ,GORAI,BORIVALI P.O.MUMBAI 400091",
    "STATE": "MAHARASHTRA",
    "CONTACT": "28452650",
    "UPI": false,
    "RTGS": true,
    "CITY": "MUMBAI",
    "CENTRE": "GREATER MUMBAI",
    "DISTRICT": "GREATER MUMBAI",
    "NEFT": true,
    "IMPS": true,
    "SWIFT": null,
    "ISO3166": "IN-MH"
  },
  "CCBL0209009": {
    "BANK": "Citizen Credit Co-operative Bank",
    "IFSC": "CCBL0209009",
    "MICR": "400209009",
    "BRANCH": "CHEMBUR BRANCH",
    "ADDRESS": "SHOP NO.9 ERIC HOUSE CENTRAL AVENUE,CHEMBUR MUMBAI 400071",
    "STATE": "MAHARASHTRA",
    "CONTACT": "25218157",
    "UPI": false,
    "RTGS": true,
    "CITY": "MUMBAI",
    "CENTRE": "GREATER MUMBAI",
    "DISTRICT": "GREATER MUMBAI",
    "NEFT": true,
    "IMPS": true,
    "SWIFT": null,
    "ISO3166": "IN-MH"
  },
  "CCBL0209010": {
    "BANK": "Citizen Credit Co-operative Bank",
    "IFSC": "CCBL0209010",
    "MICR": "400209010",
    "BRANCH": "MALAD BRANCH",
    "ADDRESS": "CITIZENCREDIT CENTRE , GROUND FLOOR , OPPOSITE OUR LDAY OF LOURDES CHURCH , ORLEM - CTS NO. 236 , MALAD (WEST) , MUMBAI 400064",
    "STATE": "MAHARASHTRA",
    "CONTACT": "28074643",
    "UPI": false,
    "RTGS": true,
    "CITY": "MUMBAI",
    "CENTRE": "GREATER MUMBAI",
    "DISTRICT": "GREATER MUMBAI",
    "NEFT": true,
    "IMPS": true,
    "SWIFT": null,
    "ISO3166": "IN-MH"
  },
  "CCBL0209011": {
    "BANK": "Citizen Credit Co-operative Bank",
    "IFSC": "CCBL0209011",
    "MICR": "400209011",
    "BRANCH": "KALINA BRANCH",
    "ADDRESS": "1st Floor, Office No.2, Gokul Harmony CHS, Sunder Nagar, Road No.1, Near Kalina Market, Kalina, Santacruz E, Mumbai-400098",
    "STATE": "MAHARASHTRA",
    "CONTACT": "26660052",
    "UPI": false,
    "RTGS": true,
    "CITY": "MUMBAI",
    "CENTRE": "GREATER MUMBAI",
    "DISTRICT": "GREATER MUMBAI",
    "NEFT": true,
    "IMPS": true,
    "SWIFT": null,
    "ISO3166": "IN-MH"
  },
  "CCBL0209012": {
    "BANK": "Citizen Credit Co-operative Bank",
    "IFSC": "CCBL0209012",
    "MICR": "400209012",
    "BRANCH": "VIKHROLI BRANCH",
    "ADDRESS": "ST.JOSEPH'S HIGH SCHOOL,STATION ROAD,VIKHROLI MUMBAI 400079.",
    "STATE": "MAHARASHTRA",
    "CONTACT": "25779750",
    "UPI": false,
    "RTGS": true,
    "CITY": "MUMBAI",
    "CENTRE": "GREATER MUMBAI",
    "DISTRICT": "GREATER MUMBAI",
    "NEFT": true,
    "IMPS": true,
    "SWIFT": null,
    "ISO3166": "IN-MH"
  },
  "CCBL0209013": {
    "BANK": "Citizen Credit Co-operative Bank",
    "IFSC": "CCBL0209013",
    "MICR": "400209013",
    "BRANCH": "AMBOLI BRANCH",
    "ADDRESS": "CREADO CHSL , CAESER ROAD , AMBOLI , ANDHERI (W) , MUMBAI 400058",
    "STATE": "MAHARASHTRA",
    "CONTACT": "26771280",
    "UPI": false,
    "RTGS": true,
    "CITY": "MUMBAI",
    "CENTRE": "GREATER MUMBAI",
    "DISTRICT": "GREATER MUMBAI",
    "NEFT": true,
    "IMPS": true,
    "SWIFT": null,
    "ISO3166": "IN-MH"
  },
  "CCBL0209014": {
    "BANK": "Citizen Credit Co-operative Bank",
    "IFSC": "CCBL0209014",
    "MICR": "400209014",
    "BRANCH": "TURNER ROAD BRANCH",
    "ADDRESS": "SHOP NO. 5/6 DARVESH ROYALE , OPP. KOTAK MAHINDRA BANK , PERRY ROAD , BANDRA (W) , MUMBAI 400050",
    "STATE": "MAHARASHTRA",
    "CONTACT": "26430709",
    "UPI": false,
    "RTGS": true,
    "CITY": "MUMBAI",
    "CENTRE": "GREATER MUMBAI",
    "DISTRICT": "GREATER MUMBAI",
    "NEFT": true,
    "IMPS": true,
    "SWIFT": null,
    "ISO3166": "IN-MH"
  },
  "CCBL0209015": {
    "BANK": "Citizen Credit Co-operative Bank",
    "IFSC": "CCBL0209015",
    "MICR": "400209015",
    "BRANCH": "SANTACRUZ BRANCH",
    "ADDRESS": "G-01 FIDA MANSION APTS,S.V ROAD,SANTACRUZ (W) MUMBAI 400052",
    "STATE": "MAHARASHTRA",
    "CONTACT": "26047470",
    "UPI": false,
    "RTGS": true,
    "CITY": "MUMBAI",
    "CENTRE": "GREATER MUMBAI",
    "DISTRICT": "GREATER MUMBAI",
    "NEFT": true,
    "IMPS": true,
    "SWIFT": null,
    "ISO3166": "IN-MH"
  },
  "CCBL0209016": {
    "BANK": "Citizen Credit Co-operative Bank",
    "IFSC": "CCBL0209016",
    "MICR": "400209016",
    "BRANCH": "VAKOLA BRANCH",
    "ADDRESS": "S.NABIBUX HOUSE,NEHRU ROAD VAKOLA BRIDGE,SANTACRUZ (E) MUMBAI 400055",
    "STATE": "MAHARASHTRA",
    "CONTACT": "26685077",
    "UPI": false,
    "RTGS": true,
    "CITY": "MUMBAI",
    "CENTRE": "GREATER MUMBAI",
    "DISTRICT": "GREATER MUMBAI",
    "NEFT": true,
    "IMPS": true,
    "SWIFT": null,
    "ISO3166": "IN-MH"
  },
  "CCBL0209017": {
    "BANK": "Citizen Credit Co-operative Bank",
    "IFSC": "CCBL0209017",
    "MICR": "400209017",
    "BRANCH": "MULUND BRANCH",
    "ADDRESS": "SAIDHAM COMPLEX,26-27-28 P.K ROAD EXTN.,MULUND (W) MUMBAI 400080",
    "STATE": "MAHARASHTRA",
    "CONTACT": "25641710",
    "UPI": false,
    "RTGS": true,
    "CITY": "MUMBAI",
    "CENTRE": "GREATER MUMBAI",
    "DISTRICT": "GREATER MUMBAI",
    "NEFT": true,
    "IMPS": true,
    "SWIFT": null,
    "ISO3166": "IN-MH"
  },
  "CCBL0209018": {
    "BANK": "Citizen Credit Co-operative Bank",
    "IFSC": "CCBL0209018",
    "MICR": "400209018",
    "BRANCH": "MAROL BRANCH",
    "ADDRESS": "ST.JOHN THE EVANGELIST HIGH SCHOOL,MAROL,ANDHERI (E) MUMBAI 400059",
    "STATE": "MAHARASHTRA",
    "CONTACT": "28215286",
    "UPI": false,
    "RTGS": true,
    "CITY": "MUMBAI",
    "CENTRE": "GREATER MUMBAI",
    "DISTRICT": "GREATER MUMBAI",
    "NEFT": true,
    "IMPS": true,
    "SWIFT": null,
    "ISO3166": "IN-MH"
  },
  "CCBL0209019": {
    "BANK": "Citizen Credit Co-operative Bank",
    "IFSC": "CCBL0209019",
    "MICR": "400209019",
    "BRANCH": "SAHAR BRANCH",
    "ADDRESS": "OUR LADY OF HEALTH HIGH SCHOOL,SAHAR VILLAGE,ANDHERI (E) MUMBAI 400099",
    "STATE": "MAHARASHTRA",
    "CONTACT": "26829285",
    "UPI": false,
    "RTGS": true,
    "CITY": "MUMBAI",
    "CENTRE": "GREATER MUMBAI",
    "DISTRICT": "GREATER MUMBAI",
    "NEFT": true,
    "IMPS": true,
    "SWIFT": null,
    "ISO3166": "IN-MH"
  },
  "CCBL0209020": {
    "BANK": "Citizen Credit Co-operative Bank",
    "IFSC": "CCBL0209020",
    "MICR": "400209020",
    "BRANCH": "MADH BRANCH",
    "ADDRESS": "ST.BONAVENTURE SCHOOL MADH ISLAND MALAD (W) MUMBAI 400061",
    "STATE": "MAHARASHTRA",
    "CONTACT": "28889975",
    "UPI": false,
    "RTGS": true,
    "CITY": "MUMBAI",
    "CENTRE": "GREATER MUMBAI",
    "DISTRICT": "GREATER MUMBAI",
    "NEFT": true,
    "IMPS": true,
    "SWIFT": null,
    "ISO3166": "IN-MH"
  },
  "CCBL0209021": {
    "BANK": "Citizen Credit Co-operative Bank",
    "IFSC": "CCBL0209021",
    "MICR": "400209021",
    "BRANCH": "NAIGAON BRANCH",
    "ADDRESS": "CITIZENCREDIT BANK BLDG,CITIZEN HSG SOC.SHOPPING CENTRE,MAIN D.P ROAD NAIGAON (E) DIST THANE 401202",
    "STATE": "MAHARASHTRA",
    "CONTACT": "+912502200715",
    "UPI": false,
    "RTGS": true,
    "CITY": "MUMBAI",
    "CENTRE": "GREATER MUMBAI",
    "DISTRICT": "GREATER MUMBAI",
    "NEFT": true,
    "IMPS": true,
    "SWIFT": null,
    "ISO3166": "IN-MH"
  },
  "CCBL0209022": {
    "BANK": "Citizen Credit Co-operative Bank",
    "IFSC": "CCBL0209022",
    "MICR": "400209022",
    "BRANCH": "MIRA ROAD BRANCH",
    "ADDRESS": "GEETA ARCADE , STATION ROAD , OPP HOLY CROSS SCHOOL , MIRA ROAD (E) , DIST: THANE , PIN 401107",
    "STATE": "MAHARASHTRA",
    "CONTACT": "28118323",
    "UPI": false,
    "RTGS": true,
    "CITY": "MUMBAI",
    "CENTRE": "GREATER MUMBAI",
    "DISTRICT": "GREATER MUMBAI",
    "NEFT": true,
    "IMPS": true,
    "SWIFT": null,
    "ISO3166": "IN-MH"
  },
  "CCBL0209023": {
    "BANK": "Citizen Credit Co-operative Bank",
    "IFSC": "CCBL0209023",
    "MICR": "400209023",
    "BRANCH": "MAHIM BRANCH",
    "ADDRESS": "1/3 GARDEN VIEW CHSL,MMC ROAD MAHIM (W) MUMBAI 400016",
    "STATE": "MAHARASHTRA",
    "CONTACT": "24474480",
    "UPI": false,
    "RTGS": true,
    "CITY": "MUMBAI",
    "CENTRE": "GREATER MUMBAI",
    "DISTRICT": "GREATER MUMBAI",
    "NEFT": true,
    "IMPS": true,
    "SWIFT": null,
    "ISO3166": "IN-MH"
  },
  "CCBL0209024": {
    "BANK": "Citizen Credit Co-operative Bank",
    "IFSC": "CCBL0209024",
    "MICR": "400209024",
    "BRANCH": "DHOBITALAO BRANCH",
    "ADDRESS": "ST XAVIER'S HIGH SCHOOL COMPOUND, 289,LOKMANYA TILAK RD, DHOBITALAO, MUMBAI 400001",
    "STATE": "MAHARASHTRA",
    "CONTACT": "22610112",
    "UPI": false,
    "RTGS": true,
    "CITY": "MUMBAI",
    "CENTRE": "MUMBAI",
    "DISTRICT": "MUMBAI",
    "NEFT": true,
    "IMPS": true,
    "SWIFT": null,
    "ISO3166": "IN-MH"
  },
  "CCBL0209025": {
    "BANK": "Citizen Credit Co-operative Bank",
    "IFSC": "CCBL0209025",
    "MICR": "400209025",
    "BRANCH": "HILL ROAD BRANCH",
    "ADDRESS": "HILL ROAD BRANCH , THE SALSETTE CATHOLIC CHSL, PLOT NO.29, 56 RAMDAS NAYAK MARG (HILL ROAD) , BANDRA (W) , MUMBAI 400050",
    "STATE": "MAHARASHTRA",
    "CONTACT": "26437089",
    "UPI": false,
    "RTGS": true,
    "CITY": "MUMBAI",
    "CENTRE": "MUMBAI",
    "DISTRICT": "MUMBAI",
    "NEFT": true,
    "IMPS": true,
    "SWIFT": null,
    "ISO3166": "IN-MH"
  },
  "CCBL0209026": {
    "BANK": "Citizen Credit Co-operative Bank",
    "IFSC": "CCBL0209026",
    "MICR": "400209026",
    "BRANCH": "MANORI BRANCH",
    "ADDRESS": "MANORI CHURCH COMPOUND , MANORI , P. O. KHARODI , MUMBAI 400095",
    "STATE": "MAHARASHTRA",
    "CONTACT": "28452741",
    "UPI": false,
    "RTGS": true,
    "CITY": "MUMBAI",
    "CENTRE": "MUMBAI",
    "DISTRICT": "MUMBAI",
    "NEFT": true,
    "IMPS": true,
    "SWIFT": null,
    "ISO3166": "IN-MH"
  },
  "CCBL0209027": {
    "BANK": "Citizen Credit Co-operative Bank",
    "IFSC": "CCBL0209027",
    "MICR": "400209027",
    "BRANCH": "THANE BRANCH",
    "ADDRESS": "SHOP NO 2 3 , ANGELS PARADISE , NEAR DAGADI SHALA , VEER SAVARKAR MARG , THANE (W) PIN 401602",
    "STATE": "MAHARASHTRA",
    "CONTACT": "25425447",
    "UPI": false,
    "RTGS": true,
    "CITY": "MUMBAI",
    "CENTRE": "MUMBAI",
    "DISTRICT": "MUMBAI",
    "NEFT": true,
    "IMPS": true,
    "SWIFT": null,
    "ISO3166": "IN-MH"
  },
  "CCBL0209028": {
    "BANK": "Citizen Credit Co-operative Bank",
    "IFSC": "CCBL0209028",
    "MICR": "400209028",
    "BRANCH": "VASHI BRANCH",
    "ADDRESS": "Shop No: 4, Apsara Co-operative Housing Society Ltd,Plot No: 51, Sector 17,Vashi, Navi Mumbai -400703",
    "STATE": "MAHARASHTRA",
    "CONTACT": "27825113",
    "UPI": false,
    "RTGS": true,
    "CITY": "MUMBAI",
    "CENTRE": "MUMBAI",
    "DISTRICT": "MUMBAI",
    "NEFT": true,
    "IMPS": true,
    "SWIFT": null,
    "ISO3166": "IN-MH"
  },
  "CCBL0209029": {
    "BANK": "Citizen Credit Co-operative Bank",
    "IFSC": "CCBL0209029",
    "MICR": "400209029",
    "BRANCH": "MAHAKALI BRANCH",
    "ADDRESS": "SHOP NO. 2 , AMBIKA APARTMENTS CHSL , NEXT TO DOMINOS PIZZA MAHAKALI CAVES ROAD , ANDHERI (EAST) 400093",
    "STATE": "MAHARASHTRA",
    "CONTACT": "28303141",
    "UPI": false,
    "RTGS": true,
    "CITY": "MUMBAI",
    "CENTRE": "MUMBAI",
    "DISTRICT": "MUMBAI",
    "NEFT": true,
    "IMPS": true,
    "SWIFT": null,
    "ISO3166": "IN-MH"
  },
  "CCBL0209030": {
    "BANK": "Citizen Credit Co-operative Bank",
    "IFSC": "CCBL0209030",
    "MICR": "400209030",
    "BRANCH": "GOREGAON",
    "ADDRESS": "SHOP NO.5, GR.FLR, SHREENIKETAN BLDG, FLOWER HOUSE CHSL, PLOT NO.R-1, GOREGAON(EAST), MUMBAI-400063.",
    "STATE": "MAHARASHTRA",
    "CONTACT": "29275801",
    "UPI": false,
    "RTGS": true,
    "CITY": "MUMBAI",
    "CENTRE": "MUMBAI",
    "DISTRICT": "MUMBAI",
    "NEFT": true,
    "IMPS": true,
    "SWIFT": null,
    "ISO3166": "IN-MH"
  },
  "CCBL0209031": {
    "BANK": "Citizen Credit Co-operative Bank",
    "IFSC": "CCBL0209031",
    "MICR": "400209031",
    "BRANCH": "FOUR BUNGALOW",
    "ADDRESS": "SHOP NO.3, RAMESHWAR DARSHAN CHSL, N DUTTA MARG, FOUR BUNGALOWS, ANDHERI WEST, MUMBAI 400053",
    "STATE": "MAHARASHTRA",
    "CONTACT": "26374415",
    "UPI": false,
    "RTGS": true,
    "CITY": "MUMBAI",
    "CENTRE": "MUMBAI",
    "DISTRICT": "MUMBAI",
    "NEFT": true,
    "IMPS": true,
    "SWIFT": null,
    "ISO3166": "IN-MH"
  },
  "CCBL0209032": {
    "BANK": "Citizen Credit Co-operative Bank",
    "IFSC": "CCBL0209032",
    "MICR": "400209032",
    "BRANCH": "BHAYANDAR BRANCH",
    "ADDRESS": "SHOP NO 6 , GROUND FLOOR , NEXT TO POPULAR AUTO , VINEET APARTMENT CHSL , CHATTRAPATI SHIVAJI ROAD , BHAYANDER (W) , DIST THANE PIN 401101",
    "STATE": "MAHARASHTRA",
    "CONTACT": "28170131",
    "UPI": false,
    "RTGS": true,
    "CITY": "MUMBAI",
    "CENTRE": "MUMBAI",
    "DISTRICT": "MUMBAI",
    "NEFT": true,
    "IMPS": true,
    "SWIFT": null,
    "ISO3166": "IN-MH"
  },
  "CCBL0209033": {
    "BANK": "Citizen Credit Co-operative Bank",
    "IFSC": "CCBL0209033",
    "MICR": "400209033",
    "BRANCH": "VASAI BRANCH",
    "ADDRESS": "GROUND FLOOR , RICHMOND TOWN , PHASE -II BLDG. NO. 3 CHSL , VASAI (W) , DIST-PALGHAR , PIN - 401202",
    "STATE": "MAHARASHTRA",
    "CONTACT": "+912503240930",
    "UPI": false,
    "RTGS": true,
    "CITY": "MUMBAI",
    "CENTRE": "MUMBAI",
    "DISTRICT": "MUMBAI",
    "NEFT": true,
    "IMPS": true,
    "SWIFT": null,
    "ISO3166": "IN-MH"
  },
  "CCBL0209034": {
    "BANK": "Citizen Credit Co-operative Bank",
    "IFSC": "CCBL0209034",
    "MICR": "400209034",
    "BRANCH": "WADALA BRANCH",
    "ADDRESS": "209/3, Himai  NivasGround Floor, Opposite Wadala Railway Station, Next to Indian Bank, Wadala (W), Mumbai-400 031. Tel: 02224104551/ 02224104552",
    "STATE": "MAHARASHTRA",
    "CONTACT": "24104551",
    "UPI": false,
    "RTGS": true,
    "CITY": "MUMBAI",
    "CENTRE": "MUMBAI",
    "DISTRICT": "MUMBAI",
    "NEFT": true,
    "IMPS": true,
    "SWIFT": null,
    "ISO3166": "IN-MH"
  },
  "CCBL0209035": {
    "BANK": "Citizen Credit Co-operative Bank",
    "IFSC": "CCBL0209035",
    "MICR": "400209035",
    "BRANCH": "VIRAR",
    "ADDRESS": "SUGANDHI HEIGHTS , GROUND FLOOR , VILLAGE BOLINJ , KHARODI NAKA , VIRAR (W) , MUMBAI - 401303",
    "STATE": "MAHARASHTRA",
    "CONTACT": "+919525026442829",
    "UPI": false,
    "RTGS": true,
    "CITY": "VIRAR",
    "CENTRE": "PALGHAR",
    "DISTRICT": "PALGHAR",
    "NEFT": true,
    "IMPS": true,
    "SWIFT": null,
    "ISO3166": "IN-MH"
  },
  "CCBL0209036": {
    "BANK": "Citizen Credit Co-operative Bank",
    "IFSC": "CCBL0209036",
    "MICR": "400211252",
    "BRANCH": "BOISAR",
    "ADDRESS": "5TH FLOOR,TCG FINANCIAL CENTRE,C-53,G BLOCK,BANDRA KURLA COMPLEX,BANDRA EAST,MUMBAI,PINCODE-400051",
    "STATE": "MAHARASHTRA",
    "CONTACT": "+91252522658969",
    "UPI": false,
    "RTGS": true,
    "CITY": "BOISAR",
    "CENTRE": "PALGHAR",
    "DISTRICT": "PALGHAR",
    "NEFT": true,
    "IMPS": true,
    "SWIFT": null,
    "ISO3166": "IN-MH"
  },
  "CCBL0209037": {
    "BANK": "Citizen Credit Co-operative Bank",
    "IFSC": "CCBL0209037",
    "MICR": "400209037",
    "BRANCH": "DAHISAR",
    "ADDRESS": "Shop No:4 and 5,Madhu Kunj,Bhausaheb Parab Road, Kandarpada, Dahisar (w),Mumbai,400068",
    "STATE": "MAHARASHTRA",
    "CONTACT": "+912222658969",
    "UPI": false,
    "RTGS": true,
    "CITY": "MUMBAI",
    "CENTRE": "MUMBAI",
    "DISTRICT": "MUMBAI",
    "NEFT": true,
    "IMPS": true,
    "SWIFT": null,
    "ISO3166": "IN-MH"
  },
  "CCBL0209038": {
    "BANK": "Citizen Credit Co-operative Bank",
    "IFSC": "CCBL0209038",
    "MICR": "400209038",
    "BRANCH": "NEW PANVEL",
    "ADDRESS": "SHOP NO 3&4, NEEL KUNJ, PLOT NO 1&2, SECTOR 4,NEW PANVEL EAST - 401206",
    "STATE": "MAHARASHTRA",
    "CONTACT": "+9122222658969",
    "UPI": false,
    "RTGS": true,
    "CITY": "PANVEL",
    "CENTRE": "RAIGARH",
    "DISTRICT": "RAIGARH",
    "NEFT": true,
    "IMPS": true,
    "SWIFT": null,
    "ISO3166": "IN-MH"
  },
  "CCBL0ACC001": {
    "BANK": "Citizen Credit Co-operative Bank",
    "IFSC": "CCBL0ACC001",
    "MICR": null,
    "BRANCH": "CENTRAL ADMINISTRATIVE OFFICE, ACCOUNT SECTION",
    "ADDRESS": "CITIZENCREDIT CENTRE, CTS No 236,MARVE ROAD,ORLEM,MALAD WEST,MUMBAI 400064",
    "STATE": "MAHARASHTRA",
    "CONTACT": "+912226401126",
    "UPI": false,
    "RTGS": true,
    "CITY": "GREATER MUMBAI",
    "CENTRE": "MUMBAI",
    "DISTRICT": "MUMBAI",
    "NEFT": true,
    "IMPS": true,
    "SWIFT": null,
    "ISO3166": "IN-MH"
  },
  "CCBL0DMN131": {
    "BANK": "Citizen Credit Co-operative Bank",
    "IFSC": "CCBL0DMN131",
    "MICR": "396209131",
    "BRANCH": "DAMAN",
    "ADDRESS": "OPP. HATHI BAUG , MOTI DAMAN , UNION TERRITORY OF DAMAN & DIU , DAMAN 396 220",
    "STATE": "DADRA AND NAGAR HAVELI AND DAMAN AND DIU",
    "CONTACT": "+912602230397",
    "UPI": false,
    "RTGS": true,
    "CITY": "DAMAN",
    "CENTRE": "DAMAN",
    "DISTRICT": "DAMAN",
    "NEFT": true,
    "IMPS": true,
    "SWIFT": null,
    "ISO3166": "IN-DH"
  },
  "CCBL0DMN132": {
    "BANK": "Citizen Credit Co-operative Bank",
    "IFSC": "CCBL0DMN132",
    "MICR": "396209132",
    "BRANCH": "NANI DAMAN",
    "ADDRESS": "SHOP NO.8-152/G 58,6 DAMANIA HEIGHTS,KAVI KABARDAR ROAD, NANI DAMAN - 396210, UNION TERRITORY OF DAMAN & DIU",
    "STATE": "DADRA AND NAGAR HAVELI AND DAMAN AND DIU",
    "CONTACT": "+912602250152",
    "UPI": false,
    "RTGS": true,
    "CITY": "DAMAN",
    "CENTRE": "DAMAN",
    "DISTRICT": "DAMAN",
    "NEFT": true,
    "IMPS": true,
    "SWIFT": null,
    "ISO3166": "IN-DH"
  },
  "CCBL0GOA002": {
    "BANK": "Citizen Credit Co-operative Bank",
    "IFSC": "CCBL0GOA002",
    "MICR": "403209002",
    "BRANCH": "MARGAO",
    "ADDRESS": "SHOP N0 6, GROUND FLOOR, BLDG A-1, SAPANA  BARRIER CHSL, ST JOAQUIM RD,BORDA, MARGOA, GOA 403 602",
    "STATE": "GOA",
    "CONTACT": "+918322700096",
    "UPI": false,
    "RTGS": true,
    "CITY": "GOA",
    "CENTRE": "GOA",
    "DISTRICT": "GOA",
    "NEFT": true,
    "IMPS": true,
    "SWIFT": null,
    "ISO3166": "IN-GA"
  },
  "CCBL0GOA003": {
    "BANK": "Citizen Credit Co-operative Bank",
    "IFSC": "CCBL0GOA003",
    "MICR": "403209003",
    "BRANCH": "PORVORIM",
    "ADDRESS": "PLOT NO 158,SURVEY NO 125/2,PENHA-DE-FRANCA,PORVORIM,BARDEZ,GOA 403521",
    "STATE": "GOA",
    "CONTACT": "+918322412379",
    "UPI": false,
    "RTGS": true,
    "CITY": "GOA",
    "CENTRE": "GOA",
    "DISTRICT": "GOA",
    "NEFT": true,
    "IMPS": true,
    "SWIFT": null,
    "ISO3166": "IN-GA"
  },
  "CCBL0GOA004": {
    "BANK": "Citizen Credit Co-operative Bank",
    "IFSC": "CCBL0GOA004",
    "MICR": "403209004",
    "BRANCH": "VASCO DA GAMA",
    "ADDRESS": "SHOP NO.1 &16 SAPANA TERRACE CHSL,SWATANTRA PATH,VASCO DA GAMA- 403802",
    "STATE": "GOA",
    "CONTACT": "+918322501870",
    "UPI": false,
    "RTGS": true,
    "CITY": "GOA",
    "CENTRE": "GOA",
    "DISTRICT": "GOA",
    "NEFT": true,
    "IMPS": true,
    "SWIFT": null,
    "ISO3166": "IN-GA"
  },
  "CCBL0GOA005": {
    "BANK": "Citizen Credit Co-operative Bank",
    "IFSC": "CCBL0GOA005",
    "MICR": "403209005",
    "BRANCH": "MAPUSA",
    "ADDRESS": "D-1/G-1, BOSHAN HOMES, MAPUSA CALANGUTE ROAD, MAPUSA , GOA -403507",
    "STATE": "GOA",
    "CONTACT": "+918322254078",
    "UPI": false,
    "RTGS": true,
    "CITY": "GOA",
    "CENTRE": "GOA",
    "DISTRICT": "GOA",
    "NEFT": true,
    "IMPS": true,
    "SWIFT": null,
    "ISO3166": "IN-GA"
  },
  "CCBL0GOA007": {
    "BANK": "Citizen Credit Co-operative Bank",
    "IFSC": "CCBL0GOA007",
    "MICR": "403209007",
    "BRANCH": "PANAJI",
    "ADDRESS": "H.NO.E-320 RUA DE QURERN , PATTO, PANAJI , GOA - 403 001",
    "STATE": "GOA",
    "CONTACT": "+918322432995",
    "UPI": false,
    "RTGS": true,
    "CITY": "GOA",
    "CENTRE": "GOA",
    "DISTRICT": "GOA",
    "NEFT": true,
    "IMPS": true,
    "SWIFT": null,
    "ISO3166": "IN-GA"
  },
  "CCBL0NSK002": {
    "BANK": "Citizen Credit Co-operative Bank",
    "IFSC": "CCBL0NSK002",
    "MICR": "422209002",
    "BRANCH": "NASHIK",
    "ADDRESS": "BOSCO CENTRE, SHOP NO5, GROUND FLOOR, THATTE NAGAR, NEAR PRASAD CIRCLE, GANGAPUR ROAD, NASHIK -422005",
    "STATE": "MAHARASHTRA",
    "CONTACT": "+9125322658969",
    "UPI": false,
    "RTGS": true,
    "CITY": "NASHIK",
    "CENTRE": "NASHIK",
    "DISTRICT": "NASHIK",
    "NEFT": true,
    "IMPS": true,
    "SWIFT": null,
    "ISO3166": "IN-MH"
  },
  "CCBL0PUN002": {
    "BANK": "Citizen Credit Co-operative Bank",
    "IFSC": "CCBL0PUN002",
    "MICR": "411209002",
    "BRANCH": "CAMP BRANCH",
    "ADDRESS": "Ground Floor, Shop No. 1,Hermes Tower CHSL, 618, Sachapir Street,Camp, Pune 411001",
    "STATE": "MAHARASHTRA",
    "CONTACT": "+912026331122",
    "UPI": false,
    "RTGS": true,
    "CITY": "PUNE",
    "CENTRE": "PUNE",
    "DISTRICT": "PUNE",
    "NEFT": true,
    "IMPS": true,
    "SWIFT": null,
    "ISO3166": "IN-MH"
  },
  "CCBL0PUN003": {
    "BANK": "Citizen Credit Co-operative Bank",
    "IFSC": "CCBL0PUN003",
    "MICR": "411209003",
    "BRANCH": "FATIMA NAGAR BRANCH",
    "ADDRESS": "SHOP NO.11,GR.FLOOR,BLDG'C',CTP TAIN SQUARE,FATIMA NAGAR,PUNE-411040",
    "STATE": "MAHARASHTRA",
    "CONTACT": "+912026860327",
    "UPI": false,
    "RTGS": true,
    "CITY": "PUNE",
    "CENTRE": "PUNE",
    "DISTRICT": "PUNE",
    "NEFT": true,
    "IMPS": true,
    "SWIFT": null,
    "ISO3166": "IN-MH"
  }
}