{
  "CITI0000001": {
    "BANK": "CITI BANK",
    "IFSC": "CITI0000001",
    "BRANCH": "KOLKATA",
    "ADDRESS": "KANAK BUILDING, 41, CHOWRINGHEE ROAD, KOLKATA - 700071",
    "CONTACT": "22881878",
    "CITY": "KOLKATA",
    "DISTRICT": "KOLKATA",
    "STATE": "WEST BENGAL"
  },
  "CITI0000002": {
    "BANK": "CITI BANK",
    "IFSC": "CITI0000002",
    "BRANCH": "NEW DELHI",
    "ADDRESS": "JEEVAN BHARTI BUILDING, 124, CONNAUGHT CIRCUS, NEW DELHI - 110001",
    "CONTACT": "23743584",
    "CITY": "DELHI",
    "DISTRICT": "NEW DELHI",
    "STATE": "DELHI"
  },
  "CITI0000003": {
    "BANK": "CITI BANK",
    "IFSC": "CITI0000003",
    "BRANCH": "CHENNAI",
    "ADDRESS": "NO. 2, CLUB HOUSE ROAD, CHENNAI - 600002",
    "CONTACT": "28460014",
    "CITY": "CHENNAI",
    "DISTRICT": "CHENNAI",
    "STATE": "TAMIL NADU"
  },
  "CITI0000004": {
    "BANK": "CITI BANK",
    "IFSC": "CITI0000004",
    "BRANCH": "BANGALORE",
    "ADDRESS": "506-507, LEVEL 5, PRESTIGE MERIDIAN 2, # 30 M G ROAD, BANGALORE - 560001",
    "CONTACT": "51123551",
    "CITY": "BANGALORE",
    "DISTRICT": "BANGALORE URBAN",
    "STATE": "KARNATAKA"
  },
  "CITI0000005": {
    "BANK": "CITI BANK",
    "IFSC": "CITI0000005",
    "BRANCH": "PUNE",
    "ADDRESS": "2413, KUMAR CAPITAL, EAST STREET, PUNE 411 001",
    "CONTACT": "5606356",
    "CITY": "PUNE",
    "DISTRICT": "PUNE",
    "STATE": "MAHARASHTRA"
  },
  "CITI0000006": {
    "BANK": "CITI BANK",
    "IFSC": "CITI0000006",
    "BRANCH": "HYDERABAD",
    "ADDRESS": "G-PULLA REDDY BUILDING, NORTH WING, GREENLANDS ROAD, BEGUMPET, HYDERABAD - 500016",
    "CONTACT": "23415350",
    "CITY": "HYDERABAD",
    "DISTRICT": "HYDERABAD URBAN",
    "STATE": "ANDHRA PRADESH"
  },
  "CITI0000007": {
    "BANK": "CITI BANK",
    "IFSC": "CITI0000007",
    "BRANCH": "AHMEDABAD",
    "ADDRESS": "REMBRANDT, C G ROAD, NEAR PANCHVATI CIRCLE, AHMEDABAD - 380006",
    "CONTACT": "26568497",
    "CITY": "AHMEDABAD",
    "DISTRICT": "AHMEDABAD",
    "STATE": "GUJARAT"
  },
  "CITI0000008": {
    "BANK": "CITI BANK",
    "IFSC": "CITI0000008",
    "BRANCH": "BARODA",
    "ADDRESS": "PELICAN, 1ST FLOOR, OPP. RACE COURSE TOWERS, GOTRI ROAD, BARODA 390007",
    "CONTACT": "2321649",
    "CITY": "VADODARA",
    "DISTRICT": "VADODARA",
    "STATE": "GUJARAT"
  },
  "CITI0000009": {
    "BANK": "CITI BANK",
    "IFSC": "CITI0000009",
    "BRANCH": "JAIPUR",
    "ADDRESS": "BHAGWATI BHAVAN, GOVT. HOSTEL CROSSING, M.I ROAD, JAIPUR - 302001",
    "CONTACT": "5118144",
    "CITY": "JAIPUR",
    "DISTRICT": "JAIPUR",
    "STATE": "RAJASTHAN"
  },
  "CITI0000010": {
    "BANK": "CITI BANK",
    "IFSC": "CITI0000010",
    "BRANCH": "LUDHIANA",
    "ADDRESS": "CITIBANK NA,GROUND FLOOR, LUDHIANA STOCK EXCHANGE BUILDING,FEROZ GANDHI MARKET,LUDHIANA - 141001",
    "CONTACT": "5089984",
    "CITY": "LUDHIANA",
    "DISTRICT": "LUDHIANA",
    "STATE": "PUNJAB"
  },
  "CITI0000011": {
    "BANK": "CITI BANK",
    "IFSC": "CITI0000011",
    "BRANCH": "COIMBATORE",
    "ADDRESS": "TRISTAR TOWERS, 657 AVINASHI ROAD, COIMBATORE 641 037",
    "CONTACT": "2217979",
    "CITY": "COIMBATORE",
    "DISTRICT": "COIMBOTORE",
    "STATE": "TAMIL NADU"
  },
  "CITI0000012": {
    "BANK": "CITI BANK",
    "IFSC": "CITI0000012",
    "BRANCH": "COCHIN",
    "ADDRESS": "PHOTOFAST HS., DOOR NO.38/1581, MG ROAD, PADMA JUNCTION, COCHIN 682035",
    "CONTACT": "2383936",
    "CITY": "KOCHI",
    "DISTRICT": "ERNAKULAM",
    "STATE": "KERALA"
  },
  "CITI0000013": {
    "BANK": "CITI BANK",
    "IFSC": "CITI0000013",
    "BRANCH": "CHANDIGARH",
    "ADDRESS": "SCO 132/133, SECTOR - 9C, MADHYA MARG, CHANDIGARH - 1600017",
    "CONTACT": "2746381",
    "CITY": "CHANDIGARH",
    "DISTRICT": "CHANDIGARH",
    "STATE": "CHANDIGARH"
  },
  "CITI0000014": {
    "BANK": "CITI BANK",
    "IFSC": "CITI0000014",
    "BRANCH": "GURGAON",
    "ADDRESS": "DLF SQUARE, M BLOCK, JARACANDA MARG, DLF CITY, PHASE II, GURGAON - 122002",
    "CONTACT": "5012137",
    "CITY": "GURGAON",
    "DISTRICT": "GURGAON",
    "STATE": "HARYANA"
  },
  "CITI0000015": {
    "BANK": "CITI BANK",
    "IFSC": "CITI0000015",
    "BRANCH": "SURAT",
    "ADDRESS": "1ST FLOOR, OPP. KAKADIA COMPLEX, GHOD DOD ROAD, SURAT 395007",
    "CONTACT": "2256147",
    "CITY": "SURAT",
    "DISTRICT": "SURAT",
    "STATE": "GUJARAT"
  },
  "CITI0000016": {
    "BANK": "CITI BANK",
    "IFSC": "CITI0000016",
    "BRANCH": "LUCKNOW",
    "ADDRESS": "CITIBANK NA,17/1, ASHOK MARG,LUCKNOW - 226001",
    "CONTACT": "2231661",
    "CITY": "LUCKNOW",
    "DISTRICT": "LUCKNOW",
    "STATE": "UTTAR PRADESH"
  },
  "CITI0000017": {
    "BANK": "CITI BANK",
    "IFSC": "CITI0000017",
    "BRANCH": "NOIDA",
    "ADDRESS": "CITIBANK NA, A 6 SECTOR 4, NOIDA 201 301 CITI NEW DELHI",
    "CONTACT": "4396501",
    "CITY": "NOIDA",
    "DISTRICT": "GAUTAM BODDA NAGAR",
    "STATE": "UTTAR PRADESH"
  },
  "CITI0000019": {
    "BANK": "CITI BANK",
    "IFSC": "CITI0000019",
    "BRANCH": "AURANGABAD",
    "ADDRESS": "SARASWATI SANKUL, NIRALA BAZAR, OPP S B COLLEGE BUS STOP, AURANGPURA, AURANGABAD 431 001",
    "CONTACT": "5627041",
    "CITY": "AURANGABAD",
    "DISTRICT": "AURANGABAD",
    "STATE": "MAHARASHTRA"
  },
  "CITI0000020": {
    "BANK": "CITI BANK",
    "IFSC": "CITI0000020",
    "BRANCH": "INDORE",
    "ADDRESS": "3, PRINCESS BUSINESS SKYPARK, BLOCK 22, 23 AND 24, A. B. ROAD,OPPOSITE ORBIT MALL, INDORE, PINCODE 452 010",
    "CONTACT": "4709703",
    "CITY": "INDORE",
    "DISTRICT": "INDORE",
    "STATE": "MADHYA PRADESH"
  },
  "CITI0000021": {
    "BANK": "CITI BANK",
    "IFSC": "CITI0000021",
    "BRANCH": "BHUBANESHWAR",
    "ADDRESS": "98 JANPATH, UNIT III,BHUBANESWAR -751001 ORISSA",
    "CONTACT": "2539456",
    "CITY": "BHUBANESWAR",
    "DISTRICT": "KHURDA",
    "STATE": "ODISHA"
  },
  "CITI0000022": {
    "BANK": "CITI BANK",
    "IFSC": "CITI0000022",
    "BRANCH": "NASHIK",
    "ADDRESS": "RUSHIRAJ RESIDENCY, 52-53 D'SOUZA COLONY, COLLEGE ROAD, NASIK",
    "CONTACT": "2309100",
    "CITY": "NASHIK",
    "DISTRICT": "NASHIK",
    "STATE": "MAHARASHTRA"
  },
  "CITI0000023": {
    "BANK": "CITI BANK",
    "IFSC": "CITI0000023",
    "BRANCH": "PONDICHERRY",
    "ADDRESS": "NO. 22,  RUE BUSSY STREET, (LAL BAHADUR SHASTRI STREET) PONDICHERRY 605 001",
    "CONTACT": "5210610",
    "CITY": "PONDICHERRY",
    "DISTRICT": "PONDICHERRY",
    "STATE": "PUDUCHERRY"
  },
  "CITI0000024": {
    "BANK": "CITI BANK",
    "IFSC": "CITI0000024",
    "BRANCH": "VAPI",
    "ADDRESS": "THE EMPEROR, 1ST FLOOR, VAPI-DAMANA ROAD, CHALA, VAPI 396191",
    "CONTACT": "2462702",
    "CITY": "VAPI",
    "DISTRICT": "VALSAD",
    "STATE": "GUJARAT"
  },
  "CITI0000025": {
    "BANK": "CITI BANK",
    "IFSC": "CITI0000025",
    "BRANCH": "JALLANDHAR",
    "ADDRESS": "GOBIND NIWAS, 36 G.T. ROAD, JALANDHAR - 144001",
    "CONTACT": null,
    "CITY": "JALANDHAR",
    "DISTRICT": "JALANDHAR",
    "STATE": "PUNJAB"
  },
  "CITI0000026": {
    "BANK": "CITI BANK",
    "IFSC": "CITI0000026",
    "BRANCH": "BHOPAL",
    "ADDRESS": "K K BUSINESS CENTRE,133, ZONE 1, M P NAGAR, BHOPAL - 462011",
    "CONTACT": "4008021",
    "CITY": "BHOPAL",
    "DISTRICT": "BHOPAL",
    "STATE": "MADHYA PRADESH"
  },
  "CITI0000027": {
    "BANK": "CITI BANK",
    "IFSC": "CITI0000027",
    "BRANCH": "FARIDABAD",
    "ADDRESS": "CITIBANK NA , 2427 LOWER GROUND FL, CROWNE ANSAL PLAZA , MATHURA ROAD , FARIDABAD 121007 HARIYANA",
    "CONTACT": "2226853",
    "CITY": "FARIDABAD",
    "DISTRICT": "FARIDABAD",
    "STATE": "HARYANA"
  },
  "CITI0000028": {
    "BANK": "CITI BANK",
    "IFSC": "CITI0000028",
    "BRANCH": "BRABROAD ( KOLKATA)",
    "ADDRESS": "CITIBANK NA  9, BRABOURNE ROAD, GROUND FLOOR, KOLKATA-700001",
    "CONTACT": "9830201311",
    "CITY": "KOLKATA",
    "DISTRICT": "KOLKATA",
    "STATE": "WEST BENGAL"
  },
  "CITI0000029": {
    "BANK": "CITI BANK",
    "IFSC": "CITI0000029",
    "BRANCH": "NEHRU PLACE BRANCH",
    "ADDRESS": "CITIBANK NA  GROUND FLOOR, INTERNATIONAL TRADE TOWER, HOTEL PARK ROYAL COMPLEX,NEHRU PLACE, NEW DELHI - 10 019.",
    "CONTACT": "9811201932",
    "CITY": "DELHI",
    "DISTRICT": "DELHI",
    "STATE": "DELHI"
  },
  "CITI0000030": {
    "BANK": "CITI BANK",
    "IFSC": "CITI0000030",
    "BRANCH": "VASANT VIHAR",
    "ADDRESS": "CITIBANK NA  PLOT NO.33, COMMUNITY CENTRE VASANT VIHAR NEW DELHI 110057",
    "CONTACT": "9871424422",
    "CITY": "DELHI",
    "DISTRICT": "DELHI",
    "STATE": "DELHI"
  },
  "CITI0000031": {
    "BANK": "CITI BANK",
    "IFSC": "CITI0000031",
    "BRANCH": "PUNJABI BAGH BRANCH",
    "ADDRESS": "CITIBANK NA  27, CENTRAL MARKET PUNJABI BAGHNEW DELHI:110026",
    "CONTACT": "9810403350",
    "CITY": "DELHI",
    "DISTRICT": "DELHI",
    "STATE": "DELHI"
  },
  "CITI0000032": {
    "BANK": "CITI BANK",
    "IFSC": "CITI0000032",
    "BRANCH": "SOUTH EXTENSION BRANCH",
    "ADDRESS": "CITIBANK NA  D - 11, SOUTH EXTENSION PART - II, NEW DELHI - 110049",
    "CONTACT": "9810530336",
    "CITY": "DELHI",
    "DISTRICT": "DELHI",
    "STATE": "DELHI"
  },
  "CITI0000034": {
    "BANK": "CITI BANK",
    "IFSC": "CITI0000034",
    "BRANCH": "NOIDA",
    "ADDRESS": "CITIBANK NA  A-6, SECTOR-4, NOIDA.201301",
    "CONTACT": "9899971810",
    "CITY": "NOIDA",
    "DISTRICT": "GAUTAM BUDDHA NAGAR",
    "STATE": "UTTAR PRADESH"
  },
  "CITI0000036": {
    "BANK": "CITI BANK",
    "IFSC": "CITI0000036",
    "BRANCH": "ANDHERI",
    "ADDRESS": "CITIBANK NA, KALPACHANDRA, NEXT TO SHOPPERS STOP, ANDHERI",
    "CONTACT": "9821227132",
    "CITY": "MUMBAI",
    "DISTRICT": "GREATER MUMBAI",
    "STATE": "MAHARASHTRA"
  },
  "CITI0000037": {
    "BANK": "CITI BANK",
    "IFSC": "CITI0000037",
    "BRANCH": "JUHU",
    "ADDRESS": "CITIBANK NA, AMMU, B1, V MEHTA ROAD,JVPD SCHEME JUHU",
    "CONTACT": "9967659169",
    "CITY": "MUMBAI",
    "DISTRICT": "GREATER MUMBAI",
    "STATE": "MAHARASHTRA"
  },
  "CITI0000038": {
    "BANK": "CITI BANK",
    "IFSC": "CITI0000038",
    "BRANCH": "VASHI",
    "ADDRESS": "CITIBANK NA, MAHATMA PHULE BHAVAN, PALM BEACH ROAD, JUNCTION SECTOR 17 VASHI, NEW MUMBAI",
    "CONTACT": "982018847",
    "CITY": "NEW MUMBAI",
    "DISTRICT": "THANE",
    "STATE": "MAHARASHTRA"
  },
  "CITI0000039": {
    "BANK": "CITI BANK",
    "IFSC": "CITI0000039",
    "BRANCH": "BANDRA",
    "ADDRESS": "CITIBANK NA, WEST VIEW BLDG, LINKING ROAD KHAR DANDA JUNCTION, KHAR WEST",
    "CONTACT": "9820594168",
    "CITY": "MUMBAI",
    "DISTRICT": "GREATER MUMBAI",
    "STATE": "MAHARASHTRA"
  },
  "CITI0000040": {
    "BANK": "CITI BANK",
    "IFSC": "CITI0000040",
    "BRANCH": "AIB",
    "ADDRESS": "CITIBANK NA  AIR INDIA BLDG, NARIMAN POINT MUMBAI",
    "CONTACT": "9820507303",
    "CITY": "MUMBAI",
    "DISTRICT": "GREATER MUMBAI",
    "STATE": "MAHARASHTRA"
  },
  "CITI0000042": {
    "BANK": "CITI BANK",
    "IFSC": "CITI0000042",
    "BRANCH": "JAYANAGAR BRANCH",
    "ADDRESS": "CITIBANK NA  PRESTIGE SOUTH END, NO 91, SOUTH END ROAD, JAYANAGAR, BANGALORE - 560 004",
    "CONTACT": "9845594647",
    "CITY": "BANGALORE",
    "DISTRICT": "BANGALORE URBAN",
    "STATE": "KARNATAKA"
  },
  "CITI0000043": {
    "BANK": "CITI BANK",
    "IFSC": "CITI0000043",
    "BRANCH": "AKOLA",
    "ADDRESS": "YAMUNA TARANG COMPLEX, PLOT NO 2, NH NO 6, NEAR RAMLATA BUSINESS CENTRE, AKOLA 444004",
    "CONTACT": null,
    "CITY": "AKOLA",
    "DISTRICT": "AKOLA",
    "STATE": "MAHARASHTRA"
  },
  "CITI0000044": {
    "BANK": "CITI BANK",
    "IFSC": "CITI0000044",
    "BRANCH": "NANDED",
    "ADDRESS": "CITIBANK N.A., GUT NO-120, MALEGAON ROAD, TARODA ( KHURD), NANDED-431605",
    "CONTACT": "40296791",
    "CITY": "NANDED",
    "DISTRICT": "MAHARASHTRA",
    "STATE": "MAHARASHTRA"
  },
  "CITI0000045": {
    "BANK": "CITI BANK",
    "IFSC": "CITI0000045",
    "BRANCH": "NANDIYAL",
    "ADDRESS": "CITIBANK N.A,GLOBAL TRANSACTON SERVICES,DOOR NO-25-427/3 RAIL STATION ROAD,ANDHRA PRADESH- 518 501",
    "CONTACT": "40296791",
    "CITY": "NANDIYAL",
    "DISTRICT": "ANDHRA PRADESH",
    "STATE": "ANDHRA PRADESH"
  },
  "CITI0000046": {
    "BANK": "CITI BANK",
    "IFSC": "CITI0000046",
    "BRANCH": "NAGPUR",
    "ADDRESS": "CITIBANK N.A., NEXUS POINT, SHOP NO. 1, OPP. VIDHAN BHAVAN, CIVIL LINES",
    "CONTACT": "6623123",
    "CITY": "NAGPUR",
    "DISTRICT": "NAGPUR",
    "STATE": "MAHARASHTRA"
  },
  "CITI0000047": {
    "BANK": "CITI BANK",
    "IFSC": "CITI0000047",
    "BRANCH": "SERILINGAMPALLY",
    "ADDRESS": "CITIBANK NA-UNIT NO.1, APURUPA SILPI, SURVEY NO. 124, GACHIBOWLI VILLAGE, SERILINGAMPALLY MANDAL, HYDERABAD, RANGA REDDY DISTRICT, ANDHRA PRADESH - 500032",
    "CONTACT": "66017109",
    "CITY": "HYDERABAD",
    "DISTRICT": "RANGA REDDY DISTRICT",
    "STATE": "ANDHRA PRADESH"
  },
  "CITI0000048": {
    "BANK": "CITI BANK",
    "IFSC": "CITI0000048",
    "BRANCH": "THANE",
    "ADDRESS": "GROUND FLOOR, SHOP NO. 2, WING A, LALANI RESIDENCY, SURVEY NO. 199/4, VILLAGE KAVESAR, OPP. SURAJ WATER PARK, NEAR WAGHBIL NAKA, GHODBUNDER ROAD, THANE (WEST) - 400 615",
    "CONTACT": "25981401",
    "CITY": "THANE",
    "DISTRICT": "THANE",
    "STATE": "MAHARASHTRA"
  },
  "CITI0100000": {
    "BANK": "CITI BANK",
    "IFSC": "CITI0100000",
    "BRANCH": "MUMBAI",
    "ADDRESS": "BOMBAY MUTUAL BUILDING,293, DR. D N ROAD, FORT, MUMBAI 400001",
    "CONTACT": "40005706",
    "CITY": "MUMBAI",
    "DISTRICT": "GREATER MUMBAI",
    "STATE": "MAHARASHTRA"
  },
  "CITI0RTGSMI": {
    "BANK": "CITI BANK",
    "IFSC": "CITI0RTGSMI",
    "BRANCH": "RTGS-HO",
    "ADDRESS": "BOMBAY MUTUAL BUILDING, FORT, MUMBAI-400001",
    "CONTACT": "40005706",
    "CITY": "MUMBAI",
    "DISTRICT": "MUMBAI",
    "STATE": "MAHARASHTRA"
  }
}