{
  "DCBL0000001": {
    "BANK": "DCB BANK LIMITED",
    "IFSC": "DCBL0000001",
    "BRANCH": "MUMBAI MAIN OFFICE",
    "ADDRESS": "154, S.V.PATEL ROAD, DONGRI(E),MUMBAI - 400009",
    "CONTACT": "67474176",
    "CITY": "MUMBAI",
    "DISTRICT": "MUMBAI",
    "STATE": "MAHARASHTRA"
  },
  "DCBL0000002": {
    "BANK": "DCB BANK LIMITED",
    "IFSC": "DCBL0000002",
    "BRANCH": "KALBADEVI",
    "ADDRESS": "413  VASANT WADI  KALBADEVI ROAD  OPP BANK OF BARODA ATM  MUMBAI 400002",
    "CONTACT": null,
    "CITY": "MUMBAI",
    "DISTRICT": "GREATER MUMBAI",
    "STATE": "MAHARASHTRA"
  },
  "DCBL0000003": {
    "BANK": "DCB BANK LIMITED",
    "IFSC": "DCBL0000003",
    "BRANCH": "IMAMWADA",
    "ADDRESS": "116, IMAMWADA ROAD, KARIMABAD SOCIETY, MUMBAI - 400009",
    "CONTACT": "67472980",
    "CITY": "MUMBAI",
    "DISTRICT": "MUMBAI",
    "STATE": "MAHARASHTRA"
  },
  "DCBL0000004": {
    "BANK": "DCB BANK LIMITED",
    "IFSC": "DCBL0000004",
    "BRANCH": "ANDHERI (WEST)",
    "ADDRESS": "19, SV ROAD, OPP. ANDHERI SUBWAY, ANDHERI (W), MUMBAI - 400058",
    "CONTACT": "67424165",
    "CITY": "MUMBAI",
    "DISTRICT": "MUMBAI",
    "STATE": "MAHARASHTRA"
  },
  "DCBL0000005": {
    "BANK": "DCB BANK LIMITED",
    "IFSC": "DCBL0000005",
    "BRANCH": "BANDRA",
    "ADDRESS": "241, GROUND FLOOR,HILL VIEW APARTMENTS, HILL ROAD OPP MEHBOOB STUDIO, BANDRA (W) MUMBAI - 400050",
    "CONTACT": "67657930",
    "CITY": "MUMBAI",
    "DISTRICT": "MUMBAI",
    "STATE": "MAHARASHTRA"
  },
  "DCBL0000006": {
    "BANK": "DCB BANK LIMITED",
    "IFSC": "DCBL0000006",
    "BRANCH": "BYCULLA",
    "ADDRESS": "SAGAR CLASSIC, 64 MIRZA GALIB MARG, BYCULLA, MUMBAI - 400008",
    "CONTACT": "65992032",
    "CITY": "MUMBAI",
    "DISTRICT": "MUMBAI",
    "STATE": "MAHARASHTRA"
  },
  "DCBL0000007": {
    "BANK": "DCB BANK LIMITED",
    "IFSC": "DCBL0000007",
    "BRANCH": "DAHISAR",
    "ADDRESS": "GULISTAN APT,GROUND FLOOR, S.V.ROAD,DAHISAR [E] - 400068",
    "CONTACT": "65992036",
    "CITY": "MUMBAI",
    "DISTRICT": "MUMBAI",
    "STATE": "MAHARASHTRA"
  },
  "DCBL0000008": {
    "BANK": "DCB BANK LIMITED",
    "IFSC": "DCBL0000008",
    "BRANCH": "GOREGAON",
    "ADDRESS": "CHITNIS BUNGLOW,OPP.ANUPAM TALKIES, STATION ROAD, GOREGAON [E], MUMBAI - 400063",
    "CONTACT": "65992052",
    "CITY": "MUMBAI",
    "DISTRICT": "MUMBAI",
    "STATE": "MAHARASHTRA"
  },
  "DCBL0000009": {
    "BANK": "DCB BANK LIMITED",
    "IFSC": "DCBL0000009",
    "BRANCH": "HASANABAD",
    "ADDRESS": "116 DR.MASCARENHAS ROAD, HASANABAD, MAZGAON, MUMBAI - 400010",
    "CONTACT": "67474272",
    "CITY": "MUMBAI",
    "DISTRICT": "MUMBAI",
    "STATE": "MAHARASHTRA"
  },
  "DCBL0000010": {
    "BANK": "DCB BANK LIMITED",
    "IFSC": "DCBL0000010",
    "BRANCH": "JOGESHWARI",
    "ADDRESS": "ROOP APTS,S.V.ROAD,JOGESHWARI [W], MUMBAI - 400102",
    "CONTACT": "67582340",
    "CITY": "MUMBAI",
    "DISTRICT": "MUMBAI",
    "STATE": "MAHARASHTRA"
  },
  "DCBL0000011": {
    "BANK": "DCB BANK LIMITED",
    "IFSC": "DCBL0000011",
    "BRANCH": "KURLA",
    "ADDRESS": "RADHABAI NIWAS,GR FLR,JUNCTION OF LBS MARG, KURLA, MUMBAI - 400070",
    "CONTACT": "65990798",
    "CITY": "MUMBAI",
    "DISTRICT": "MUMBAI",
    "STATE": "MAHARASHTRA"
  },
  "DCBL0000012": {
    "BANK": "DCB BANK LIMITED",
    "IFSC": "DCBL0000012",
    "BRANCH": "MUMBRA",
    "ADDRESS": "D-9/D-10/D-25/ D-26, NASHEMAN INDUSTRIAL COMPLEX, MEK ENGINEERING WORKS, MUMBRA - 400 612.",
    "CONTACT": "65992150",
    "CITY": "THANE",
    "DISTRICT": "THANE",
    "STATE": "MAHARASHTRA"
  },
  "DCBL0000013": {
    "BANK": "DCB BANK LIMITED",
    "IFSC": "DCBL0000013",
    "BRANCH": "NESBIT ROAD",
    "ADDRESS": "34  DAS COMPOUND  NESBOIT ROAD  MAZGAON  MUMBAI 400 010",
    "CONTACT": null,
    "CITY": "MUMBAI",
    "DISTRICT": "GREATER MUMBAI",
    "STATE": "MAHARASHTRA"
  },
  "DCBL0000014": {
    "BANK": "DCB BANK LIMITED",
    "IFSC": "DCBL0000014",
    "BRANCH": "PUNE",
    "ADDRESS": "MILLENIUM STAR, NO.3, GROUND FLOOR, DHOLE PATIL ROAD, NEAR RUBY HALL CLINIC, PUNE - 411 001.",
    "CONTACT": "65601301",
    "CITY": "PUNE",
    "DISTRICT": "PUNE",
    "STATE": "MAHARASHTRA"
  },
  "DCBL0000015": {
    "BANK": "DCB BANK LIMITED",
    "IFSC": "DCBL0000015",
    "BRANCH": "WARANGAL",
    "ADDRESS": "8-9-8, STATION ROAD, WARANGAL - 506002",
    "CONTACT": "6453060",
    "CITY": "WARANGAL",
    "DISTRICT": "WARANGAL",
    "STATE": "ANDHRA PRADESH"
  },
  "DCBL0000017": {
    "BANK": "DCB BANK LIMITED",
    "IFSC": "DCBL0000017",
    "BRANCH": "VERSOVA",
    "ADDRESS": "SHOP 1 TO 4, GROUND FLOOR, MADHUBAN CHSL, NEXT TO AKB BAUG, ANDHERI WEST, MUMBAI - 400061",
    "CONTACT": "65992105",
    "CITY": "MUMBAI",
    "DISTRICT": "MUMBAI",
    "STATE": "MAHARASHTRA"
  },
  "DCBL0000018": {
    "BANK": "DCB BANK LIMITED",
    "IFSC": "DCBL0000018",
    "BRANCH": "THANE",
    "ADDRESS": "JANKI NIWAS, GROUND FLOOR, OPP. GADKARI RANGAYATAN, DR. MOOSE ROAD, TALAO PALI, THANE (W) - 400602",
    "CONTACT": "25333909",
    "CITY": "THANE",
    "DISTRICT": "THANE",
    "STATE": "MAHARASHTRA"
  },
  "DCBL0000019": {
    "BANK": "DCB BANK LIMITED",
    "IFSC": "DCBL0000019",
    "BRANCH": "MOHAMEDALI ROAD",
    "ADDRESS": "MOHAMEDALI ROAD BRANCH, M.R.A. MARG, OPP. CRAWFORD MARKET, MUMBAI - 400001",
    "CONTACT": "66156917",
    "CITY": "MUMBAI",
    "DISTRICT": "MUMBAI",
    "STATE": "MAHARASHTRA"
  },
  "DCBL0000022": {
    "BANK": "DCB BANK LIMITED",
    "IFSC": "DCBL0000022",
    "BRANCH": "NANDED-WAGHALA",
    "ADDRESS": "BARARA TOWER, UPPER GROUND FLOOR, DOCTOR'S LANE, NEAR KALAMANDIR, NANDED - 431601",
    "CONTACT": "646113",
    "CITY": "NANDED",
    "DISTRICT": "NANDED",
    "STATE": "MAHARASHTRA"
  },
  "DCBL0000023": {
    "BANK": "DCB BANK LIMITED",
    "IFSC": "DCBL0000023",
    "BRANCH": "NARIMAN POINT",
    "ADDRESS": "OFFICE NO 3, MITTAL COURT B WING, NARIMAN POINT - 400021",
    "CONTACT": "67474100",
    "CITY": "MUMBAI",
    "DISTRICT": "MUMBAI",
    "STATE": "MAHARASHTRA"
  },
  "DCBL0000024": {
    "BANK": "DCB BANK LIMITED",
    "IFSC": "DCBL0000024",
    "BRANCH": "MAHIM",
    "ADDRESS": "9/SAMRAT, OPP.VICTORIA SCHOOL, 314/LADY JAMSHEDJI ROAD, MAHIM (W), MUMBAI - 400016",
    "CONTACT": "65992130",
    "CITY": "MUMBAI",
    "DISTRICT": "MUMBAI",
    "STATE": "MAHARASHTRA"
  },
  "DCBL0000025": {
    "BANK": "DCB BANK LIMITED",
    "IFSC": "DCBL0000025",
    "BRANCH": "MALAD",
    "ADDRESS": "MAMLATDAR WADI, LIBERTY GARDEN ROAD # 1, MALAD [W] MUMBAI - 400064",
    "CONTACT": "67083540",
    "CITY": "MUMBAI",
    "DISTRICT": "MUMBAI",
    "STATE": "MAHARASHTRA"
  },
  "DCBL0000026": {
    "BANK": "DCB BANK LIMITED",
    "IFSC": "DCBL0000026",
    "BRANCH": "SANTACRUZ",
    "ADDRESS": "SHRI VIKAS CHS LTD,60-B LINKING ROAD, JUNCTION OF NORTH AVENUE,SANTACRUZ [W], MUMBAI - 400054",
    "CONTACT": "67587530",
    "CITY": "MUMBAI",
    "DISTRICT": "MUMBAI",
    "STATE": "MAHARASHTRA"
  },
  "DCBL0000027": {
    "BANK": "DCB BANK LIMITED",
    "IFSC": "DCBL0000027",
    "BRANCH": "HYDERABAD",
    "ADDRESS": "30/1, GROUND FLOOR, METHODIST COMPLEX, ABIDS, HYDERABAD - 500001",
    "CONTACT": "66021981",
    "CITY": "HYDERABAD",
    "DISTRICT": "HYDERABAD",
    "STATE": "ANDHRA PRADESH"
  },
  "DCBL0000028": {
    "BANK": "DCB BANK LIMITED",
    "IFSC": "DCBL0000028",
    "BRANCH": "RELIEF ROAD",
    "ADDRESS": "NEXT TO RELIEF CINEMA, OPP Z. K. HOTEL, RELIEF ROAD, AHMEDABAD 380001",
    "CONTACT": "7965105600",
    "CITY": "AHMEDABAD",
    "DISTRICT": "AHMEDABAD",
    "STATE": "GUJARAT"
  },
  "DCBL0000029": {
    "BANK": "DCB BANK LIMITED",
    "IFSC": "DCBL0000029",
    "BRANCH": "KAUSA",
    "ADDRESS": "NASHEMAN, N WING, SHOP NO.2,3,4, KAUSA, MUMBRA DISTRICT, THANE.PIN - 400612",
    "CONTACT": "65992064",
    "CITY": "THANE",
    "DISTRICT": "THANE",
    "STATE": "MAHARASHTRA"
  },
  "DCBL0000030": {
    "BANK": "DCB BANK LIMITED",
    "IFSC": "DCBL0000030",
    "BRANCH": "VASHI",
    "ADDRESS": "75, VARDHAMAN MARKET, SECTOR 17, VASHI, NAVI MUMBAI - 400703",
    "CONTACT": "65991189",
    "CITY": "THANE",
    "DISTRICT": "THANE",
    "STATE": "MAHARASHTRA"
  },
  "DCBL0000031": {
    "BANK": "DCB BANK LIMITED",
    "IFSC": "DCBL0000031",
    "BRANCH": "LOKHANDWALA",
    "ADDRESS": "SHOP NO 4&5 APNA GHAR CHS, SWAMI SAMARTH NAGAR,ANDHERI [W], MUMBAI - 400053",
    "CONTACT": "67587500",
    "CITY": "MUMBAI",
    "DISTRICT": "MUMBAI",
    "STATE": "MAHARASHTRA"
  },
  "DCBL0000032": {
    "BANK": "DCB BANK LIMITED",
    "IFSC": "DCBL0000032",
    "BRANCH": "AURANAGABAD",
    "ADDRESS": "J.K.TOWERS, ADALAT ROAD, KRANTI CHOWK, AURANGABAD- 431005",
    "CONTACT": "6604875",
    "CITY": "AURANGABAD",
    "DISTRICT": "AURANGABAD",
    "STATE": "MAHARASHTRA"
  },
  "DCBL0000033": {
    "BANK": "DCB BANK LIMITED",
    "IFSC": "DCBL0000033",
    "BRANCH": "SURAT",
    "ADDRESS": "G-1 AND G-2, GROUND FLOOR, ROCKFORD BUSINESS CENTER, UDHNA DARWAJA, RING ROAD, SURAT ┬û 395002.",
    "CONTACT": "2616691418",
    "CITY": "SURAT",
    "DISTRICT": "SURAT",
    "STATE": "GUJARAT"
  },
  "DCBL0000034": {
    "BANK": "DCB BANK LIMITED",
    "IFSC": "DCBL0000034",
    "BRANCH": "VAPI",
    "ADDRESS": "DEEP APARTMENT, VAPI - SILVASSA ROAD, GIDC CHAR RASTA, VAPI 396191",
    "CONTACT": "2606540003",
    "CITY": "VALSAD",
    "DISTRICT": "VALSAD",
    "STATE": "GUJARAT"
  },
  "DCBL0000035": {
    "BANK": "DCB BANK LIMITED",
    "IFSC": "DCBL0000035",
    "BRANCH": "SIDHPUR",
    "ADDRESS": "SANMAN COMPLEX, OPP. CIVIL COURT, SIDHPUR 384151",
    "CONTACT": "2767650180",
    "CITY": "PATAN",
    "DISTRICT": "PATAN",
    "STATE": "GUJARAT"
  },
  "DCBL0000036": {
    "BANK": "DCB BANK LIMITED",
    "IFSC": "DCBL0000036",
    "BRANCH": "C.G.ROAD",
    "ADDRESS": "PRERNA ARCADE, GROUND FLOOR, OPP.DOCTOR HOUSE, NEAR PARIMAL GARDEN, C.G.ROAD, AHMEDABAD 380006. 380006",
    "CONTACT": "7966143241",
    "CITY": "AHMEDABAD",
    "DISTRICT": "AHMEDABAD",
    "STATE": "GUJARAT"
  },
  "DCBL0000037": {
    "BANK": "DCB BANK LIMITED",
    "IFSC": "DCBL0000037",
    "BRANCH": "RTGS-HO",
    "ADDRESS": "PENINSULA BUSINESS PARK,  TOWER A , 9TH FLOOR, SENAPATI BAPAT MARG, LOWER PAREL MUMBAI  400 013.",
    "CONTACT": "66187283",
    "CITY": "MUMBAI",
    "DISTRICT": "MUMBAI",
    "STATE": "MAHARASHTRA"
  },
  "DCBL0000038": {
    "BANK": "DCB BANK LIMITED",
    "IFSC": "DCBL0000038",
    "BRANCH": "BANGALORE",
    "ADDRESS": "128(31/1) A&S PRESTIGE, ANNEX, MG ROAD, BANGALORE - 560001",
    "CONTACT": "8066310500",
    "CITY": "BANGALORE",
    "DISTRICT": "BANGALORE",
    "STATE": "KARNATAKA"
  },
  "DCBL0000039": {
    "BANK": "DCB BANK LIMITED",
    "IFSC": "DCBL0000039",
    "BRANCH": "MIRA ROAD",
    "ADDRESS": "A/1E RASHMI PARK,SHEETAL NAGAR, NEAR M.T.N.L MIRA ROAD [E], PIN - 401107",
    "CONTACT": "65992081",
    "CITY": "THANE",
    "DISTRICT": "THANE",
    "STATE": "MAHARASHTRA"
  },
  "DCBL0000040": {
    "BANK": "DCB BANK LIMITED",
    "IFSC": "DCBL0000040",
    "BRANCH": "RAJKOT",
    "ADDRESS": "JAY NAGNATH COMPLEX, 23 MILLPARA LANE, NR.MEHTA PETROL PUMP, DHEBAR ROAD, RAJKOT 360002",
    "CONTACT": "2816643700",
    "CITY": "RAJKOT",
    "DISTRICT": "RAJKOT",
    "STATE": "GUJARAT"
  },
  "DCBL0000041": {
    "BANK": "DCB BANK LIMITED",
    "IFSC": "DCBL0000041",
    "BRANCH": "GANDHINAGAR",
    "ADDRESS": "PLOT NO. 439, SECTORE-16, GH ROAD, GANDHINAGAR 382076",
    "CONTACT": "7965730137",
    "CITY": "GANDHINAGAR",
    "DISTRICT": "GANDHINAGAR",
    "STATE": "GUJARAT"
  },
  "DCBL0000042": {
    "BANK": "DCB BANK LIMITED",
    "IFSC": "DCBL0000042",
    "BRANCH": "BHUJ",
    "ADDRESS": "LAL TEKRI, OPP.BSNL OFFICE(CUSTOMER CARE), BHUJ-KUTCH-370001",
    "CONTACT": "2832653101",
    "CITY": "KACHCHH",
    "DISTRICT": "KACHCHH",
    "STATE": "GUJARAT"
  },
  "DCBL0000043": {
    "BANK": "DCB BANK LIMITED",
    "IFSC": "DCBL0000043",
    "BRANCH": "FORT",
    "ADDRESS": "8 RAJA BAHADUR COMPOUND  A D MARG  FORT  MUMBAI 400 001",
    "CONTACT": null,
    "CITY": "MUMBAI",
    "DISTRICT": "GREATER MUMBAI",
    "STATE": "MAHARASHTRA"
  },
  "DCBL0000044": {
    "BANK": "DCB BANK LIMITED",
    "IFSC": "DCBL0000044",
    "BRANCH": "DAMAN",
    "ADDRESS": "AL HUSSEIN PALACE, ZAPA BAHAR, MAIN ROAD, NANI DAMAN, DAMAN 396210",
    "CONTACT": "2816643703",
    "CITY": "DAMAN",
    "DISTRICT": "DAMAN",
    "STATE": "DAMAN AND DIU"
  },
  "DCBL0000045": {
    "BANK": "DCB BANK LIMITED",
    "IFSC": "DCBL0000045",
    "BRANCH": "ANKLESWAR",
    "ADDRESS": "124-128, ANMOL PLAZA, OPP. GIDC BUS STAND, ANKLESHWAR - 393002.",
    "CONTACT": "2646650520",
    "CITY": "BHARUCH",
    "DISTRICT": "BHARUCH",
    "STATE": "GUJARAT"
  },
  "DCBL0000046": {
    "BANK": "DCB BANK LIMITED",
    "IFSC": "DCBL0000046",
    "BRANCH": "NEW DELHI",
    "ADDRESS": "CONNAUGHT PLACE BRANCH, #15 G, HANSALAYA BUILDING, BARAKHAMBA ROAD, NEW DELHI - 110001",
    "CONTACT": "1164649064",
    "CITY": "DELHI",
    "DISTRICT": "DELHI",
    "STATE": "DELHI"
  },
  "DCBL0000047": {
    "BANK": "DCB BANK LIMITED",
    "IFSC": "DCBL0000047",
    "BRANCH": "SILVASSA",
    "ADDRESS": "9, BALAJI COMPLEX, NAROLI RD, SILVASSA 396230",
    "CONTACT": "2606450136",
    "CITY": "DADRA & NAGAR HAVELI",
    "DISTRICT": "DADRA & NAGAR HAVELI",
    "STATE": "DADRA AND NAGAR HAVELI"
  },
  "DCBL0000048": {
    "BANK": "DCB BANK LIMITED",
    "IFSC": "DCBL0000048",
    "BRANCH": "J.M.ROAD - PUNE",
    "ADDRESS": "ROHIT BUILDING, OFF J.M.ROAD,DECCAN GYMKHANA,PUNE 411 004",
    "CONTACT": "66421651",
    "CITY": "PUNE",
    "DISTRICT": "PUNE",
    "STATE": "MAHARASHTRA"
  },
  "DCBL0000049": {
    "BANK": "DCB BANK LIMITED",
    "IFSC": "DCBL0000049",
    "BRANCH": "MADHAPUR",
    "ADDRESS": "PRANAZ PLAZA, H NO 1-74/2/1/A/NR, PLOT NO 3/A, SURVEY NO 58 PART, GUTTALA BEGUMPET, MADHAPUR, HYDERABAD - 500081",
    "CONTACT": "64631257",
    "CITY": "RANGAREDDY",
    "DISTRICT": "RANGAREDDY",
    "STATE": "ANDHRA PRADESH"
  },
  "DCBL0000050": {
    "BANK": "DCB BANK LIMITED",
    "IFSC": "DCBL0000050",
    "BRANCH": "HABSIGUDA",
    "ADDRESS": "4-7-40/2/1, OPP: HDFC BANK, BAPUJI NAGAR, MAIN ROAD, NACHARAM, HYDERABAD - 500076",
    "CONTACT": "64632029",
    "CITY": "RANGAREDDY",
    "DISTRICT": "RANGAREDDY",
    "STATE": "ANDHRA PRADESH"
  },
  "DCBL0000051": {
    "BANK": "DCB BANK LIMITED",
    "IFSC": "DCBL0000051",
    "BRANCH": "A.S.RAO NAGAR",
    "ADDRESS": "1,2,5&7, SREE AMULYA ESTETES, KUSHAIGUDA, ECIL POST, HYDERABAD - 500062",
    "CONTACT": "64631172",
    "CITY": "HYDERABAD",
    "DISTRICT": "HYDERABAD",
    "STATE": "ANDHRA PRADESH"
  },
  "DCBL0000052": {
    "BANK": "DCB BANK LIMITED",
    "IFSC": "DCBL0000052",
    "BRANCH": "VIRAR",
    "ADDRESS": "SHREE PANTH SAMARTH,OPP VITHAL MANDIR, C.S .MARG,VIRAR [W], PIN - 401303",
    "CONTACT": "6450391",
    "CITY": "THANE",
    "DISTRICT": "THANE",
    "STATE": "MAHARASHTRA"
  },
  "DCBL0000053": {
    "BANK": "DCB BANK LIMITED",
    "IFSC": "DCBL0000053",
    "BRANCH": "SABOO SIDDIQUE",
    "ADDRESS": "SABOO SIDDIK BRANCH, M.H.S.S. COLLEGE OF ENGG., 8, SHEPHERD RD., BYCULLA, MUMBAI - 400008",
    "CONTACT": "23014149",
    "CITY": "MUMBAI",
    "DISTRICT": "MUMBAI",
    "STATE": "MAHARASHTRA"
  },
  "DCBL0000054": {
    "BANK": "DCB BANK LIMITED",
    "IFSC": "DCBL0000054",
    "BRANCH": "VASCO-DA-GAMA",
    "ADDRESS": "SHOP NO.9 TO 11, VASCO CITI CENTRE, SWATANTRA PATH, VASCO, GOA 403 802",
    "CONTACT": "8326620876",
    "CITY": "SOUTH GOA",
    "DISTRICT": "SOUTH GOA",
    "STATE": "GOA"
  },
  "DCBL0000055": {
    "BANK": "DCB BANK LIMITED",
    "IFSC": "DCBL0000055",
    "BRANCH": "PANAJI",
    "ADDRESS": "HELIODORO SALGADO ROAD, EL- DORADO PLAZA, PANAJI - GOA 403001",
    "CONTACT": "8326630951",
    "CITY": "NORTH GOA",
    "DISTRICT": "NORTH GOA",
    "STATE": "GOA"
  },
  "DCBL0000056": {
    "BANK": "DCB BANK LIMITED",
    "IFSC": "DCBL0000056",
    "BRANCH": "MARGAO",
    "ADDRESS": "KARPE HOUSE, GROUND FLOOR,HOTEL GOLD STAR, NEXT TO RAYMOND SHOWROOM, ISIDORE BAPTISTA ROAD, MARGAO GOA - 403601",
    "CONTACT": "8326620850",
    "CITY": "SOUTH GOA",
    "DISTRICT": "SOUTH GOA",
    "STATE": "GOA"
  },
  "DCBL0000057": {
    "BANK": "DCB BANK LIMITED",
    "IFSC": "DCBL0000057",
    "BRANCH": "MAPUSA",
    "ADDRESS": "RIJIM PLAZA , OPP. POSHAK, NR BARDEZ BAZAR,MAPUSA,GOA.403507",
    "CONTACT": "8326630975",
    "CITY": "NORTH GOA",
    "DISTRICT": "NORTH GOA",
    "STATE": "GOA"
  },
  "DCBL0000058": {
    "BANK": "DCB BANK LIMITED",
    "IFSC": "DCBL0000058",
    "BRANCH": "SECUNDRABAD",
    "ADDRESS": "9-1-125/1, SIDDHARTHA PLAZA, 44, SAROJINI DEVI ROAD, SECUNDERABAD - 500003",
    "CONTACT": "66143801",
    "CITY": "HYDERABAD",
    "DISTRICT": "HYDERABAD",
    "STATE": "ANDHRA PRADESH"
  },
  "DCBL0000059": {
    "BANK": "DCB BANK LIMITED",
    "IFSC": "DCBL0000059",
    "BRANCH": "NAKKALGUTTA",
    "ADDRESS": "DNO 2-5-837 KLN REDDY COLONEY,CIRCUIT HOUSE ROAD,HANMAKONDA,WARANGAL-506001",
    "CONTACT": "6450349",
    "CITY": "WARANGAL",
    "DISTRICT": "WARANGAL",
    "STATE": "ANDHRA PRADESH"
  },
  "DCBL0000060": {
    "BANK": "DCB BANK LIMITED",
    "IFSC": "DCBL0000060",
    "BRANCH": "CHENNAI",
    "ADDRESS": "37, JAMBULINGAM STREET, NUNGAMBAKKAM, CHENNAI - 600 034.",
    "CONTACT": "4464520730",
    "CITY": "CHENNAI",
    "DISTRICT": "CHENNAI",
    "STATE": "TAMIL NADU"
  },
  "DCBL0000061": {
    "BANK": "DCB BANK LIMITED",
    "IFSC": "DCBL0000061",
    "BRANCH": "ANDHERI EAST",
    "ADDRESS": "SHREE AMBA SHANTI CHAMBERS  ANDHERI KURLA ROAD  ANDHERI EMUMBAI",
    "CONTACT": null,
    "CITY": "MUMBAI",
    "DISTRICT": "GREATER MUMBAI",
    "STATE": "MAHARASHTRA"
  },
  "DCBL0000062": {
    "BANK": "DCB BANK LIMITED",
    "IFSC": "DCBL0000062",
    "BRANCH": "JHARSA",
    "ADDRESS": "PREM DEEP BUILDING, JHARSA ROAD, OPP. HOPE APARTMENTS, SECTOR 15 ( PART 2), GURGAON, HARYANA - 122001",
    "CONTACT": "1246461721",
    "CITY": "GURGAON",
    "DISTRICT": "GURGAON",
    "STATE": "HARYANA"
  },
  "DCBL0000069": {
    "BANK": "DCB BANK LIMITED",
    "IFSC": "DCBL0000069",
    "BRANCH": "PREET VIHAR",
    "ADDRESS": "13, SURYA NIKETAN, OPP.ANAND VIHAR GURUDWARA, DELHI - 110092",
    "CONTACT": "1164649137",
    "CITY": "DELHI",
    "DISTRICT": "DELHI",
    "STATE": "DELHI"
  },
  "DCBL0000070": {
    "BANK": "DCB BANK LIMITED",
    "IFSC": "DCBL0000070",
    "BRANCH": "GREATER KAILASH",
    "ADDRESS": "S-484, GREATER KAILASH-II, NEW DELHI - 110048",
    "CONTACT": "1164649101",
    "CITY": "DELHI",
    "DISTRICT": "DELHI",
    "STATE": "DELHI"
  },
  "DCBL0000071": {
    "BANK": "DCB BANK LIMITED",
    "IFSC": "DCBL0000071",
    "BRANCH": "RAJAJI NAGAR",
    "ADDRESS": "BEE EM AVENUE, 650/12, DR. RAJ KUMAR ROAD, 1ST MAIN ROAD, D BLOCK, GAYATHRINAGAR, BANGALORE - 560010",
    "CONTACT": "8065360256",
    "CITY": "BANGALORE",
    "DISTRICT": "BANGALORE",
    "STATE": "KARNATAKA"
  },
  "DCBL0000072": {
    "BANK": "DCB BANK LIMITED",
    "IFSC": "DCBL0000072",
    "BRANCH": "S.R.NAGAR",
    "ADDRESS": "263/3 RT, \"TIRUMALA MANAS\" MAIN ROAD, SANJEEVA REDDY NAGAR, HYDEABAD - 500038",
    "CONTACT": "66565412",
    "CITY": "HYDERABAD",
    "DISTRICT": "HYDERABAD",
    "STATE": "ANDHRA PRADESH"
  },
  "DCBL0000076": {
    "BANK": "DCB BANK LIMITED",
    "IFSC": "DCBL0000076",
    "BRANCH": "GADDIANNARAM",
    "ADDRESS": "18/99-1, OPP: CHAITANYAPURI PETROL PUMP, KAMALA NAGAR, GADDIANNARAM, DILSUKHNAGAR, HYDERABAD - 500060",
    "CONTACT": "64631137",
    "CITY": "RANGAREDDY",
    "DISTRICT": "RANGAREDDY",
    "STATE": "ANDHRA PRADESH"
  },
  "DCBL0000079": {
    "BANK": "DCB BANK LIMITED",
    "IFSC": "DCBL0000079",
    "BRANCH": "SHAKESPEAR SARANI",
    "ADDRESS": "PREMLATA BUILDING , 39 SHAKESPEARE SARANI, KOLKATA - 700017",
    "CONTACT": "3366272644",
    "CITY": "KOLKATTA",
    "DISTRICT": "KOLKATTA",
    "STATE": "WEST BENGAL"
  },
  "DCBL0000080": {
    "BANK": "DCB BANK LIMITED",
    "IFSC": "DCBL0000080",
    "BRANCH": "VEJALPUR",
    "ADDRESS": "1-4 GR. FLOOR, MEDILINK HOSPITAL BLDG., SHYAMAL CROSS ROAD, 132 FT. RING ROAD, VEJALPUR, SATELLITE, AHMEDABAD 380015",
    "CONTACT": "7965105612",
    "CITY": "AHMEDABAD",
    "DISTRICT": "AHMEDABAD",
    "STATE": "GUJARAT"
  },
  "DCBL0000081": {
    "BANK": "DCB BANK LIMITED",
    "IFSC": "DCBL0000081",
    "BRANCH": "SATARA ROAD, PUNE",
    "ADDRESS": "SHARADA ARCADE,GROUND FLOOR, PUNE SATARA ROAD ,BIBWEWADI,PUNE 411037",
    "CONTACT": "65601306",
    "CITY": "PUNE",
    "DISTRICT": "PUNE",
    "STATE": "MAHARASHTRA"
  },
  "DCBL0000082": {
    "BANK": "DCB BANK LIMITED",
    "IFSC": "DCBL0000082",
    "BRANCH": "JAYA NAGAR",
    "ADDRESS": "# 239/26, RAJASREE TOWERS, 9TH MAIN ROAD, 3RD BLOCK, JAYANAGAR, BANGALORE - 560011",
    "CONTACT": "8065393942",
    "CITY": "BANGALORE",
    "DISTRICT": "BANGALORE",
    "STATE": "KARNATAKA"
  },
  "DCBL0000083": {
    "BANK": "DCB BANK LIMITED",
    "IFSC": "DCBL0000083",
    "BRANCH": "GHATLODIA",
    "ADDRESS": "L 15 BY 16  AGARWAL COMPLEX  SOLA ROAD  GHATLODIA  AHMEDABAD 380 061",
    "CONTACT": null,
    "CITY": "GHATLODIYA",
    "DISTRICT": "AHMEDABAD",
    "STATE": "GUJARAT"
  },
  "DCBL0000084": {
    "BANK": "DCB BANK LIMITED",
    "IFSC": "DCBL0000084",
    "BRANCH": "KALAMBOLI",
    "ADDRESS": "UNIT NO. 7 & 8 NEEL UDHYAN, SANJAY CO-OP HSG SOCIETY, PLOT NO. 19 SECTOR NO. 3E, KALAMBOLI, NAVI MUMBAI - 410218",
    "CONTACT": "65992075",
    "CITY": "RAIGAD",
    "DISTRICT": "RAIGAD",
    "STATE": "MAHARASHTRA"
  },
  "DCBL0000085": {
    "BANK": "DCB BANK LIMITED",
    "IFSC": "DCBL0000085",
    "BRANCH": "CHANDANAGAR",
    "ADDRESS": "4-91, SUBHAM PLAZA, CHANDANAGAR, HYDERABAD - 500050",
    "CONTACT": "64631281",
    "CITY": "HYDERABAD",
    "DISTRICT": "HYDERABAD",
    "STATE": "ANDHRA PRADESH"
  },
  "DCBL0000086": {
    "BANK": "DCB BANK LIMITED",
    "IFSC": "DCBL0000086",
    "BRANCH": "MUCHHALA POLYTECHNIC",
    "ADDRESS": "3&4 -A/6,RITA BLDG,GROUND FLOOR, SAI BABA VIHAR COMPLEX, VILLAGE KAVESAR, ADJACENT TO MUCHHALA POLYTECHNIC, GHODBUNDER ROAD, THANE - 400601",
    "CONTACT": "65992158",
    "CITY": "THANE",
    "DISTRICT": "THANE",
    "STATE": "MAHARASHTRA"
  },
  "DCBL0000087": {
    "BANK": "DCB BANK LIMITED",
    "IFSC": "DCBL0000087",
    "BRANCH": "GARIAHAT",
    "ADDRESS": "42/1B, GARIAHAT ROAD, NEAR GOL PARK, KOLKATA700029",
    "CONTACT": "3366272634",
    "CITY": "KOLKATTA",
    "DISTRICT": "KOLKATTA",
    "STATE": "WEST BENGAL"
  },
  "DCBL0000088": {
    "BANK": "DCB BANK LIMITED",
    "IFSC": "DCBL0000088",
    "BRANCH": "DEDIAPADA",
    "ADDRESS": "DEDIAPADA CHAR RASTA, NEXT TO DENA BANK BRANCH, DEDIAPADA MAIN ROAD, DEDIAPADA, DIST. NARMADA, GUJARAT. PIN 393040",
    "CONTACT": "2649234480",
    "CITY": "DEDIAPADA",
    "DISTRICT": "NARMADA",
    "STATE": "GUJARAT"
  },
  "DCBL0000089": {
    "BANK": "DCB BANK LIMITED",
    "IFSC": "DCBL0000089",
    "BRANCH": "BRABOURNE ROAD",
    "ADDRESS": "BANERJEE BHAVAN, 15, BRABOURNE ROAD, GROUND FLOOR, KOLKATA - 700 001.",
    "CONTACT": "3366272617",
    "CITY": "KOLKATTA",
    "DISTRICT": "KOLKATTA",
    "STATE": "WEST BENGAL"
  },
  "DCBL0000090": {
    "BANK": "DCB BANK LIMITED",
    "IFSC": "DCBL0000090",
    "BRANCH": "JAKKASANDRA",
    "ADDRESS": "# 98/1 MMR PLAZA, SARJAPUR MAIN ROAD, JAKKASANDRA 1ST BLOCK, KORMANGALA, BANGALORE - 560 034",
    "CONTACT": "8065360001",
    "CITY": "BANGALORE RURAL",
    "DISTRICT": "BANGALORE RURAL",
    "STATE": "KARNATAKA"
  },
  "DCBL0000091": {
    "BANK": "DCB BANK LIMITED",
    "IFSC": "DCBL0000091",
    "BRANCH": "CHANDNI CHOWK",
    "ADDRESS": "1488-1489, MAIN ROAD, CHANDNI CHOWK, NEW DELHI ┬û 110 006.",
    "CONTACT": "1164649057",
    "CITY": "DELHI",
    "DISTRICT": "DELHI",
    "STATE": "DELHI"
  },
  "DCBL0000092": {
    "BANK": "DCB BANK LIMITED",
    "IFSC": "DCBL0000092",
    "BRANCH": "KAPASHERA",
    "ADDRESS": "SHIV CHAND COMPLEX, OLD GURGAON ROAD,  OPP. FUN AND FOOD VILLAGE, KAPASHERA, NEW DELHI ┬û 110 037.",
    "CONTACT": "1164649110",
    "CITY": "DELHI",
    "DISTRICT": "DELHI",
    "STATE": "DELHI"
  },
  "DCBL0000093": {
    "BANK": "DCB BANK LIMITED",
    "IFSC": "DCBL0000093",
    "BRANCH": "KONDLI",
    "ADDRESS": "V-4, MAYUR PLAZA, PLOT 5, BLOCK G, MAYUR VIHAR, PHASE ┬û III,  KONDLI GHAROLI, NEW DELHI ┬û 110 096.",
    "CONTACT": "1164649118",
    "CITY": "DELHI",
    "DISTRICT": "DELHI",
    "STATE": "DELHI"
  },
  "DCBL0000094": {
    "BANK": "DCB BANK LIMITED",
    "IFSC": "DCBL0000094",
    "BRANCH": "VASAI ROAD",
    "ADDRESS": "GAUTAM GOVIND, AMBADI ROAD, NEXT SURYODAY BAJAJ SHOW ROOM,VASAI ROAD (W), THANE - 401 202",
    "CONTACT": "6453528",
    "CITY": "THANE",
    "DISTRICT": "THANE",
    "STATE": "MAHARASHTRA"
  },
  "DCBL0000095": {
    "BANK": "DCB BANK LIMITED",
    "IFSC": "DCBL0000095",
    "BRANCH": "NASHIK",
    "ADDRESS": "PLOT NO. 49, DWARKAMAI BUILDING, SHIVGIRI COLONY, D┬ÆSOUZA COLONY, OPPOSITE K KATHIYAWAD, NASIK ┬û 422 005.",
    "CONTACT": "6510002",
    "CITY": "NASIK",
    "DISTRICT": "NASIK",
    "STATE": "MAHARASHTRA"
  },
  "DCBL0000096": {
    "BANK": "DCB BANK LIMITED",
    "IFSC": "DCBL0000096",
    "BRANCH": "JODHPUR",
    "ADDRESS": "LIG SCHEME 3, PLOT NO 8, NEAR NEW KOHINOOR CINEMA, CHOPASNI ROAD, JODHPUR - 342 001",
    "CONTACT": null,
    "CITY": "JODHPUR",
    "DISTRICT": "JODHPUR",
    "STATE": "RAJASTHAN"
  },
  "DCBL0000097": {
    "BANK": "DCB BANK LIMITED",
    "IFSC": "DCBL0000097",
    "BRANCH": "PARRYS CORNER",
    "ADDRESS": "NEW NO. 177 (OLD NO. 89), BROADWAY, CHENNAI ┬û 600 108.",
    "CONTACT": "4464520751",
    "CITY": "CHENNAI",
    "DISTRICT": "CHENNAI",
    "STATE": "TAMIL NADU"
  },
  "DCBL0000098": {
    "BANK": "DCB BANK LIMITED",
    "IFSC": "DCBL0000098",
    "BRANCH": "KONDWA",
    "ADDRESS": "SHOP NO. 1/2/3 , BRAHMA MAJESTIC, NIBM ROAD, KONDHWA KHURD, PUNE 411048",
    "CONTACT": "65602011",
    "CITY": "PUNE",
    "DISTRICT": "PUNE",
    "STATE": "MAHARASHTRA"
  },
  "DCBL0000100": {
    "BANK": "DCB BANK LIMITED",
    "IFSC": "DCBL0000100",
    "BRANCH": "VADODARA",
    "ADDRESS": "STARTREK BUILDING, O P ROAD, NEAR CHAKLI CIRCLE, VADODARA - 390007",
    "CONTACT": "2656646411",
    "CITY": "VADODARA",
    "DISTRICT": "VADODARA",
    "STATE": "GUJARAT"
  },
  "DCBL0000101": {
    "BANK": "DCB BANK LIMITED",
    "IFSC": "DCBL0000101",
    "BRANCH": "MANDVI",
    "ADDRESS": "DHANRAJ POONAM CHAND DALWALA COMPOUND, OPP. S. T. BUS STOP, KIM-MANDVI ROAD, MANDVI, DIST. SURAT. 394160",
    "CONTACT": "2616691418",
    "CITY": "SURAT",
    "DISTRICT": "SURAT",
    "STATE": "GUJARAT"
  },
  "DCBL0000102": {
    "BANK": "DCB BANK LIMITED",
    "IFSC": "DCBL0000102",
    "BRANCH": "NETRANG",
    "ADDRESS": "SHOP NO. 7, GURJARI TALKIES COMPLEX, JAWAHAR BAZAR CHAR RASTA, DEDIAPADA ROAD, NETRANG, TAL VALIYA, DIST - BHARUCH, GUJARAT - 393130",
    "CONTACT": "2643282227",
    "CITY": "BHARUCH",
    "DISTRICT": "BHARUCH",
    "STATE": "GUJARAT"
  },
  "DCBL0000103": {
    "BANK": "DCB BANK LIMITED",
    "IFSC": "DCBL0000103",
    "BRANCH": "BARGARH",
    "ADDRESS": "DCB BANK , GROUND FLOOR, KRIPAL TOWER, NEAR GURUDWARA , BARGARH , ODISHA , PIN - 768028",
    "CONTACT": "9238191800",
    "CITY": "BARGARH",
    "DISTRICT": "BARGARH",
    "STATE": "ODISHA"
  },
  "DCBL0000104": {
    "BANK": "DCB BANK LIMITED",
    "IFSC": "DCBL0000104",
    "BRANCH": "ITARSI",
    "ADDRESS": "DCB BANK ITARSI, SHOP NO. 17, PLOT NO. 82, 5TH LINE , AZAD NAGAR, ITARSI, DISTRICT-HOSHANGABAD, MP - 461111",
    "CONTACT": "7572644002",
    "CITY": "HOSHANGABAD",
    "DISTRICT": "HOSHANGABAD",
    "STATE": "MADHYA PRADESH"
  },
  "DCBL0000105": {
    "BANK": "DCB BANK LIMITED",
    "IFSC": "DCBL0000105",
    "BRANCH": "KOCHI",
    "ADDRESS": "KERALA CHAMBER OF COMMERCE AND INDUSTRY BUILDING, GROUND FLOOR, CHAMBER CORNER, SHANMUGHAM ROAD, KOCHI ┬û 682031.",
    "CONTACT": "4846069001",
    "CITY": "ERNAKULAM",
    "DISTRICT": "ERNAKULAM",
    "STATE": "KERALA"
  },
  "DCBL0000106": {
    "BANK": "DCB BANK LIMITED",
    "IFSC": "DCBL0000106",
    "BRANCH": "PIPARIYA",
    "ADDRESS": "PLOT NO. 52, RADHA KRISHNAN WARD, SHOBHAPUR ROAD, WARD NO 18, PIPARIYA, DIST. HOSHANGABAD, MADHYA PRADESH - 461775",
    "CONTACT": "7576220205",
    "CITY": "HOSHANGABAD",
    "DISTRICT": "HOSHANGABAD",
    "STATE": "MADHYA PRADESH"
  },
  "DCBL0000107": {
    "BANK": "DCB BANK LIMITED",
    "IFSC": "DCBL0000107",
    "BRANCH": "LUDHIANA",
    "ADDRESS": "SCO 10-11, FEROZE GANDHI MARKET, OPP. MARUTI SHOWROOM, FEROZEPUR ROAD, LUDHIANA-141001",
    "CONTACT": "1616620221",
    "CITY": "LUDHIANA",
    "DISTRICT": "LUDHIANA",
    "STATE": "PUNJAB"
  },
  "DCBL0000108": {
    "BANK": "DCB BANK LIMITED",
    "IFSC": "DCBL0000108",
    "BRANCH": "LUCKNOW",
    "ADDRESS": "SHALIMAR TOWER, GF, TC-57/V, VIBHUTI KHAND, GOMTI NAGAR, LUCKNOW - 226 010. UTTAR PRADESH",
    "CONTACT": "5226050163",
    "CITY": "LUCKNOW",
    "DISTRICT": "LUCKNOW",
    "STATE": "UTTAR PRADESH"
  },
  "DCBL0000109": {
    "BANK": "DCB BANK LIMITED",
    "IFSC": "DCBL0000109",
    "BRANCH": "KADODARA",
    "ADDRESS": "DCB BANK LTD., SAI BABA SOCIETY, NR.SARDAR COMPLEX, AT.POST:KADODARA, TALUKA:PALSANA, KADODARA, SURAT - 394327.",
    "CONTACT": "2622276000",
    "CITY": "SURAT",
    "DISTRICT": "SURAT",
    "STATE": "GUJARAT"
  },
  "DCBL0000110": {
    "BANK": "DCB BANK LIMITED",
    "IFSC": "DCBL0000110",
    "BRANCH": "HINJILICUT",
    "ADDRESS": "KHATA NO 115, PLOT NO 628/632, LAXMI BAZAR, MAIN ROAD, HINJILICUT, DIST- GANJAM, ORISSA- 761102",
    "CONTACT": "7894444380",
    "CITY": "GANJAM",
    "DISTRICT": "GANJAM",
    "STATE": "ODISHA"
  },
  "DCBL0000111": {
    "BANK": "DCB BANK LIMITED",
    "IFSC": "DCBL0000111",
    "BRANCH": "JAIPUR",
    "ADDRESS": "DEVELOPMENT CREDIT BANK LIMITED GEEJGARH TOWERS, HAWA SADAK, CIVIL LINES, JAIPUR, RAJASTHAN. PIN - 302006",
    "CONTACT": "1412211361",
    "CITY": "JAIPUR",
    "DISTRICT": "JAIPUR",
    "STATE": "RAJASTHAN"
  },
  "DCBL0000112": {
    "BANK": "DCB BANK LIMITED",
    "IFSC": "DCBL0000112",
    "BRANCH": "GADARWARA",
    "ADDRESS": "BHAMA WARD, NEW GALLA MANDI ROAD, GADARWARA ┬û 487551, DIST. NARSINGHPUR, STATE ┬û MADHYA PRADESH",
    "CONTACT": "7791254713",
    "CITY": "NARSINGHPUR",
    "DISTRICT": "NARSINGHPUR",
    "STATE": "MADHYA PRADESH"
  },
  "DCBL0000113": {
    "BANK": "DCB BANK LIMITED",
    "IFSC": "DCBL0000113",
    "BRANCH": "DUNGURIPALI",
    "ADDRESS": "KHATA NO. 380 / 287, PLOT NO. 2049 / 2377, MOUZA ┬û GAMBHARIPALI, MAIN ROAD, DUNGURIPALI ┬û 767023.  DISTRICT ┬û SONEPUR, STATE ┬û ODISHA",
    "CONTACT": "7894444390",
    "CITY": "SONEPUR",
    "DISTRICT": "SONEPUR",
    "STATE": "ODISHA"
  },
  "DCBL0000114": {
    "BANK": "DCB BANK LIMITED",
    "IFSC": "DCBL0000114",
    "BRANCH": "VASAD",
    "ADDRESS": "AT & POST VASAD, YASH WAY BRIDGE, BORSAD ROAD, VASAD, TAL & DIST.  ANAND, GUJARAT ┬û 388306",
    "CONTACT": null,
    "CITY": "ANAND",
    "DISTRICT": "ANAND",
    "STATE": "GUJARAT"
  },
  "DCBL0000115": {
    "BANK": "DCB BANK LIMITED",
    "IFSC": "DCBL0000115",
    "BRANCH": "SONGADH",
    "ADDRESS": "PLOT NO. 384, NEAR SBI, BRAHMIN FALIYA NAVAGAM POST SONGADH, DIST TAPI,  GUJARAT ┬û 394670",
    "CONTACT": "9998000991",
    "CITY": "TAPI",
    "DISTRICT": "TAPI",
    "STATE": "GUJARAT"
  },
  "DCBL0000116": {
    "BANK": "DCB BANK LIMITED",
    "IFSC": "DCBL0000116",
    "BRANCH": "ATTABIRA",
    "ADDRESS": "AT / PO - ATTABIRA, MAIN ROAD, OPP. RMC COMPLEX, ATTABIRA, DISTRICT - BARGARH, STATE - ODISHA,  PIN - 768027",
    "CONTACT": "7752008024",
    "CITY": "BARGARH",
    "DISTRICT": "BARGARH",
    "STATE": "ODISHA"
  },
  "DCBL0000117": {
    "BANK": "DCB BANK LIMITED",
    "IFSC": "DCBL0000117",
    "BRANCH": "MANDIDEEP",
    "ADDRESS": "PLOT NO. 203, B┬ûSECTOR, INDRA NAGAR, MANDIDEEP, TEHSIL GOHARGANJ, DISTRICT ┬û RAISEN, STATE ┬û MADHYA PRADESH, PIN - 462046",
    "CONTACT": "7415708013",
    "CITY": "RAISEN",
    "DISTRICT": "RAISEN",
    "STATE": "MADHYA PRADESH"
  },
  "DCBL0000118": {
    "BANK": "DCB BANK LIMITED",
    "IFSC": "DCBL0000118",
    "BRANCH": "NANA RASANA",
    "ADDRESS": "DEESA PALANPUR HIGHWAY, TALUKA: DEESA, DISTRICT: BANASKANTHA, GUJARAT 385535",
    "CONTACT": "2744263281",
    "CITY": "BANASKANTHA",
    "DISTRICT": "BANASKANTHA",
    "STATE": "GUJARAT"
  },
  "DCBL0000119": {
    "BANK": "DCB BANK LIMITED",
    "IFSC": "DCBL0000119",
    "BRANCH": "NOIDA",
    "ADDRESS": "DEVELOPMENT CREDIT BANK LIMITED F-25, SECTOR 18, NOIDA, PIN - 201 301. DISTRICT - GAUTAM BUDHA NAGAR UTTAR PRADESH - 201301",
    "CONTACT": "1202510423",
    "CITY": "GAUTAM BUDHA NAGAR",
    "DISTRICT": "GAUTAM BUDHA NAGAR",
    "STATE": "UTTAR PRADESH"
  },
  "DCBL0000120": {
    "BANK": "DCB BANK LIMITED",
    "IFSC": "DCBL0000120",
    "BRANCH": "VIJAYWADA",
    "ADDRESS": "DEVELOPMENT CREDIT BANK LIMITED 29-37-23, ELURU ROAD, VIJAYWADA - 520 002.",
    "CONTACT": "6460311",
    "CITY": "KRISHNA",
    "DISTRICT": "KRISHNA",
    "STATE": "ANDHRA PRADESH"
  },
  "DCBL0000121": {
    "BANK": "DCB BANK LIMITED",
    "IFSC": "DCBL0000121",
    "BRANCH": "JAGANNATHPUR",
    "ADDRESS": "PLOT NO.1141, NH5, JAGANNATHPUR, BERHAMPUR, DISTRICT ┬û GANJAM, ODISHA, PIN ┬û 760007",
    "CONTACT": "6811259901",
    "CITY": "GANJAM",
    "DISTRICT": "GANJAM",
    "STATE": "ODISHA"
  },
  "DCBL0000122": {
    "BANK": "DCB BANK LIMITED",
    "IFSC": "DCBL0000122",
    "BRANCH": "AKIVIDU",
    "ADDRESS": "J S R TOWER, P.P. ROAD, AKIVIDU ┬û 534235 WEST GODAVARI DISTRICT, ANDHRA PRADESH.",
    "CONTACT": "254855",
    "CITY": "WEST GODAVARI",
    "DISTRICT": "WEST GODAVARI",
    "STATE": "ANDHRA PRADESH"
  },
  "DCBL0000123": {
    "BANK": "DCB BANK LIMITED",
    "IFSC": "DCBL0000123",
    "BRANCH": "ANAPARTHY",
    "ADDRESS": "CANAL ROAD, ANAPARTHY, DISTRICT ┬û EAST GODAVARI, STATE ┬û ANDHRA PRADESH PIN ┬û 533342",
    "CONTACT": "7731033777",
    "CITY": "EAST GODAVARI",
    "DISTRICT": "EAST GODAVARI",
    "STATE": "ANDHRA PRADESH"
  },
  "DCBL0000124": {
    "BANK": "DCB BANK LIMITED",
    "IFSC": "DCBL0000124",
    "BRANCH": "KAIKALUR",
    "ADDRESS": "D C B BANK LTD.D NO.1081,OPP S B I MAIN BRANCH,RAILWAY STATION ROAD,KAIKALUR DISTRICT KRISHNA,STATE A P PIN 521333",
    "CONTACT": "9618995636",
    "CITY": "KAIKALUR",
    "DISTRICT": "KRISHNA",
    "STATE": "ANDHRA PRADESH"
  },
  "DCBL0000125": {
    "BANK": "DCB BANK LIMITED",
    "IFSC": "DCBL0000125",
    "BRANCH": "BALODA BAZAR",
    "ADDRESS": "MAIN ROAD,AMBEDKARCHOWK,BALODA BAZAR,BALODA BAZAR,CHHATTISGARH,493332",
    "CONTACT": "9584309706",
    "CITY": "BALODA BAZAR",
    "DISTRICT": "BALODA BAZAR",
    "STATE": "CHANDIGARH"
  },
  "DCBL0000126": {
    "BANK": "DCB BANK LIMITED",
    "IFSC": "DCBL0000126",
    "BRANCH": "NOKHA",
    "ADDRESS": "N H 89, OPP. BABA CHHOTU NATH SCHOOL,  BIKANER ROAD, NOKHA, DISTRICT :BIKANER, RAJASTHAN ┬û 334803",
    "CONTACT": "1531220395",
    "CITY": "BIKANER",
    "DISTRICT": "BIKANER",
    "STATE": "RAJASTHAN"
  },
  "DCBL0000127": {
    "BANK": "DCB BANK LIMITED",
    "IFSC": "DCBL0000127",
    "BRANCH": "KUMHARI",
    "ADDRESS": "DCB BANK LTD.KUMHARI BRANCH,MAIN ROAD,KUMHARI,DISTRICT DURG,STATE CHHATTISGARH,PIN 490042",
    "CONTACT": "247001",
    "CITY": "KUMHARI",
    "DISTRICT": "DURG",
    "STATE": "CHANDIGARH"
  },
  "DCBL0000128": {
    "BANK": "DCB BANK LIMITED",
    "IFSC": "DCBL0000128",
    "BRANCH": "BASODA",
    "ADDRESS": "BARETH ROAD, IN FRONT OF CHURCH, BASODA ┬û 464221, DISTRICT :┬û VIDISHA, STATE :┬û MADHYA PRADESH",
    "CONTACT": null,
    "CITY": "VIDISHA",
    "DISTRICT": "VIDISHA",
    "STATE": "MADHYA PRADESH"
  },
  "DCBL0000129": {
    "BANK": "DCB BANK LIMITED",
    "IFSC": "DCBL0000129",
    "BRANCH": "BAHIRWADI",
    "ADDRESS": "PREMISES OF LATE ASHOKCHAND SANCHETI SHIKSHAN PRASARAK MANDAL, HOUSE NO. 3891, BAHIRWADI, TALUKA & DISTRICT BEED, MAHARASHTRA PIN :- 431122",
    "CONTACT": "9850699791",
    "CITY": "BEED",
    "DISTRICT": "BEED",
    "STATE": "MAHARASHTRA"
  },
  "DCBL0000130": {
    "BANK": "DCB BANK LIMITED",
    "IFSC": "DCBL0000130",
    "BRANCH": "JARASINGHA",
    "ADDRESS": "MAIN ROAD, JARASINGHA, DISTRICT ┬û ANGUL, ODISHA ┬û 759143",
    "CONTACT": "7894444396",
    "CITY": "ANGUL",
    "DISTRICT": "ANGUL",
    "STATE": "ODISHA"
  },
  "DCBL0000131": {
    "BANK": "DCB BANK LIMITED",
    "IFSC": "DCBL0000131",
    "BRANCH": "SURALA JUNCTION",
    "ADDRESS": "PLOT 607, SURALA JUNCTION, AT POST ┬û GIRISOLA, DISTRICT ┬û GANJAM, ODISHA ┬û 761009",
    "CONTACT": "7894434135",
    "CITY": "GANJAM",
    "DISTRICT": "GANJAM",
    "STATE": "ODISHA"
  },
  "DCBL0000132": {
    "BANK": "DCB BANK LIMITED",
    "IFSC": "DCBL0000132",
    "BRANCH": "NAYAKHEDA",
    "ADDRESS": "PLOT NO. 23 / 37, NEAR RAILWAY GATE, NAYAKHEDA, TEHSIL ┬û BANKHEDI DISTRICT ┬û HOSHANGABAD, STATE ┬û MADHYA PRADESH PIN ┬û 461990",
    "CONTACT": "7576228225",
    "CITY": "HOSHANGABAD",
    "DISTRICT": "HOSHANGABAD",
    "STATE": "MADHYA PRADESH"
  },
  "DCBL0000133": {
    "BANK": "DCB BANK LIMITED",
    "IFSC": "DCBL0000133",
    "BRANCH": "JAGRAON",
    "ADDRESS": "BABA NAND SINGH MARKET, KAMLA CHOWK, JAGRAON, PUNJAB - 142026",
    "CONTACT": "1624224434",
    "CITY": "LUDHIANA",
    "DISTRICT": "LUDHIANA",
    "STATE": "PUNJAB"
  },
  "DCBL0000134": {
    "BANK": "DCB BANK LIMITED",
    "IFSC": "DCBL0000134",
    "BRANCH": "FEROZEPUR",
    "ADDRESS": "MALHOTRA BUILDING, GROUND FLOOR, NEAR BAGHDADI GATE, NATIONAL ROAD, OPP. PNB BANK, FEROZEPUR - 152002",
    "CONTACT": "9872300498",
    "CITY": "FEROZEPUR",
    "DISTRICT": "FEROZEPUR",
    "STATE": "PUNJAB"
  },
  "DCBL0000135": {
    "BANK": "DCB BANK LIMITED",
    "IFSC": "DCBL0000135",
    "BRANCH": "MINJUR",
    "ADDRESS": "35 T H ROAD, PONNERI TALUK, MINJUR, THIRUVALLUR, CHENNAI - 601203",
    "CONTACT": "4427933330",
    "CITY": "THIRUVALLUR",
    "DISTRICT": "THIRUVALLUR",
    "STATE": "TAMIL NADU"
  },
  "DCBL0000136": {
    "BANK": "DCB BANK LIMITED",
    "IFSC": "DCBL0000136",
    "BRANCH": "REDHAKHOL",
    "ADDRESS": "MAIN ROAD, AT POST REDHAKHOL, DISTRICT ┬û SAMBALPUR PIN ┬û 768106, STATE ┬û ODISHA",
    "CONTACT": "9437334017",
    "CITY": "SAMBALPUR",
    "DISTRICT": "SAMBALPUR",
    "STATE": "ODISHA"
  },
  "DCBL0000137": {
    "BANK": "DCB BANK LIMITED",
    "IFSC": "DCBL0000137",
    "BRANCH": "BEMETARA",
    "ADDRESS": "DURG ROAD, BEMETARA, DISTRICT ┬û BEMETARA, STATE ┬û CHATTISGARH, PIN ┬û 491335",
    "CONTACT": "7824206020",
    "CITY": "BEMETARA",
    "DISTRICT": "BEMETARA",
    "STATE": "CHANDIGARH"
  },
  "DCBL0000138": {
    "BANK": "DCB BANK LIMITED",
    "IFSC": "DCBL0000138",
    "BRANCH": "BERLA",
    "ADDRESS": "OLD BUS STAND ROAD, BERLA, DISTRICT ┬û BEMETARA, STATE ┬û CHATTISGARH, PIN ┬û 491332",
    "CONTACT": "9584309706",
    "CITY": "BEMETARA",
    "DISTRICT": "BEMETARA",
    "STATE": "CHANDIGARH"
  },
  "DCBL0000139": {
    "BANK": "DCB BANK LIMITED",
    "IFSC": "DCBL0000139",
    "BRANCH": "SATEEPURA",
    "ADDRESS": "PLOT NO. 10, MALKEET SINGH COLONY, SANGARIA ROAD, SATEEPURA, HANUMANGARH JUNCTION.  DISTRICT ┬û HANUMANGARH, STATE ┬û RAJASTHAN ┬û 335513",
    "CONTACT": "9460076655",
    "CITY": "HANUMANGARH",
    "DISTRICT": "HANUMANGARH",
    "STATE": "RAJASTHAN"
  },
  "DCBL0000140": {
    "BANK": "DCB BANK LIMITED",
    "IFSC": "DCBL0000140",
    "BRANCH": "4 ML",
    "ADDRESS": "29, HOMELAND CITY PROJECTS LTD., 4 ML, SRIGANGANAGAR, DISTRICT ┬û SRIGANGANAGAR,  STATE ┬û RAJASTHAN, PIN ┬û 335001",
    "CONTACT": "9829020975",
    "CITY": "SRIGANGANAGAR",
    "DISTRICT": "SRIGANGANAGAR",
    "STATE": "RAJASTHAN"
  },
  "DCBL0000141": {
    "BANK": "DCB BANK LIMITED",
    "IFSC": "DCBL0000141",
    "BRANCH": "NABHA",
    "ADDRESS": "JINDAL TOWER, GROUND FLOOR, CINEMA ROAD, NABHA, PUNJAB, PIN 147201",
    "CONTACT": "1765223540",
    "CITY": "PATIALA",
    "DISTRICT": "PATIALA",
    "STATE": "PUNJAB"
  },
  "DCBL0000142": {
    "BANK": "DCB BANK LIMITED",
    "IFSC": "DCBL0000142",
    "BRANCH": "FARIDKOT",
    "ADDRESS": "D C B BANK LTD.DHIR S COMPLEX,GROUND FLOOR,ADJOINING EASY DAY CIRCULAR ROAD,FARIDKOT 151203",
    "CONTACT": "8728800310",
    "CITY": "FARIDKOT",
    "DISTRICT": "FARIDKOT",
    "STATE": "PUNJAB"
  },
  "DCBL0000143": {
    "BANK": "DCB BANK LIMITED",
    "IFSC": "DCBL0000143",
    "BRANCH": "DHARAMGARH BRANCH",
    "ADDRESS": "DEVELOPMENT CREDIT BANK LTD.DHARAMGARH BRANCH,COLLEGE ROAD,DHARAMGARH KALAHANDI ODISHA 766015",
    "CONTACT": "7752008021",
    "CITY": "KALAHANDI",
    "DISTRICT": "KALAHANDI",
    "STATE": "ODISHA"
  },
  "DCBL0000144": {
    "BANK": "DCB BANK LIMITED",
    "IFSC": "DCBL0000144",
    "BRANCH": "RANGAIPURA",
    "ADDRESS": "368,NADIAD ┬û PETLAD ROAD, NEAR PARAS STEEL, RANGAIPURA, TALUKA ┬û PETLAD,ANAND, STATE ┬û GUJARATPIN CODE 388450",
    "CONTACT": "224432",
    "CITY": "RANGAIPURA",
    "DISTRICT": "ANAND",
    "STATE": "GUJARAT"
  },
  "DCBL0000145": {
    "BANK": "DCB BANK LIMITED",
    "IFSC": "DCBL0000145",
    "BRANCH": "GOTEGAON",
    "ADDRESS": "NEAR OLD BUS STAND,MAIN ROAD,GOTEGAONTEHSIL,NARSINGHPUR,MADHYA PRADESH 487118",
    "CONTACT": "283633",
    "CITY": "GOTEGAON",
    "DISTRICT": "NARSINGHPUR",
    "STATE": "MADHYA PRADESH"
  },
  "DCBL0000146": {
    "BANK": "DCB BANK LIMITED",
    "IFSC": "DCBL0000146",
    "BRANCH": "CHEEKA",
    "ADDRESS": "LAXMI COMPLEX,GROUND FLOOR,GUHLA ROAD,CHEEKA,DIST KAITHAL STATE HARYANA PIN 136034",
    "CONTACT": "9896023601",
    "CITY": "CHEEKA",
    "DISTRICT": "KAITHAL",
    "STATE": "HARYANA"
  },
  "DCBL0000147": {
    "BANK": "DCB BANK LIMITED",
    "IFSC": "DCBL0000147",
    "BRANCH": "DONGERGAON",
    "ADDRESS": "DONGERGAON BRANCH,BAZAR CHOWK,DONGERGAON,DIST RAJNANDGAON,STATE CHHATTISGARH,PIN 491661",
    "CONTACT": "9329100023",
    "CITY": "DONGERGAON",
    "DISTRICT": "RAJNANDGAON",
    "STATE": "CHANDIGARH"
  },
  "DCBL0000148": {
    "BANK": "DCB BANK LIMITED",
    "IFSC": "DCBL0000148",
    "BRANCH": "PATNAGARH",
    "ADDRESS": "BHOLANATH COMPLEX,S.H.42,PATNAGARH,DISTRICT BALANGIR,ODISHA,PIN 767025",
    "CONTACT": "7894434137",
    "CITY": "PATNAGARH",
    "DISTRICT": "BALANGIR",
    "STATE": "ODISHA"
  },
  "DCBL0000149": {
    "BANK": "DCB BANK LIMITED",
    "IFSC": "DCBL0000149",
    "BRANCH": "KURRA",
    "ADDRESS": "MAIN ROAD,KURRA,PO PATEWA,TEHSIL ABHANPUR,DISTRICT RAIPUR,STATE CHHATTISGARH 492 001",
    "CONTACT": "9630412612",
    "CITY": "KURRA",
    "DISTRICT": "RAIPUR",
    "STATE": "CHANDIGARH"
  },
  "DCBL0000150": {
    "BANK": "DCB BANK LIMITED",
    "IFSC": "DCBL0000150",
    "BRANCH": "DURGAPRASAD",
    "ADDRESS": "D C B BANK LTD. DURGAPRASAD BRANCH MAIN ROAD, DURGAPRASAD DIST.NAYAGARH, ODISHA 752069",
    "CONTACT": "7894443010",
    "CITY": "DURGAPRASAD",
    "DISTRICT": "NAYAGARH",
    "STATE": "ODISHA"
  },
  "DCBL0000151": {
    "BANK": "DCB BANK LIMITED",
    "IFSC": "DCBL0000151",
    "BRANCH": "RAGHUNATHPUR",
    "ADDRESS": "NEAR GANGUA BRIDGE,NH 203,CUTTACK PURI ROAD,RAGHUNATHPUR DISTRICT KHURDA,STATE ODISHA 751002",
    "CONTACT": "7894443010",
    "CITY": "RAGHUNATHPUR",
    "DISTRICT": "KHURDA",
    "STATE": "ODISHA"
  },
  "DCBL0000152": {
    "BANK": "DCB BANK LIMITED",
    "IFSC": "DCBL0000152",
    "BRANCH": "KARMETA",
    "ADDRESS": "PLOT NO.1,SURVEY NO.259 BY 2,KIRAN PALACE,BAJRANG NAGAR,KATANGI RD,KARMETA,DIST.JABALPUR,MP 482001",
    "CONTACT": "9827055503",
    "CITY": "KARMETA┬á",
    "DISTRICT": "JABALPUR",
    "STATE": "MADHYA PRADESH"
  },
  "DCBL0000153": {
    "BANK": "DCB BANK LIMITED",
    "IFSC": "DCBL0000153",
    "BRANCH": "BALANGIR",
    "ADDRESS": "MAIN ROAD,GANDHINAGAR PADA,NH 26,BALANGIR,DISTRICT BALANGIR,STATE ODISHA,PIN 767 001",
    "CONTACT": "234686",
    "CITY": "BALANGIR",
    "DISTRICT": "BALANGIR",
    "STATE": "ODISHA"
  },
  "DCBL0000154": {
    "BANK": "DCB BANK LIMITED",
    "IFSC": "DCBL0000154",
    "BRANCH": "PANJH",
    "ADDRESS": "C BY O SHREE SHUBHAM LOGISTICS LTD,SAGAR RD,VILLAGE PANJH,TEHSIL AND DISTRICT VIDISHA,MP 464 001",
    "CONTACT": "9893907790",
    "CITY": "PANJH",
    "DISTRICT": "VIDISHA",
    "STATE": "MADHYA PRADESH"
  },
  "DCBL0000155": {
    "BANK": "DCB BANK LIMITED",
    "IFSC": "DCBL0000155",
    "BRANCH": "REKURTHI",
    "ADDRESS": "REKURTHI,HIMABINDU BHAVAN,JAGITYAL ROAD,REKURTHI,DISTRICT KARIMNAGAR,STATE ANDHRA PRADESH 505002",
    "CONTACT": "9966576622",
    "CITY": "REKURTHI",
    "DISTRICT": "KARIMNAGAR",
    "STATE": "ANDHRA PRADESH"
  },
  "DCBL0000156": {
    "BANK": "DCB BANK LIMITED",
    "IFSC": "DCBL0000156",
    "BRANCH": "MALERKOTLA",
    "ADDRESS": "DCB BANK LTD,HUDBUST NO.58,STADIUM ROAD,ALFALAH COLONY, MALERKOTLA 148023",
    "CONTACT": "9914300184",
    "CITY": "MALERKOTLA",
    "DISTRICT": "SANGRUR",
    "STATE": "PUNJAB"
  },
  "DCBL0000157": {
    "BANK": "DCB BANK LIMITED",
    "IFSC": "DCBL0000157",
    "BRANCH": "PITAMPURA",
    "ADDRESS": "FD 6, PITAMPURA, NEW DELHI, PIN CODE 110034",
    "CONTACT": "9654453478",
    "CITY": "PITAMPURA",
    "DISTRICT": "NORTH DELHI",
    "STATE": "DELHI"
  },
  "DCBL0000158": {
    "BANK": "DCB BANK LIMITED",
    "IFSC": "DCBL0000158",
    "BRANCH": "TAMBARAM",
    "ADDRESS": "DCB BANK LTD.GROUND FLOOR, 27 / 8,KAMARAJAR STREET, WEST TAMBARAM, CHENNAI - 600045",
    "CONTACT": "8608391727",
    "CITY": "TAMBARAM",
    "DISTRICT": "KANCHIPURAM",
    "STATE": "TAMIL NADU"
  },
  "DCBL0000159": {
    "BANK": "DCB BANK LIMITED",
    "IFSC": "DCBL0000159",
    "BRANCH": "TIRUCHIRAPALLI",
    "ADDRESS": "D C B BANK LTD.C 70 , 1ST FLOOR, 4TH CROSS THILLAI NAGAR WEST TIRUCHIRAPALLI 620003",
    "CONTACT": "9791908507",
    "CITY": "TIRUCHIRAPALLI",
    "DISTRICT": "TIRUCHIRAPPALLI",
    "STATE": "TAMIL NADU"
  },
  "DCBL0000160": {
    "BANK": "DCB BANK LIMITED",
    "IFSC": "DCBL0000160",
    "BRANCH": "BAREJA",
    "ADDRESS": "DCB BANK LTD. 101, 104 ,SURYADEEP ENCLAVE BAREJA KHEDA ROAD  DASKOI AHMEDABAD  GUJARAT  382425",
    "CONTACT": "9909021373",
    "CITY": "BAREJA",
    "DISTRICT": "AHMEDABAD",
    "STATE": "GUJARAT"
  },
  "DCBL0000161": {
    "BANK": "DCB BANK LIMITED",
    "IFSC": "DCBL0000161",
    "BRANCH": "DHOKHEDA",
    "ADDRESS": "D C B BANK LTD. PHN NO. 30,DHOKHEDA,BARELI,RAISEN, MADHYA PRADESH 464668",
    "CONTACT": "9425193131",
    "CITY": "DHOKHEDA",
    "DISTRICT": "RAISEN",
    "STATE": "MADHYA PRADESH"
  },
  "DCBL0000162": {
    "BANK": "DCB BANK LIMITED",
    "IFSC": "DCBL0000162",
    "BRANCH": "NALLAPADU",
    "ADDRESS": "D C B BANK LTD. NALLAPADU BRANCH, D. NO. 422, RAILWAY STATION ROAD, NALLAPADU, GUNTUR, A P 522005",
    "CONTACT": "9963587841",
    "CITY": "NALLAPADU",
    "DISTRICT": "GUNTUR",
    "STATE": "ANDHRA PRADESH"
  },
  "DCBL0000163": {
    "BANK": "DCB BANK LIMITED",
    "IFSC": "DCBL0000163",
    "BRANCH": "INDORE",
    "ADDRESS": "CNT,SHOPNO1/2,PRINCESPRIE,21/3NEWPLSI,INORE,452001",
    "CONTACT": "9826277178",
    "CITY": "INDORE",
    "DISTRICT": "INDORE",
    "STATE": "MADHYA PRADESH"
  },
  "DCBL0000164": {
    "BANK": "DCB BANK LIMITED",
    "IFSC": "DCBL0000164",
    "BRANCH": "PANIPAT",
    "ADDRESS": "DCB BANK LTD, ORIENTAL PLAZA,76/77, G. T. ROAD, NEAR RED LIGHT CROSSSING, PANIPAT, 132103",
    "CONTACT": "9811683311",
    "CITY": "PANIPAT",
    "DISTRICT": "PANIPAT",
    "STATE": "HARYANA"
  },
  "DCBL0000165": {
    "BANK": "DCB BANK LIMITED",
    "IFSC": "DCBL0000165",
    "BRANCH": "KARNAL",
    "ADDRESS": "DCB BANK LTD, SCO, 388/389, MUGAL CANAL MARKET, NEAR GURU HARKISHAN SCHOOL,KARNAL, 132001",
    "CONTACT": "9814973942",
    "CITY": "KARNAL",
    "DISTRICT": "KARNAL",
    "STATE": "HARYANA"
  },
  "DCBL0000166": {
    "BANK": "DCB BANK LIMITED",
    "IFSC": "DCBL0000166",
    "BRANCH": "BHOPAL",
    "ADDRESS": "D C B BANK LTD. PLOT NO.160, ZONE 1,DEVASHISH COMPLEX,M.P. NAGAR, BHOPAL,STATE M P",
    "CONTACT": "9009141786",
    "CITY": "BHOPAL",
    "DISTRICT": "BHOPAL",
    "STATE": "MADHYA PRADESH"
  },
  "DCBL0000167": {
    "BANK": "DCB BANK LIMITED",
    "IFSC": "DCBL0000167",
    "BRANCH": "BHUBANESWAR",
    "ADDRESS": "DCB BANK LTD.BHUBANESWAR BRANCH, PLOT NO 16, GROUND AND FIRST FLOOR,CUTTACK ROAD, LAXMI SAGAR,NEAR FALCON HOUSE,DISTRICT KHURDA, STATE ODISHA PIN 751006",
    "CONTACT": "7894444390",
    "CITY": "BHUBANESWAR",
    "DISTRICT": "KHURDA",
    "STATE": "ODISHA"
  },
  "DCBL0000168": {
    "BANK": "DCB BANK LIMITED",
    "IFSC": "DCBL0000168",
    "BRANCH": "VALABH VIDYANAGAR",
    "ADDRESS": "SHOP NO 1,RADHA VANAN COMPLEX,MOTA BAZAR, OPP RATNA MOTORS,VALLABH VIDYANAGAR, PIN CODE - 388120",
    "CONTACT": "9228006244",
    "CITY": "VALABH VIDYANAGAR",
    "DISTRICT": "ANAND",
    "STATE": "GUJARAT"
  },
  "DCBL0000169": {
    "BANK": "DCB BANK LIMITED",
    "IFSC": "DCBL0000169",
    "BRANCH": "PACHORE",
    "ADDRESS": "DCB BANK LTD,PACHORE BRANCH,KHASRA NO.289/1/3, BALAJI NAGAR,AB ROAD,PACHORE, RAJGARH, MP 465683",
    "CONTACT": "9993450255",
    "CITY": "PACHORE",
    "DISTRICT": "RAJGARH",
    "STATE": "MADHYA PRADESH"
  },
  "DCBL0000170": {
    "BANK": "DCB BANK LIMITED",
    "IFSC": "DCBL0000170",
    "BRANCH": "JALANDHAR",
    "ADDRESS": "DCB BANK LTD., 10 R, ADJOINING INDUSIND BANK, MAIL ROAD MODEL TOWN, JALANDHAR, 144 003",
    "CONTACT": "9888551433",
    "CITY": "JALANDHAR",
    "DISTRICT": "JALANDHAR",
    "STATE": "PUNJAB"
  },
  "DCBL0000171": {
    "BANK": "DCB BANK LIMITED",
    "IFSC": "DCBL0000171",
    "BRANCH": "NAWANSHAHR",
    "ADDRESS": "DCB BANK LTD,NAWANSHAHR BRANCH,KHATTA NO.633704705,KHASRA NO.2141,214 BANGA ROAD,ADJONING INDIAN BANK,NAWANSHAHR DOABA,PIN CODE 144514",
    "CONTACT": "9888054982",
    "CITY": "NAWANSHAHR",
    "DISTRICT": "PUNJAB",
    "STATE": "PUNJAB"
  },
  "DCBL0000172": {
    "BANK": "DCB BANK LIMITED",
    "IFSC": "DCBL0000172",
    "BRANCH": "COIMBATORE",
    "ADDRESS": "DCB BANK LTD,248 AVARAMPALAYAM ROAD,SIDHAPUDUR,COIMBATORE 641044",
    "CONTACT": "9843259234",
    "CITY": "COIMBATORE",
    "DISTRICT": "COIMBATORE",
    "STATE": "TAMIL NADU"
  },
  "DCBL0000173": {
    "BANK": "DCB BANK LIMITED",
    "IFSC": "DCBL0000173",
    "BRANCH": "KAMLA",
    "ADDRESS": "DCB BANK LTD,KAMLA BRANCH,SHREE RAM SHOPPING CENTRE,KAMLA CHAR RASTA KAMLA,TAL-NADIAD, DIS-KHEDA, GUJRAT, PIN- 387320",
    "CONTACT": "8758523132",
    "CITY": "KAMLA NADIAD",
    "DISTRICT": "KHEDA",
    "STATE": "GUJARAT"
  },
  "DCBL0000174": {
    "BANK": "DCB BANK LIMITED",
    "IFSC": "DCBL0000174",
    "BRANCH": "NASHIRABAD",
    "ADDRESS": "DCB BANK LTD, NASHIRABAD BRANCH, NEAR NASHIRABAD BUS STAND,NASHIRABAD,TAL AND DIS - JALGAON,MAHARASHTRA, PIN- 425309",
    "CONTACT": "9822045377",
    "CITY": "NASHIRABAD",
    "DISTRICT": "JALGAON",
    "STATE": "MAHARASHTRA"
  },
  "DCBL0000175": {
    "BANK": "DCB BANK LIMITED",
    "IFSC": "DCBL0000175",
    "BRANCH": "MADLAPUR",
    "ADDRESS": "DCB BANK LTD,MADLAPUR BRANCH,PLOT NO.2,SARVEY NO.14A,NANDED BIDAR ROAD,OPP KALE PETROL PUMP,MADLAPUR,TALUKA UDGIR,PIN 413517",
    "CONTACT": "9422928494",
    "CITY": "MADLAPUR",
    "DISTRICT": "LATUR",
    "STATE": "MAHARASHTRA"
  },
  "DCBL0000176": {
    "BANK": "DCB BANK LIMITED",
    "IFSC": "DCBL0000176",
    "BRANCH": "PEDDA  THANDA",
    "ADDRESS": "DCB BANK LTD, PEDDA THANDA BRANCH,D NO.3-103,PEDDA THANDA,KHAMMAM RURAL,DISTRICT KHAMMAM,STATE TELANGANA,PIN 507003",
    "CONTACT": "8886298833",
    "CITY": "PEDDA THANDA",
    "DISTRICT": "KHAMMAM",
    "STATE": "TELANGANA"
  },
  "DCBL0000177": {
    "BANK": "DCB BANK LIMITED",
    "IFSC": "DCBL0000177",
    "BRANCH": "NAVNAGAPUR",
    "ADDRESS": "DCB BANK LTD, NAVNAGAPUR BRANCH, DONGARE COMPLEX, GAJANAN COLONY, NAGAR MANMAD ROAD, MIDC, NAVNAGAPUR",
    "CONTACT": "9422928494",
    "CITY": "NAVNAGAPUR",
    "DISTRICT": "AHMEDNAGAR",
    "STATE": "MAHARASHTRA"
  },
  "DCBL0000178": {
    "BANK": "DCB BANK LIMITED",
    "IFSC": "DCBL0000178",
    "BRANCH": "BEECHWAL",
    "ADDRESS": "DCB BANK LTD., BEECHWAL BRANCH, SHOP NO 48, STATE WOOLEN MILL COMPOUND, RIICO INDUSTRIAL AREA, BEECHWAL",
    "CONTACT": "9829838344",
    "CITY": "BEECHWAL",
    "DISTRICT": "BIKANER",
    "STATE": "RAJASTHAN"
  },
  "DCBL0000179": {
    "BANK": "DCB BANK LIMITED",
    "IFSC": "DCBL0000179",
    "BRANCH": "GANDHI NAGAR",
    "ADDRESS": "DCB BANK LTD,SHOP NO.830,ABADI MAIN ROAD,GANDHI NAGAR,SEELAMPUR VILLAGE,SHAHDRA, DELHI-110031",
    "CONTACT": "9213022425",
    "CITY": "GANDHI NAGAR",
    "DISTRICT": "EAST DELHI",
    "STATE": "DELHI"
  },
  "DCBL0000180": {
    "BANK": "DCB BANK LIMITED",
    "IFSC": "DCBL0000180",
    "BRANCH": "WAGHODIYA",
    "ADDRESS": "GROUND FLOOR,PARUL UNIVERSITY CAMPUS,PARUL AROGYA SEVA MANDAL TRUST,AT PO-LIMDA,TAL-WAGHODIYA,VADODARA-391760",
    "CONTACT": "9274747597",
    "CITY": "VADODARA",
    "DISTRICT": "WAGHODIYA",
    "STATE": "GUJARAT"
  },
  "DCBL0000181": {
    "BANK": "DCB BANK LIMITED",
    "IFSC": "DCBL0000181",
    "BRANCH": "ARCOT, VELLORE",
    "ADDRESS": "KUMARAN COMPLEX, 1ST FLOOR, ARANI ROAD, NEAR ANTHONY CHURCH, ARCOT, VELLORE - 632503",
    "CONTACT": "9282500206",
    "CITY": "ARCOT, VELLORE",
    "DISTRICT": "VELLORE",
    "STATE": "TAMIL NADU"
  },
  "DCBL0000182": {
    "BANK": "DCB BANK LIMITED",
    "IFSC": "DCBL0000182",
    "BRANCH": "VALASARAVAKKAM",
    "ADDRESS": "DCB BANK LTD,4/123,1ST FLOOR,2A,SRI DEVIKUPPAM MAIN ROAD,VALASARAVAKKAM,CHENNAI 600087",
    "CONTACT": "9282500208",
    "CITY": "VALASARAVAKKAM",
    "DISTRICT": "THIRUVALLUR",
    "STATE": "TAMIL NADU"
  },
  "DCBL0000183": {
    "BANK": "DCB BANK LIMITED",
    "IFSC": "DCBL0000183",
    "BRANCH": "GHAZIABAD",
    "ADDRESS": "DCB BANK LTD,252-253,G.T.ROAD, NEAR GHANTAGHAR,GHAZIABAD-201001, LANDMARK -NEAR MANOHAR CENEMA",
    "CONTACT": "9213023475",
    "CITY": "GHAZIABAD",
    "DISTRICT": "GHAZIABAD",
    "STATE": "UTTAR PRADESH"
  },
  "DCBL0000184": {
    "BANK": "DCB BANK LIMITED",
    "IFSC": "DCBL0000184",
    "BRANCH": "GURGAON SECTOR FOURTEEN",
    "ADDRESS": "SCO 25, FIRST FLOOR, ABOVE ADVENTURE SHOWROOM, SECTOR - 14, GURGAON - 122001",
    "CONTACT": "9899894484",
    "CITY": "GURGAON",
    "DISTRICT": "GURGAON",
    "STATE": "HARYANA"
  },
  "DCBL0000185": {
    "BANK": "DCB BANK LIMITED",
    "IFSC": "DCBL0000185",
    "BRANCH": "LAXMI NAGAR",
    "ADDRESS": "DCB BANK LTD,1/15,FIRST FLOOR,MAIN VIKAS MARG,LAXMI NAGAR,OPP METRO PILLAR NO.26,DELHI-110092",
    "CONTACT": "9213023483",
    "CITY": "DELHI",
    "DISTRICT": "EAST DELHI",
    "STATE": "DELHI"
  },
  "DCBL0000186": {
    "BANK": "DCB BANK LIMITED",
    "IFSC": "DCBL0000186",
    "BRANCH": "MODEL TOWN",
    "ADDRESS": "DCB BANK LTD,MEZZANINE FLOOR,H-2, MODEL TOWN,PART 3, NEW DELHI-110009",
    "CONTACT": "9213023487",
    "CITY": "MODEL TOWN",
    "DISTRICT": "NORTH WEST DELHI",
    "STATE": "DELHI"
  },
  "DCBL0000187": {
    "BANK": "DCB BANK LIMITED",
    "IFSC": "DCBL0000187",
    "BRANCH": "UTTAM NAGAR",
    "ADDRESS": "DCB BANK LTD,PLOT NO.14,MUSTATIL NO.86,KILLA NO.1,VILLAGE HASTSAL,MILAP NAGAR,NEW DELHI-110059.",
    "CONTACT": "9213023469",
    "CITY": "NEW DELHI",
    "DISTRICT": "WEST DELHI",
    "STATE": "DELHI"
  },
  "DCBL0000188": {
    "BANK": "DCB BANK LIMITED",
    "IFSC": "DCBL0000188",
    "BRANCH": "MOHALI",
    "ADDRESS": "SCF-37, 1ST FLOOR, PHASE 2, NEAR GYAN JYOTI SCHOOL, MOHALI - 160055",
    "CONTACT": "2270713",
    "CITY": "MOHALI",
    "DISTRICT": "SAHIBZADA AJIT SINGH NAGAR",
    "STATE": "PUNJAB"
  },
  "DCBL0000189": {
    "BANK": "DCB BANK LIMITED",
    "IFSC": "DCBL0000189",
    "BRANCH": "BHOGAL, DELHI",
    "ADDRESS": "MUNICIPAL NO. 115-A, KHASRA NO. 1472/52, NOUZA KILOKRI, NEAR HARI NAGAR ASHRAM, NEW DELHI - 110014",
    "CONTACT": "9213023477",
    "CITY": "DELHI",
    "DISTRICT": "SOUTH DELHI",
    "STATE": "DELHI"
  },
  "DCBL0000190": {
    "BANK": "DCB BANK LIMITED",
    "IFSC": "DCBL0000190",
    "BRANCH": "ROOP NAGAR",
    "ADDRESS": "DCB BANK LTD,A-1/40,ROOP NAGAR, FIRST FLOOR HALF AREA,WARD NO.12,BLOCK-A,ROOP NAGAR,NEW DELHI-110007",
    "CONTACT": "9213023467",
    "CITY": "DELHI",
    "DISTRICT": "NORTH DELHI",
    "STATE": "DELHI"
  },
  "DCBL0000191": {
    "BANK": "DCB BANK LIMITED",
    "IFSC": "DCBL0000191",
    "BRANCH": "BHAJANPURA",
    "ADDRESS": "DCB BANK LTD,C-5,KHASRA NO.391,BHAJANPURA MAIN ROAD,VILLAGE-SHAHDRA,DELHI-110053",
    "CONTACT": "9213023474",
    "CITY": "DELHI",
    "DISTRICT": "NORTH EAST",
    "STATE": "DELHI"
  },
  "DCBL0000192": {
    "BANK": "DCB BANK LIMITED",
    "IFSC": "DCBL0000192",
    "BRANCH": "PANGRA",
    "ADDRESS": "DCB BANK LTD,PANGRA BRANCH, PLOT NO 21 AND 22,SRI RAJA RAJESHWARA COMPLEX,MAIN ROAD,ARYA NAGAR,PANGRA,DIST-NIZAMABAD,STATE-TELANGANA,PIN-503230",
    "CONTACT": "8106113456",
    "CITY": "PANGRA",
    "DISTRICT": "NIZAMABAD",
    "STATE": "TELANGANA"
  },
  "DCBL0000193": {
    "BANK": "DCB BANK LIMITED",
    "IFSC": "DCBL0000193",
    "BRANCH": "ASHOK NAGAR",
    "ADDRESS": "DCB BANK LTD,ASHOK NAGAR BRANCH, PLOT NO 677,RAJENDRA PRASAD WARD NO 7, VIDISHA BYPASS ROAD,ASHOK NAGAR, DISTRICT - ASHOK NAGAR,STATE-MADHYA PRADESH,PIN-473331",
    "CONTACT": "9826812314",
    "CITY": "ASHOK NAGAR",
    "DISTRICT": "ASHOK NAGAR",
    "STATE": "MADHYA PRADESH"
  },
  "DCBL0000194": {
    "BANK": "DCB BANK LIMITED",
    "IFSC": "DCBL0000194",
    "BRANCH": "MIRA BHAYANDAR ROAD",
    "ADDRESS": "DCB BANK LTD,NOS.117&118,OSTWAL ASHADEEP CHS LTD,OPP VIJAY SALES(NEAR SILVER PARK SIGNAL)MIRA BHAYANDAR ROAD, MIRA ROAD (EAST),THANE-401107",
    "CONTACT": "9223600851",
    "CITY": "MUM BAI",
    "DISTRICT": "THANE",
    "STATE": "MAHARASHTRA"
  },
  "DCBL0000195": {
    "BANK": "DCB BANK LIMITED",
    "IFSC": "DCBL0000195",
    "BRANCH": "AJMER",
    "ADDRESS": "GROUND FLOOR, PART OF 711/4, K C COMPLEX, HOSPITAL ROAD, NEAR SUNDER VILAS, AJMER, 305001",
    "CONTACT": "2623302",
    "CITY": "AJMER",
    "DISTRICT": "AJMER",
    "STATE": "RAJASTHAN"
  },
  "DCBL0000196": {
    "BANK": "DCB BANK LIMITED",
    "IFSC": "DCBL0000196",
    "BRANCH": "UNCHGAON",
    "ADDRESS": "DCB BANK LTD, YASHWANT VYAPARI SANKUL, OPP. BHARAT PETROL PUMP, NIGADEWADI, UCHGAON, TALUKA - KARVIR",
    "CONTACT": "9823303055",
    "CITY": "KOLHAPUR",
    "DISTRICT": "KOLHAPUR",
    "STATE": "MAHARASHTRA"
  },
  "DCBL0000197": {
    "BANK": "DCB BANK LIMITED",
    "IFSC": "DCBL0000197",
    "BRANCH": "VISAKHAPATNAM",
    "ADDRESS": "DCB BANK LTD,SHOP NO.2, DOOR NO 47-14-10,GROUND FLOOR,VIDISHA TOWER,DWARKANAGAR,VISAKHAPATNAM 530016",
    "CONTACT": "9849666839",
    "CITY": "VISAKHAPATNAM",
    "DISTRICT": "VISAKHAPATNAM",
    "STATE": "ANDHRA PRADESH"
  },
  "DCBL0000198": {
    "BANK": "DCB BANK LIMITED",
    "IFSC": "DCBL0000198",
    "BRANCH": "KUSNOOR",
    "ADDRESS": "DCB BANK LTD, KUSNOOR BRANCH, SURVEY NO. 57 / 2A, PLOT NO. 5, OPP. ESI HOSPITAL FIRST GATE, SEDAM ROAD, KUSNOOR VILLAGE, GULBARGA (KALABURAGI)",
    "CONTACT": "9900257772",
    "CITY": "GULBARGA",
    "DISTRICT": "GULBARGA",
    "STATE": "KARNATAKA"
  },
  "DCBL0000199": {
    "BANK": "DCB BANK LIMITED",
    "IFSC": "DCBL0000199",
    "BRANCH": "PALLA",
    "ADDRESS": "DCB BANK LTD, MAIN ROAD, OPP. HANUMAN MANDIR, PALLATOTAPADA, PALLA",
    "CONTACT": "9938329377",
    "CITY": "PALLA",
    "DISTRICT": "KHURDA",
    "STATE": "ODISHA"
  },
  "DCBL0000200": {
    "BANK": "DCB BANK LIMITED",
    "IFSC": "DCBL0000200",
    "BRANCH": "PARSADA",
    "ADDRESS": "DCB BANK LTD, PARSADA BRANCH, MAIN ROAD, PARSADA",
    "CONTACT": "9584481555",
    "CITY": "PARSADA",
    "DISTRICT": "BILASPUR",
    "STATE": "CHHATTISGARH"
  },
  "DCBL0000201": {
    "BANK": "DCB BANK LIMITED",
    "IFSC": "DCBL0000201",
    "BRANCH": "KEONJHAR",
    "ADDRESS": "DCB BANK LTD., KEONJHAR BRANCH, JAIL SQUARE, NH - 19, KEONJHAR",
    "CONTACT": "7894443010",
    "CITY": "KEONJHAR",
    "DISTRICT": "KEONJHAR",
    "STATE": "ODISHA"
  },
  "DCBL0000202": {
    "BANK": "DCB BANK LIMITED",
    "IFSC": "DCBL0000202",
    "BRANCH": "HOSSHALLI EJ",
    "ADDRESS": "DCB BANK LTD., HOSSHALLI EJ BRANCH, D. NO. 165 / 108 / 81 / A, BESIDES VARALAKSHMI PETROL BUNK, INDIAN OIL PETROL BUNK, SRIPURAM JUNCTION, HOSSALLI EJ, SINDHANUR TALUKA, KARNATAKA",
    "CONTACT": "9880714287",
    "CITY": "HOSSHALLI EJ",
    "DISTRICT": "RAICHUR",
    "STATE": "KARNATAKA"
  },
  "DCBL0000203": {
    "BANK": "DCB BANK LIMITED",
    "IFSC": "DCBL0000203",
    "BRANCH": "ANADINNI",
    "ADDRESS": "DCB BANK LTD., ANADINNI BRANCH, SURVEY NO. 43 / 3, ANADINNI CROSS, SRI LAXMI VENKATESWARA COMPLEX, FIRST FLOOR, ANADINNI, BAGALKOT TALUKA, KARNATAKA",
    "CONTACT": "9740814009",
    "CITY": "ANADINNI",
    "DISTRICT": "BAGALKOT",
    "STATE": "KARNATAKA"
  },
  "DCBL0000204": {
    "BANK": "DCB BANK LIMITED",
    "IFSC": "DCBL0000204",
    "BRANCH": "RATNABANDHA",
    "ADDRESS": "DCB BANK LTD., RATNABANDHA BRANCH, NEAR DURGA TEMPLE, MAIN ROAD, RATNABANDHA, DHAMTARI",
    "CONTACT": "9644681888",
    "CITY": "RATNABANDHA",
    "DISTRICT": "DHAMTARI",
    "STATE": "CHHATTISGARH"
  },
  "DCBL0000205": {
    "BANK": "DCB BANK LIMITED",
    "IFSC": "DCBL0000205",
    "BRANCH": "VILASPUR",
    "ADDRESS": "DCB BANK LTD., VILASPUR BRANCH, SWASTI HEIGHTS, PLOT NO. 9, NEAR MARATHA PALACE HOTEL, VILASPUR, SATARA",
    "CONTACT": "8551872000",
    "CITY": "VILASPUR",
    "DISTRICT": "SATARA",
    "STATE": "MAHARASHTRA"
  },
  "DCBL0000206": {
    "BANK": "DCB BANK LIMITED",
    "IFSC": "DCBL0000206",
    "BRANCH": "SANGLI",
    "ADDRESS": "DCB BANK LTD, SANGLI BRANCH, TEJRAJ HEIGHTS, VISHRAMBAG CHOWK, SANGLI - 416415",
    "CONTACT": "9167174281",
    "CITY": "SANGLI",
    "DISTRICT": "SANGLI",
    "STATE": "MAHARASHTRA"
  },
  "DCBL0000207": {
    "BANK": "DCB BANK LIMITED",
    "IFSC": "DCBL0000207",
    "BRANCH": "PILLEKERENAHALLI",
    "ADDRESS": "DCB BANK LTD., PILLEKERENAHALLI BRANCH, NO. 101/349/1&2, NETHAJI BLDG, BASAWESHWARA NAGAR, NH-13, SHOLAPUR ROAD, IN FRONT OF TATA MOTORS, PILLEKERENAHALLI, PIN - 577502",
    "CONTACT": "9740814009",
    "CITY": "PILLEKERENAHALLI",
    "DISTRICT": "CHITRADURGA",
    "STATE": "KARNATAKA"
  },
  "DCBL0000208": {
    "BANK": "DCB BANK LIMITED",
    "IFSC": "DCBL0000208",
    "BRANCH": "LALING",
    "ADDRESS": "DCB BANK LTD., LALING BRANCH, PLOT NO. P-64, MIDC AREA, LALING, PIN - 424006",
    "CONTACT": "239300",
    "CITY": "LALING",
    "DISTRICT": "DHULE",
    "STATE": "MAHARASHTRA"
  },
  "DCBL0000209": {
    "BANK": "DCB BANK LIMITED",
    "IFSC": "DCBL0000209",
    "BRANCH": "PATHARA PADA",
    "ADDRESS": "DCB BANK LTD., PATHARA PADA BRANCH, MAIN ROAD, PATHARA PADA, AT / POST - PANIKOILI, PIN - 755043",
    "CONTACT": "7894443010",
    "CITY": "PATHARA PADA",
    "DISTRICT": "JAJPUR",
    "STATE": "ODISHA"
  },
  "DCBL0000210": {
    "BANK": "DCB BANK LIMITED",
    "IFSC": "DCBL0000210",
    "BRANCH": "BIJIPUR",
    "ADDRESS": "DCB BANK LTD., BIJIPUR BRANCH, MAIN ROAD, NH - 5, OPPOSITE INDIAN OIL PETROL PUMP, BIJIPUR, PIN - 752054",
    "CONTACT": "7894443010",
    "CITY": "BIJIPUR",
    "DISTRICT": "KHURDA",
    "STATE": "ODISHA"
  },
  "DCBL0000211": {
    "BANK": "DCB BANK LIMITED",
    "IFSC": "DCBL0000211",
    "BRANCH": "CUTTACK",
    "ADDRESS": "DCB BANK LTD., CUTTACK BRANCH, ANAND VARSHA, ICE FACTORY ROAD, COLLEGE SQUARE, CUTTACK, PIN - 753003",
    "CONTACT": "9900615810",
    "CITY": "CUTTACK",
    "DISTRICT": "CUTTACK",
    "STATE": "ODISHA"
  },
  "DCBL0000212": {
    "BANK": "DCB BANK LIMITED",
    "IFSC": "DCBL0000212",
    "BRANCH": "RAIPUR",
    "ADDRESS": "DCB BANK LTD., RAIPUR BRANCH, GANI PLAZA, MAIN ROAD, DEVENDRA NAGAR, RAIPUR, PIN - 492001",
    "CONTACT": "9644681888",
    "CITY": "RAIPUR",
    "DISTRICT": "RAIPUR",
    "STATE": "CHHATTISGARH"
  },
  "DCBL0000213": {
    "BANK": "DCB BANK LIMITED",
    "IFSC": "DCBL0000213",
    "BRANCH": "MEERUT",
    "ADDRESS": "140, PUSHPDEEP GIRLS HOSTEL BUILDING, WESTERN KACHERY ROAD, MEERUT - 250 001",
    "CONTACT": "7060002099",
    "CITY": "MEERUT",
    "DISTRICT": "MEERUT",
    "STATE": "UTTAR PRADESH"
  },
  "DCBL0000214": {
    "BANK": "DCB BANK LIMITED",
    "IFSC": "DCBL0000214",
    "BRANCH": "KUPPAM",
    "ADDRESS": "PES INSTITUTE OF MEDICAL SCIENCE AND RESEARCH, NATIONAL HIGHWAY 219, KUPPAM, CHITTOOR, AP - 517425",
    "CONTACT": "7730096757",
    "CITY": "CHITTOOR",
    "DISTRICT": "CHITTOOR",
    "STATE": "ANDHRA PRADESH"
  },
  "DCBL0000215": {
    "BANK": "DCB BANK LIMITED",
    "IFSC": "DCBL0000215",
    "BRANCH": "PATNA",
    "ADDRESS": "DCB BANK LTD., KONARK SHERE, BEHIND RBI, EXHIBITION ROAD, PATNA, PIN - 800 001",
    "CONTACT": "7301340929",
    "CITY": "PATNA",
    "DISTRICT": "PATNA",
    "STATE": "BIHAR"
  },
  "DCBL0000216": {
    "BANK": "DCB BANK LIMITED",
    "IFSC": "DCBL0000216",
    "BRANCH": "DHENKANAL",
    "ADDRESS": "DCB BANK LTD, DHENKANAL BRANCH, GROUND FLOOR, HOTEL SAKUNTALA BLDG, MAIN ROAD, GANESH BAZAR, DHENKANAL, PIN - 75900",
    "CONTACT": "7894443010",
    "CITY": "DHENKANAL",
    "DISTRICT": "DHENKANAL",
    "STATE": "ODISHA"
  },
  "DCBL0000217": {
    "BANK": "DCB BANK LIMITED",
    "IFSC": "DCBL0000217",
    "BRANCH": "BHAWANIPATNA",
    "ADDRESS": "DCB BANK LTD., BHAWANIPATNA BRANCH, PLOT NO. 3099, NUAPADA, WARD NO. 3, BHAWANIPATNA, ODISHA, PIN - 766001",
    "CONTACT": "9937020008",
    "CITY": "BHAWANIPATNA",
    "DISTRICT": "KALAHANDI",
    "STATE": "ODISHA"
  },
  "DCBL0000218": {
    "BANK": "DCB BANK LIMITED",
    "IFSC": "DCBL0000218",
    "BRANCH": "BIJORI",
    "ADDRESS": "DCB BANK LTD., BIJORI BRANCH, VILLAGE BIJORI, NEAR MANDI POLICE STATION, MP, PIN - 466001",
    "CONTACT": "9425193131",
    "CITY": "BIJORI",
    "DISTRICT": "SEHORE",
    "STATE": "MADHYA PRADESH"
  },
  "DCBL0000219": {
    "BANK": "DCB BANK LIMITED",
    "IFSC": "DCBL0000219",
    "BRANCH": "BATHINDA",
    "ADDRESS": "DCB BANK LTD., BATHINDA BRANCH, 117/5, Z-2 MCB, 100 FT ROAD, NEAR MAHESHWARI CHOWK, BATHINDA, PUNJAB, PIN - 151 001",
    "CONTACT": "9876208894",
    "CITY": "BATHINDA",
    "DISTRICT": "BATHINDA",
    "STATE": "PUNJAB"
  },
  "DCBL0000220": {
    "BANK": "DCB BANK LIMITED",
    "IFSC": "DCBL0000220",
    "BRANCH": "YAMUNA NAGAR",
    "ADDRESS": "DCB BANK LTD., YAMUNA NAGAR BRANCH, B-4-1504/A, EAST BHATIA NAGAR, JAGADHRI ROAD, YAMUNA NAGAR, 135001",
    "CONTACT": "9355512391",
    "CITY": "YAMUNA NAGAR",
    "DISTRICT": "YAMUNA NAGAR",
    "STATE": "HARYANA"
  },
  "DCBL0000221": {
    "BANK": "DCB BANK LIMITED",
    "IFSC": "DCBL0000221",
    "BRANCH": "TUMAKURU",
    "ADDRESS": "DCB BANK LTD., 2ND FLOOR, RNR RIDGE, OPP TO GOVT JUNIOR COLLEGE FIELD, 1909/553, K R EXTENSION, B H ROAD, TUMKUR - 572101",
    "CONTACT": "9008009990",
    "CITY": "TUMAKURU",
    "DISTRICT": "TUMKUR",
    "STATE": "KARNATAKA"
  },
  "DCBL0000222": {
    "BANK": "DCB BANK LIMITED",
    "IFSC": "DCBL0000222",
    "BRANCH": "SHIVAMOGGA",
    "ADDRESS": "DCB BANK LTD., PRATHAP ARCADE, 2ND FLOOR, JAIL CIRCLE, KUVEMPU ROAD, SHIVAMOGGA, PIN - 577201",
    "CONTACT": "9945049808",
    "CITY": "SHIVAMOGGA",
    "DISTRICT": "SHIVAMOGGA",
    "STATE": "KARNATAKA"
  },
  "DCBL0000223": {
    "BANK": "DCB BANK LIMITED",
    "IFSC": "DCBL0000223",
    "BRANCH": "DAVANGERE",
    "ADDRESS": "2257/5, SECOND FLOOR, M.C.C.A. BLOCK, CHURCH ROAD, DAVANGERE - 577 002",
    "CONTACT": "9945347289",
    "CITY": "DAVANGERE",
    "DISTRICT": "DAVANGERE",
    "STATE": "KARNATAKA"
  },
  "DCBL0000224": {
    "BANK": "DCB BANK LIMITED",
    "IFSC": "DCBL0000224",
    "BRANCH": "MYSORE",
    "ADDRESS": "DCB BANK LTD., 630X PLUS AX, ANIKETANA ROAD, MYSORE, PIN - 570004",
    "CONTACT": "9739032891",
    "CITY": "MYSURU",
    "DISTRICT": "MYSURU",
    "STATE": "KARNATAKA"
  },
  "DCBL0000225": {
    "BANK": "DCB BANK LIMITED",
    "IFSC": "DCBL0000225",
    "BRANCH": "BANJARA HILLS",
    "ADDRESS": "2ND FLOOR, JYOTHI MAJESTIC, BANJARA HILLS, HYDERABAD - 500073",
    "CONTACT": "9705131333",
    "CITY": "HYDERABAD",
    "DISTRICT": "HYDERABAD",
    "STATE": "TELANGANA"
  },
  "DCBL0000226": {
    "BANK": "DCB BANK LIMITED",
    "IFSC": "DCBL0000226",
    "BRANCH": "SURYAPET",
    "ADDRESS": "DCB BANK LTD., SURYAPET BRANCH, D.No.1-2-270/56/B, KUDAKUDA Road , SURYAPET, Nalgonda , TELANGANA, PIN 508213",
    "CONTACT": "9885478450",
    "CITY": "SURYAPET",
    "DISTRICT": "NALGONDA",
    "STATE": "TELANGANA"
  },
  "DCBL0000227": {
    "BANK": "DCB BANK LIMITED",
    "IFSC": "DCBL0000227",
    "BRANCH": "DEWAS",
    "ADDRESS": "DCB BANK LTD., DEWAS BRANCH, 168, MOTI BUNGALOW, DEWAS, MP, PIN - 455001",
    "CONTACT": "8959552228",
    "CITY": "DEWAS",
    "DISTRICT": "DEWAS",
    "STATE": "MADHYA PRADESH"
  },
  "DCBL0000228": {
    "BANK": "DCB BANK LIMITED",
    "IFSC": "DCBL0000228",
    "BRANCH": "KHURAI",
    "ADDRESS": "DCB BANK LTD., KHURAI BRANCH, NEHRU WARD, NAZUL SHEET NO. 23, PLOT NO. 64, KHURAI, SAGAR, MP, PIN - 470117",
    "CONTACT": "8959552228",
    "CITY": "KHURAI",
    "DISTRICT": "SAGAR",
    "STATE": "MADHYA PRADESH"
  },
  "DCBL0000229": {
    "BANK": "DCB BANK LIMITED",
    "IFSC": "DCBL0000229",
    "BRANCH": "KHEDIMAHMUDABAD",
    "ADDRESS": "DCB BANK LTD., KHEDIMAHMUDABAD BRANCH, NEAR MANKAR HOSPITAL, KHEDIMAHMUDABAD, HARDA, MP, PIN - 461331",
    "CONTACT": "9425193131",
    "CITY": "KHEDIMAHMUDABAD",
    "DISTRICT": "HARDA",
    "STATE": "MADHYA PRADESH"
  },
  "DCBL0000230": {
    "BANK": "DCB BANK LIMITED",
    "IFSC": "DCBL0000230",
    "BRANCH": "NAGPUR",
    "ADDRESS": "SHOP NO. 6/7, SADODAYA COMPLEX, UPPER GROUND FLOOR, GANDHI PUTLA SQUARE, CENTRAL AVENUE ROAD, NAGPUR - 440 008",
    "CONTACT": "8149007902",
    "CITY": "NAGPUR",
    "DISTRICT": "NAGPUR",
    "STATE": "MAHARASHTRA"
  },
  "DCBL0000231": {
    "BANK": "DCB BANK LIMITED",
    "IFSC": "DCBL0000231",
    "BRANCH": "KOLAGALLU",
    "ADDRESS": "DCB BANK LTD, KOLAGALLU BRANCH, WARD NO. 5, PROPERTY NO. 4/732, 4/733, 4/734 & 7/735, KOLAGALLU VILLAGE, DIST. BALLARI, KARNATAKA",
    "CONTACT": "9880200480",
    "CITY": "KOLAGALLU",
    "DISTRICT": "BALLARI",
    "STATE": "KARNATAKA"
  },
  "DCBL0000232": {
    "BANK": "DCB BANK LIMITED",
    "IFSC": "DCBL0000232",
    "BRANCH": "KHARORA",
    "ADDRESS": "DCB BANK LTD,KHARORA BRANCH,MAIN ROAD, VILLAGE-KHARORA,DISTRICT-MAHASAMUND,STATE-CHHATISGARH,PIN-493445",
    "CONTACT": "964481888",
    "CITY": "KHARORA",
    "DISTRICT": "MAHASAMUND",
    "STATE": "CHHATTISGARH"
  },
  "DCBL0000233": {
    "BANK": "DCB BANK LIMITED",
    "IFSC": "DCBL0000233",
    "BRANCH": "BERHAMPUR",
    "ADDRESS": "DCB BANK LTD,BEHRAMPUR BRANCH,AT-PARK STREET,DISTRICT-GANJAM,STATE-ODISHA,PIN-760002",
    "CONTACT": "9937285481",
    "CITY": "BERHAMPUR",
    "DISTRICT": "GANJAM",
    "STATE": "ODISHA"
  },
  "DCBL0000234": {
    "BANK": "DCB BANK LIMITED",
    "IFSC": "DCBL0000234",
    "BRANCH": "BHILWARA",
    "ADDRESS": "DCB BANK LTD, SAIFEE PLAZA, GROUND FLOOR,RAJENDRA MARG,NEAR IDBI BANK, BHILWARA-311001",
    "CONTACT": null,
    "CITY": "BHILWARA",
    "DISTRICT": "BHILWARA",
    "STATE": "RAJASTHAN"
  },
  "DCBL0000235": {
    "BANK": "DCB BANK LIMITED",
    "IFSC": "DCBL0000235",
    "BRANCH": "AMBALA",
    "ADDRESS": "DCB BANK LTD,5502,SURYA TOWER,NICHOLSAN ROAD, AMBALA CANTT, HARYANA-133001",
    "CONTACT": null,
    "CITY": "AMBALA",
    "DISTRICT": "AMBALA",
    "STATE": "HARYANA"
  },
  "DCBL0000236": {
    "BANK": "DCB BANK LIMITED",
    "IFSC": "DCBL0000236",
    "BRANCH": "HOSUR",
    "ADDRESS": "DCB BANK LTD, OLD NO. 13/45 NEW NO 29,SHANTI NAGAR,HOSUR-635109",
    "CONTACT": null,
    "CITY": "HOSUR",
    "DISTRICT": "KRISHNAGIRI",
    "STATE": "TAMIL NADU"
  },
  "DCBL0000237": {
    "BANK": "DCB BANK LIMITED",
    "IFSC": "DCBL0000237",
    "BRANCH": "KURUKSHETRA",
    "ADDRESS": "1/8A, SECTOR 17 ROAD,KURUKHSHEDRA,HARYANA-136118",
    "CONTACT": null,
    "CITY": "KURUKSHETRA",
    "DISTRICT": "KURUKSHETRA",
    "STATE": "HARYANA"
  },
  "DCBL0000238": {
    "BANK": "DCB BANK LIMITED",
    "IFSC": "DCBL0000238",
    "BRANCH": "SALEM",
    "ADDRESS": "DCB BANK LTD,296,OMALUR MAIN ROAD,ANGAMMAL COLONY,SALEM - 636009",
    "CONTACT": null,
    "CITY": "SALEM",
    "DISTRICT": "SALEM",
    "STATE": "TAMIL NADU"
  },
  "DCBL0000239": {
    "BANK": "DCB BANK LIMITED",
    "IFSC": "DCBL0000239",
    "BRANCH": "ERODE",
    "ADDRESS": "DCB BANK LTD,OLD NO. 445 NEW NO. 409,BROUGH ROAD, PERUNDURAI RAOD,ERODE,TAMIL NADU-638011",
    "CONTACT": null,
    "CITY": "ERODE",
    "DISTRICT": "ERODE",
    "STATE": "TAMIL NADU"
  },
  "DCBL0000240": {
    "BANK": "DCB BANK LIMITED",
    "IFSC": "DCBL0000240",
    "BRANCH": "GUNTUR",
    "ADDRESS": "DCB BANK LTD,D.NO 5-50-24A,6/14,BRODIPET GUNTUR ANHDRA PRADESH-522002",
    "CONTACT": "7799781903",
    "CITY": "GUNTUR",
    "DISTRICT": "GUNTUR",
    "STATE": "ANDHRA PRADESH"
  },
  "DCBL0000241": {
    "BANK": "DCB BANK LIMITED",
    "IFSC": "DCBL0000241",
    "BRANCH": "MADURAI",
    "ADDRESS": "FIRST FLOOR,141A,142 ALAGAR KOIL ROAD,TALLAGULAM, MADURAI-625002",
    "CONTACT": null,
    "CITY": "MADURAI",
    "DISTRICT": "MADURAI",
    "STATE": "TAMIL NADU"
  },
  "DCBL0000242": {
    "BANK": "DCB BANK LIMITED",
    "IFSC": "DCBL0000242",
    "BRANCH": "SANGRUR",
    "ADDRESS": "DCB BANK LTD,GAUSHALA ROAD, OPP. NEW GRAIN MARKET CITY, SANGRUR,PUNJAB-148001",
    "CONTACT": null,
    "CITY": "SANGRUR",
    "DISTRICT": "SANGRUR",
    "STATE": "PUNJAB"
  },
  "DCBL0000243": {
    "BANK": "DCB BANK LIMITED",
    "IFSC": "DCBL0000243",
    "BRANCH": "HOSHIARPUR",
    "ADDRESS": "OPPOSITE COURT COMPLEX,SUTHEHRI ROAD,HOSHIARPUR-146001, PUNJAB",
    "CONTACT": null,
    "CITY": "HOSHIARPUR",
    "DISTRICT": "HOSHIARPUR",
    "STATE": "PUNJAB"
  },
  "DCBL0000244": {
    "BANK": "DCB BANK LIMITED",
    "IFSC": "DCBL0000244",
    "BRANCH": "KAKINADA",
    "ADDRESS": "11-14-1,BALA TRIPURA SUNDARI TEMPLE STREET,KAKINADA,EAST GODAWVARI, A.P.-533001",
    "CONTACT": null,
    "CITY": "KAKINADA",
    "DISTRICT": "EAST GODAVARI",
    "STATE": "ANDHRA PRADESH"
  },
  "DCBL0000245": {
    "BANK": "DCB BANK LIMITED",
    "IFSC": "DCBL0000245",
    "BRANCH": "RAJAHMUNDRY",
    "ADDRESS": "DCB BANK LTD,75-6-26 ,PRAKASH NAGAR, RAJAHMUNDRY,EAST GODAVARI,ANDHRA PRADESH -533103",
    "CONTACT": "7799781909",
    "CITY": "RAJAHMUNDRY",
    "DISTRICT": "EAST GODAVARI",
    "STATE": "ANDHRA PRADESH"
  },
  "DCBL0000246": {
    "BANK": "DCB BANK LIMITED",
    "IFSC": "DCBL0000246",
    "BRANCH": "ROURKELA",
    "ADDRESS": "DCB BANK LTD,ROURKELA BRANCH,AT-TULSI COMPLEX,OPP.AMRIT GANGA,PANPOSH ROAD, ROURKELA,DISTRICT-SUNDARGARH STATE,ODISHA,PIN-769004",
    "CONTACT": "8455881131",
    "CITY": "ROURKELA",
    "DISTRICT": "SUNDARGARH",
    "STATE": "ODISHA"
  },
  "DCBL0000247": {
    "BANK": "DCB BANK LIMITED",
    "IFSC": "DCBL0000247",
    "BRANCH": "KHALIGUDA",
    "ADDRESS": "DCB BANK LTD,KHALIGUDA BRANCH,SAI PRIYA APARTMENT,J K PUR ROAD,DISTRICT-RAYAGADA,STATE-ODISHA,PIN-765001",
    "CONTACT": "9437043920",
    "CITY": "KHALIGUDA",
    "DISTRICT": "KHALIGUDA",
    "STATE": "ODISHA"
  },
  "DCBL0000248": {
    "BANK": "DCB BANK LIMITED",
    "IFSC": "DCBL0000248",
    "BRANCH": "GANESWAPUR",
    "ADDRESS": "DCB BANK LTD,GANESHWAPUR BRANCH,AT-GANESWAPUR,PO-JANUGANJ,DISTRICT-BALASORE,STATE-ODISHA,PIN-756019",
    "CONTACT": "7328817879",
    "CITY": "GANESWAPUR",
    "DISTRICT": "BALASORE",
    "STATE": "ODISHA"
  },
  "DCBL0000249": {
    "BANK": "DCB BANK LIMITED",
    "IFSC": "DCBL0000249",
    "BRANCH": "RALA",
    "ADDRESS": "DCB BANK LTD., RALA BRANCH, KHASRA NO. 1903/475, VILLAGE RALA, TEHSIL-NASRULLAGANJ, MP, PIN-466331",
    "CONTACT": "7024103670",
    "CITY": "RALA",
    "DISTRICT": "SEHORE",
    "STATE": "MADHYA PRADESH"
  },
  "DCBL0000250": {
    "BANK": "DCB BANK LIMITED",
    "IFSC": "DCBL0000250",
    "BRANCH": "KHOKHSA",
    "ADDRESS": "DCB BANK LTD., KHOKHSA BRANCH, VILLAGE KHOKHSA, MAIN ROAD, KHOKHSA. PIN-495668",
    "CONTACT": "9644681888",
    "CITY": "KHOKHSA",
    "DISTRICT": "JANJGIR-CHAMPA",
    "STATE": "CHHATTISGARH"
  },
  "DCBL0000251": {
    "BANK": "DCB BANK LIMITED",
    "IFSC": "DCBL0000251",
    "BRANCH": "PUNANGA",
    "ADDRESS": "DCB BANK LTD., PUNANGA BRANCH, PLOT NO. 909/1579, 909/1647, 910/1578, AT/PO-PUNANGA, P.S-JAGATSINGHPUR, ODISHA, PIN-754103",
    "CONTACT": "9937020008",
    "CITY": "PUNANGA",
    "DISTRICT": "JAGATSINGHPUR",
    "STATE": "ODISHA"
  },
  "DCBL0000252": {
    "BANK": "DCB BANK LIMITED",
    "IFSC": "DCBL0000252",
    "BRANCH": "GUALSING",
    "ADDRESS": "DCB BANK LTD., GUALSING BRANCH, AT-GUALSING, PO-TINIMUHANI, ODISHA, PIN-754211",
    "CONTACT": "8455881131",
    "CITY": "GUALSING",
    "DISTRICT": "KENDRAPARA",
    "STATE": "ODISHA"
  },
  "DCBL0000253": {
    "BANK": "DCB BANK LIMITED",
    "IFSC": "DCBL0000253",
    "BRANCH": "BADNAGAR",
    "ADDRESS": "DCB BANK LTD,BADNAGAR BRANCH,SURVEY NO. 1583/5 AND 1587,DIVERSION ROAD,BADNAGAR,DISTRICT-UJJAIN, STATE- MADHYA PRADESH, PIN-456771",
    "CONTACT": "8059552228",
    "CITY": "BADNAGAR",
    "DISTRICT": "UJJAIN",
    "STATE": "MADHYA PRADESH"
  },
  "DCBL0000254": {
    "BANK": "DCB BANK LIMITED",
    "IFSC": "DCBL0000254",
    "BRANCH": "SAMBALPUR",
    "ADDRESS": "DCB BANK LTD,SAMBALPUR BRANCH,INFRONT OF HOTEL NATRAJ,GOL BAZAR, GAIETY ROAD,DISTRICT-SAMBALPUR,STATE-ODISHA, PIN-768001",
    "CONTACT": "8895959577",
    "CITY": "SAMBALPUR",
    "DISTRICT": "SAMBALPUR",
    "STATE": "ODISHA"
  },
  "DCBL0000255": {
    "BANK": "DCB BANK LIMITED",
    "IFSC": "DCBL0000255",
    "BRANCH": "JEYPORE",
    "ADDRESS": "DCB BANK LTD, JEYPORE BRANCH,KELLA MILL COMPOUND ,MG ROAD,NEAR SBI MAIN BRANCH,DISTRICT -JEYPORE,STATE-ODISHA,PIN-764001",
    "CONTACT": "8763927942",
    "CITY": "JEYPORE",
    "DISTRICT": "KORAPUT",
    "STATE": "ODISHA"
  },
  "DCBL0000256": {
    "BANK": "DCB BANK LIMITED",
    "IFSC": "DCBL0000256",
    "BRANCH": "WADDERHATTI",
    "ADDRESS": "DCB BANK LTD, WADDERHATTI BRANCH, PROPERTY NO. 23 & 24, GROUND FLOOR, WARD NO 1,WADDERHATTI VILLAGE, TALUKA-GANGAVATHI,DISTRICT-KOPPAL,STATE-KARNATAKA,PIN-583227",
    "CONTACT": "9740814009",
    "CITY": "WADDERHATTI",
    "DISTRICT": "KOPPAL",
    "STATE": "KARNATAKA"
  },
  "DCBL0000257": {
    "BANK": "DCB BANK LIMITED",
    "IFSC": "DCBL0000257",
    "BRANCH": "BAREILLY",
    "ADDRESS": "DCB BANK LIMITED,154A , CIVIL LINES , OPPOSITE DM RESIDENCE , STATION ROAD , BAREILLY , UP -243001",
    "CONTACT": null,
    "CITY": "BAREILLY",
    "DISTRICT": "BAREILLY",
    "STATE": "UTTAR PRADESH"
  },
  "DCBL0000258": {
    "BANK": "DCB BANK LIMITED",
    "IFSC": "DCBL0000258",
    "BRANCH": "PATIALA",
    "ADDRESS": "DCB BANK LTD,SCO54-55,NEW LEELA BHAWAN,PATIALA,PUNJAB-147001",
    "CONTACT": "9815765646",
    "CITY": "PATIALA",
    "DISTRICT": "PATIALA",
    "STATE": "PUNJAB"
  },
  "DCBL0000259": {
    "BANK": "DCB BANK LIMITED",
    "IFSC": "DCBL0000259",
    "BRANCH": "HISAR",
    "ADDRESS": "DCB BANK LTD,S.C.F NO.5,COMMERCIAL URBAN ESTATE-1,RED SQAURE MARKET,HISAR,HARYANA-125001",
    "CONTACT": null,
    "CITY": "HISAR",
    "DISTRICT": "HISAR",
    "STATE": "HARYANA"
  },
  "DCBL0000260": {
    "BANK": "DCB BANK LIMITED",
    "IFSC": "DCBL0000260",
    "BRANCH": "KAWARDHA",
    "ADDRESS": "DCB BANK LTD,KAWARDHA BRANCH,TAKUR DEV CHOWK,RAIPUR NAKA,KAWARDHA,DISTRICT-KAWARDHA,STATE-CHATTISGARH,PIN-491995",
    "CONTACT": "9644681888",
    "CITY": "KAWARDHA",
    "DISTRICT": "KAWARDHA",
    "STATE": "CHHATTISGARH"
  },
  "DCBL0000261": {
    "BANK": "DCB BANK LIMITED",
    "IFSC": "DCBL0000261",
    "BRANCH": "LANGARASAHI",
    "ADDRESS": "DCB BANK LTD,LANGARASAHI BRANCH,AT-LANGARASAHI,NEAR GOVERNMENT,POST OFFICE PHULBANI,LANGARASAHI,DISTRICT-KANDHAMAL,ODISHA-762001",
    "CONTACT": "7894461947",
    "CITY": "LANGARASAHI",
    "DISTRICT": "KANDHAMAL",
    "STATE": "ODISHA"
  },
  "DCBL0000262": {
    "BANK": "DCB BANK LIMITED",
    "IFSC": "DCBL0000262",
    "BRANCH": "BARIPADA",
    "ADDRESS": "DCB BANK LTD,BARIPADA BRANCH,WARD NO.5.AMBIKA SAHI ROAD,NEAR ROXY CINEMA HALL,LAL BAZAR,BARIPADA,DISTRICT-MAYURBHANJ,STATE-ODISHA,PIN-757001",
    "CONTACT": "8455881131",
    "CITY": "BARIPADA",
    "DISTRICT": "MAYURBHANJ",
    "STATE": "ODISHA"
  },
  "DCBL0000263": {
    "BANK": "DCB BANK LIMITED",
    "IFSC": "DCBL0000263",
    "BRANCH": "SAMURAIPUR",
    "ADDRESS": "DCB BANK LTD,SAMURAIPUR BRANCH,1ST FLOOR,BISWAL KALYAN MANDAP,TAHSIL ROAD,POST OFFICE GELPUR,SAMURAIPUR,DISTRICT-BHADRAK,STATE-ODISHA,PIN-756181",
    "CONTACT": "9437077665",
    "CITY": "SAMURAIPUR",
    "DISTRICT": "BHADRAK",
    "STATE": "ODISHA"
  },
  "DCBL0000264": {
    "BANK": "DCB BANK LIMITED",
    "IFSC": "DCBL0000264",
    "BRANCH": "RAICHUR",
    "ADDRESS": "DCB BANK LTD , Raichur Branch , Door No.12-10-92/8 , 2A , Lingasagur Road , Gandhi Chowk , Siya Talab ,District - Raichur , State - Karnataka , Pin - 584101",
    "CONTACT": "9740814009",
    "CITY": "RAICHUR",
    "DISTRICT": "RAICHUR",
    "STATE": "KARNATAKA"
  },
  "DCBL0000265": {
    "BANK": "DCB BANK LIMITED",
    "IFSC": "DCBL0000265",
    "BRANCH": "AGRA",
    "ADDRESS": "DCB BANK LTD,G-1 (PART),G-1A(PART),G-2,G-3,VIMAL TOWERS.BLOCK NO.19/4,SANJAY PLACE,AGARA,UTTAR PRADESH-282002",
    "CONTACT": "7520229300",
    "CITY": "AGRA",
    "DISTRICT": "AGRA",
    "STATE": "UTTAR PRADESH"
  },
  "DCBL0000266": {
    "BANK": "DCB BANK LIMITED",
    "IFSC": "DCBL0000266",
    "BRANCH": "MORADABAD",
    "ADDRESS": "DCB BANK LTD,PLO NO.242,OIL MILL COMPOUND,DELHI ROAD,MORADABAD,UTTAR PRADESH-244001",
    "CONTACT": "8077336969",
    "CITY": "MORADABAD",
    "DISTRICT": "MORADABAD",
    "STATE": "UTTAR PRADESH"
  },
  "DCBL0000267": {
    "BANK": "DCB BANK LIMITED",
    "IFSC": "DCBL0000267",
    "BRANCH": "SAHARANPUR",
    "ADDRESS": "DCB BANK LIMITED , 1/776 , CHAVARA COMPLEX , AMBALA ROAD , SAHARANPUR , UTTAR PRADESH - 247001",
    "CONTACT": "9837099297",
    "CITY": "SAHARANPUR",
    "DISTRICT": "SAHARANPUR",
    "STATE": "UTTAR PRADESH"
  },
  "DCBL0000268": {
    "BANK": "DCB BANK LIMITED",
    "IFSC": "DCBL0000268",
    "BRANCH": "MOGA",
    "ADDRESS": "KHASRA NO.2467 AND 2471 , NEAR NEW GRAIN MARKET , ADJOINING PNB BANK , KAMAL WEIGH BRIDGE , G.T.ROAD , MOGA , PUNJAB - 142001",
    "CONTACT": null,
    "CITY": "MOGA",
    "DISTRICT": "MOGA",
    "STATE": "PUNJAB"
  },
  "DCBL0000269": {
    "BANK": "DCB BANK LIMITED",
    "IFSC": "DCBL0000269",
    "BRANCH": "NIRMAL",
    "ADDRESS": "DCB BANK LTD , NIRMAL BRANCH , DOOR NO 1-2-26 , MAIN ROAD , OLD NATIONAL HIGHWAY , OPP BUS DEPOT , NIRMAL , DISTRICT - NIRMAL , STATE - TELANGANA , PIN - 504106",
    "CONTACT": "9985740224",
    "CITY": "NIRMAL",
    "DISTRICT": "NIRMAL",
    "STATE": "TELANGANA"
  },
  "DCBL0000270": {
    "BANK": "DCB BANK LIMITED",
    "IFSC": "DCBL0000270",
    "BRANCH": "BHEEL KHEDI",
    "ADDRESS": "DCB BANK LTD ,BHEEL KHEDI BRANCH ,VILLAGE BHEEL KHEDI ,NEAR SHUJALPUR KRISHI UPAJ MANDI PRANGAN NO 3 ,SHUJALPUR ,DISTRICT-SHAJAPUR ,STATE - MADHYA PRADESH ,PIN - 465333",
    "CONTACT": "9830364162",
    "CITY": "SHUJALPUR",
    "DISTRICT": "SHAJAPUR",
    "STATE": "MADHYA PRADESH"
  },
  "DCBL0000271": {
    "BANK": "DCB BANK LIMITED",
    "IFSC": "DCBL0000271",
    "BRANCH": "PAL",
    "ADDRESS": "DCB BANK LTD ,PAL BRANCH , KHASRA NO 417/1/2 , VILLAGE PAL , NEAR ARIHANT WARE HOUSE , BAROD ROAD , DISTRICT - AGAR MALWA , STATE - MADHYA PRADESH , PIN 465441",
    "CONTACT": "9830364162",
    "CITY": "PAL",
    "DISTRICT": "AGAR MALWA",
    "STATE": "MADHYA PRADESH"
  },
  "DCBL0000273": {
    "BANK": "DCB BANK LIMITED",
    "IFSC": "DCBL0000273",
    "BRANCH": "SHAPAR",
    "ADDRESS": "DCB BANK LTD , SURVEY NO. 160/1 , PLOT NO. 29, BELOW GRAMSHAKTI ( FULLERTON ), OPP SWAMINARAYAN SCHOOL , SIDC MAIN ROAD, VERAVAL, SHAPAR, GUJARAT- 360024",
    "CONTACT": "9974372143",
    "CITY": "SHAPAR",
    "DISTRICT": "RAJKOT",
    "STATE": "GUJARAT"
  },
  "DCBL0000274": {
    "BANK": "DCB BANK LIMITED",
    "IFSC": "DCBL0000274",
    "BRANCH": "SARKHEJ",
    "ADDRESS": "DCB BANK LIMITED , GROUND FLOOR , OWAIS AVENUE , NEXT TO GULZAR PARK , GATE - 1 , SARKHEJ , AHMEDABAD - 380055",
    "CONTACT": "9979885540",
    "CITY": "SARKHEJ",
    "DISTRICT": "AHMEDABAD",
    "STATE": "GUJARAT"
  },
  "DCBL0000275": {
    "BANK": "DCB BANK LIMITED",
    "IFSC": "DCBL0000275",
    "BRANCH": "DHAR",
    "ADDRESS": "DCB BANK LTD , DHAR BRANCH , SILVER HILL COLONY , NEAR TRIMURTI CHAURAHA , INDORE ROAD , DHAR , TEHSIL DHAR , DISTRICT - DHAR , STATE - M.P. , PIN - 454001.",
    "CONTACT": "9830364162",
    "CITY": "DHAR",
    "DISTRICT": "DHAR",
    "STATE": "MADHYA PRADESH"
  },
  "DCBL0000276": {
    "BANK": "DCB BANK LIMITED",
    "IFSC": "DCBL0000276",
    "BRANCH": "KAJI KHEDI BRANCH",
    "ADDRESS": "DCB BANK LTD, KAJI KHEDI BRANCH , KHASRA NO 141 / 2 , VILLAGE KAJI KHEDI , HOTEL PRATIKSHA PALACE , SHUJALPUR - ASHTA ROAD , ASHTA , KAJI KHEDI , DISTRICT - SEHORE , MADHYA PRADESH , PIN - 466116",
    "CONTACT": "9830364162",
    "CITY": "SHUJALPUR",
    "DISTRICT": "SEHORE",
    "STATE": "MADHYA PRADESH"
  },
  "DCBL0000277": {
    "BANK": "DCB BANK LIMITED",
    "IFSC": "DCBL0000277",
    "BRANCH": "SEJAWATA",
    "ADDRESS": "DCB BANK Ltd , Sejawata Branch , Plot No.24-25 , Village Sejawata , Jaswant Nagar , Thandi Sadak ,Sejawata , Tehsil - Jaora , District - Ratlam , State - Madhya Pradesh , Pin - 457226",
    "CONTACT": "9830364162",
    "CITY": "JAORA",
    "DISTRICT": "RATLAM",
    "STATE": "MADHYA PRADESH"
  },
  "DCBL0000278": {
    "BANK": "DCB BANK LIMITED",
    "IFSC": "DCBL0000278",
    "BRANCH": "MOTHE",
    "ADDRESS": "DCB BANK LIMITED , MOTHE BRANCH , H.NO. 1-5-162/1 , BONAGIRI COMPLEX,GROUND FLOOR , OPP TELANGANA , AGROS , GOVINDPALLY , KNR ROAD , MOTHE , DISTRICT - JAGTIAL , STATE - TELANGANA , PIN - 505327",
    "CONTACT": "9885478450",
    "CITY": "MOTHE",
    "DISTRICT": "JAGTIAL",
    "STATE": "TELANGANA"
  },
  "DCBL0000279": {
    "BANK": "DCB BANK LIMITED",
    "IFSC": "DCBL0000279",
    "BRANCH": "NARELA BAZYAFT",
    "ADDRESS": "DCB BANK LIMITED , NARELA BAZYAFT BRANCH , VILLAGE NARELA BAZYAFT , BHOPAL ROAD , TEHSIL - BERASIA , DISTRICT - BHOPAL , STATE - MADHYA PRADESH PIN - 463106",
    "CONTACT": "9830364162",
    "CITY": "BERASIA",
    "DISTRICT": "BHOPAL",
    "STATE": "MADHYA PRADESH"
  },
  "DCBL0000280": {
    "BANK": "DCB BANK LIMITED",
    "IFSC": "DCBL0000280",
    "BRANCH": "MAHIDPUR",
    "ADDRESS": "DCB BANK LIMITED , MAHIDPUR BRANCH , NARAYAN ROAD , MAHIDPUR , DISTRICT - UJJAIN , STATE - MADHYA PRADESH , PIN - 456443",
    "CONTACT": "9830364162",
    "CITY": "MAHIDPUR",
    "DISTRICT": "UJJAIN",
    "STATE": "MADHYA PRADESH"
  },
  "DCBL0000281": {
    "BANK": "DCB BANK LIMITED",
    "IFSC": "DCBL0000281",
    "BRANCH": "PEHOWA",
    "ADDRESS": "DCB BANK LIMITED , PEHOWA BRANCH , GURU TOWERS , OPP , DAV SCHOOL , NH-65 , AMBALA ROAD , PEHOWA , DISTRICT - KURUKSHETRA , STATE - HARYANA , PIN - 136128",
    "CONTACT": "9671604333",
    "CITY": "PEHOWA",
    "DISTRICT": "KURUKSHETRA",
    "STATE": "HARYANA"
  },
  "DCBL0000282": {
    "BANK": "DCB BANK LIMITED",
    "IFSC": "DCBL0000282",
    "BRANCH": "NAMAKKAL",
    "ADDRESS": "DCBBANK LIMITED , GROUND AND FIRST FLOOR , 79-A, RANGAR SANNATHI STREET , NAMAKKAL - 637001",
    "CONTACT": null,
    "CITY": "NAMAKKAL",
    "DISTRICT": "NAMAKKAL",
    "STATE": "TAMIL NADU"
  },
  "DCBL0000283": {
    "BANK": "DCB BANK LIMITED",
    "IFSC": "DCBL0000283",
    "BRANCH": "PANCHKULA",
    "ADDRESS": "DCB BANK LIMITED , SCO 215 , SECTOR 14 , OPP TO GURUDWARA , PANCHKULA STATE , HARYANA - 134113.",
    "CONTACT": "9988900755",
    "CITY": "PANCHKULA",
    "DISTRICT": "PANCHKULA",
    "STATE": "HARYANA"
  },
  "DCBL0000284": {
    "BANK": "DCB BANK LIMITED",
    "IFSC": "DCBL0000284",
    "BRANCH": "GURUPIPARIA",
    "ADDRESS": "DCB BANK LIMITED , GURUPIPARIA BRANCH , KHASRA NO 112/1 (OLD ) , 56 (NEW) AND 56/1 (NEW ) , VILLAGE GURUPIPARIA , PC NO 65 (NEW ) RIC PATAN PIN 483113",
    "CONTACT": "9953107078",
    "CITY": "PATAN",
    "DISTRICT": "JABALPUR",
    "STATE": "MADHYA PRADESH"
  },
  "DCBL0000285": {
    "BANK": "DCB BANK LIMITED",
    "IFSC": "DCBL0000285",
    "BRANCH": "KOTHAPALLY",
    "ADDRESS": "DCB BANK LIMITED , KOTHAPALLY BRANCH , H.NO. 3-141 , VAVILALA ROAD , KOTHAPALLY VILLAGE , JAMMIKUNTA MANDAL , DISTRICT - KARIMNAGAR , STATE - TELANGANA , PIN - 505122.",
    "CONTACT": "9885478450",
    "CITY": "JAMMIKUNTA MANDAL",
    "DISTRICT": "KARIMNAGAR",
    "STATE": "TELANGANA"
  },
  "DCBL0000286": {
    "BANK": "DCB BANK LIMITED",
    "IFSC": "DCBL0000286",
    "BRANCH": "BALWADI",
    "ADDRESS": "DCB BANK LIMITED , BALWADI BRANCH , BOMBAY HEIGHTS , SANAWAD ROAD , BALWADI , DISTRICT - KHARGONE , STATE - MADHYA PRADESH , PIN - 451001.",
    "CONTACT": "9830364162",
    "CITY": "BALWADI",
    "DISTRICT": "KHARGONE",
    "STATE": "MADHYA PRADESH"
  },
  "DCBL0000287": {
    "BANK": "DCB BANK LIMITED",
    "IFSC": "DCBL0000287",
    "BRANCH": "RAIPUR VIRAN",
    "ADDRESS": "DCB BANK LIMITED , RAIPUR VIRAN BRANCH , PANJLASA CHOWK , NEAR VISHVAKARMA MANDIR , RAIPUR VIRAN , TEHSIL - NARAINGARH , DISTRICT AMBALA , STATE HARYANA PIN - 134203",
    "CONTACT": "9671604333",
    "CITY": "NARAINGARH",
    "DISTRICT": "AMBALA",
    "STATE": "HARYANA"
  },
  "DCBL0000288": {
    "BANK": "DCB BANK LIMITED",
    "IFSC": "DCBL0000288",
    "BRANCH": "NARSAPUR",
    "ADDRESS": "DCB BANK LIMITED , NARSAPUR BRANCH , GROUND FLOOR , SY NO 83/1/A , NEAR SIRCILLA KAMAN , VEMULAWADA ROAD , HANUMAN NAGAR , NARSAPUR VILLAGE , DISTRICT - SIDDIPET , STATE - TELANGANA , PIN - 502103",
    "CONTACT": "9885478450",
    "CITY": "NARSAPUR",
    "DISTRICT": "SIDDIPET",
    "STATE": "TELANGANA"
  },
  "DCBL0000289": {
    "BANK": "DCB BANK LIMITED",
    "IFSC": "DCBL0000289",
    "BRANCH": "KUMBAKONAM",
    "ADDRESS": "DCB BANK LIMITED , DOOR NO.16, SARANGAPANI KOVIL , KILAVADAMPOKI , TSR BIG STREET , KUMBAKONAM , THANJAVUR DISTRICT , TAMILNADU - 612001",
    "CONTACT": "7200002583",
    "CITY": "KUMBAKONAM",
    "DISTRICT": "THANJAVUR",
    "STATE": "TAMIL NADU"
  },
  "DCBL0000290": {
    "BANK": "DCB BANK LIMITED",
    "IFSC": "DCBL0000290",
    "BRANCH": "GANGADHARAPURAM",
    "ADDRESS": "DCB BANK LIMITED,GANGADHARAPURAM BRANCH,5-5, OPPOSITE RTC COLONY,MAIN ROAD,GANGADHARAPURAM VILLAGE,BOMMULURU GRAM PANCHAYAT,GUDIVALA MANDAL, PIN-500072",
    "CONTACT": "8106123999",
    "CITY": "GANGADHARAPURAM",
    "DISTRICT": "KRISHNA",
    "STATE": "ANDHRA PRADESH"
  },
  "DCBL0000291": {
    "BANK": "DCB BANK LIMITED",
    "IFSC": "DCBL0000291",
    "BRANCH": "KOMPALLE",
    "ADDRESS": "DCB BANK LIMITED , KOMPALLE BRANCH , 5-115 , MOHAN REDDY COMMERCIAL COMPLEX , MEDCHAI ROAD , KOMPALLE , PIN - 500014",
    "CONTACT": "9885478450",
    "CITY": "KOMPALLE",
    "DISTRICT": "RANGA REDDY",
    "STATE": "TELANGANA"
  },
  "DCBL0000292": {
    "BANK": "DCB BANK LIMITED",
    "IFSC": "DCBL0000292",
    "BRANCH": "MANCHERIAL",
    "ADDRESS": "DCB BANK LIMITED , MANCHERIAL BRANCH , NOS- 5-46 TO 5-52 , STATION ROAD , GARMILLA VILLAGE , MANCHERIAL MUNICIPALITY , DISTRICT - MANCHERIAL , STATE - TELANGANA , PIN-504208",
    "CONTACT": "9885478450",
    "CITY": "MANCHERIAL",
    "DISTRICT": "MANCHERIAL",
    "STATE": "TELANGANA"
  },
  "DCBL0000293": {
    "BANK": "DCB BANK LIMITED",
    "IFSC": "DCBL0000293",
    "BRANCH": "DERA",
    "ADDRESS": "DCB BANK LIMITED , DERA BRANCH , SAMALKHA ROAD , NEAR SANT NISHAL SCHOOL , VILLAGE DERA , TEHSIL - LADWA , DISTRICT - KURUKSHETRA , STATE - HARYANA , PIN-136132",
    "CONTACT": "9671604333",
    "CITY": "DERA",
    "DISTRICT": "KURUKSHETRA",
    "STATE": "HARYANA"
  },
  "DCBL0000294": {
    "BANK": "DCB BANK LIMITED",
    "IFSC": "DCBL0000294",
    "BRANCH": "BELGAUM",
    "ADDRESS": "DCB BANK LIMITED , CTS NO 3413 & 3414 AT GONDHALI LANE , DISTRICT - BELGAUM , PIN - 590019",
    "CONTACT": "9986090927",
    "CITY": "BELGAUM",
    "DISTRICT": "BELGAUM",
    "STATE": "KARNATAKA"
  },
  "DCBL0000295": {
    "BANK": "DCB BANK LIMITED",
    "IFSC": "DCBL0000295",
    "BRANCH": "HUBBALLI",
    "ADDRESS": "DCB BANK LTD,CTS WARD 111,CTS NO.144,SHOP NO.1,TIRUMALA TRADE CENTRE,NEAR TRAFFIC ISLAND,NEELIGIRI ROAD,HUBBALLI-580029,KARNATAKA",
    "CONTACT": null,
    "CITY": "HUBBALLI",
    "DISTRICT": "DHARWAD",
    "STATE": "KARNATAKA"
  },
  "DCBL0000296": {
    "BANK": "DCB BANK LIMITED",
    "IFSC": "DCBL0000296",
    "BRANCH": "ANAKAPALLE",
    "ADDRESS": "DCB BANK LTD , ANAKAPALLEBRANCH , DOOR NO.10-16-30 , LASYA PLAZA , OPPOSITE COURT , NEAR BALAKRISHNA BUS STOP , ANAKAPALLE , PIN - 531002",
    "CONTACT": "8106123999",
    "CITY": "ANAKAPALLE",
    "DISTRICT": "VISAKHAPATNAM",
    "STATE": "ANDHRA PRADESH"
  },
  "DCBL0000298": {
    "BANK": "DCB BANK LIMITED",
    "IFSC": "DCBL0000298",
    "BRANCH": "KANPUR",
    "ADDRESS": "DCB BANK LTD , 16/107 (1) , CIVIL LINES , KANPUR , UTTAR PRADESH - 208200",
    "CONTACT": null,
    "CITY": "KANPUR",
    "DISTRICT": "KANPUR NAGAR",
    "STATE": "UTTAR PRADESH"
  },
  "DCBL0000300": {
    "BANK": "DCB BANK LIMITED",
    "IFSC": "DCBL0000300",
    "BRANCH": "GORAKHPUR",
    "ADDRESS": "C/102/252,GROUND FLOOR,SHYAM PLAZA,ARYA SAMAJ ROAD,GRAM-BAXIPUR,GORAKHPUR",
    "CONTACT": "7880634047",
    "CITY": "GORAKHPUR",
    "DISTRICT": "GORAKHPUR",
    "STATE": "UTTAR PRADESH"
  },
  "DCBL0000301": {
    "BANK": "DCB BANK LIMITED",
    "IFSC": "DCBL0000301",
    "BRANCH": "BARMER",
    "ADDRESS": "GROUND FLOOR AMBER COMPLEX,MAL GODOWN ROAD,OPP.RAILWAY STATION,BARMER-RAJASTHAN-344001",
    "CONTACT": "9636081417",
    "CITY": "BARMER",
    "DISTRICT": "BARMER",
    "STATE": "RAJASTHAN"
  },
  "DCBL0000302": {
    "BANK": "DCB BANK LIMITED",
    "IFSC": "DCBL0000302",
    "BRANCH": "PURNEA",
    "ADDRESS": "DCB BANK LTD , MANDAL PARISHAR , BHATTA BAZAR , PURNEA - 854301 , BIHAR.",
    "CONTACT": null,
    "CITY": "PURNEA",
    "DISTRICT": "PURNEA",
    "STATE": "BIHAR"
  },
  "DCBL0000303": {
    "BANK": "DCB BANK LIMITED",
    "IFSC": "DCBL0000303",
    "BRANCH": "MUZAFFARPUR",
    "ADDRESS": "DCB BANK LTD , SARAIYAGANJ , OPP. NAV YUVAK SAMITI , MUZAFFARPUR - 842001 , BIHAR.",
    "CONTACT": null,
    "CITY": "MUZAFFARPUR",
    "DISTRICT": "MUZAFFARPUR",
    "STATE": "BIHAR"
  },
  "DCBL0000304": {
    "BANK": "DCB BANK LIMITED",
    "IFSC": "DCBL0000304",
    "BRANCH": "AMRITSAR",
    "ADDRESS": "DCB BANK LTD , GROUN FLOOR & UPPER GROUND , KHASRA N. 1298/960. 1297/960. PLOT NO.2 , GHALAMALA CHOWK , MAJITHA ROAD , AMRITSAR - 143 001.",
    "CONTACT": null,
    "CITY": "AMRITSAR",
    "DISTRICT": "AMRITSAR",
    "STATE": "PUNJAB"
  },
  "DCBL0000305": {
    "BANK": "DCB BANK LIMITED",
    "IFSC": "DCBL0000305",
    "BRANCH": "MUKTSAR",
    "ADDRESS": "DCB BANK LTD , GROUND FLOOR & FIRST FLOOR , KOTKAPURA , KHASRA NO.1099 (0-5) , 1100 (0-13 ) , OPP.OLD COURT , MUKTSAR - 152 026 , PUNJAB",
    "CONTACT": null,
    "CITY": "MUKTSAR",
    "DISTRICT": "MUKTSAR",
    "STATE": "PUNJAB"
  },
  "DCBL0000306": {
    "BANK": "DCB BANK LIMITED",
    "IFSC": "DCBL0000306",
    "BRANCH": "BAGHA PURANA",
    "ADDRESS": "DCB BANK LTD , B-4/3569A , NR CHANDIGARH CLINIC LAB , MOGA ROAD , BAGHA PURANA - 142038",
    "CONTACT": null,
    "CITY": "BAGHA PURANA",
    "DISTRICT": "MOGA",
    "STATE": "PUNJAB"
  },
  "DCBL0000307": {
    "BANK": "DCB BANK LIMITED",
    "IFSC": "DCBL0000307",
    "BRANCH": "PALI",
    "ADDRESS": "DCB BANK LIMITED , GROUND FLOOR 24 , MAHAVEER MARG , OPP. TOWN HALL , SURAJPOLE , PALI - MARWAR RAJASTHAN - 306401",
    "CONTACT": "7045474514",
    "CITY": "PALI",
    "DISTRICT": "PALI",
    "STATE": "RAJASTHAN"
  },
  "DCBL0000308": {
    "BANK": "DCB BANK LIMITED",
    "IFSC": "DCBL0000308",
    "BRANCH": "UDAIPUR",
    "ADDRESS": "DCB BANK LTD , PATTA NO.2163 , NEW JYOTI HOTEL , CITY STATION ROAD , OUTSIDE SURAJPOLE , UDAIPUR , RAJASTHAN - 313001",
    "CONTACT": null,
    "CITY": "UDAIPUR",
    "DISTRICT": "UDAIPUR",
    "STATE": "RAJASTHAN"
  },
  "DCBL0000309": {
    "BANK": "DCB BANK LIMITED",
    "IFSC": "DCBL0000309",
    "BRANCH": "KRISHNA NAGAR",
    "ADDRESS": "DCB BANK LTD , K-8 , KRISHNA NAGAR , GROUND FLOOR , NEW DELHI -110051",
    "CONTACT": null,
    "CITY": "KRISHNA NAGAR",
    "DISTRICT": "EAST DELHI",
    "STATE": "DELHI"
  },
  "DCBL0000311": {
    "BANK": "DCB BANK LIMITED",
    "IFSC": "DCBL0000311",
    "BRANCH": "KAROL BAGH",
    "ADDRESS": "DCB BANK LTD , A - SET BUILDING , FIRST FLOOR , PLOT NO. 7 / 50 , DESH BANDHU , GUPTA ROAD , KAROL BAGH , NEW DELHI - 110005",
    "CONTACT": "9868617368",
    "CITY": "DELHI",
    "DISTRICT": "DELHI",
    "STATE": "DELHI"
  },
  "DCBL000NPC2": {
    "BANK": "DCB BANK LIMITED",
    "IFSC": "DCBL000NPC2",
    "BRANCH": "NATIONAL PROCESSING CENTRE",
    "ADDRESS": "PENINSULA BUSINESS PARK,  TOWER A , 9TH FLOOR, SENAPATI BAPAT MARG, LOWER PAREL MUMBAI  400 013.",
    "CONTACT": "66848262",
    "CITY": "MUMBAI",
    "DISTRICT": "MUMBAI",
    "STATE": "MAHARASHTRA"
  }
}