{
  "DMKJ0000002": {
    "BANK": "DMK JAOLI BANK",
    "IFSC": "DMKJ0000002",
    "BRANCH": "GOLDEVAL",
    "ADDRESS": "418-20, MAULANA AZAD ROAD,NEAR ROUND TEMPLE, MUMBAI- 400 004",
    "CONTACT": "23822772",
    "CITY": "MUMBAI",
    "DISTRICT": "MUMBAI",
    "STATE": "MAHARASHTRA"
  },
  "DMKJ0000003": {
    "BANK": "DMK JAOLI BANK",
    "IFSC": "DMKJ0000003",
    "BRANCH": "BHANDUP KOKAN NAGAR",
    "ADDRESS": "HIT-NIKETAN CO-OP HSG SOC ,JANGAL MANGAL ROAD, KONKAN NAGAR, BHANDUP W ,MUMBAI 400078",
    "CONTACT": "25941374",
    "CITY": "MUMBAI",
    "DISTRICT": "MUMBAI",
    "STATE": "MAHARASHTRA"
  },
  "DMKJ0000004": {
    "BANK": "DMK JAOLI BANK",
    "IFSC": "DMKJ0000004",
    "BRANCH": "JOGESHWARI",
    "ADDRESS": "27,INTERLINK IND ESTATE,CAVES ROAD, JOGESHWARI E ,MUMBAI-400060",
    "CONTACT": "28240199",
    "CITY": "MUMBAI",
    "DISTRICT": "MUMBAI",
    "STATE": "MAHARASHTRA"
  },
  "DMKJ0000005": {
    "BANK": "DMK JAOLI BANK",
    "IFSC": "DMKJ0000005",
    "BRANCH": "GHATKOPAR",
    "ADDRESS": "KHANNA APARTMENT,NARI SEVA SADAN MARG, ASALFA VILLAGE, GHATKOPAR W , MUMBAI -400086",
    "CONTACT": "25140713",
    "CITY": "MUMBAI",
    "DISTRICT": "MUMBAI",
    "STATE": "MAHARASHTRA"
  },
  "DMKJ0000006": {
    "BANK": "DMK JAOLI BANK",
    "IFSC": "DMKJ0000006",
    "BRANCH": "VASHI",
    "ADDRESS": "RENBOW ASSOCIATION,SECTOR NO 10,VASHI, NAVI MUMBAI-400705",
    "CONTACT": "27660283",
    "CITY": "NAVI MUMBAI",
    "DISTRICT": "THANE",
    "STATE": "MAHARASHTRA"
  },
  "DMKJ0000007": {
    "BANK": "DMK JAOLI BANK",
    "IFSC": "DMKJ0000007",
    "BRANCH": "LBS MARG BHANDUP",
    "ADDRESS": "NAHAR & SETH IND ESTATE CO-OP SOC LTD, PANNALAL COMPOUND,L B S ROAD BHANDUP W , MUMBAI 400078",
    "CONTACT": "25962276",
    "CITY": "MUMBAI",
    "DISTRICT": "MUMBAI",
    "STATE": "MAHARASHTRA"
  },
  "DMKJ0000008": {
    "BANK": "DMK JAOLI BANK",
    "IFSC": "DMKJ0000008",
    "BRANCH": "PANCHGANI",
    "ADDRESS": "DATTATRAY MAHARAJ KALAMBE CHOWK, á SANT NAMDEO ROAD, PANCHGANI CITY, TAL MAHABLESHWARDIST SATARA -421805",
    "CONTACT": "240403",
    "CITY": "SATARA",
    "DISTRICT": "SATARA",
    "STATE": "MAHARASHTRA"
  },
  "DMKJ0000009": {
    "BANK": "DMK JAOLI BANK",
    "IFSC": "DMKJ0000009",
    "BRANCH": "MEDHA",
    "ADDRESS": "MEDHA CITY, TAL JAOLI, DIST SATARA - 415012",
    "CONTACT": "285568",
    "CITY": "SATARA",
    "DISTRICT": "SATARA",
    "STATE": "MAHARASHTRA"
  },
  "DMKJ0000010": {
    "BANK": "DMK JAOLI BANK",
    "IFSC": "DMKJ0000010",
    "BRANCH": "BHAYANDER",
    "ADDRESS": "BHAYANDER",
    "CONTACT": "28198991",
    "CITY": "BHAYANDER",
    "DISTRICT": "THANE",
    "STATE": "MAHARASHTRA"
  },
  "DMKJ0000011": {
    "BANK": "DMK JAOLI BANK",
    "IFSC": "DMKJ0000011",
    "BRANCH": "SEAWOOD-NERUL",
    "ADDRESS": "UGAM COMPLEX, SECTOR NO-40,NERUL SEA WOOD, NAVI MUMBAI-400 706",
    "CONTACT": "27716145",
    "CITY": "NAVI MUMBAI",
    "DISTRICT": "THANE",
    "STATE": "MAHARASHTRA"
  },
  "DMKJ0000012": {
    "BANK": "DMK JAOLI BANK",
    "IFSC": "DMKJ0000012",
    "BRANCH": "THANE",
    "ADDRESS": "RATNAUMED RESIDENCY, PLOT NO. 117,áLOUIS WADI, PANCHPAKHADI, THANE(W)-400 604",
    "CONTACT": "25835443",
    "CITY": "THANE",
    "DISTRICT": "THANE",
    "STATE": "MAHARASHTRA"
  },
  "DMKJ0000013": {
    "BANK": "DMK JAOLI BANK",
    "IFSC": "DMKJ0000013",
    "BRANCH": "WAI",
    "ADDRESS": "SHREE COMMERCIAL COMPLEX,UPPER GR.FLOOR, DHARMAPURI,KISANVEER CHOWK WAI CITY,DIST-SATARA. -412 803.",
    "CONTACT": "220055",
    "CITY": "SATARA",
    "DISTRICT": "SATARA",
    "STATE": "MAHARASHTRA"
  },
  "DMKJ0000014": {
    "BANK": "DMK JAOLI BANK",
    "IFSC": "DMKJ0000014",
    "BRANCH": "BORIVALI",
    "ADDRESS": "DURGADEVI EKTA CHS LTD ,DATTA PADA ROAD, RAJENDRA NAGAR, BORIVALI E , MUMBAI -400 066",
    "CONTACT": "28708339",
    "CITY": "MUMBAI",
    "DISTRICT": "MUMBAI",
    "STATE": "MAHARASHTRA"
  },
  "DMKJ0000015": {
    "BANK": "DMK JAOLI BANK",
    "IFSC": "DMKJ0000015",
    "BRANCH": "NEW PANVEL",
    "ADDRESS": "RUBY PALACE CHS LTD , SECTOR-12,PANVEL-MATHERAN ROAD,NEW PANVEL,DIST-RAIGAD PIN-410 206",
    "CONTACT": "27480366",
    "CITY": "PANVEL",
    "DISTRICT": "RAIGAD",
    "STATE": "MAHARASHTRA"
  },
  "DMKJ0000016": {
    "BANK": "DMK JAOLI BANK",
    "IFSC": "DMKJ0000016",
    "BRANCH": "SATARA",
    "ADDRESS": "PAWAR TOWER OPP.KAMANI HAUD,GURUWAR PETH ,SATARA CITY, DIST-SATARA. -415 002",
    "CONTACT": "230556",
    "CITY": "SATARA",
    "DISTRICT": "SATARA",
    "STATE": "MAHARASHTRA"
  },
  "DMKJ0000017": {
    "BANK": "DMK JAOLI BANK",
    "IFSC": "DMKJ0000017",
    "BRANCH": "DOMBIVLI",
    "ADDRESS": "RAGHUKUL HEIGHTS,DR. R.P.ROAD, RAM NAGAR, DOMBIVALI (EAST) MUMBAI-421 201",
    "CONTACT": "2863970",
    "CITY": "DOMBIVALI",
    "DISTRICT": "THANE",
    "STATE": "MAHARASHTRA"
  },
  "DMKJ0000018": {
    "BANK": "DMK JAOLI BANK",
    "IFSC": "DMKJ0000018",
    "BRANCH": "DADAR",
    "ADDRESS": "KOHINOOR APPARTMENT,á1ST FLOOR,378 N C KELKAR ROAD, ABOVE TITAN SHOWROOM, DADAR (WEST)MUMBAI-400 028.",
    "CONTACT": "24314231",
    "CITY": "MUMBAI",
    "DISTRICT": "MUMBAI",
    "STATE": "MAHARASHTRA"
  },
  "DMKJ0000019": {
    "BANK": "DMK JAOLI BANK",
    "IFSC": "DMKJ0000019",
    "BRANCH": "SHIRWAL",
    "ADDRESS": "HOUSE NO 1973,GOUND FLOOR,DESHMUKH NAGAR, OLD ST STAND,SHIRWAL,TAL- KHANDALA, DIST SATARA PIN-412801",
    "CONTACT": "244003",
    "CITY": "SATARA",
    "DISTRICT": "SATARA",
    "STATE": "MAHARASHTRA"
  },
  "DMKJ0000020": {
    "BANK": "DMK JAOLI BANK",
    "IFSC": "DMKJ0000020",
    "BRANCH": "KOPARKHAIRANE",
    "ADDRESS": "SHREE RAVECHI APPT. GROUND FLOOR,SHOP NO- 1& 2,PLOT NO-14/15, SECTOR NO. 20, KOPARKHAIRANE, NAVI MUMBAI -400709.",
    "CONTACT": "27547271",
    "CITY": "NAVI MUMBAI",
    "DISTRICT": "THANE",
    "STATE": "MAHARASHTRA"
  },
  "DMKJ0000021": {
    "BANK": "DMK JAOLI BANK",
    "IFSC": "DMKJ0000021",
    "BRANCH": "AIROLI",
    "ADDRESS": "SHREE GURUDATTA COMPLEX CHS LTD GROUND FLOOR,A WING SHOP NO-5,6,7,PLOT NO- 44,45 AND 46, SECTOR NO- 8A, DIVE, AIROLI, NAVI MUMBAI- 400708",
    "CONTACT": "27601232",
    "CITY": "NAVI MUMBAI",
    "DISTRICT": "THANE",
    "STATE": "MAHARASHTRA"
  },
  "DMKJ0000022": {
    "BANK": "DMK JAOLI BANK",
    "IFSC": "DMKJ0000022",
    "BRANCH": "MALAD",
    "ADDRESS": "SANTOSH C H S LTD , SHOP NO 1,2, & 3, GR FLOOR, PLOT NO 7, HAVAHIRA PARK, ACHARYA DHARMA SURI MARG, KURAR VILLAGE, MALAD E MUMBAI 400 097",
    "CONTACT": "28405053",
    "CITY": "MUMBAI",
    "DISTRICT": "MUMBAI",
    "STATE": "MAHARASHTRA"
  },
  "DMKJ0000023": {
    "BANK": "DMK JAOLI BANK",
    "IFSC": "DMKJ0000023",
    "BRANCH": "PIMPRI CHINCHWAD PUNE",
    "ADDRESS": "JAY GANESH VISION,UPPER GR.FLOOR, SHOP NO.2,&3, A-WING, AKURDI, PIMPRI-CHINCHWAD. PUNE- 411 035",
    "CONTACT": "27241199",
    "CITY": "PUNE",
    "DISTRICT": "PUNE",
    "STATE": "MAHARASHTRA"
  },
  "DMKJ0000024": {
    "BANK": "DMK JAOLI BANK",
    "IFSC": "DMKJ0000024",
    "BRANCH": "CHEMBUR EAST",
    "ADDRESS": "SHOP NO.4, AMOGH C.H.S.LTD,WAMAN TUKARAM PATIL MARG,CHEMBUR EAST, MUMBAI 400 071",
    "CONTACT": "25213826",
    "CITY": "MUMBAI",
    "DISTRICT": "MUMBAI",
    "STATE": "MAHARASHTRA"
  },
  "DMKJ0000025": {
    "BANK": "DMK JAOLI BANK",
    "IFSC": "DMKJ0000025",
    "BRANCH": "VIKHROLI EAST",
    "ADDRESS": "SHOP NO 9, J K TOWER,CTS NO 281,HARIYALI VILLAGE, VIKHROLI EAST,MUMBAI 400 083",
    "CONTACT": "25740037",
    "CITY": "MUMBAI",
    "DISTRICT": "MUMBAI",
    "STATE": "MAHARASHTRA"
  }
}