{
  "DNSB0000002": {
    "BANK": "DOMBIVLI NAGARI SAHAKARI BANK LIMITED",
    "IFSC": "DNSB0000002",
    "BRANCH": "MAIN",
    "ADDRESS": "KESHAV SMRUTI, MANPADA ROAD,DOMBIVLI (E) 421201",
    "CONTACT": "2860743",
    "CITY": "DOMBIVLI EAST",
    "DISTRICT": "THANE",
    "STATE": "MAHARASHTRA"
  },
  "DNSB0000003": {
    "BANK": "DOMBIVLI NAGARI SAHAKARI BANK LIMITED",
    "IFSC": "DNSB0000003",
    "BRANCH": "VISHNU NAGAR",
    "ADDRESS": "AMAR MATRU SHAKTI CHS, KRANTI DEPT. STORE, OPP RAILWAY STATION, DOMBIVLI (W)",
    "CONTACT": "2483564",
    "CITY": "DOMBIVLI WEST",
    "DISTRICT": "THANE",
    "STATE": "MAHARASHTRA"
  },
  "DNSB0000004": {
    "BANK": "DOMBIVLI NAGARI SAHAKARI BANK LIMITED",
    "IFSC": "DNSB0000004",
    "BRANCH": "BHIWANDI",
    "ADDRESS": "186, TELI PADA, BHAIRI BLDG., BHIWANDI 421302",
    "CONTACT": "231752",
    "CITY": "BHIWANDI",
    "DISTRICT": "THANE",
    "STATE": "MAHARASHTRA"
  },
  "DNSB0000005": {
    "BANK": "DOMBIVLI NAGARI SAHAKARI BANK LIMITED",
    "IFSC": "DNSB0000005",
    "BRANCH": "M.I.D.C",
    "ADDRESS": "MADHUKUNJ, PLOT NO P-52, MIDC , PHASE-2 KALYAN SHIL ROAD, SONARPADA, DOMBIVLI(EAST) 421204",
    "CONTACT": "2875131",
    "CITY": "DOMBIVLI EAST",
    "DISTRICT": "THANE",
    "STATE": "MAHARASHTRA"
  },
  "DNSB0000006": {
    "BANK": "DOMBIVLI NAGARI SAHAKARI BANK LIMITED",
    "IFSC": "DNSB0000006",
    "BRANCH": "GOGRASWADI",
    "ADDRESS": "SHIV SHANTI BUILDING, SANT NAMDEV PATH, GOGRASWADI, DOMBIVLI (EAST) 421201",
    "CONTACT": "2448997",
    "CITY": "DOMBIVLI EAST",
    "DISTRICT": "THANE",
    "STATE": "MAHARASHTRA"
  },
  "DNSB0000007": {
    "BANK": "DOMBIVLI NAGARI SAHAKARI BANK LIMITED",
    "IFSC": "DNSB0000007",
    "BRANCH": "AMBERNATH",
    "ADDRESS": "SUNFLOWER, SHIVAJI CHOWK, STATION ROAD, AMBARNATH (EAST) 421501",
    "CONTACT": "2602661",
    "CITY": "AMBARNATH EAST",
    "DISTRICT": "THANE",
    "STATE": "MAHARASHTRA"
  },
  "DNSB0000008": {
    "BANK": "DOMBIVLI NAGARI SAHAKARI BANK LIMITED",
    "IFSC": "DNSB0000008",
    "BRANCH": "KVP( PENDHARKAR )",
    "ADDRESS": "CITI MALL, 1ST FLOOR, NR K V PENDHARKAR COLLEGE, DOMBIVLI (EAST) 421203",
    "CONTACT": "2471570",
    "CITY": "DOMBIVLI EAST",
    "DISTRICT": "THANE",
    "STATE": "MAHARASHTRA"
  },
  "DNSB0000009": {
    "BANK": "DOMBIVLI NAGARI SAHAKARI BANK LIMITED",
    "IFSC": "DNSB0000009",
    "BRANCH": "NANDIVLI ROAD",
    "ADDRESS": "THANE ZILLA AGRI SHIKSHAN PRASARAK MANDAL BLDG., NANDIVLI ROAD, DOMBIVLI (EAST) 421201",
    "CONTACT": "2881308",
    "CITY": "DOMBIVLI EAST",
    "DISTRICT": "THANE",
    "STATE": "MAHARASHTRA"
  },
  "DNSB0000011": {
    "BANK": "DOMBIVLI NAGARI SAHAKARI BANK LIMITED",
    "IFSC": "DNSB0000011",
    "BRANCH": "SHASTRI NAGAR",
    "ADDRESS": "EVREST ANNEX, ABOVE DWARKA HOTEL, VISHNUNAGAR, DOMBIVLI (WEST) 421202",
    "CONTACT": "2494853",
    "CITY": "DOMBIVLI WEST",
    "DISTRICT": "THANE",
    "STATE": "MAHARASHTRA"
  },
  "DNSB0000012": {
    "BANK": "DOMBIVLI NAGARI SAHAKARI BANK LIMITED",
    "IFSC": "DNSB0000012",
    "BRANCH": "KULGAON",
    "ADDRESS": "KESHAV KOSH, STATION ROAD, OPP. ATITHI HOTEL, BADLAPUR (EAST) 421503",
    "CONTACT": "2690073",
    "CITY": "BADLAPUR EAST",
    "DISTRICT": "THANE",
    "STATE": "MAHARASHTRA"
  },
  "DNSB0000013": {
    "BANK": "DOMBIVLI NAGARI SAHAKARI BANK LIMITED",
    "IFSC": "DNSB0000013",
    "BRANCH": "GHANDHI NAGAR",
    "ADDRESS": "33, PANCHVATI CHS LTD., NEAR SUBHASH DAIRY, GANDHINAGAR, DOMBIVLI (EAST) 421204",
    "CONTACT": "2438019",
    "CITY": "DOMBIVLI EAST",
    "DISTRICT": "THANE",
    "STATE": "MAHARASHTRA"
  },
  "DNSB0000014": {
    "BANK": "DOMBIVLI NAGARI SAHAKARI BANK LIMITED",
    "IFSC": "DNSB0000014",
    "BRANCH": "THAKURLI",
    "ADDRESS": "ANUSAYA NIWAS, THAKURLI STATION ROAD, DOMBIVLI (EAST) 421201",
    "CONTACT": "2435813",
    "CITY": "DOMBIVLI EAST",
    "DISTRICT": "THANE",
    "STATE": "MAHARASHTRA"
  },
  "DNSB0000015": {
    "BANK": "DOMBIVLI NAGARI SAHAKARI BANK LIMITED",
    "IFSC": "DNSB0000015",
    "BRANCH": "ANAND NAGAR",
    "ADDRESS": "OM SHIV CHAYYA CHS LTD., PANDIT DIN DAYAL ROAD, ANANDNAGAR, DOMBIVLI (WEST) 421202",
    "CONTACT": "2492379",
    "CITY": "DOMBIVLI WEST",
    "DISTRICT": "THANE",
    "STATE": "MAHARASHTRA"
  },
  "DNSB0000016": {
    "BANK": "DOMBIVLI NAGARI SAHAKARI BANK LIMITED",
    "IFSC": "DNSB0000016",
    "BRANCH": "FORT",
    "ADDRESS": "5/8, SAMBHAVA CHAMBERS, 1ST FLOOR, SIR P.M.ROAD, FORT, MUMBAI 400001",
    "CONTACT": "22679131",
    "CITY": "MUMBAI",
    "DISTRICT": "MUMBAI",
    "STATE": "MAHARASHTRA"
  },
  "DNSB0000017": {
    "BANK": "DOMBIVLI NAGARI SAHAKARI BANK LIMITED",
    "IFSC": "DNSB0000017",
    "BRANCH": "TITWALA",
    "ADDRESS": "SHRI GANADHISH APT., GR FLOOR, OPP TELEPHONE EXCHANGE, MANDA, TITWALA (EAST) 421605",
    "CONTACT": "2380780",
    "CITY": "KALYAN",
    "DISTRICT": "THANE",
    "STATE": "MAHARASHTRA"
  },
  "DNSB0000018": {
    "BANK": "DOMBIVLI NAGARI SAHAKARI BANK LIMITED",
    "IFSC": "DNSB0000018",
    "BRANCH": "NMP",
    "ADDRESS": "ARUNA APT., GR FLOOR, SAVARKAR PATH, DOMBIVLI (EAST) 421201",
    "CONTACT": "2445454",
    "CITY": "DOMBIVLI EAST",
    "DISTRICT": "THANE",
    "STATE": "MAHARASHTRA"
  },
  "DNSB0000019": {
    "BANK": "DOMBIVLI NAGARI SAHAKARI BANK LIMITED",
    "IFSC": "DNSB0000019",
    "BRANCH": "BADLAPUR ( W )",
    "ADDRESS": "DEVDHAR MARKET, 1ST FLOOR, BAZAR PETH, OPP BADLAPUR STATION, BADLAPUR (WEST) 421503",
    "CONTACT": "2671370",
    "CITY": "BADLAPUR WEST",
    "DISTRICT": "THANE",
    "STATE": "MAHARASHTRA"
  },
  "DNSB0000020": {
    "BANK": "DOMBIVLI NAGARI SAHAKARI BANK LIMITED",
    "IFSC": "DNSB0000020",
    "BRANCH": "THANE",
    "ADDRESS": "ULKA, 1ST FLOOR, DR. MUKUNDRAO AGASKAR ROAD, RAM MARUTI CROSS ROAD, NAUPADA, THANE (WEST) 400602",
    "CONTACT": "25346862",
    "CITY": "THANE WEST",
    "DISTRICT": "THANE",
    "STATE": "MAHARASHTRA"
  },
  "DNSB0000021": {
    "BANK": "DOMBIVLI NAGARI SAHAKARI BANK LIMITED",
    "IFSC": "DNSB0000021",
    "BRANCH": "DADAR",
    "ADDRESS": "PLOT NO 797, KASA MARIA BLDG., VIJAY MANJREKAR PATH, NR. PORTUGIZ CHURCH, DADAR (WEST) MUMBAI 400028",
    "CONTACT": "24374701",
    "CITY": "MUMBAI",
    "DISTRICT": "MUMBAI",
    "STATE": "MAHARASHTRA"
  },
  "DNSB0000022": {
    "BANK": "DOMBIVLI NAGARI SAHAKARI BANK LIMITED",
    "IFSC": "DNSB0000022",
    "BRANCH": "PANVEL",
    "ADDRESS": "1, J.K.PLAZA, 1ST FLOOR, NR. GHANATE HOSPITAL, SHIVAJI CHOWK, PANVEL 410206",
    "CONTACT": "27468840",
    "CITY": "PANVEL",
    "DISTRICT": "MUMBAI",
    "STATE": "MAHARASHTRA"
  },
  "DNSB0000023": {
    "BANK": "DOMBIVLI NAGARI SAHAKARI BANK LIMITED",
    "IFSC": "DNSB0000023",
    "BRANCH": "KARJAT",
    "ADDRESS": "MATHURA NIWAS, GROUND FLOOR, ABHINAV DNYANMANDIR MARG, KARJAT 410201",
    "CONTACT": "223919",
    "CITY": "KARJAT",
    "DISTRICT": "RAIGAD",
    "STATE": "MAHARASHTRA"
  },
  "DNSB0000024": {
    "BANK": "DOMBIVLI NAGARI SAHAKARI BANK LIMITED",
    "IFSC": "DNSB0000024",
    "BRANCH": "KALYAN",
    "ADDRESS": "ASHWINI BUNGLOW, SAHAJANAND CHOWK,, AGRA ROAD, KALYAN (WEST) 421301",
    "CONTACT": "2205018",
    "CITY": "KALYAN",
    "DISTRICT": "THANE",
    "STATE": "MAHARASHTRA"
  },
  "DNSB0000025": {
    "BANK": "DOMBIVLI NAGARI SAHAKARI BANK LIMITED",
    "IFSC": "DNSB0000025",
    "BRANCH": "GHATKOPAR",
    "ADDRESS": "1ST FLOOR, SHOP ZONE, M.G. MARG, OPP. CHADVA STORES, GHATKOPAR (WEST) 400086",
    "CONTACT": "25021170",
    "CITY": "MUMBAI",
    "DISTRICT": "MUMBAI",
    "STATE": "MAHARASHTRA"
  },
  "DNSB0000028": {
    "BANK": "DOMBIVLI NAGARI SAHAKARI BANK LIMITED",
    "IFSC": "DNSB0000028",
    "BRANCH": "BHANDUP BRANCH",
    "ADDRESS": "SHOP NO- 16, SKY CITY RETAIL, GROUND FLOOR, A WINS, OPP BHANDUP POLICE STATION, OFF LBS MARG, BHANDUP WEST. MUMBAI. 400080",
    "CONTACT": "942209279",
    "CITY": "BHANDUP",
    "DISTRICT": "MUMBAI",
    "STATE": "MAHARASHTRA"
  },
  "DNSB0000029": {
    "BANK": "DOMBIVLI NAGARI SAHAKARI BANK LIMITED",
    "IFSC": "DNSB0000029",
    "BRANCH": "BORIVALI BRANCH",
    "ADDRESS": "SHOP NO-4,5,6 & 7, GROUND FLOOR, SUNRISE VIEW CHS, OFF LT ROAD, EKSAR VILLAGE, VAZIRA NAKA, BORIVALI WEST, MUMBAI-400092",
    "CONTACT": "9819596175",
    "CITY": "BORIVALI WEST",
    "DISTRICT": "MUMBAI",
    "STATE": "MAHARASHTRA"
  },
  "DNSB0000030": {
    "BANK": "DOMBIVLI NAGARI SAHAKARI BANK LIMITED",
    "IFSC": "DNSB0000030",
    "BRANCH": "MHAPE- NEW MUMBAI",
    "ADDRESS": "TECHNOCITY BUILDING,SHOP NO-03, GROUND FLOOR, PLOT NO-X- 4/5, AT MILLENIUM BUSINES PARK, MHAPE NEW MUMBAI. 400701",
    "CONTACT": "7045348108",
    "CITY": "MHAPE",
    "DISTRICT": "THANE",
    "STATE": "MAHARASHTRA"
  },
  "DNSB0000031": {
    "BANK": "DOMBIVLI NAGARI SAHAKARI BANK LIMITED",
    "IFSC": "DNSB0000031",
    "BRANCH": "GHODBUNDER ROAD -THANE",
    "ADDRESS": "CITY SERVE NO. 48/2,VARUN ARCADE, SHOP NO. 4&5, CHITALSAR, MANPADA, GHODBUNDER ROAD, THANE-400607",
    "CONTACT": "7045348107",
    "CITY": "THANE",
    "DISTRICT": "THANE",
    "STATE": "MAHARASHTRA"
  },
  "DNSB0000032": {
    "BANK": "DOMBIVLI NAGARI SAHAKARI BANK LIMITED",
    "IFSC": "DNSB0000032",
    "BRANCH": "PAREL",
    "ADDRESS": "SUPARIWALA MANSION, PLOT NO. 233-41,DR.A.B.ROAD, F 15 WARD, PAREL, MUMBAI-400012",
    "CONTACT": "8879690712",
    "CITY": "MUMBAI",
    "DISTRICT": "MUMBAI",
    "STATE": "MAHARASHTRA"
  },
  "DNSB0000033": {
    "BANK": "DOMBIVLI NAGARI SAHAKARI BANK LIMITED",
    "IFSC": "DNSB0000033",
    "BRANCH": "GIRGAON",
    "ADDRESS": "SHOP NO 4,5 AND 6, DHOOT PAPESHWAR PRASAD, BUILDING, PLOT NO. 240/48, JAGANNATH SHANKAR SHET ROAD, GIRGAON, MUMBAI-400004",
    "CONTACT": "8879690713",
    "CITY": "MUMBAI",
    "DISTRICT": "MUMBAI",
    "STATE": "MAHARASHTRA"
  },
  "DNSB0000034": {
    "BANK": "DOMBIVLI NAGARI SAHAKARI BANK LIMITED",
    "IFSC": "DNSB0000034",
    "BRANCH": "GOREGAON WEST",
    "ADDRESS": "SHOP NO. 1,2& 3, GROUND FLOOR, ANANT EXQUISITE BLDG., PLOT CTS NO. 873,874, 874/1 TO 30 OF VILLAGE PAHADI GOREGAON, TAL. BORIVALI, AAREY ROAD, GOREGAON(WEST), MUMBAI 400062.",
    "CONTACT": "8879690714",
    "CITY": "MUMBAI",
    "DISTRICT": "MUMBAI",
    "STATE": "MAHARASHTRA"
  },
  "DNSB0000035": {
    "BANK": "DOMBIVLI NAGARI SAHAKARI BANK LIMITED",
    "IFSC": "DNSB0000035",
    "BRANCH": "ADDITIONAL AMBERNATH MIDC",
    "ADDRESS": "PLOT NO0 PAP 50 ,AMBERNATH INDUSTRIAL AREA DIST THANE",
    "CONTACT": "28479011",
    "CITY": "AMBERNATH",
    "DISTRICT": "THANE",
    "STATE": "MAHARASHTRA"
  },
  "DNSB0000036": {
    "BANK": "DOMBIVLI NAGARI SAHAKARI BANK LIMITED",
    "IFSC": "DNSB0000036",
    "BRANCH": "SAKINAKA",
    "ADDRESS": "SURVEY NO. 5(P), 13(P), CTS NO. 701/1, PRANIK CHAMBERS, SAKI VIHAR ROAD, SAKINAKA, ANDHERI(E), MUMBAI 400072",
    "CONTACT": "9870995649",
    "CITY": "ANDHERI",
    "DISTRICT": "MUMBAI",
    "STATE": "MAHARASHTRA"
  },
  "DNSB0000037": {
    "BANK": "DOMBIVLI NAGARI SAHAKARI BANK LIMITED",
    "IFSC": "DNSB0000037",
    "BRANCH": "SHAHAD",
    "ADDRESS": "SHOP NO. 320, B SHIV ROAD, SHAHAD, DIST. THANE 421103",
    "CONTACT": "8291989165",
    "CITY": "KALYAN",
    "DISTRICT": "THANE",
    "STATE": "MAHARASHTRA"
  },
  "DNSB0000038": {
    "BANK": "DOMBIVLI NAGARI SAHAKARI BANK LIMITED",
    "IFSC": "DNSB0000038",
    "BRANCH": "VIKRAMGAD",
    "ADDRESS": "GUT NO. 66/3 GROUND FLOOR MATOSHREE COMPLEX WADA ,JAWAHAR ROAD ,VIKRAMGAD , DIST PALGHAR 401605",
    "CONTACT": "8291989166",
    "CITY": "PALGHAR",
    "DISTRICT": "PALGHAR",
    "STATE": "MAHARASHTRA"
  },
  "DNSB0000039": {
    "BANK": "DOMBIVLI NAGARI SAHAKARI BANK LIMITED",
    "IFSC": "DNSB0000039",
    "BRANCH": "KALYAN SHILL ROAD BRANCH",
    "ADDRESS": "SHOP NO 2,3 AND 4, GROUND FLOOR, SHIVKRIPA RESIDENCY, KALYAN SHILL ROAD, TAL. KALYAN, DIST.THANE-421204",
    "CONTACT": "8291918682",
    "CITY": "KALYAN",
    "DISTRICT": "THANE",
    "STATE": "MAHARASHTRA"
  },
  "DNSB0000041": {
    "BANK": "DOMBIVLI NAGARI SAHAKARI BANK LIMITED",
    "IFSC": "DNSB0000041",
    "BRANCH": "KALHER",
    "ADDRESS": "SURVEY NO. 305,HISSA NO. 13P, SHOP NO.1 AND 2, GROUND FLOOR, A WING, SWASTIK PARK, KALHER, TAL. BHIWANDI, DIST. THANE-421302",
    "CONTACT": "8291845882",
    "CITY": "THANE",
    "DISTRICT": "THANE",
    "STATE": "MAHARASHTRA"
  },
  "DNSB0000050": {
    "BANK": "DOMBIVLI NAGARI SAHAKARI BANK LIMITED",
    "IFSC": "DNSB0000050",
    "BRANCH": "PUNE",
    "ADDRESS": "BORSE BUILDING, GR FLOOR, NR. KARVE STATUE, KOTHRUD, PUNE 411038",
    "CONTACT": "25382644",
    "CITY": "PUNE",
    "DISTRICT": "PUNE",
    "STATE": "MAHARASHTRA"
  },
  "DNSB0000053": {
    "BANK": "DOMBIVLI NAGARI SAHAKARI BANK LIMITED",
    "IFSC": "DNSB0000053",
    "BRANCH": "SHAHAPUR",
    "ADDRESS": "THAKKAR BUILDING, THAKKAR COMPOUND, OLD AGRA ROAD, SHAHAPUR 421601",
    "CONTACT": "270773",
    "CITY": "SHAHAPUR",
    "DISTRICT": "THANE",
    "STATE": "MAHARASHTRA"
  },
  "DNSB0000054": {
    "BANK": "DOMBIVLI NAGARI SAHAKARI BANK LIMITED",
    "IFSC": "DNSB0000054",
    "BRANCH": "TALASARI",
    "ADDRESS": "PATEL BUILDING, TALASARI NAKA, TALASARI 401606",
    "CONTACT": "220015",
    "CITY": "TALASARI",
    "DISTRICT": "THANE",
    "STATE": "MAHARASHTRA"
  },
  "DNSB0000055": {
    "BANK": "DOMBIVLI NAGARI SAHAKARI BANK LIMITED",
    "IFSC": "DNSB0000055",
    "BRANCH": "NASHIK",
    "ADDRESS": "G2/G3, DHARMARAJ PLAZA, GANGAPUR ROAD, GODAWARI CHOWK, NASHIK 422005",
    "CONTACT": "2312602",
    "CITY": "NASHIK",
    "DISTRICT": "NASHIK",
    "STATE": "MAHARASHTRA"
  },
  "DNSB0000056": {
    "BANK": "DOMBIVLI NAGARI SAHAKARI BANK LIMITED",
    "IFSC": "DNSB0000056",
    "BRANCH": "IRO MAIN",
    "ADDRESS": "67/B, 18/485, NEAR SHAHU STATUE, ICHALKARANJI 416115",
    "CONTACT": "2430560",
    "CITY": "ICHALKARANJI",
    "DISTRICT": "KOLHAPUR",
    "STATE": "MAHARASHTRA"
  },
  "DNSB0000058": {
    "BANK": "DOMBIVLI NAGARI SAHAKARI BANK LIMITED",
    "IFSC": "DNSB0000058",
    "BRANCH": "RAJARAMPURI",
    "ADDRESS": "GROUND FLOOR, AMEY EMPIRE, E WARD, RAJARAMPURI LANE NO 1, KOLHAPUR 416008",
    "CONTACT": "2525245",
    "CITY": "RAJARAMPURI",
    "DISTRICT": "KOLHAPUR",
    "STATE": "MAHARASHTRA"
  },
  "DNSB0000063": {
    "BANK": "DOMBIVLI NAGARI SAHAKARI BANK LIMITED",
    "IFSC": "DNSB0000063",
    "BRANCH": "AURANGABAD",
    "ADDRESS": "PLOT NO. 122, SAMARTHA NAGAR, VARAD GANESH MANDIR PATH, AURANGABAD 431001",
    "CONTACT": "2363341",
    "CITY": "AURANGABAD",
    "DISTRICT": "AURANGABAD",
    "STATE": "MAHARASHTRA"
  },
  "DNSB0000064": {
    "BANK": "DOMBIVLI NAGARI SAHAKARI BANK LIMITED",
    "IFSC": "DNSB0000064",
    "BRANCH": "KARAD",
    "ADDRESS": "PLOT NO 80, GROUND FLOOR, BUDHWAR PETH, NEAR PRABHAT TALKIES, KARAD 415110",
    "CONTACT": "225275",
    "CITY": "KARAD",
    "DISTRICT": "SATARA",
    "STATE": "MAHARASHTRA"
  },
  "DNSB0000066": {
    "BANK": "DOMBIVLI NAGARI SAHAKARI BANK LIMITED",
    "IFSC": "DNSB0000066",
    "BRANCH": "SATARA",
    "ADDRESS": "NAKSHATRA APT., KESARKAR PETH, RAJPATH, SATARA 415001",
    "CONTACT": "226107",
    "CITY": "SATARA",
    "DISTRICT": "SATARA",
    "STATE": "MAHARASHTRA"
  },
  "DNSB0000067": {
    "BANK": "DOMBIVLI NAGARI SAHAKARI BANK LIMITED",
    "IFSC": "DNSB0000067",
    "BRANCH": "JALGAON",
    "ADDRESS": "147/148, SHRI LAXMINARAYAN PLAZA, GROUND FLOOR, NAVI PETH, JALGAON 425001",
    "CONTACT": "2234061",
    "CITY": "JALGAON",
    "DISTRICT": "JALGAON",
    "STATE": "MAHARASHTRA"
  },
  "DNSB0000068": {
    "BANK": "DOMBIVLI NAGARI SAHAKARI BANK LIMITED",
    "IFSC": "DNSB0000068",
    "BRANCH": "KHOPOLI",
    "ADDRESS": "ASHIYANA TOWER, BUILDING NO 1, BAZAR PRTH, KHOPOLI 410203",
    "CONTACT": "266415",
    "CITY": "KHOPOLI",
    "DISTRICT": "RAIGAD",
    "STATE": "MAHARASHTRA"
  },
  "DNSB0000069": {
    "BANK": "DOMBIVLI NAGARI SAHAKARI BANK LIMITED",
    "IFSC": "DNSB0000069",
    "BRANCH": "NAGPUR",
    "ADDRESS": "THAPAR ENCLAVE, 1ST FLOOR, 148, MAHARAJ BAUG MARG, RAMDAS PETH, NAGPUR 440010",
    "CONTACT": "2421001",
    "CITY": "NAGPUR",
    "DISTRICT": "NAGPUR",
    "STATE": "MAHARASHTRA"
  },
  "DNSB0000070": {
    "BANK": "DOMBIVLI NAGARI SAHAKARI BANK LIMITED",
    "IFSC": "DNSB0000070",
    "BRANCH": "SANGALI",
    "ADDRESS": "SHREEKRUPA, RAM MANDIR ROAD, KHANBHAG, SHIVAJI NAGAR, SANGALI 416416",
    "CONTACT": "2625355",
    "CITY": "SANGALI",
    "DISTRICT": "SANGALI",
    "STATE": "MAHARASHTRA"
  },
  "DNSB0000071": {
    "BANK": "DOMBIVLI NAGARI SAHAKARI BANK LIMITED",
    "IFSC": "DNSB0000071",
    "BRANCH": "AMBAD, NASHIK",
    "ADDRESS": "SHOP NO 5/6, RUNGTHA SHOPING MALL, NEAR GAURI SHANKAR MANGAL KARYALAY, NEAR CITY CENTER MALL, AMBAD NASHIK-422011",
    "CONTACT": "8691961166",
    "CITY": "AMBAD, NASHIK",
    "DISTRICT": "NASHIK",
    "STATE": "MAHARASHTRA"
  },
  "DNSB0000072": {
    "BANK": "DOMBIVLI NAGARI SAHAKARI BANK LIMITED",
    "IFSC": "DNSB0000072",
    "BRANCH": "NAGAR BRANCH",
    "ADDRESS": "SHOP NO.1 TO 4, KOHINOOR COMPLEX, FLAT NO.4, LALTAKI ROAD,AHMEDNAGAR, MAHARASHTRA - 414 001, INDIA.",
    "CONTACT": "2345858",
    "CITY": "NAGAR",
    "DISTRICT": "AHMEDNAGAR",
    "STATE": "MAHARASHTRA"
  },
  "DNSB0000073": {
    "BANK": "DOMBIVLI NAGARI SAHAKARI BANK LIMITED",
    "IFSC": "DNSB0000073",
    "BRANCH": "BOISAR BRANCH",
    "ADDRESS": "OFFICE NO. 1, MANGALAM APARTMENT, 1ST FLOOR, PALGHAR BOISAR ROAD, OPP. BOISAR RAILWAY STATION, BOISAR (WEST), MAHARASHTRA - 401501, INDIA.",
    "CONTACT": "274410",
    "CITY": "BOISAR",
    "DISTRICT": "THANE",
    "STATE": "MAHARASHTRA"
  },
  "DNSB0000074": {
    "BANK": "DOMBIVLI NAGARI SAHAKARI BANK LIMITED",
    "IFSC": "DNSB0000074",
    "BRANCH": "NARAYANGAON",
    "ADDRESS": "GROUND FLOOR,LAXMINARAYAN BUILDING, NEAR S.T. STAND, NARAYANGAON, TAL-JUNNAR, DIST. PUNE 410504",
    "CONTACT": "243277",
    "CITY": "NARAYANGAON",
    "DISTRICT": "PUNE",
    "STATE": "MAHARASHTRA"
  },
  "DNSB0000075": {
    "BANK": "DOMBIVLI NAGARI SAHAKARI BANK LIMITED",
    "IFSC": "DNSB0000075",
    "BRANCH": "KUVARBHAV",
    "ADDRESS": "SURVEY NO 400/1/2/13A GROUND FLOOR SHREE APARTMENT GANESH COLONY KUVARBHAV 415 639",
    "CONTACT": "8291989163",
    "CITY": "RATNAGIRI",
    "DISTRICT": "RATNAGIRI",
    "STATE": "MAHARASHTRA"
  },
  "DNSB0000076": {
    "BANK": "DOMBIVLI NAGARI SAHAKARI BANK LIMITED",
    "IFSC": "DNSB0000076",
    "BRANCH": "MANGAON",
    "ADDRESS": "PLOT NO 1208 SURVEY NO 38/1/D ,YOGESHWAR BUILDING ,FIRST FLOOR MANGAON DIST TRAIGAD 402 104",
    "CONTACT": "8291989164",
    "CITY": "RAIGAD",
    "DISTRICT": "RAIGAD",
    "STATE": "MAHARASHTRA"
  },
  "DNSB0000077": {
    "BANK": "DOMBIVLI NAGARI SAHAKARI BANK LIMITED",
    "IFSC": "DNSB0000077",
    "BRANCH": "KUDAL",
    "ADDRESS": "KUDAL, DIST.SINDHUDURG,PATKAR COMPLEX, GROUND FLOOR, SURVEY NO. 259/10B/1,AT VILLAGE KUDAL, TALUKA -KUDAL, DIST. SINDHUDURG, PINCODE 416520",
    "CONTACT": "8291989192",
    "CITY": "KUDAL",
    "DISTRICT": "SINDHUDURG",
    "STATE": "MAHARASHTRA"
  },
  "DNSB0000078": {
    "BANK": "DOMBIVLI NAGARI SAHAKARI BANK LIMITED",
    "IFSC": "DNSB0000078",
    "BRANCH": "SINHGAD ROAD",
    "ADDRESS": "SURVEY NO 25/03/1, 1ST FLOOR, KRISHNANGAN HEIGHTS, SINHGAD ROAD, MOUJE HINGANE KHURD, TAL. HAVELI, DIST. PUNE-411051",
    "CONTACT": "24347259",
    "CITY": "PUNE",
    "DISTRICT": "PUNE",
    "STATE": "MAHARASHTRA"
  },
  "DNSB0000079": {
    "BANK": "DOMBIVLI NAGARI SAHAKARI BANK LIMITED",
    "IFSC": "DNSB0000079",
    "BRANCH": "SANGAMNER",
    "ADDRESS": "GROUND FLOOR, DHOLE EMPIRE, NEAR SAHYADRI COLLEGE, GOVIND NAGAR, NASHIK-PUNE HIGHWAY, SANGAMNER, DISTRICT - AHMEDNAGAR 422 605",
    "CONTACT": "8291918681",
    "CITY": "AHMEDNAGAR",
    "DISTRICT": "AHMEDNAGAR",
    "STATE": "MAHARASHTRA"
  },
  "DNSB00000CO": {
    "BANK": "DOMBIVLI NAGARI SAHAKARI BANK LIMITED",
    "IFSC": "DNSB00000CO",
    "BRANCH": "CENTRAL OFFICE",
    "ADDRESS": "MADHUKUNJ, PLOT NO P-52, MIDC, PHASE-2, SONARPADA, KALYAN-SHIL ROAD, DOMBIVLI EAST 421204",
    "CONTACT": "2875050",
    "CITY": "DOMBIVLI",
    "DISTRICT": "THANE",
    "STATE": "MAHARASHTRA"
  }
}