{
  "FINO0000001": {
    "BANK": "Fino Payments Bank",
    "IFSC": "FINO0000001",
    "BRANCH": "Fino Payments Bank IMPS",
    "CENTRE": "NAVI MUMBAI",
    "DISTRICT": "NAVI MUMBAI",
    "STATE": "MAHARASHTRA",
    "ADDRESS": "Mindspace Juinagar, Plot no. Gen 2/1/F, Tower 1, 8th Floor, TTC Industrial Area, MIDC Shirwane, Juinagar, Navi Mumbai- 400 706",
    "CONTACT": "+912271047000",
    "IMPS": true,
    "CITY": "MUMBAI",
    "UPI": true,
    "MICR": null,
    "RTGS": true,
    "NEFT": true,
    "SWIFT": null,
    "ISO3166": "IN-MH"
  },
  "FINO00000SC": {
    "BANK": "Fino Payments Bank",
    "IFSC": "FINO00000SC",
    "BRANCH": "MINDSPACE",
    "ADDRESS": "MINDSPACE JUINAGAR, PLOT NO. GEN 2/1/F, TOWER 1, 8TH FLOOR, TTC INDUSTRIAL AREA, MIDC SHIRWANE, JUINAGAR, NAVI MUMBAI- 400 706",
    "STATE": "MAHARASHTRA",
    "MICR": null,
    "CONTACT": "+912271047000",
    "UPI": true,
    "NEFT": true,
    "CITY": "THANE",
    "CENTRE": "NAVI MUMBAI",
    "DISTRICT": "NAVI MUMBAI",
    "RTGS": false,
    "IMPS": true,
    "SWIFT": null,
    "ISO3166": "IN-MH"
  },
  "FINO0001001": {
    "BANK": "Fino Payments Bank",
    "IFSC": "FINO0001001",
    "MICR": null,
    "BRANCH": "SATIVALI",
    "ADDRESS": "FINO,SHOP NOW 15&25,GROUND FLOOR  ISTIYAK COMPLAX,S.NO.54 H.NO D  SATIVALI VILLAGE VASAI(E) PALGHAR 400208",
    "STATE": "MAHARASHTRA",
    "CONTACT": "+919833779990",
    "UPI": true,
    "RTGS": true,
    "CITY": "Thane",
    "CENTRE": "Thane",
    "DISTRICT": "Thane",
    "NEFT": true,
    "IMPS": true,
    "SWIFT": null,
    "ISO3166": "IN-MH"
  },
  "FINO0001005": {
    "BANK": "Fino Payments Bank",
    "IFSC": "FINO0001005",
    "MICR": "500771006",
    "BRANCH": "SURARAM",
    "ADDRESS": "FINO Money Mart, H No 2-058-11 Front Side, Opp Narayan Hrudalaya Hosp Suraram, Rangareddy, Telangana",
    "STATE": "TELANGANA",
    "CONTACT": "+919959277769",
    "UPI": true,
    "RTGS": true,
    "CITY": "MEDCHAL-MALKAJGIRI",
    "CENTRE": "Rangareddy",
    "DISTRICT": "Rangareddy",
    "NEFT": true,
    "IMPS": true,
    "SWIFT": null,
    "ISO3166": "IN-TG"
  },
  "FINO0001012": {
    "BANK": "Fino Payments Bank",
    "IFSC": "FINO0001012",
    "MICR": null,
    "BRANCH": "LABHGAON",
    "ADDRESS": "MILL ROAD,KHAGARIA,DIST -KHAGARIA,BIHAR -841204",
    "STATE": "BIHAR",
    "CONTACT": "+919308156319",
    "UPI": true,
    "RTGS": true,
    "CITY": "KHAGARIA",
    "CENTRE": "KHAGARIA",
    "DISTRICT": "KHAGARIA",
    "NEFT": true,
    "IMPS": true,
    "SWIFT": null,
    "ISO3166": "IN-BR"
  },
  "FINO0001043": {
    "BANK": "Fino Payments Bank",
    "IFSC": "FINO0001043",
    "MICR": "302771002",
    "BRANCH": "SANGANEER",
    "ADDRESS": "FINO Money Mart Sant Kuteer Nagar Nigam Road Sanganeer Bazaar, Jaipur",
    "STATE": "RAJASTHAN",
    "CONTACT": "+919936325030",
    "UPI": true,
    "RTGS": true,
    "CITY": "Jaipur",
    "CENTRE": "Sanganeer",
    "DISTRICT": "Sanganeer",
    "NEFT": true,
    "IMPS": true,
    "SWIFT": null,
    "ISO3166": "IN-RJ"
  },
  "FINO0001044": {
    "BANK": "Fino Payments Bank",
    "IFSC": "FINO0001044",
    "MICR": null,
    "BRANCH": "BHANGEL",
    "ADDRESS": "H.NO.136,SHOP NO.2,ABOVE PUNJABI DHABHA,CBA COMPLEX,NEAR SALARPUR GATE NO.1,DADRI ROAD,BHANGEL-NOIDA,NOIDA-201301",
    "STATE": "UTTAR PRADESH",
    "CONTACT": "+919643408580",
    "UPI": true,
    "RTGS": true,
    "CITY": "GAUTAM BUDDHA NAGAR",
    "CENTRE": "GAUTAM BUDDHA NAGAR",
    "DISTRICT": "GAUTAM BUDDHA NAGAR",
    "NEFT": true,
    "IMPS": true,
    "SWIFT": null,
    "ISO3166": "IN-UP"
  },
  "FINO0001046": {
    "BANK": "Fino Payments Bank",
    "IFSC": "FINO0001046",
    "MICR": null,
    "BRANCH": "KALYAN PHATA",
    "ADDRESS": "FINO, SHOP NO. 3, DASHRATH APARTMENT DIAGHAR ROAD OPP. DATTA MANDIR KALYAN PHATA, Thane - 421204",
    "STATE": "MAHARASHTRA",
    "CONTACT": "+919833515593",
    "UPI": true,
    "RTGS": true,
    "CITY": "Thane",
    "CENTRE": "Thane",
    "DISTRICT": "Thane",
    "NEFT": true,
    "IMPS": true,
    "SWIFT": null,
    "ISO3166": "IN-MH"
  },
  "FINO0001060": {
    "BANK": "Fino Payments Bank",
    "IFSC": "FINO0001060",
    "MICR": "301771002",
    "BRANCH": "BHIWADI",
    "ADDRESS": "SHOP NO.A-17,YOJNA PURI COLONY,RAJASTHAN AWASAN MANDAL,BHIWADI,TEHSIL TIJARA,DISTT.ALWAR,RAJASTHAN",
    "STATE": "RAJASTHAN",
    "CONTACT": "+917217611938",
    "UPI": true,
    "RTGS": true,
    "CITY": "ALWAR",
    "CENTRE": "ALWAR",
    "DISTRICT": "ALWAR",
    "NEFT": true,
    "IMPS": true,
    "SWIFT": null,
    "ISO3166": "IN-RJ"
  },
  "FINO0001061": {
    "BANK": "Fino Payments Bank",
    "IFSC": "FINO0001061",
    "MICR": null,
    "BRANCH": "BEGUSARAI",
    "ADDRESS": "UBI BUILDING GROUND FLOOR KALI CHAK BEGUSARAI 851101",
    "STATE": "BIHAR",
    "CONTACT": "+919308156319",
    "UPI": true,
    "RTGS": true,
    "CITY": "BEGUSARAI",
    "CENTRE": "BEGUSARAI",
    "DISTRICT": "BEGUSARAI",
    "NEFT": true,
    "IMPS": true,
    "SWIFT": null,
    "ISO3166": "IN-BR"
  },
  "FINO0001089": {
    "BANK": "Fino Payments Bank",
    "IFSC": "FINO0001089",
    "MICR": null,
    "BRANCH": "JASOLA VILLAGE",
    "ADDRESS": "House No 70 Jasola Village Ground Floor Delhi 110025",
    "STATE": "DELHI",
    "CONTACT": "+917275093285",
    "UPI": true,
    "RTGS": true,
    "CITY": "SOUTH-EAST DELHI",
    "CENTRE": "New Delhi",
    "DISTRICT": "New Delhi",
    "NEFT": true,
    "IMPS": true,
    "SWIFT": null,
    "ISO3166": "IN-DL"
  },
  "FINO0001108": {
    "BANK": "Fino Payments Bank",
    "IFSC": "FINO0001108",
    "MICR": null,
    "BRANCH": "KALA AMB",
    "ADDRESS": "Tirlokpur Road Kala Amb Ambala_HR- 133001",
    "STATE": "HARYANA",
    "CONTACT": "+919816389375",
    "UPI": true,
    "RTGS": true,
    "CITY": "Ambala",
    "CENTRE": "Naraingarh",
    "DISTRICT": "Naraingarh",
    "NEFT": true,
    "IMPS": true,
    "SWIFT": null,
    "ISO3166": "IN-HR"
  },
  "FINO0001112": {
    "BANK": "Fino Payments Bank",
    "IFSC": "FINO0001112",
    "MICR": "500771002",
    "BRANCH": "AUTO NAGAR",
    "ADDRESS": "D.NO.66-1-1A Plot No:32C/396 ward No:27A Sivalayam Street NTR Circle Patamata NTR Dist. Vijaywada AP - 520010",
    "STATE": "ANDHRA PRADESH",
    "CONTACT": "+917680806242",
    "UPI": true,
    "RTGS": true,
    "CITY": "SHAHDOL",
    "CENTRE": "Vijaywada",
    "DISTRICT": "Vijaywada",
    "NEFT": true,
    "IMPS": true,
    "SWIFT": null,
    "ISO3166": "IN-AP"
  },
  "FINO0001113": {
    "BANK": "Fino Payments Bank",
    "IFSC": "FINO0001113",
    "MICR": null,
    "BRANCH": "BADDI",
    "ADDRESS": "WARD 3,SERAJ MANJRE,TEH BADDI DISTT.SOLAN,HP -173205",
    "STATE": "HIMACHAL PRADESH",
    "CONTACT": "+919816389375",
    "UPI": true,
    "RTGS": true,
    "CITY": "SOLAN",
    "CENTRE": "SOLAN",
    "DISTRICT": "SOLAN",
    "NEFT": true,
    "IMPS": true,
    "SWIFT": null,
    "ISO3166": "IN-HP"
  },
  "FINO0001118": {
    "BANK": "Fino Payments Bank",
    "IFSC": "FINO0001118",
    "MICR": "395771002",
    "BRANCH": "CHAR RASTA",
    "ADDRESS": "SHOP NO 1784/45,R K COMPLEX PALSANA,CHAR RASTA,PALSANA,SURAT -394327",
    "STATE": "GUJARAT",
    "CONTACT": "+919099230130",
    "UPI": true,
    "RTGS": true,
    "CITY": "SURAT",
    "CENTRE": "SURAT",
    "DISTRICT": "SURAT",
    "NEFT": true,
    "IMPS": true,
    "SWIFT": null,
    "ISO3166": "IN-GJ"
  },
  "FINO0001129": {
    "BANK": "Fino Payments Bank",
    "IFSC": "FINO0001129",
    "MICR": null,
    "BRANCH": "GANDHI NAGAR",
    "ADDRESS": "X/25006 RAGHUVARPURA NO 2,GHANDHI NAGAR - 110031",
    "STATE": "DELHI",
    "CONTACT": "+918860734411",
    "UPI": true,
    "RTGS": true,
    "CITY": "EAST DELHI",
    "CENTRE": "EAST DELHI",
    "DISTRICT": "EAST DELHI",
    "NEFT": true,
    "IMPS": true,
    "SWIFT": null,
    "ISO3166": "IN-DL"
  },
  "FINO0001146": {
    "BANK": "Fino Payments Bank",
    "IFSC": "FINO0001146",
    "MICR": null,
    "BRANCH": "KHARABWADI",
    "ADDRESS": "GATE NO.2912,TAL-KHED,DIST-PUNE,KHARABWADI -410505",
    "STATE": "MAHARASHTRA",
    "CONTACT": "+917620155051",
    "UPI": true,
    "RTGS": true,
    "CITY": "PUNE",
    "CENTRE": "PUNE",
    "DISTRICT": "PUNE",
    "NEFT": true,
    "IMPS": true,
    "SWIFT": null,
    "ISO3166": "IN-MH"
  },
  "FINO0001147": {
    "BANK": "Fino Payments Bank",
    "IFSC": "FINO0001147",
    "MICR": null,
    "BRANCH": "KHORA COLONY",
    "ADDRESS": "A-10/1 Ground floor Deepak Vihar Khora Road Noida UP - 201008",
    "STATE": "UTTAR PRADESH",
    "CONTACT": "+919643408580",
    "UPI": true,
    "RTGS": true,
    "CITY": "GAUTAM BUDDHA NAGAR",
    "CENTRE": "Noida",
    "DISTRICT": "Noida",
    "NEFT": true,
    "IMPS": true,
    "SWIFT": null,
    "ISO3166": "IN-UP"
  },
  "FINO0001157": {
    "BANK": "Fino Payments Bank",
    "IFSC": "FINO0001157",
    "MICR": null,
    "BRANCH": "MANKHURD",
    "ADDRESS": "FINO PAYMENTS BANK, CEN-676, PLOT- B, LANE 5, MATANG RUSHI NAGAR, GM LINK ROAD MANDALA MANKHURD (W), Mumbai -400043",
    "STATE": "MAHARASHTRA",
    "CONTACT": "+919867039855",
    "UPI": true,
    "RTGS": true,
    "CITY": "MUMBAI SUBURBAN",
    "CENTRE": "Mumbai",
    "DISTRICT": "Mumbai",
    "NEFT": true,
    "IMPS": true,
    "SWIFT": null,
    "ISO3166": "IN-MH"
  },
  "FINO0001192": {
    "BANK": "Fino Payments Bank",
    "IFSC": "FINO0001192",
    "MICR": "500771005",
    "BRANCH": "VIVEKANANDA NAGAR",
    "ADDRESS": "H.No.4-32-990 Plot No. A/412 Gr floor 1st phse rd Alwyan Colony Jagatgirigutta Kukatapally Village  Bala Ngr Mandal",
    "STATE": "TELANGANA",
    "CONTACT": "+919959277769",
    "UPI": true,
    "RTGS": true,
    "CITY": "MEDCHAL-MALKAJGIRI",
    "CENTRE": "Hyderabad",
    "DISTRICT": "Hyderabad",
    "NEFT": true,
    "IMPS": true,
    "SWIFT": null,
    "ISO3166": "IN-TG"
  },
  "FINO0001193": {
    "BANK": "Fino Payments Bank",
    "IFSC": "FINO0001193",
    "MICR": null,
    "BRANCH": "WADKHAL",
    "ADDRESS": "SHRIKRISHNA BLD,OPP.BANK OF BARODA,WADKHAL,TAL - PEN,RAIGAD -402107",
    "STATE": "MAHARASHTRA",
    "CONTACT": "+919022227070",
    "UPI": true,
    "RTGS": true,
    "CITY": "PUNE",
    "CENTRE": "PUNE",
    "DISTRICT": "PUNE",
    "NEFT": true,
    "IMPS": true,
    "SWIFT": null,
    "ISO3166": "IN-MH"
  },
  "FINO0001198": {
    "BANK": "Fino Payments Bank",
    "IFSC": "FINO0001198",
    "MICR": null,
    "BRANCH": "YAMUNANAGAR",
    "ADDRESS": "KHAJURI ROAD,NEAR YAMUNA BHARAMANKANT,YAMUNAGAGAR,HARYANA -135001",
    "STATE": "HARYANA",
    "CONTACT": "+919816389375",
    "UPI": true,
    "RTGS": true,
    "CITY": "YAMUNANAGAR",
    "CENTRE": "YAMUNANAGAR",
    "DISTRICT": "YAMUNANAGAR",
    "NEFT": true,
    "IMPS": true,
    "SWIFT": null,
    "ISO3166": "IN-HR"
  },
  "FINO0001200": {
    "BANK": "Fino Payments Bank",
    "IFSC": "FINO0001200",
    "MICR": null,
    "BRANCH": "HAJIPUR",
    "ADDRESS": "STATION ROAD,DIGHI KALA,HAJIPUR,VAISHALI,BIHAR -844101",
    "STATE": "BIHAR",
    "CONTACT": "+917544005461",
    "UPI": true,
    "RTGS": true,
    "CITY": "VAISHALI",
    "CENTRE": "VAISHALI",
    "DISTRICT": "VAISHALI",
    "NEFT": true,
    "IMPS": true,
    "SWIFT": null,
    "ISO3166": "IN-BR"
  },
  "FINO0001207": {
    "BANK": "Fino Payments Bank",
    "IFSC": "FINO0001207",
    "MICR": null,
    "BRANCH": "GOPALGANJ",
    "ADDRESS": "UBI BUILDING,HOSPITAL CHOWK,IN FRONT OF SADAR HOSPITAL,STATION ROAD,GAPALGANJ BIHAR -841428",
    "STATE": "BIHAR",
    "CONTACT": "+919934123471",
    "UPI": true,
    "RTGS": true,
    "CITY": "GOPALGANJ",
    "CENTRE": "GOPALGANJ",
    "DISTRICT": "GOPALGANJ",
    "NEFT": true,
    "IMPS": true,
    "SWIFT": null,
    "ISO3166": "IN-BR"
  },
  "FINO0001226": {
    "BANK": "Fino Payments Bank",
    "IFSC": "FINO0001226",
    "MICR": null,
    "BRANCH": "GANJBAZAR",
    "ADDRESS": "GANJBAZAR,MUSTFAGANJ,MINAPUR,DIST -MUZAFFARPUR,BIHAR -843128",
    "STATE": "BIHAR",
    "CONTACT": "+919934123471",
    "UPI": true,
    "RTGS": true,
    "CITY": "MUZAFFARPUR",
    "CENTRE": "MUZAFFARPUR",
    "DISTRICT": "MUZAFFARPUR",
    "NEFT": true,
    "IMPS": true,
    "SWIFT": null,
    "ISO3166": "IN-BR"
  },
  "FINO0001299": {
    "BANK": "Fino Payments Bank",
    "IFSC": "FINO0001299",
    "MICR": null,
    "BRANCH": "BUXAR",
    "ADDRESS": "BADI MASZID,SATYADEV GANJ,MAIN ROAD BUXAR,BIHAR PIN -802101",
    "STATE": "BIHAR",
    "CONTACT": "+918540013969",
    "UPI": true,
    "RTGS": true,
    "CITY": "BUXAR",
    "CENTRE": "BUXAR",
    "DISTRICT": "BUXAR",
    "NEFT": true,
    "IMPS": true,
    "SWIFT": null,
    "ISO3166": "IN-BR"
  },
  "FINO0001306": {
    "BANK": "Fino Payments Bank",
    "IFSC": "FINO0001306",
    "MICR": null,
    "BRANCH": "CHHAPARA",
    "ADDRESS": "SARKARI BAZAR,TULSI GALI,CHHAPRA -841301",
    "STATE": "BIHAR",
    "CONTACT": "+918540013969",
    "UPI": true,
    "RTGS": true,
    "CITY": "SARAN",
    "CENTRE": "SARAN",
    "DISTRICT": "SARAN",
    "NEFT": true,
    "IMPS": true,
    "SWIFT": null,
    "ISO3166": "IN-BR"
  },
  "FINO0001325": {
    "BANK": "Fino Payments Bank",
    "IFSC": "FINO0001325",
    "MICR": null,
    "BRANCH": "MUZAFFARPUR",
    "ADDRESS": "MAHESH BABU CHOWK,JHURAN CHHAPRA,MUZAFFARPUR,BIHAR -842003",
    "STATE": "BIHAR",
    "CONTACT": "+919934123471",
    "UPI": true,
    "RTGS": true,
    "CITY": "MUZAFFARPUR",
    "CENTRE": "MUZAFFARPUR",
    "DISTRICT": "MUZAFFARPUR",
    "NEFT": true,
    "IMPS": true,
    "SWIFT": null,
    "ISO3166": "IN-BR"
  },
  "FINO0001326": {
    "BANK": "Fino Payments Bank",
    "IFSC": "FINO0001326",
    "MICR": null,
    "BRANCH": "ARAH",
    "ADDRESS": "KARI MOHALLA MARE,NEAR MAHABIR MANDIR ARA BHOJPUR BIHAR -802301",
    "STATE": "BIHAR",
    "CONTACT": "+918540013969",
    "UPI": true,
    "RTGS": true,
    "CITY": "BHOJPUR",
    "CENTRE": "BHOJPUR",
    "DISTRICT": "BHOJPUR",
    "NEFT": true,
    "IMPS": true,
    "SWIFT": null,
    "ISO3166": "IN-BR"
  },
  "FINO0001339": {
    "BANK": "Fino Payments Bank",
    "IFSC": "FINO0001339",
    "MICR": null,
    "BRANCH": "SAMASTIPUR",
    "ADDRESS": "WARD NO 21,BAHADURPUR,NEAR ANUP TAKIES,SAMASTIPUR-851211",
    "STATE": "BIHAR",
    "CONTACT": "+919308156319",
    "UPI": true,
    "RTGS": true,
    "CITY": "SAMASTIPUR",
    "CENTRE": "SAMASTIPUR",
    "DISTRICT": "SAMASTIPUR",
    "NEFT": true,
    "IMPS": true,
    "SWIFT": null,
    "ISO3166": "IN-BR"
  },
  "FINO0001347": {
    "BANK": "Fino Payments Bank",
    "IFSC": "FINO0001347",
    "MICR": null,
    "BRANCH": "SIWAN",
    "ADDRESS": "NEAR STATE BANK OF INDIA ATM,BABUNIYA ROAD,SIWAN,BIHAR-841226",
    "STATE": "BIHAR",
    "CONTACT": "+919934123471",
    "UPI": true,
    "RTGS": true,
    "CITY": "SIWAN",
    "CENTRE": "SIWAN",
    "DISTRICT": "SIWAN",
    "NEFT": true,
    "IMPS": true,
    "SWIFT": null,
    "ISO3166": "IN-BR"
  },
  "FINO0001359": {
    "BANK": "Fino Payments Bank",
    "IFSC": "FINO0001359",
    "MICR": "413882604",
    "BRANCH": "LOHARA",
    "ADDRESS": "NEAR BUS STAND,SHIVAJI CHOWK,TAL-UMARGA,DIST OSMANABAD,LOHARA-413608",
    "STATE": "MAHARASHTRA",
    "CONTACT": "+919763525016",
    "UPI": true,
    "RTGS": true,
    "CITY": "OSMANABAD",
    "CENTRE": "OSMANABAD",
    "DISTRICT": "OSMANABAD",
    "NEFT": true,
    "IMPS": true,
    "SWIFT": null,
    "ISO3166": "IN-MH"
  },
  "FINO0001422": {
    "BANK": "Fino Payments Bank",
    "IFSC": "FINO0001422",
    "MICR": null,
    "BRANCH": "DARBHANGA",
    "ADDRESS": "TERHI BAZAR,OPP.POWER HOUSE,NEAR NATIONAL CINEMA,DARBHANGA-846004",
    "STATE": "BIHAR",
    "CONTACT": "+917009096848",
    "UPI": true,
    "RTGS": true,
    "CITY": "DARBHANGA",
    "CENTRE": "DARBHANGA",
    "DISTRICT": "DARBHANGA",
    "NEFT": true,
    "IMPS": true,
    "SWIFT": null,
    "ISO3166": "IN-BR"
  },
  "FINO0001448": {
    "BANK": "Fino Payments Bank",
    "IFSC": "FINO0001448",
    "MICR": null,
    "BRANCH": "Danapur",
    "ADDRESS": "Pethiya Bazar, Near Durga Asthan Phulwari Sharif, Danapur, Danapur, Phulwari Sharif SO , 801505",
    "STATE": "UTTAR PRADESH",
    "CONTACT": "+917544005461",
    "UPI": true,
    "RTGS": true,
    "CITY": "Varanasi",
    "CENTRE": "Danapur",
    "DISTRICT": "Danapur",
    "NEFT": true,
    "IMPS": true,
    "SWIFT": null,
    "ISO3166": "IN-UP"
  },
  "FINO0001550": {
    "BANK": "Fino Payments Bank",
    "IFSC": "FINO0001550",
    "MICR": null,
    "BRANCH": "DUNETHA B O",
    "ADDRESS": "ASHAPURA MOBILE AND GENERAL STORE SHOP NO 3 OPPO PATELBAR O I D C, DABHEL DAMAN CHHAILSINGH DEORA 362520",
    "STATE": "DADRA AND NAGAR HAVELI AND DAMAN AND DIU",
    "CONTACT": "+918830025445",
    "UPI": true,
    "RTGS": true,
    "CITY": "DIU",
    "CENTRE": "DIU",
    "DISTRICT": "DIU",
    "NEFT": true,
    "IMPS": true,
    "SWIFT": null,
    "ISO3166": "IN-DH"
  },
  "FINO0001551": {
    "BANK": "Fino Payments Bank",
    "IFSC": "FINO0001551",
    "MICR": null,
    "BRANCH": "VEHLA GOA S O",
    "ADDRESS": "407,4th floor City centre 1 Patto Plaza, Pajim Goa behind panjim busstand Goa-403001.",
    "STATE": "GOA",
    "CONTACT": "+918830025445",
    "UPI": true,
    "RTGS": true,
    "CITY": "NORTH GOA",
    "CENTRE": "North Goa",
    "DISTRICT": "North Goa",
    "NEFT": true,
    "IMPS": true,
    "SWIFT": null,
    "ISO3166": "IN-GA"
  },
  "FINO0001552": {
    "BANK": "Fino Payments Bank",
    "IFSC": "FINO0001552",
    "MICR": null,
    "BRANCH": "TRILANGA S O",
    "ADDRESS": "FINO PAYMENTS BANK LTD SECOND FLOOR, PLOT NO 143, MAHAKALI SOCIETY, TRILANGA, BHOPAL DISTT BHOPAL M P 462039",
    "STATE": "MADHYA PRADESH",
    "CONTACT": "+917566034002",
    "UPI": true,
    "RTGS": true,
    "CITY": "BHOPAL",
    "CENTRE": "BHOPAL",
    "DISTRICT": "BHOPAL",
    "NEFT": true,
    "IMPS": true,
    "SWIFT": null,
    "ISO3166": "IN-MP"
  },
  "FINO0001553": {
    "BANK": "Fino Payments Bank",
    "IFSC": "FINO0001553",
    "MICR": null,
    "BRANCH": "BYRON BAZAR S O",
    "ADDRESS": "BLOCK B 1, PUJARI CHAMBERS, DHAMTARI ROAD, NEAR PACHPEDI NAKA, RAIPUR, CG - 492001",
    "STATE": "CHHATTISGARH",
    "CONTACT": "+918960893003",
    "UPI": true,
    "RTGS": true,
    "CITY": "RAIPUR",
    "CENTRE": "RAIPUR",
    "DISTRICT": "RAIPUR",
    "NEFT": true,
    "IMPS": true,
    "SWIFT": null,
    "ISO3166": "IN-CT"
  },
  "FINO0001555": {
    "BANK": "Fino Payments Bank",
    "IFSC": "FINO0001555",
    "MICR": null,
    "BRANCH": "COCHIN OFFICE",
    "ADDRESS": "LRA 1, 1ST FLOOR, SUBHASH CHANDRA BOSE RD, PONNURUNNI, VYTTILA, ERNAKULAM, KERALA 682019",
    "STATE": "KERALA",
    "CONTACT": "+919052342559",
    "UPI": true,
    "RTGS": true,
    "CITY": "ERNAKULAM",
    "CENTRE": "ERNAKULAM",
    "DISTRICT": "ERNAKULAM",
    "NEFT": true,
    "IMPS": true,
    "SWIFT": null,
    "ISO3166": "IN-KL"
  },
  "FINO0001556": {
    "BANK": "Fino Payments Bank",
    "IFSC": "FINO0001556",
    "MICR": null,
    "BRANCH": "MADURAI OFFICE",
    "ADDRESS": "NO 337 PSM NAGAR, MELAKKAL MAIN ROAD, KOCHADAI",
    "STATE": "TAMIL NADU",
    "CONTACT": "+919052342559",
    "UPI": true,
    "RTGS": true,
    "CITY": "MADURAI",
    "CENTRE": "KOCHADAI",
    "DISTRICT": "KOCHADAI",
    "NEFT": true,
    "IMPS": true,
    "SWIFT": null,
    "ISO3166": "IN-TN"
  },
  "FINO0001557": {
    "BANK": "Fino Payments Bank",
    "IFSC": "FINO0001557",
    "MICR": null,
    "BRANCH": "SELAQUI S O",
    "ADDRESS": "E 17, FRIENDS ENCLAVE, VIDHAN SABHA, RISHIKESH ROAD BEHIND DEFENSE COLONY NEAR RAILWAY CROSSING DEHRADUN 248012, UTTARAKHAND",
    "STATE": "UTTARAKHAND",
    "CONTACT": "+918586985565",
    "UPI": true,
    "RTGS": true,
    "CITY": "DEHRADUN",
    "CENTRE": "DEHRADUN",
    "DISTRICT": "DEHRADUN",
    "NEFT": true,
    "IMPS": true,
    "SWIFT": null,
    "ISO3166": "IN-UT"
  },
  "FINO0001558": {
    "BANK": "Fino Payments Bank",
    "IFSC": "FINO0001558",
    "MICR": null,
    "BRANCH": "BHUBANESWAR",
    "ADDRESS": "Plot No.81,3rd Floor Sai Saraswati Complex,District Center,Chandrasekharpur Bhubaneswar-751016",
    "STATE": "ODISHA",
    "CONTACT": "+917566034003",
    "UPI": true,
    "RTGS": true,
    "CITY": "Khurda",
    "CENTRE": "Bhubaneswar",
    "DISTRICT": "Bhubaneswar",
    "NEFT": true,
    "IMPS": true,
    "SWIFT": null,
    "ISO3166": "IN-OR"
  },
  "FINO0001559": {
    "BANK": "Fino Payments Bank",
    "IFSC": "FINO0001559",
    "MICR": null,
    "BRANCH": "KOLKATA",
    "ADDRESS": "CHATTERJEE INTERNATIONAL CENTRESUIT NO A14 10 F 33A JAWAHARLAL NEHRU RDKOLKATA WB NEAR PARK STREET METRO BHAWAN PIN 700071",
    "STATE": "WEST BENGAL",
    "CONTACT": "+917566034003",
    "UPI": true,
    "RTGS": true,
    "CITY": "KOLKATA",
    "CENTRE": "KOLKATA",
    "DISTRICT": "KOLKATA",
    "NEFT": true,
    "IMPS": true,
    "SWIFT": null,
    "ISO3166": "IN-WB"
  },
  "FINO0001560": {
    "BANK": "Fino Payments Bank",
    "IFSC": "FINO0001560",
    "MICR": null,
    "BRANCH": "BANGALORE",
    "ADDRESS": "No.10 Stavyah Arcade,2nd Floor 9th Mail Road,Opp.Daily Bread Shop Banashankari 2nd Stage Bangalore 560070",
    "STATE": "KARNATAKA",
    "CONTACT": "+919108734301",
    "UPI": true,
    "RTGS": true,
    "CITY": "Bangalore Urban",
    "CENTRE": "Bangalore",
    "DISTRICT": "Bangalore",
    "NEFT": true,
    "IMPS": true,
    "SWIFT": null,
    "ISO3166": "IN-KA"
  },
  "FINO0001561": {
    "BANK": "Fino Payments Bank",
    "IFSC": "FINO0001561",
    "MICR": null,
    "BRANCH": "BHOPAL",
    "ADDRESS": "Fino Payments Bank Ltd,143 Mahakali Society,Soumya Privileged Near Aura Mall,Trilanga,Bhopal 462039",
    "STATE": "MADHYA PRADESH",
    "CONTACT": "+919752130643",
    "UPI": true,
    "RTGS": true,
    "CITY": "Bhopal",
    "CENTRE": "Bhopal",
    "DISTRICT": "Bhopal",
    "NEFT": true,
    "IMPS": true,
    "SWIFT": null,
    "ISO3166": "IN-MP"
  },
  "FINO0001562": {
    "BANK": "Fino Payments Bank",
    "IFSC": "FINO0001562",
    "MICR": null,
    "BRANCH": "THIRUVANANTHAPURAM",
    "ADDRESS": "Fino Payments Bank,T.C 71/283 blue tower,power house road chenthittai ,Thiruvananthapuram 695036",
    "STATE": "KERALA",
    "CONTACT": "+919656755955",
    "UPI": true,
    "RTGS": true,
    "CITY": "Thiruvananthapuram",
    "CENTRE": "Thiruvananthapuram",
    "DISTRICT": "Thiruvananthapuram",
    "NEFT": true,
    "IMPS": true,
    "SWIFT": null,
    "ISO3166": "IN-KL"
  },
  "FINO0001563": {
    "BANK": "Fino Payments Bank",
    "IFSC": "FINO0001563",
    "MICR": null,
    "BRANCH": "JODHPUR",
    "ADDRESS": "Bhadwaiya road BPCL Suncity Filling Station Jodhpur",
    "STATE": "RAJASTHAN",
    "CONTACT": "+918852815310",
    "UPI": true,
    "RTGS": true,
    "CITY": "Jodhpur",
    "CENTRE": "Jodhpur City",
    "DISTRICT": "Jodhpur City",
    "NEFT": true,
    "IMPS": true,
    "SWIFT": null,
    "ISO3166": "IN-RJ"
  },
  "FINO0001564": {
    "BANK": "Fino Payments Bank",
    "IFSC": "FINO0001564",
    "MICR": null,
    "BRANCH": "HUDA KHANDSA",
    "ADDRESS": "V P O KHANDSA,GURGAON,PINCODE 122001",
    "STATE": "HARYANA",
    "CONTACT": "+919997453382",
    "UPI": true,
    "RTGS": true,
    "CITY": "GURGAON",
    "CENTRE": "GURGAON",
    "DISTRICT": "GURGAON",
    "NEFT": true,
    "IMPS": true,
    "SWIFT": null,
    "ISO3166": "IN-HR"
  },
  "FINO0001565": {
    "BANK": "Fino Payments Bank",
    "IFSC": "FINO0001565",
    "MICR": null,
    "BRANCH": "SHERPUR",
    "ADDRESS": "B -30,PLOT 1492,2 SHERPUR MARKET,FOKAL POINT ROAD PUNJAB PINCODE -142036",
    "STATE": "PUNJAB",
    "CONTACT": "+916283065868",
    "UPI": true,
    "RTGS": true,
    "CITY": "LUDHIANA",
    "CENTRE": "LUDHIANA",
    "DISTRICT": "LUDHIANA",
    "NEFT": true,
    "IMPS": true,
    "SWIFT": null,
    "ISO3166": "IN-PB"
  },
  "FINO0001566": {
    "BANK": "Fino Payments Bank",
    "IFSC": "FINO0001566",
    "MICR": null,
    "BRANCH": "PARGANA - JAWALAPUR",
    "ADDRESS": "NO-39713,NEAR RAJA BISCUITS CHOKE,VILL RAWALI MAHDOOD BAHADRABAD,PARGNA JWALAPUR",
    "STATE": "UTTARAKHAND",
    "CONTACT": "+917500444101",
    "UPI": true,
    "RTGS": true,
    "CITY": "HARIDWAR",
    "CENTRE": "HARIDWAR",
    "DISTRICT": "HARIDWAR",
    "NEFT": true,
    "IMPS": true,
    "SWIFT": null,
    "ISO3166": "IN-UT"
  },
  "FINO0001567": {
    "BANK": "Fino Payments Bank",
    "IFSC": "FINO0001567",
    "MICR": null,
    "BRANCH": "BHAGALPUR",
    "ADDRESS": "BHAGWAN MAHAVIR PATH PARBATTI BHAGALPUR BHAGWAN MAHAVIR PATH PARBATTI BHAGALPUR-812002 BIHAR",
    "STATE": "BIHAR",
    "CONTACT": "+917033590765",
    "UPI": true,
    "RTGS": true,
    "CITY": "BHAGALPUR",
    "CENTRE": "BHAGALPUR",
    "DISTRICT": "BHAGALPUR",
    "NEFT": true,
    "IMPS": true,
    "SWIFT": null,
    "ISO3166": "IN-BR"
  },
  "FINO0001568": {
    "BANK": "Fino Payments Bank",
    "IFSC": "FINO0001568",
    "MICR": null,
    "BRANCH": "MORADABAD",
    "ADDRESS": "Bharat Petroleum Petrol Pump Shri Vasu Filling Station Delhi Rd Lakri Fazalpur Moradabad Uttar Pradesh 244001",
    "STATE": "UTTAR PRADESH",
    "CONTACT": "+918791286692",
    "UPI": true,
    "RTGS": true,
    "CITY": "MORADABAD",
    "CENTRE": "Moradabad",
    "DISTRICT": "Moradabad",
    "NEFT": true,
    "IMPS": true,
    "SWIFT": null,
    "ISO3166": "IN-UP"
  },
  "FINO0001569": {
    "BANK": "Fino Payments Bank",
    "IFSC": "FINO0001569",
    "MICR": null,
    "BRANCH": "LUCKNOW - ASHIYANA",
    "ADDRESS": "FINO PAYMENTS Bank BP-Ashiyana-BPCL Petrol Pump Sector I Ashiyana Lucknow Uttar Pradesh 226012",
    "STATE": "UTTAR PRADESH",
    "CONTACT": "+919450288861",
    "UPI": true,
    "RTGS": true,
    "CITY": "Lucknow",
    "CENTRE": "Lucknow-Ashiyana",
    "DISTRICT": "Lucknow-Ashiyana",
    "NEFT": true,
    "IMPS": true,
    "SWIFT": null,
    "ISO3166": "IN-UP"
  },
  "FINO0001570": {
    "BANK": "Fino Payments Bank",
    "IFSC": "FINO0001570",
    "MICR": null,
    "BRANCH": "RAM BAGH- AGRA",
    "ADDRESS": "FINO PAYMENTS BANK Bhatia Highways-11/48H Hathras Rd Ram Bagh Agra Uttar Pradesh 282006",
    "STATE": "UTTAR PRADESH",
    "CONTACT": "+917408433858",
    "UPI": true,
    "RTGS": true,
    "CITY": "AGRA",
    "CENTRE": "Ram Bagh- Agra",
    "DISTRICT": "Ram Bagh- Agra",
    "NEFT": true,
    "IMPS": true,
    "SWIFT": null,
    "ISO3166": "IN-UP"
  },
  "FINO0001571": {
    "BANK": "Fino Payments Bank",
    "IFSC": "FINO0001571",
    "MICR": null,
    "BRANCH": "AZAMGARH",
    "ADDRESS": "NEAR GAURI SHANKAR CHAUK,FIRST FLOOR,SIDHARI PASCHIMI,SIDHARI,AZAMGARH,PIN CODE-276001",
    "STATE": "UTTAR PRADESH",
    "CONTACT": "+918737033317",
    "UPI": true,
    "RTGS": true,
    "CITY": "AZAMGARH",
    "CENTRE": "AZAMGARH",
    "DISTRICT": "AZAMGARH",
    "NEFT": true,
    "IMPS": true,
    "SWIFT": null,
    "ISO3166": "IN-UP"
  },
  "FINO0001572": {
    "BANK": "Fino Payments Bank",
    "IFSC": "FINO0001572",
    "MICR": null,
    "BRANCH": "BHADOHI",
    "ADDRESS": "Rajputana Mission builing, Bhadohi,Pin code-221401",
    "STATE": "UTTAR PRADESH",
    "CONTACT": "+918354853755",
    "UPI": true,
    "RTGS": true,
    "CITY": "SANT RAVIDAS NAGAR",
    "CENTRE": "Bhadohi",
    "DISTRICT": "Bhadohi",
    "NEFT": true,
    "IMPS": true,
    "SWIFT": null,
    "ISO3166": "IN-UP"
  },
  "FINO0001573": {
    "BANK": "Fino Payments Bank",
    "IFSC": "FINO0001573",
    "MICR": null,
    "BRANCH": "CHANDAULI",
    "ADDRESS": "1ST FLOOR,ABHISHEK COMPLEX,WARD NO -8,KIDWAI NAGAR,1 CHANDAULI,PINCODE -232104",
    "STATE": "UTTAR PRADESH",
    "CONTACT": "+919473043827",
    "UPI": true,
    "RTGS": true,
    "CITY": "CHANDAULI",
    "CENTRE": "CHANDAULI",
    "DISTRICT": "CHANDAULI",
    "NEFT": true,
    "IMPS": true,
    "SWIFT": null,
    "ISO3166": "IN-UP"
  },
  "FINO0001574": {
    "BANK": "Fino Payments Bank",
    "IFSC": "FINO0001574",
    "MICR": null,
    "BRANCH": "DEORIA",
    "ADDRESS": "BEISDES OF B D GIRLS INTER COLLEGE RAGHAV NAGAR,DEORIA,PINCODE 274001",
    "STATE": "UTTAR PRADESH",
    "CONTACT": "+918002788816",
    "UPI": true,
    "RTGS": true,
    "CITY": "DEORIA",
    "CENTRE": "DEORIA",
    "DISTRICT": "DEORIA",
    "NEFT": true,
    "IMPS": true,
    "SWIFT": null,
    "ISO3166": "IN-UP"
  },
  "FINO0001575": {
    "BANK": "Fino Payments Bank",
    "IFSC": "FINO0001575",
    "MICR": null,
    "BRANCH": "GHAZIPUR",
    "ADDRESS": "KOTHI SHIVSHAY LALDARWAZ GHAZIPUR,PINCODE 233001",
    "STATE": "UTTAR PRADESH",
    "CONTACT": "+919453484951",
    "UPI": true,
    "RTGS": true,
    "CITY": "GHAZIPUR",
    "CENTRE": "GHAZIPUR",
    "DISTRICT": "GHAZIPUR",
    "NEFT": true,
    "IMPS": true,
    "SWIFT": null,
    "ISO3166": "IN-UP"
  },
  "FINO0001576": {
    "BANK": "Fino Payments Bank",
    "IFSC": "FINO0001576",
    "MICR": null,
    "BRANCH": "MEDICAL COLLAGE-RAPTI NAGAR",
    "ADDRESS": "Behind Family Bazar 06,Sonauli Road Bargdwa Moharipur Gorakhpur,Pin code-273007",
    "STATE": "UTTAR PRADESH",
    "CONTACT": "+919889541166",
    "UPI": true,
    "RTGS": true,
    "CITY": "Gorakhpur",
    "CENTRE": "Medical Collage-Rapt",
    "DISTRICT": "Medical Collage-Rapt",
    "NEFT": true,
    "IMPS": true,
    "SWIFT": null,
    "ISO3166": "IN-UP"
  },
  "FINO0001577": {
    "BANK": "Fino Payments Bank",
    "IFSC": "FINO0001577",
    "MICR": null,
    "BRANCH": "JAUNPUR",
    "ADDRESS": "KHARAKA TIRAHA HUSAINABAD,LINE BAZAR,JAUNPUR,PINCODE -222002",
    "STATE": "UTTAR PRADESH",
    "CONTACT": "+919151335270",
    "UPI": true,
    "RTGS": true,
    "CITY": "JAUNPUR",
    "CENTRE": "JAUNPUR",
    "DISTRICT": "JAUNPUR",
    "NEFT": true,
    "IMPS": true,
    "SWIFT": null,
    "ISO3166": "IN-UP"
  },
  "FINO0001578": {
    "BANK": "Fino Payments Bank",
    "IFSC": "FINO0001578",
    "MICR": null,
    "BRANCH": "KASIA",
    "ADDRESS": "Near alshifa Hospital ,Kasiya Kushinagar, Pin code-274402",
    "STATE": "UTTAR PRADESH",
    "CONTACT": "+918840298295",
    "UPI": true,
    "RTGS": true,
    "CITY": "KUSHI NAGAR",
    "CENTRE": "Kasia",
    "DISTRICT": "Kasia",
    "NEFT": true,
    "IMPS": true,
    "SWIFT": null,
    "ISO3166": "IN-UP"
  },
  "FINO0001579": {
    "BANK": "Fino Payments Bank",
    "IFSC": "FINO0001579",
    "MICR": null,
    "BRANCH": "MAHARAJGANJ",
    "ADDRESS": "WARD NO-22,SHASHTRI NAGAR TEDHVA KUTI,PHARENDA ROAD MAHARAJGANJ,PINCODE -273303",
    "STATE": "UTTAR PRADESH",
    "CONTACT": "+918574780989",
    "UPI": true,
    "RTGS": true,
    "CITY": "MAHARAJGANJ",
    "CENTRE": "MAHARAJGANJ",
    "DISTRICT": "MAHARAJGANJ",
    "NEFT": true,
    "IMPS": true,
    "SWIFT": null,
    "ISO3166": "IN-UP"
  },
  "FINO0001580": {
    "BANK": "Fino Payments Bank",
    "IFSC": "FINO0001580",
    "MICR": null,
    "BRANCH": "MAU",
    "ADDRESS": "NEW CITY HADDI HOSPITAL SAHDATPURA BYPASS ROAD MAU,PINCODE 275101",
    "STATE": "UTTAR PRADESH",
    "CONTACT": "+918081333838",
    "UPI": true,
    "RTGS": true,
    "CITY": "MAU",
    "CENTRE": "MAU",
    "DISTRICT": "MAU",
    "NEFT": true,
    "IMPS": true,
    "SWIFT": null,
    "ISO3166": "IN-UP"
  },
  "FINO0001581": {
    "BANK": "Fino Payments Bank",
    "IFSC": "FINO0001581",
    "MICR": null,
    "BRANCH": "MIRZAPUR",
    "ADDRESS": "PEHATI KA CHAURAHA GHANTAGHAR MIRZAPUR,PINCODE -231001",
    "STATE": "UTTAR PRADESH",
    "CONTACT": "+918299551462",
    "UPI": true,
    "RTGS": true,
    "CITY": "MIRZAPUR",
    "CENTRE": "MIRZAPUR",
    "DISTRICT": "MIRZAPUR",
    "NEFT": true,
    "IMPS": true,
    "SWIFT": null,
    "ISO3166": "IN-UP"
  },
  "FINO0001582": {
    "BANK": "Fino Payments Bank",
    "IFSC": "FINO0001582",
    "MICR": null,
    "BRANCH": "KHALILABAD",
    "ADDRESS": "Mehandawal BY pass in front of Baroda UP Grameen Bank Khalilabad (Sant Kabir Nagar), Pin code-272175",
    "STATE": "UTTAR PRADESH",
    "CONTACT": "+918910488900",
    "UPI": true,
    "RTGS": true,
    "CITY": "SANT KABIR NAGAR",
    "CENTRE": "Khalilabad",
    "DISTRICT": "Khalilabad",
    "NEFT": true,
    "IMPS": true,
    "SWIFT": null,
    "ISO3166": "IN-UP"
  },
  "FINO0001583": {
    "BANK": "Fino Payments Bank",
    "IFSC": "FINO0001583",
    "MICR": null,
    "BRANCH": "ROBERTSGANJ",
    "ADDRESS": "G-2 Hiti complex civil line, Robersganj Sonbhadra,Pin code-231216",
    "STATE": "UTTAR PRADESH",
    "CONTACT": "+917706083849",
    "UPI": true,
    "RTGS": true,
    "CITY": "SONBHADRA",
    "CENTRE": "Robertsganj",
    "DISTRICT": "Robertsganj",
    "NEFT": true,
    "IMPS": true,
    "SWIFT": null,
    "ISO3166": "IN-UP"
  },
  "FINO0001584": {
    "BANK": "Fino Payments Bank",
    "IFSC": "FINO0001584",
    "MICR": null,
    "BRANCH": "ASHAPUR",
    "ADDRESS": "Sa-20/5, R-3 Paigampur, Panchkoshi, Varanasi,Pin code -221007",
    "STATE": "UTTAR PRADESH",
    "CONTACT": "+919026941617",
    "UPI": true,
    "RTGS": true,
    "CITY": "Varanasi",
    "CENTRE": "Ashapur",
    "DISTRICT": "Ashapur",
    "NEFT": true,
    "IMPS": true,
    "SWIFT": null,
    "ISO3166": "IN-UP"
  },
  "FINO0001585": {
    "BANK": "Fino Payments Bank",
    "IFSC": "FINO0001585",
    "MICR": null,
    "BRANCH": "Siddharthnagar",
    "ADDRESS": "Village -Khajuria Post - Tetri Bazar mudila,Near LIC office, Siddharth Nagar,Pin code-272207",
    "STATE": "UTTAR PRADESH",
    "CONTACT": "+919918886050",
    "UPI": true,
    "RTGS": true,
    "CITY": "Siddharthnagar",
    "CENTRE": "Siddharthnagar",
    "DISTRICT": "Siddharthnagar",
    "NEFT": true,
    "IMPS": true,
    "SWIFT": null,
    "ISO3166": "IN-UP"
  },
  "FINO0001586": {
    "BANK": "Fino Payments Bank",
    "IFSC": "FINO0001586",
    "MICR": null,
    "BRANCH": "AMETHI",
    "ADDRESS": "NEAR RAMLILA MAIDAN OPPSITE TVS AGENCY,AMETHI RAEBRELLY ROAD GAURIGANJ AMETHI,PINCODE 227409",
    "STATE": "UTTAR PRADESH",
    "CONTACT": "+917052820000",
    "UPI": true,
    "RTGS": true,
    "CITY": "AMETHI",
    "CENTRE": "AMETHI",
    "DISTRICT": "AMETHI",
    "NEFT": true,
    "IMPS": true,
    "SWIFT": null,
    "ISO3166": "IN-UP"
  },
  "FINO0001587": {
    "BANK": "Fino Payments Bank",
    "IFSC": "FINO0001587",
    "MICR": null,
    "BRANCH": "Kaushambi",
    "ADDRESS": "Sirathu Road Manjhanpur Near Bank of Baroda Kaushambi, Pin code-212207",
    "STATE": "UTTAR PRADESH",
    "CONTACT": "+918127184578",
    "UPI": true,
    "RTGS": true,
    "CITY": "Kaushambi",
    "CENTRE": "Kaushambi",
    "DISTRICT": "Kaushambi",
    "NEFT": true,
    "IMPS": true,
    "SWIFT": null,
    "ISO3166": "IN-UP"
  },
  "FINO0001588": {
    "BANK": "Fino Payments Bank",
    "IFSC": "FINO0001588",
    "MICR": null,
    "BRANCH": "NAINI",
    "ADDRESS": "H/N-22-1C,Chak raghunath cotan-mill tiraha Naini,Prayagraj, Pin code-211008",
    "STATE": "UTTAR PRADESH",
    "CONTACT": "+918382887149",
    "UPI": true,
    "RTGS": true,
    "CITY": "ALLAHABAD",
    "CENTRE": "Naini",
    "DISTRICT": "Naini",
    "NEFT": true,
    "IMPS": true,
    "SWIFT": null,
    "ISO3166": "IN-UP"
  },
  "FINO0001589": {
    "BANK": "Fino Payments Bank",
    "IFSC": "FINO0001589",
    "MICR": null,
    "BRANCH": "PALAMU",
    "ADDRESS": "C/O Braj Bihari Karan , BDPC Karan Complex , Near Zila School Chowk Gopiganj, Daltonganj - 822101",
    "STATE": "JHARKHAND",
    "CONTACT": "+916203082199",
    "UPI": true,
    "RTGS": true,
    "CITY": "PALAMAU",
    "CENTRE": "Palamu",
    "DISTRICT": "Palamu",
    "NEFT": true,
    "IMPS": true,
    "SWIFT": null,
    "ISO3166": "IN-JH"
  },
  "FINO0001590": {
    "BANK": "Fino Payments Bank",
    "IFSC": "FINO0001590",
    "MICR": null,
    "BRANCH": "Hazaribagh",
    "ADDRESS": "Studio Photo Lab, Near Annada Chowk, Guru Govind Singh Road Opp Andhra Bank, Hazaribagh -825301",
    "STATE": "JHARKHAND",
    "CONTACT": "+917017658467",
    "UPI": true,
    "RTGS": true,
    "CITY": "Hazaribag",
    "CENTRE": "Hazaribagh",
    "DISTRICT": "Hazaribagh",
    "NEFT": true,
    "IMPS": true,
    "SWIFT": null,
    "ISO3166": "IN-JH"
  },
  "FINO0001591": {
    "BANK": "Fino Payments Bank",
    "IFSC": "FINO0001591",
    "MICR": null,
    "BRANCH": "LAKHIMPUR KHIRI",
    "ADDRESS": "Moosa Ram Complex, Near LRP Chauraha Lakhimpur Khiri Uttar Pradesh - 262701",
    "STATE": "UTTAR PRADESH",
    "CONTACT": "+917081081081",
    "UPI": true,
    "RTGS": true,
    "CITY": "KHERI",
    "CENTRE": "Lakhimpur Khiri",
    "DISTRICT": "Lakhimpur Khiri",
    "NEFT": true,
    "IMPS": true,
    "SWIFT": null,
    "ISO3166": "IN-UP"
  },
  "FINO0001592": {
    "BANK": "Fino Payments Bank",
    "IFSC": "FINO0001592",
    "MICR": null,
    "BRANCH": "SULTANPUR",
    "ADDRESS": "GOLAGHAT PAANCHO PEERAN, OPPOSITE GOMTI HOSPITAL, SULTANPUR, PIN CODE-228001",
    "STATE": "UTTAR PRADESH",
    "CONTACT": "+919919072877",
    "UPI": true,
    "RTGS": true,
    "CITY": "SULTANPUR",
    "CENTRE": "SULTANPUR",
    "DISTRICT": "SULTANPUR",
    "NEFT": true,
    "IMPS": true,
    "SWIFT": null,
    "ISO3166": "IN-UP"
  },
  "FINO0001593": {
    "BANK": "Fino Payments Bank",
    "IFSC": "FINO0001593",
    "MICR": null,
    "BRANCH": "BALLIA",
    "ADDRESS": "NEAR BHRIGU ASHRAM, NARAINI CENEMA HALL BALLIA, PIN CODE-277001",
    "STATE": "UTTAR PRADESH",
    "CONTACT": "+919565248985",
    "UPI": true,
    "RTGS": true,
    "CITY": "BALLIA",
    "CENTRE": "BALLIA",
    "DISTRICT": "BALLIA",
    "NEFT": true,
    "IMPS": true,
    "SWIFT": null,
    "ISO3166": "IN-UP"
  },
  "FINO0001594": {
    "BANK": "Fino Payments Bank",
    "IFSC": "FINO0001594",
    "MICR": null,
    "BRANCH": "Pratapgarh",
    "ADDRESS": "12/A KANJ BHAWAN BHANGAWA CHUNGI, KHUSHKHUSHWAPUR PRATAPGARH - 230001",
    "STATE": "UTTAR PRADESH",
    "CONTACT": "+917571862000",
    "UPI": true,
    "RTGS": true,
    "CITY": "Pratapgarh",
    "CENTRE": "Pratapgarh",
    "DISTRICT": "Pratapgarh",
    "NEFT": true,
    "IMPS": true,
    "SWIFT": null,
    "ISO3166": "IN-UP"
  },
  "FINO0001595": {
    "BANK": "Fino Payments Bank",
    "IFSC": "FINO0001595",
    "MICR": null,
    "BRANCH": "AKABARPUR",
    "ADDRESS": "Infront of 1 India Mart Sahzad pur Akbarpur Ambedkar nagar -224122",
    "STATE": "UTTAR PRADESH",
    "CONTACT": "+919554960544",
    "UPI": true,
    "RTGS": true,
    "CITY": "AMBEDKAR NAGAR",
    "CENTRE": "Akbarpur",
    "DISTRICT": "Akbarpur",
    "NEFT": true,
    "IMPS": true,
    "SWIFT": null,
    "ISO3166": "IN-UP"
  },
  "FINO0001596": {
    "BANK": "Fino Payments Bank",
    "IFSC": "FINO0001596",
    "MICR": null,
    "BRANCH": "JHANSI",
    "ADDRESS": "489 1B MISSION GATE IN FRONT OF MUNNA LAL POWER HOUSE GWALIOR ROAD JHANSI 284003",
    "STATE": "UTTAR PRADESH",
    "CONTACT": "+919616002860",
    "UPI": true,
    "RTGS": true,
    "CITY": "JHANSI",
    "CENTRE": "JHANSI",
    "DISTRICT": "JHANSI",
    "NEFT": true,
    "IMPS": true,
    "SWIFT": null,
    "ISO3166": "IN-UP"
  },
  "FINO0009001": {
    "BANK": "Fino Payments Bank",
    "IFSC": "FINO0009001",
    "MICR": null,
    "BRANCH": "HEAD OFFICE",
    "ADDRESS": "Mindspace Juinagar, Plot no. Gen 2/1/F, Tower 1, 8th Floor, TTC Industrial Area, MIDC Shirwane, Juinagar, Navi Mumbai- 400 706",
    "STATE": "MAHARASHTRA",
    "CONTACT": "+912271047000",
    "UPI": true,
    "RTGS": true,
    "CITY": "MUMBAI",
    "CENTRE": "MUMBAI",
    "DISTRICT": "MUMBAI",
    "NEFT": true,
    "IMPS": true,
    "SWIFT": null,
    "ISO3166": "IN-MH"
  },
  "FINO0009002": {
    "BANK": "Fino Payments Bank",
    "IFSC": "FINO0009002",
    "MICR": null,
    "BRANCH": "Jharkhand CPC",
    "ADDRESS": "2nd Floor, COMMERCE HOUSE, LINE TANK ROAD, RANCHI 834001",
    "STATE": "JHARKHAND",
    "CONTACT": "+919934010110",
    "UPI": true,
    "RTGS": true,
    "CITY": "RANCHI",
    "CENTRE": "RANCHI",
    "DISTRICT": "RANCHI",
    "NEFT": true,
    "IMPS": true,
    "SWIFT": null,
    "ISO3166": "IN-JH"
  },
  "FINO0009003": {
    "BANK": "Fino Payments Bank",
    "IFSC": "FINO0009003",
    "MICR": null,
    "BRANCH": "HEAD OFFICE",
    "ADDRESS": "Mindspace Juinagar, Plot no. Gen 2/1/F, Tower 1, 8th Floor, TTC Industrial Area, MIDC Shirwane, Juinagar, Navi Mumbai- 400 706",
    "STATE": "MAHARASHTRA",
    "CONTACT": "+912271047000",
    "UPI": true,
    "RTGS": true,
    "CITY": "MUMBAI",
    "CENTRE": "MUMBAI",
    "DISTRICT": "MUMBAI",
    "NEFT": true,
    "IMPS": true,
    "SWIFT": null,
    "ISO3166": "IN-MH"
  }
}