{
  "HCBL0000001": {
    "BANK": "Hasti Co-operative Bank",
    "IFSC": "HCBL0000001",
    "BRANCH": "Hasti Co-operative Bank IMPS",
    "CENTRE": "DONDAICHA",
    "DISTRICT": "DONDAICHA",
    "STATE": "MAHARASHTRA",
    "ADDRESS": "HASTI SAHAKAR DEEP STATION AREA DONDAICHA DIST DHULE PIN 425408",
    "CONTACT": "+918888891645",
    "IMPS": true,
    "CITY": "MUMBAI",
    "UPI": true,
    "MICR": "425868402",
    "RTGS": true,
    "NEFT": true,
    "SWIFT": null,
    "ISO3166": "IN-MH"
  },
  "HCBL0000101": {
    "BANK": "HASTI Co-operative Bank",
    "IFSC": "HCBL0000101",
    "MICR": "425736402",
    "BRANCH": "MAIN BRANCH",
    "ADDRESS": "HASTI SAHAKAR DEEP STATION AREA DONDAICHA DIST DHULE PIN 425408",
    "STATE": "MAHARASHTRA",
    "CONTACT": "+918888891644",
    "UPI": true,
    "RTGS": true,
    "CITY": "DHULE",
    "CENTRE": "DONDAICHA",
    "DISTRICT": "DONDAICHA",
    "NEFT": true,
    "IMPS": true,
    "SWIFT": null,
    "ISO3166": "IN-MH"
  },
  "HCBL0000102": {
    "BANK": "HASTI Co-operative Bank",
    "IFSC": "HCBL0000102",
    "MICR": "425736501",
    "BRANCH": "SHINDKHEDA",
    "ADDRESS": "NEAR S.T. STAND, SHINDKHEDA,  (DIST - DHULE) PIN -425408",
    "STATE": "MAHARASHTRA",
    "CONTACT": "+918888891646",
    "UPI": true,
    "RTGS": true,
    "CITY": "DHULE",
    "CENTRE": "SHINDKHEDA",
    "DISTRICT": "SHINDKHEDA",
    "NEFT": true,
    "IMPS": true,
    "SWIFT": null,
    "ISO3166": "IN-MH"
  },
  "HCBL0000103": {
    "BANK": "HASTI Co-operative Bank",
    "IFSC": "HCBL0000103",
    "MICR": "424736501",
    "BRANCH": "SONGIR",
    "ADDRESS": "BAZAR PETH, SONGIR,  (DIST - DHULE ) PIN -424309",
    "STATE": "MAHARASHTRA",
    "CONTACT": "+918888891647",
    "UPI": true,
    "RTGS": true,
    "CITY": "DHULE",
    "CENTRE": "SONGIR",
    "DISTRICT": "SONGIR",
    "NEFT": true,
    "IMPS": true,
    "SWIFT": null,
    "ISO3166": "IN-MH"
  },
  "HCBL0000104": {
    "BANK": "HASTI Co-operative Bank",
    "IFSC": "HCBL0000104",
    "MICR": "425736202",
    "BRANCH": "NANDURBAR",
    "ADDRESS": "NEAR AHILYABAI VIHIR, HAT DARWAJA, TAL. DIST - NANDURBAR PIN-425412",
    "STATE": "MAHARASHTRA",
    "CONTACT": "+918888891648",
    "UPI": true,
    "RTGS": true,
    "CITY": "NANDURBAR",
    "CENTRE": "NANDURBAR",
    "DISTRICT": "NANDURBAR",
    "NEFT": true,
    "IMPS": true,
    "SWIFT": null,
    "ISO3166": "IN-MH"
  },
  "HCBL0000105": {
    "BANK": "HASTI Co-operative Bank",
    "IFSC": "HCBL0000105",
    "MICR": "424736502",
    "BRANCH": "PIMPALNER",
    "ADDRESS": "SATANA ROAD, PIMPALNER, TAL.SAKRI, (DIST - DHULE) PIN -424306",
    "STATE": "MAHARASHTRA",
    "CONTACT": "+918888891649",
    "UPI": true,
    "RTGS": true,
    "CITY": "DHULE",
    "CENTRE": "PIMPALNER",
    "DISTRICT": "PIMPALNER",
    "NEFT": true,
    "IMPS": true,
    "SWIFT": null,
    "ISO3166": "IN-MH"
  },
  "HCBL0000106": {
    "BANK": "HASTI Co-operative Bank",
    "IFSC": "HCBL0000106",
    "MICR": "424736503",
    "BRANCH": "SAKRI",
    "ADDRESS": "3,PANZARA COLONY, SAKRI, (DIST - DHULE) PIN -42430",
    "STATE": "MAHARASHTRA",
    "CONTACT": "+918888891640",
    "UPI": true,
    "RTGS": true,
    "CITY": "DHULE",
    "CENTRE": "SAKRI",
    "DISTRICT": "SAKRI",
    "NEFT": true,
    "IMPS": true,
    "SWIFT": null,
    "ISO3166": "IN-MH"
  },
  "HCBL0000107": {
    "BANK": "HASTI Co-operative Bank",
    "IFSC": "HCBL0000107",
    "MICR": "424736001",
    "BRANCH": "DHULE",
    "ADDRESS": "1350, LANE NO 5TH, NAGARPATTI ,DHULE. PIN -424001",
    "STATE": "MAHARASHTRA",
    "CONTACT": "+918888891651",
    "UPI": true,
    "RTGS": true,
    "CITY": "DHULE",
    "CENTRE": "DHULE",
    "DISTRICT": "DHULE",
    "NEFT": true,
    "IMPS": true,
    "SWIFT": null,
    "ISO3166": "IN-MH"
  },
  "HCBL0000108": {
    "BANK": "HASTI Co-operative Bank",
    "IFSC": "HCBL0000108",
    "MICR": "425736502",
    "BRANCH": "AKKALKUWA",
    "ADDRESS": "MAIN ROAD, AKKALKUWA, (DIST - NANDURBAR) PIN -425415",
    "STATE": "MAHARASHTRA",
    "CONTACT": "+918888891652",
    "UPI": true,
    "RTGS": true,
    "CITY": "NANDURBAR",
    "CENTRE": "AKKALKUWA",
    "DISTRICT": "AKKALKUWA",
    "NEFT": true,
    "IMPS": true,
    "SWIFT": null,
    "ISO3166": "IN-MH"
  },
  "HCBL0000109": {
    "BANK": "HASTI Co-operative Bank",
    "IFSC": "HCBL0000109",
    "MICR": "425736302",
    "BRANCH": "SHAHADA",
    "ADDRESS": "BOHARI MARKET, NEAR BUS STAND, TAL.SHAHADA (DIST -NANDURBAR) PIN -425409",
    "STATE": "MAHARASHTRA",
    "CONTACT": "+918888891653",
    "UPI": true,
    "RTGS": true,
    "CITY": "NANDURBAR",
    "CENTRE": "SHAHADA",
    "DISTRICT": "SHAHADA",
    "NEFT": true,
    "IMPS": true,
    "SWIFT": null,
    "ISO3166": "IN-MH"
  },
  "HCBL0000111": {
    "BANK": "HASTI Co-operative Bank",
    "IFSC": "HCBL0000111",
    "MICR": "425736001",
    "BRANCH": "MARKET YARD JALGAON",
    "ADDRESS": "MARKET YARD, JALGAON (DIST - JALGAON)  PIN -425001",
    "STATE": "MAHARASHTRA",
    "CONTACT": "+918888891654",
    "UPI": true,
    "RTGS": true,
    "CITY": "JALGAON",
    "CENTRE": "JALGAON",
    "DISTRICT": "JALGAON",
    "NEFT": true,
    "IMPS": true,
    "SWIFT": null,
    "ISO3166": "IN-MH"
  },
  "HCBL0000112": {
    "BANK": "HASTI Co-operative Bank",
    "IFSC": "HCBL0000112",
    "MICR": "425736052",
    "BRANCH": "SHIRPUR",
    "ADDRESS": "237,AADARSH NAGAR,NEAR GAYATRI MANDIR, SHIRPUR (DIST - DHULE) PIN -425405",
    "STATE": "MAHARASHTRA",
    "CONTACT": "+918888891655",
    "UPI": true,
    "RTGS": true,
    "CITY": "DHULE",
    "CENTRE": "SHIRPUR",
    "DISTRICT": "SHIRPUR",
    "NEFT": true,
    "IMPS": true,
    "SWIFT": null,
    "ISO3166": "IN-MH"
  },
  "HCBL0000113": {
    "BANK": "HASTI Co-operative Bank",
    "IFSC": "HCBL0000113",
    "MICR": "425736503",
    "BRANCH": "NAVAPUR",
    "ADDRESS": "LIMDIWADI, NAVAPUR PIN-",
    "STATE": "MAHARASHTRA",
    "CONTACT": "+918888891656",
    "UPI": true,
    "RTGS": true,
    "CITY": "NANDURBAR",
    "CENTRE": "NAVAPUR",
    "DISTRICT": "NAVAPUR",
    "NEFT": true,
    "IMPS": true,
    "SWIFT": null,
    "ISO3166": "IN-MH"
  },
  "HCBL0000114": {
    "BANK": "HASTI Co-operative Bank",
    "IFSC": "HCBL0000114",
    "MICR": "424736202",
    "BRANCH": "CHALISGAON",
    "ADDRESS": "GHAT ROAD, CHALISGAON",
    "STATE": "MAHARASHTRA",
    "CONTACT": "+918888843755",
    "UPI": true,
    "RTGS": true,
    "CITY": "JALGAON",
    "CENTRE": "CHALISGAON",
    "DISTRICT": "CHALISGAON",
    "NEFT": true,
    "IMPS": true,
    "SWIFT": null,
    "ISO3166": "IN-MH"
  },
  "HCBL0000115": {
    "BANK": "HASTI Co-operative Bank",
    "IFSC": "HCBL0000115",
    "MICR": "425736152",
    "BRANCH": "AMALNER",
    "ADDRESS": "NEW PLOT, BANK STREET , AMALNER DIST JALGAON",
    "STATE": "MAHARASHTRA",
    "CONTACT": "+918888843715",
    "UPI": true,
    "RTGS": true,
    "CITY": "JALGAON",
    "CENTRE": "AMALNER",
    "DISTRICT": "AMALNER",
    "NEFT": true,
    "IMPS": true,
    "SWIFT": null,
    "ISO3166": "IN-MH"
  },
  "HCBL0000116": {
    "BANK": "HASTI Co-operative Bank",
    "IFSC": "HCBL0000116",
    "MICR": "423736151",
    "BRANCH": "SATANA",
    "ADDRESS": "NEAR UMA HOSPITAL SATANA DIST NASIK",
    "STATE": "MAHARASHTRA",
    "CONTACT": "+918888843722",
    "UPI": true,
    "RTGS": true,
    "CITY": "NASIK",
    "CENTRE": "SATANA",
    "DISTRICT": "SATANA",
    "NEFT": true,
    "IMPS": true,
    "SWIFT": null,
    "ISO3166": "IN-MH"
  },
  "HCBL0000117": {
    "BANK": "HASTI Co-operative Bank",
    "IFSC": "HCBL0000117",
    "MICR": "425736504",
    "BRANCH": "TALODA",
    "ADDRESS": "MAIN ROAD TALODA DIST NANDURBAR MH PIN 425413",
    "STATE": "MAHARASHTRA",
    "CONTACT": "+912567233002",
    "UPI": true,
    "RTGS": true,
    "CITY": "NANDURBAR",
    "CENTRE": "TALODA",
    "DISTRICT": "TALODA",
    "NEFT": true,
    "IMPS": true,
    "SWIFT": null,
    "ISO3166": "IN-MH"
  },
  "HCBL0000118": {
    "BANK": "HASTI Co-operative Bank",
    "IFSC": "HCBL0000118",
    "MICR": "425736203",
    "BRANCH": "GIRIVIHAR NANDURBAR",
    "ADDRESS": "GIRIVIHAR GATE NANDURBAR 425412",
    "STATE": "MAHARASHTRA",
    "CONTACT": "+912564233118",
    "UPI": true,
    "RTGS": true,
    "CITY": "NANDURBAR",
    "CENTRE": "NANDURBAR",
    "DISTRICT": "NANDURBAR",
    "NEFT": true,
    "IMPS": true,
    "SWIFT": null,
    "ISO3166": "IN-MH"
  },
  "HCBL0000119": {
    "BANK": "HASTI Co-operative Bank",
    "IFSC": "HCBL0000119",
    "MICR": "424736002",
    "BRANCH": "DEOPUR DHULE",
    "ADDRESS": "PLOT NO 65 SARASWATI COLONY GONDUR ROAD DEOUPR DHULE 424002",
    "STATE": "MAHARASHTRA",
    "CONTACT": "+912562244306",
    "UPI": true,
    "RTGS": true,
    "CITY": "DHULE",
    "CENTRE": "DHULE",
    "DISTRICT": "DHULE",
    "NEFT": true,
    "IMPS": true,
    "SWIFT": null,
    "ISO3166": "IN-MH"
  },
  "HCBL0000120": {
    "BANK": "HASTI Co-operative Bank",
    "IFSC": "HCBL0000120",
    "MICR": "425736505",
    "BRANCH": "VISARWADI BRANCH",
    "ADDRESS": "VISARWADI TAL NAVAPUR DIS NANDURBAR 425426",
    "STATE": "MAHARASHTRA",
    "CONTACT": "+912569240306",
    "UPI": true,
    "RTGS": true,
    "CITY": "NANDURBAR",
    "CENTRE": "VISARWADI",
    "DISTRICT": "VISARWADI",
    "NEFT": true,
    "IMPS": true,
    "SWIFT": null,
    "ISO3166": "IN-MH"
  },
  "HCBL0000121": {
    "BANK": "HASTI Co-operative Bank",
    "IFSC": "HCBL0000121",
    "MICR": "425736506",
    "BRANCH": "NIJAMPUR BRANCH",
    "ADDRESS": "NEAR DR.HEMANT PATIL NIJAMPUR TALUKA-SAKRI SIST-DHULE 424305",
    "STATE": "MAHARASHTRA",
    "CONTACT": "+917447437805",
    "UPI": true,
    "RTGS": true,
    "CITY": "DHULE",
    "CENTRE": "NIJAMPUR",
    "DISTRICT": "NIJAMPUR",
    "NEFT": true,
    "IMPS": true,
    "SWIFT": null,
    "ISO3166": "IN-MH"
  },
  "HCBL0000122": {
    "BANK": "HASTI Co-operative Bank",
    "IFSC": "HCBL0000122",
    "MICR": "411736002",
    "BRANCH": "PUNE BRANCH",
    "ADDRESS": "THE HASTI CO-OP BANK LTD PAUD PHATA KOTHARUD PUNE -411038",
    "STATE": "MAHARASHTRA",
    "CONTACT": "+917447437806",
    "UPI": true,
    "RTGS": true,
    "CITY": "PUNE",
    "CENTRE": "PUNE",
    "DISTRICT": "PUNE",
    "NEFT": true,
    "IMPS": true,
    "SWIFT": null,
    "ISO3166": "IN-MH"
  },
  "HCBL0000123": {
    "BANK": "HASTI Co-operative Bank",
    "IFSC": "HCBL0000123",
    "MICR": null,
    "BRANCH": "CHOPADA BRANCH",
    "ADDRESS": "CTS NO 1902 1903 1904 MAIN ROAD,CHOPADA DIST JALGAON 425401",
    "STATE": "MAHARASHTRA",
    "CONTACT": "+919096027799",
    "UPI": true,
    "RTGS": true,
    "CITY": "CHOPADA",
    "CENTRE": "CHOPADA",
    "DISTRICT": "CHOPADA",
    "NEFT": true,
    "IMPS": true,
    "SWIFT": null,
    "ISO3166": "IN-MH"
  }
}