{
  "HPSC0000051": {
    "BANK": "HIMACHAL PRADESH STATE COOPERATIVE BANK LTD",
    "IFSC": "HPSC0000051",
    "BRANCH": "NEW SUBZI MANDI DELHI",
    "ADDRESS": "NEW SUBZI MANDI AZADPUR DELHI",
    "CONTACT": "27681808",
    "CITY": "DELHI",
    "DISTRICT": "DELHI",
    "STATE": "HIMACHAL PRADESH"
  },
  "HPSC0000101": {
    "BANK": "HIMACHAL PRADESH STATE COOPERATIVE BANK LTD",
    "IFSC": "HPSC0000101",
    "BRANCH": "BARMANA",
    "ADDRESS": "BARMANA TEHSIL SADAR PIN 174013",
    "CONTACT": "245036",
    "CITY": "BARMANA",
    "DISTRICT": "BILASPUR",
    "STATE": "HIMACHAL PRADESH"
  },
  "HPSC0000102": {
    "BANK": "HIMACHAL PRADESH STATE COOPERATIVE BANK LTD",
    "IFSC": "HPSC0000102",
    "BRANCH": "BASSI",
    "ADDRESS": "BASSI KEHLOOR TEHSIL SRI NAINA DEVI JI PIN 174002",
    "CONTACT": "214552",
    "CITY": "BASSI",
    "DISTRICT": "BILASPUR",
    "STATE": "HIMACHAL PRADESH"
  },
  "HPSC0000103": {
    "BANK": "HIMACHAL PRADESH STATE COOPERATIVE BANK LTD",
    "IFSC": "HPSC0000103",
    "BRANCH": "BERI",
    "ADDRESS": "BERI PIN 174001",
    "CONTACT": "244522",
    "CITY": "BERI",
    "DISTRICT": "BILASPUR",
    "STATE": "HIMACHAL PRADESH"
  },
  "HPSC0000104": {
    "BANK": "HIMACHAL PRADESH STATE COOPERATIVE BANK LTD",
    "IFSC": "HPSC0000104",
    "BRANCH": "BERTHIN",
    "ADDRESS": "BERTHIN TEHSIL JHANDUTTA PIN 174029",
    "CONTACT": "266041",
    "CITY": "BERTHIN",
    "DISTRICT": "BILASPUR",
    "STATE": "HIMACHAL PRADESH"
  },
  "HPSC0000105": {
    "BANK": "HIMACHAL PRADESH STATE COOPERATIVE BANK LTD",
    "IFSC": "HPSC0000105",
    "BRANCH": "BHARARI",
    "ADDRESS": "BHARARI, PO- LEHRI SAREL TEHSIL GHUMARWIN PIN-174027",
    "CONTACT": "273039",
    "CITY": "BHARARI",
    "DISTRICT": "BILASPUR",
    "STATE": "HIMACHAL PRADESH"
  },
  "HPSC0000106": {
    "BANK": "HIMACHAL PRADESH STATE COOPERATIVE BANK LTD",
    "IFSC": "HPSC0000106",
    "BRANCH": "BILASPUR",
    "ADDRESS": "BILASPUR MAIN MARKET PIN-174001",
    "CONTACT": "222542",
    "CITY": "BILASPUR",
    "DISTRICT": "BILASPUR",
    "STATE": "HIMACHAL PRADESH"
  },
  "HPSC0000107": {
    "BANK": "HIMACHAL PRADESH STATE COOPERATIVE BANK LTD",
    "IFSC": "HPSC0000107",
    "BRANCH": "DADHOL",
    "ADDRESS": "DADHOL TEHSIL GHUMARWIN PIN 174023",
    "CONTACT": "278031",
    "CITY": "DADHOL",
    "DISTRICT": "BILASPUR",
    "STATE": "HIMACHAL PRADESH"
  },
  "HPSC0000108": {
    "BANK": "HIMACHAL PRADESH STATE COOPERATIVE BANK LTD",
    "IFSC": "HPSC0000108",
    "BRANCH": "DANGAR",
    "ADDRESS": "DANGAR TEHSIL GHUMARWIN PIN-174023",
    "CONTACT": "278181",
    "CITY": "DANGAR",
    "DISTRICT": "BILASPUR",
    "STATE": "HIMACHAL PRADESH"
  },
  "HPSC0000109": {
    "BANK": "HIMACHAL PRADESH STATE COOPERATIVE BANK LTD",
    "IFSC": "HPSC0000109",
    "BRANCH": "GEHRWIN",
    "ADDRESS": "GEHRWIN PIN 174034",
    "CONTACT": "270203",
    "CITY": "GEHRWIN",
    "DISTRICT": "BILASPUR",
    "STATE": "HIMACHAL PRADESH"
  },
  "HPSC0000110": {
    "BANK": "HIMACHAL PRADESH STATE COOPERATIVE BANK LTD",
    "IFSC": "HPSC0000110",
    "BRANCH": "GHUMARWIN",
    "ADDRESS": "GHUMARWIN PIN 174021",
    "CONTACT": "255243",
    "CITY": "GHUMARWIN",
    "DISTRICT": "BILASPUR",
    "STATE": "HIMACHAL PRADESH"
  },
  "HPSC0000111": {
    "BANK": "HIMACHAL PRADESH STATE COOPERATIVE BANK LTD",
    "IFSC": "HPSC0000111",
    "BRANCH": "JHANDUTTA",
    "ADDRESS": "JHANDUTTA PIN 174031",
    "CONTACT": "272043",
    "CITY": "JHANDUTA",
    "DISTRICT": "BILASPUR",
    "STATE": "HIMACHAL PRADESH"
  },
  "HPSC0000112": {
    "BANK": "HIMACHAL PRADESH STATE COOPERATIVE BANK LTD",
    "IFSC": "HPSC0000112",
    "BRANCH": "KALLARI",
    "ADDRESS": "KALLARI, PO- NASWAL, TEHSIL GHUMARWIN PIN-174021",
    "CONTACT": "254043",
    "CITY": "KALLARI",
    "DISTRICT": "BILASPUR",
    "STATE": "HIMACHAL PRADESH"
  },
  "HPSC0000113": {
    "BANK": "HIMACHAL PRADESH STATE COOPERATIVE BANK LTD",
    "IFSC": "HPSC0000113",
    "BRANCH": "KUTHERA",
    "ADDRESS": "KUTHERA TEHSIL GHUMARWIN",
    "CONTACT": "275080",
    "CITY": "KUTHERA",
    "DISTRICT": "BILASPUR",
    "STATE": "HIMACHAL PRADESH"
  },
  "HPSC0000114": {
    "BANK": "HIMACHAL PRADESH STATE COOPERATIVE BANK LTD",
    "IFSC": "HPSC0000114",
    "BRANCH": "LAKHANPUR",
    "ADDRESS": "LAKHANPUR PIN-174001",
    "CONTACT": "222697",
    "CITY": "BILASPUR",
    "DISTRICT": "BILASPUR",
    "STATE": "HIMACHAL PRADESH"
  },
  "HPSC0000115": {
    "BANK": "HIMACHAL PRADESH STATE COOPERATIVE BANK LTD",
    "IFSC": "HPSC0000115",
    "BRANCH": "NAINA DEVI",
    "ADDRESS": "SRI NAINA DEVI JI PIN-174310",
    "CONTACT": "288097",
    "CITY": "NAINA DEVI",
    "DISTRICT": "BILASPUR",
    "STATE": "HIMACHAL PRADESH"
  },
  "HPSC0000116": {
    "BANK": "HIMACHAL PRADESH STATE COOPERATIVE BANK LTD",
    "IFSC": "HPSC0000116",
    "BRANCH": "NAMHOL",
    "ADDRESS": "NAMHOL, PIN-",
    "CONTACT": "240056",
    "CITY": "NAMHOL",
    "DISTRICT": "BILASPUR",
    "STATE": "HIMACHAL PRADESH"
  },
  "HPSC0000117": {
    "BANK": "HIMACHAL PRADESH STATE COOPERATIVE BANK LTD",
    "IFSC": "HPSC0000117",
    "BRANCH": "SHAH TALAI",
    "ADDRESS": "SHAHTALAI TEHSIL JHANDUTA DISTT BILASPUR",
    "CONTACT": "264077",
    "CITY": "JHANDUTA",
    "DISTRICT": "BILASPUR",
    "STATE": "HIMACHAL PRADESH"
  },
  "HPSC0000118": {
    "BANK": "HIMACHAL PRADESH STATE COOPERATIVE BANK LTD",
    "IFSC": "HPSC0000118",
    "BRANCH": "SWARGHAT",
    "ADDRESS": "SWARGHAT TEHSIL SRI NAINA DEVI JI PIN-174011",
    "CONTACT": "284148",
    "CITY": "SWARGHAT",
    "DISTRICT": "BILASPUR",
    "STATE": "HIMACHAL PRADESH"
  },
  "HPSC0000119": {
    "BANK": "HIMACHAL PRADESH STATE COOPERATIVE BANK LTD",
    "IFSC": "HPSC0000119",
    "BRANCH": "KANDRAUR",
    "ADDRESS": "KANDRAUR, TEHSIL SADAR PIN-174004",
    "CONTACT": "242080",
    "CITY": "KANDRAUR",
    "DISTRICT": "BILASPUR",
    "STATE": "HIMACHAL PRADESH"
  },
  "HPSC0000120": {
    "BANK": "HIMACHAL PRADESH STATE COOPERATIVE BANK LTD",
    "IFSC": "HPSC0000120",
    "BRANCH": "HARNORA",
    "ADDRESS": "HARNORA TEHSIL SADAR PIN",
    "CONTACT": "283141",
    "CITY": "HARNORA",
    "DISTRICT": "BILASPUR",
    "STATE": "HIMACHAL PRADESH"
  },
  "HPSC0000123": {
    "BANK": "HIMACHAL PRADESH STATE COOPERATIVE BANK LTD",
    "IFSC": "HPSC0000123",
    "BRANCH": "GUGA MOHRA",
    "ADDRESS": "GUGA MOHRA, PO- KAPAHORA TEHSIL GHUMARWIN PIN-174029",
    "CONTACT": "260474",
    "CITY": "GUGA MOHRA",
    "DISTRICT": "BILASPUR",
    "STATE": "HIMACHAL PRADESH"
  },
  "HPSC0000124": {
    "BANK": "HIMACHAL PRADESH STATE COOPERATIVE BANK LTD",
    "IFSC": "HPSC0000124",
    "BRANCH": "TRIFALGHAT",
    "ADDRESS": "TRIFAL GHAT, PO-HAWAN PIN-174003",
    "CONTACT": "256195",
    "CITY": "TRIFALGHAT",
    "DISTRICT": "BILASPUR",
    "STATE": "HIMACHAL PRADESH"
  },
  "HPSC0000125": {
    "BANK": "HIMACHAL PRADESH STATE COOPERATIVE BANK LTD",
    "IFSC": "HPSC0000125",
    "BRANCH": "JUKHALA",
    "ADDRESS": "JUKHALA PIN-174033",
    "CONTACT": "286253",
    "CITY": "JUKHALA",
    "DISTRICT": "BILASPUR",
    "STATE": "HIMACHAL PRADESH"
  },
  "HPSC0000126": {
    "BANK": "HIMACHAL PRADESH STATE COOPERATIVE BANK LTD",
    "IFSC": "HPSC0000126",
    "BRANCH": "JEJHWIN",
    "ADDRESS": "JEJWIN TEHSIL JHANDUTTA PIN 174017",
    "CONTACT": "268041",
    "CITY": "JEJWIN",
    "DISTRICT": "BILASPUR",
    "STATE": "HIMACHAL PRADESH"
  },
  "HPSC0000127": {
    "BANK": "HIMACHAL PRADESH STATE COOPERATIVE BANK LTD",
    "IFSC": "HPSC0000127",
    "BRANCH": "BUM",
    "ADDRESS": "BUM, PO- PANTEHRA, TEHSIL GHUMARWIN PIN-174028",
    "CONTACT": "250067",
    "CITY": "BUM",
    "DISTRICT": "BILASPUR",
    "STATE": "HIMACHAL PRADESH"
  },
  "HPSC0000128": {
    "BANK": "HIMACHAL PRADESH STATE COOPERATIVE BANK LTD",
    "IFSC": "HPSC0000128",
    "BRANCH": "MALOKHAR",
    "ADDRESS": "MALOKHAR PO CHHAKHOH TEHSIL NAMHOL PIN 174001",
    "CONTACT": "249183",
    "CITY": "NAMHOL",
    "DISTRICT": "BILASPUR",
    "STATE": "HIMACHAL PRADESH"
  },
  "HPSC0000129": {
    "BANK": "HIMACHAL PRADESH STATE COOPERATIVE BANK LTD",
    "IFSC": "HPSC0000129",
    "BRANCH": "HATWAR",
    "ADDRESS": "HATWAR TEHSIL GHUMARWIN",
    "CONTACT": "252243",
    "CITY": "HATWAR",
    "DISTRICT": "BILASPUR",
    "STATE": "HIMACHAL PRADESH"
  },
  "HPSC0000130": {
    "BANK": "HIMACHAL PRADESH STATE COOPERATIVE BANK LTD",
    "IFSC": "HPSC0000130",
    "BRANCH": "GOLTHAI",
    "ADDRESS": "GOLTHAI TEHSIL SRI NAINA DEVI JI",
    "CONTACT": "239522",
    "CITY": "SRI NAINA DEVI JI",
    "DISTRICT": "BILASPUR",
    "STATE": "HIMACHAL PRADESH"
  },
  "HPSC0000132": {
    "BANK": "HIMACHAL PRADESH STATE COOPERATIVE BANK LTD",
    "IFSC": "HPSC0000132",
    "BRANCH": "CHANDPUR",
    "ADDRESS": "VPO CHANDPUR TEHSIL SADAR",
    "CONTACT": null,
    "CITY": "BILASPUR",
    "DISTRICT": "BILASPUR",
    "STATE": "HIMACHAL PRADESH"
  },
  "HPSC0000133": {
    "BANK": "HIMACHAL PRADESH STATE COOPERATIVE BANK LTD",
    "IFSC": "HPSC0000133",
    "BRANCH": "HARLOG",
    "ADDRESS": "VPO HARLOG TEHSIL GHUMARWIN",
    "CONTACT": null,
    "CITY": "BILASPUR",
    "DISTRICT": "BILASPUR",
    "STATE": "HIMACHAL PRADESH"
  },
  "HPSC0000134": {
    "BANK": "HIMACHAL PRADESH STATE COOPERATIVE BANK LTD",
    "IFSC": "HPSC0000134",
    "BRANCH": "KAULAN WALA TOBA",
    "ADDRESS": "VPO KAULAN WALA TOBA TEHSIL SHRI NAINA DEVI JI",
    "CONTACT": null,
    "CITY": "BILASPUR",
    "DISTRICT": "BILASPUR",
    "STATE": "HIMACHAL PRADESH"
  },
  "HPSC0000135": {
    "BANK": "HIMACHAL PRADESH STATE COOPERATIVE BANK LTD",
    "IFSC": "HPSC0000135",
    "BRANCH": "BHAGER",
    "ADDRESS": "VILLAGE AND PO BHAGER TEHSIL GHUMARWIN",
    "CONTACT": null,
    "CITY": "GHUMARWIN",
    "DISTRICT": "BILASPUR",
    "STATE": "HIMACHAL PRADESH"
  },
  "HPSC0000176": {
    "BANK": "HIMACHAL PRADESH STATE COOPERATIVE BANK LTD",
    "IFSC": "HPSC0000176",
    "BRANCH": "BANIKHET",
    "ADDRESS": "BANIKHET PIN 176303",
    "CONTACT": "254051",
    "CITY": "BANIKHET",
    "DISTRICT": "CHAMBA",
    "STATE": "HIMACHAL PRADESH"
  },
  "HPSC0000177": {
    "BANK": "HIMACHAL PRADESH STATE COOPERATIVE BANK LTD",
    "IFSC": "HPSC0000177",
    "BRANCH": "BHANJRARU",
    "ADDRESS": "BHANJRARU TEHSIL CHAMBA PIN 176316",
    "CONTACT": "227071",
    "CITY": "BHANJRARU",
    "DISTRICT": "CHAMBA",
    "STATE": "HIMACHAL PRADESH"
  },
  "HPSC0000178": {
    "BANK": "HIMACHAL PRADESH STATE COOPERATIVE BANK LTD",
    "IFSC": "HPSC0000178",
    "BRANCH": "BHARMOUR",
    "ADDRESS": "BHARMAUR CHAMBA PIN-176015",
    "CONTACT": "225054",
    "CITY": "BHARMOUR",
    "DISTRICT": "CHAMBA",
    "STATE": "HIMACHAL PRADESH"
  },
  "HPSC0000179": {
    "BANK": "HIMACHAL PRADESH STATE COOPERATIVE BANK LTD",
    "IFSC": "HPSC0000179",
    "BRANCH": "CHAMBA",
    "ADDRESS": "CHAMBA PIN 176310",
    "CONTACT": "222249",
    "CITY": "CHAMBA",
    "DISTRICT": "CHAMBA",
    "STATE": "HIMACHAL PRADESH"
  },
  "HPSC0000180": {
    "BANK": "HIMACHAL PRADESH STATE COOPERATIVE BANK LTD",
    "IFSC": "HPSC0000180",
    "BRANCH": "CHOWARI",
    "ADDRESS": "CHOWARI TEHSIL BHATTIYAT PIN 176302",
    "CONTACT": "266332",
    "CITY": "CHOWARI",
    "DISTRICT": "CHAMBA",
    "STATE": "HIMACHAL PRADESH"
  },
  "HPSC0000182": {
    "BANK": "HIMACHAL PRADESH STATE COOPERATIVE BANK LTD",
    "IFSC": "HPSC0000182",
    "BRANCH": "DALHOUSIE",
    "ADDRESS": "DALHOUSIE PIN 176304",
    "CONTACT": "240241",
    "CITY": "DALHOUSIE",
    "DISTRICT": "CHAMBA",
    "STATE": "HIMACHAL PRADESH"
  },
  "HPSC0000183": {
    "BANK": "HIMACHAL PRADESH STATE COOPERATIVE BANK LTD",
    "IFSC": "HPSC0000183",
    "BRANCH": "DHULARA",
    "ADDRESS": "DHULARA PIN 176027",
    "CONTACT": "200495",
    "CITY": "DHULARA",
    "DISTRICT": "CHAMBA",
    "STATE": "HIMACHAL PRADESH"
  },
  "HPSC0000184": {
    "BANK": "HIMACHAL PRADESH STATE COOPERATIVE BANK LTD",
    "IFSC": "HPSC0000184",
    "BRANCH": "GAROLA",
    "ADDRESS": "GAROLA TEHSIL BHARMAUR PIN 176309",
    "CONTACT": "224007",
    "CITY": "GAROLA",
    "DISTRICT": "CHAMBA",
    "STATE": "HIMACHAL PRADESH"
  },
  "HPSC0000185": {
    "BANK": "HIMACHAL PRADESH STATE COOPERATIVE BANK LTD",
    "IFSC": "HPSC0000185",
    "BRANCH": "HATLI",
    "ADDRESS": "HATLI PO DARMAN TEHSIL SIHUNTHA PIN 176223",
    "CONTACT": "238076",
    "CITY": "SIHUNTA",
    "DISTRICT": "CHAMBA",
    "STATE": "HIMACHAL PRADESH"
  },
  "HPSC0000186": {
    "BANK": "HIMACHAL PRADESH STATE COOPERATIVE BANK LTD",
    "IFSC": "HPSC0000186",
    "BRANCH": "HOLI",
    "ADDRESS": "HOLI PIN 176309",
    "CONTACT": "232315",
    "CITY": "HOLI",
    "DISTRICT": "CHAMBA",
    "STATE": "HIMACHAL PRADESH"
  },
  "HPSC0000187": {
    "BANK": "HIMACHAL PRADESH STATE COOPERATIVE BANK LTD",
    "IFSC": "HPSC0000187",
    "BRANCH": "KAKIRA",
    "ADDRESS": "KAKIRA TEHSIL BHATTIYAT PIN 176313",
    "CONTACT": "257245",
    "CITY": "KAKIRA",
    "DISTRICT": "CHAMBA",
    "STATE": "HIMACHAL PRADESH"
  },
  "HPSC0000188": {
    "BANK": "HIMACHAL PRADESH STATE COOPERATIVE BANK LTD",
    "IFSC": "HPSC0000188",
    "BRANCH": "NAINI KHAD",
    "ADDRESS": "NAINI KHAD PIN",
    "CONTACT": "257645",
    "CITY": "NAINI KHAD",
    "DISTRICT": "CHAMBA",
    "STATE": "HIMACHAL PRADESH"
  },
  "HPSC0000189": {
    "BANK": "HIMACHAL PRADESH STATE COOPERATIVE BANK LTD",
    "IFSC": "HPSC0000189",
    "BRANCH": "SALOONI",
    "ADDRESS": "SALOONI PIN 176320",
    "CONTACT": "233237",
    "CITY": "SALOONI",
    "DISTRICT": "CHAMBA",
    "STATE": "HIMACHAL PRADESH"
  },
  "HPSC0000190": {
    "BANK": "HIMACHAL PRADESH STATE COOPERATIVE BANK LTD",
    "IFSC": "HPSC0000190",
    "BRANCH": "SIHUNTA",
    "ADDRESS": "SIHUNTHA PIN",
    "CONTACT": "265424",
    "CITY": "SIHUNTA",
    "DISTRICT": "CHAMBA",
    "STATE": "HIMACHAL PRADESH"
  },
  "HPSC0000191": {
    "BANK": "HIMACHAL PRADESH STATE COOPERATIVE BANK LTD",
    "IFSC": "HPSC0000191",
    "BRANCH": "SURGANI",
    "ADDRESS": "SURANGANI TEHSIL SALOONI PIN 176317",
    "CONTACT": "232007",
    "CITY": "SURGANI",
    "DISTRICT": "CHAMBA",
    "STATE": "HIMACHAL PRADESH"
  },
  "HPSC0000192": {
    "BANK": "HIMACHAL PRADESH STATE COOPERATIVE BANK LTD",
    "IFSC": "HPSC0000192",
    "BRANCH": "TISSA",
    "ADDRESS": "TISSA TEHSIL CHURAH PIN 176316",
    "CONTACT": "227041",
    "CITY": "TISSA",
    "DISTRICT": "CHAMBA",
    "STATE": "HIMACHAL PRADESH"
  },
  "HPSC0000193": {
    "BANK": "HIMACHAL PRADESH STATE COOPERATIVE BANK LTD",
    "IFSC": "HPSC0000193",
    "BRANCH": "TUNDI",
    "ADDRESS": "TUNDI TEHSIL SIHUNTA PIN 176207",
    "CONTACT": "200524",
    "CITY": "SIHUNTA",
    "DISTRICT": "CHAMBA",
    "STATE": "HIMACHAL PRADESH"
  },
  "HPSC0000195": {
    "BANK": "HIMACHAL PRADESH STATE COOPERATIVE BANK LTD",
    "IFSC": "HPSC0000195",
    "BRANCH": "BATHARI",
    "ADDRESS": "BATHARI DISTT CHAMBA",
    "CONTACT": "9418397348",
    "CITY": "BATHARI",
    "DISTRICT": "CHAMBA",
    "STATE": "HIMACHAL PRADESH"
  },
  "HPSC0000197": {
    "BANK": "HIMACHAL PRADESH STATE COOPERATIVE BANK LTD",
    "IFSC": "HPSC0000197",
    "BRANCH": "SAROL",
    "ADDRESS": "VPO SAROL TEHSIL CHAMBA",
    "CONTACT": "226235",
    "CITY": "CHAMBA",
    "DISTRICT": "CHAMBA",
    "STATE": "HIMACHAL PRADESH"
  },
  "HPSC0000198": {
    "BANK": "HIMACHAL PRADESH STATE COOPERATIVE BANK LTD",
    "IFSC": "HPSC0000198",
    "BRANCH": "RAJNAGAR",
    "ADDRESS": "RAJNAGAR DISTT CHAMBA",
    "CONTACT": "9418759447",
    "CITY": "RAJNAGAR",
    "DISTRICT": "CHAMBA",
    "STATE": "HIMACHAL PRADESH"
  },
  "HPSC0000199": {
    "BANK": "HIMACHAL PRADESH STATE COOPERATIVE BANK LTD",
    "IFSC": "HPSC0000199",
    "BRANCH": "SAHO",
    "ADDRESS": "VPO SAHO TEHSIL CHAMBA",
    "CONTACT": null,
    "CITY": "CHAMBA",
    "DISTRICT": "CHAMBA",
    "STATE": "HIMACHAL PRADESH"
  },
  "HPSC0000200": {
    "BANK": "HIMACHAL PRADESH STATE COOPERATIVE BANK LTD",
    "IFSC": "HPSC0000200",
    "BRANCH": "KARIAN",
    "ADDRESS": "VILL KARIAN PO BHARIAN KOTHI TEHSIL CHAMBA",
    "CONTACT": null,
    "CITY": "CHAMBA",
    "DISTRICT": "CHAMBA",
    "STATE": "HIMACHAL PRADESH"
  },
  "HPSC0000201": {
    "BANK": "HIMACHAL PRADESH STATE COOPERATIVE BANK LTD",
    "IFSC": "HPSC0000201",
    "BRANCH": "DHARWALA",
    "ADDRESS": "VPO DHARWALA TEHSIL CHAMBA",
    "CONTACT": null,
    "CITY": "CHAMBA",
    "DISTRICT": "CHAMBA",
    "STATE": "HIMACHAL PRADESH"
  },
  "HPSC0000202": {
    "BANK": "HIMACHAL PRADESH STATE COOPERATIVE BANK LTD",
    "IFSC": "HPSC0000202",
    "BRANCH": "SUNDLA",
    "ADDRESS": "VPO SUNDLA TEHSIL SALOONI",
    "CONTACT": "242007",
    "CITY": "CHAMBA",
    "DISTRICT": "CHAMBA",
    "STATE": "HIMACHAL PRADESH"
  },
  "HPSC0000251": {
    "BANK": "HIMACHAL PRADESH STATE COOPERATIVE BANK LTD",
    "IFSC": "HPSC0000251",
    "BRANCH": "BHABA NAGAR",
    "ADDRESS": "BHABA NAGAR TEHSIL NICHAR PIN 172115",
    "CONTACT": "253330",
    "CITY": "BHABA NAGAR",
    "DISTRICT": "KINNAUR",
    "STATE": "HIMACHAL PRADESH"
  },
  "HPSC0000252": {
    "BANK": "HIMACHAL PRADESH STATE COOPERATIVE BANK LTD",
    "IFSC": "HPSC0000252",
    "BRANCH": "KALPA",
    "ADDRESS": "KALPA PIN-172108",
    "CONTACT": "226004",
    "CITY": "KALPA",
    "DISTRICT": "KINNAUR",
    "STATE": "HIMACHAL PRADESH"
  },
  "HPSC0000253": {
    "BANK": "HIMACHAL PRADESH STATE COOPERATIVE BANK LTD",
    "IFSC": "HPSC0000253",
    "BRANCH": "KATGAON",
    "ADDRESS": "KATGAON PIN 172118",
    "CONTACT": "262295",
    "CITY": "KATGAON",
    "DISTRICT": "KINNAUR",
    "STATE": "HIMACHAL PRADESH"
  },
  "HPSC0000254": {
    "BANK": "HIMACHAL PRADESH STATE COOPERATIVE BANK LTD",
    "IFSC": "HPSC0000254",
    "BRANCH": "MOORANG",
    "ADDRESS": "MOORENG PIN 172109",
    "CONTACT": "252739",
    "CITY": "MOORANG",
    "DISTRICT": "KINNAUR",
    "STATE": "HIMACHAL PRADESH"
  },
  "HPSC0000255": {
    "BANK": "HIMACHAL PRADESH STATE COOPERATIVE BANK LTD",
    "IFSC": "HPSC0000255",
    "BRANCH": "NICHAR",
    "ADDRESS": "NICHAR KINNAUR",
    "CONTACT": "204549",
    "CITY": "NICHAR",
    "DISTRICT": "KINNAUR",
    "STATE": "HIMACHAL PRADESH"
  },
  "HPSC0000256": {
    "BANK": "HIMACHAL PRADESH STATE COOPERATIVE BANK LTD",
    "IFSC": "HPSC0000256",
    "BRANCH": "PANGI",
    "ADDRESS": "PANGI PIN 172107",
    "CONTACT": "228811",
    "CITY": "PANGI",
    "DISTRICT": "KINNAUR",
    "STATE": "HIMACHAL PRADESH"
  },
  "HPSC0000257": {
    "BANK": "HIMACHAL PRADESH STATE COOPERATIVE BANK LTD",
    "IFSC": "HPSC0000257",
    "BRANCH": "REKONG PEO",
    "ADDRESS": "RECKONG PEO TEHSIL KALPA PIN 172107",
    "CONTACT": "222485",
    "CITY": "REKONG PEO",
    "DISTRICT": "KINNAUR",
    "STATE": "HIMACHAL PRADESH"
  },
  "HPSC0000258": {
    "BANK": "HIMACHAL PRADESH STATE COOPERATIVE BANK LTD",
    "IFSC": "HPSC0000258",
    "BRANCH": "POOH",
    "ADDRESS": "POOH PIN 172111",
    "CONTACT": "232297",
    "CITY": "POOH",
    "DISTRICT": "KINNAUR",
    "STATE": "HIMACHAL PRADESH"
  },
  "HPSC0000259": {
    "BANK": "HIMACHAL PRADESH STATE COOPERATIVE BANK LTD",
    "IFSC": "HPSC0000259",
    "BRANCH": "POWARI",
    "ADDRESS": "POWARI SHANTHONG TEHSIL KALPA PIN 172107",
    "CONTACT": "223523",
    "CITY": "KALPA",
    "DISTRICT": "KINNAUR",
    "STATE": "HIMACHAL PRADESH"
  },
  "HPSC0000260": {
    "BANK": "HIMACHAL PRADESH STATE COOPERATIVE BANK LTD",
    "IFSC": "HPSC0000260",
    "BRANCH": "SANGLA",
    "ADDRESS": "SANGLA PIN 172106",
    "CONTACT": "242202",
    "CITY": "SANGLA",
    "DISTRICT": "KINNAUR",
    "STATE": "HIMACHAL PRADESH"
  },
  "HPSC0000261": {
    "BANK": "HIMACHAL PRADESH STATE COOPERATIVE BANK LTD",
    "IFSC": "HPSC0000261",
    "BRANCH": "TAPRI",
    "ADDRESS": "TAPRI KINNAUR",
    "CONTACT": "261207",
    "CITY": "TAPRI",
    "DISTRICT": "KINNAUR",
    "STATE": "HIMACHAL PRADESH"
  },
  "HPSC0000262": {
    "BANK": "HIMACHAL PRADESH STATE COOPERATIVE BANK LTD",
    "IFSC": "HPSC0000262",
    "BRANCH": "AKPA",
    "ADDRESS": "AKPA, TEHSIL MOORANG PIN-172116",
    "CONTACT": "225564",
    "CITY": "MOORANG",
    "DISTRICT": "KINNAUR",
    "STATE": "HIMACHAL PRADESH"
  },
  "HPSC0000264": {
    "BANK": "HIMACHAL PRADESH STATE COOPERATIVE BANK LTD",
    "IFSC": "HPSC0000264",
    "BRANCH": "GIABONG",
    "ADDRESS": "GIABONG PIN 172110",
    "CONTACT": "9418761189",
    "CITY": "GIABONG",
    "DISTRICT": "KINNAUR",
    "STATE": "HIMACHAL PRADESH"
  },
  "HPSC0000266": {
    "BANK": "HIMACHAL PRADESH STATE COOPERATIVE BANK LTD",
    "IFSC": "HPSC0000266",
    "BRANCH": "SPILLOW",
    "ADDRESS": "SPILLOW DISTT KINNAUR",
    "CONTACT": "9816012458",
    "CITY": "SPILLOW",
    "DISTRICT": "KINNAUR",
    "STATE": "HIMACHAL PRADESH"
  },
  "HPSC0000267": {
    "BANK": "HIMACHAL PRADESH STATE COOPERATIVE BANK LTD",
    "IFSC": "HPSC0000267",
    "BRANCH": "LEO",
    "ADDRESS": "VILLAGE AND PO LEO SUB TEHSIL YANGTHANG",
    "CONTACT": null,
    "CITY": "KINNAUR",
    "DISTRICT": "KINNAUR",
    "STATE": "HIMACHAL PRADESH"
  },
  "HPSC0000301": {
    "BANK": "HIMACHAL PRADESH STATE COOPERATIVE BANK LTD",
    "IFSC": "HPSC0000301",
    "BRANCH": "BAGSIAD",
    "ADDRESS": "BAGSAID, TEHSIL THUNAG PIN-175035",
    "CONTACT": "254245",
    "CITY": "THUNAG",
    "DISTRICT": "MANDI",
    "STATE": "HIMACHAL PRADESH"
  },
  "HPSC0000302": {
    "BANK": "HIMACHAL PRADESH STATE COOPERATIVE BANK LTD",
    "IFSC": "HPSC0000302",
    "BRANCH": "BALDWARA",
    "ADDRESS": "BALDWARA TEHSIL SARKAGHAT PIN 175033",
    "CONTACT": "258052",
    "CITY": "SARKAGHAT",
    "DISTRICT": "MANDI",
    "STATE": "HIMACHAL PRADESH"
  },
  "HPSC0000303": {
    "BANK": "HIMACHAL PRADESH STATE COOPERATIVE BANK LTD",
    "IFSC": "HPSC0000303",
    "BRANCH": "BALI CHOWKI",
    "ADDRESS": "BALICHOWKI TEHSIL BALICHOWKI PIN 175106",
    "CONTACT": "229145",
    "CITY": "BALI CHOWKI",
    "DISTRICT": "MANDI",
    "STATE": "HIMACHAL PRADESH"
  },
  "HPSC0000304": {
    "BANK": "HIMACHAL PRADESH STATE COOPERATIVE BANK LTD",
    "IFSC": "HPSC0000304",
    "BRANCH": "BAROT",
    "ADDRESS": "BAROT MANDI",
    "CONTACT": "267241",
    "CITY": "BAROT",
    "DISTRICT": "MANDI",
    "STATE": "HIMACHAL PRADESH"
  },
  "HPSC0000305": {
    "BANK": "HIMACHAL PRADESH STATE COOPERATIVE BANK LTD",
    "IFSC": "HPSC0000305",
    "BRANCH": "CHAUNTRA",
    "ADDRESS": "CHAUNTRA PIN 175032",
    "CONTACT": "252227",
    "CITY": "CHAUNTRA",
    "DISTRICT": "MANDI",
    "STATE": "HIMACHAL PRADESH"
  },
  "HPSC0000306": {
    "BANK": "HIMACHAL PRADESH STATE COOPERATIVE BANK LTD",
    "IFSC": "HPSC0000306",
    "BRANCH": "CHHATRI",
    "ADDRESS": "CHHATRI MANDI PIN 175047",
    "CONTACT": "243201",
    "CITY": "CHHATRI",
    "DISTRICT": "MANDI",
    "STATE": "HIMACHAL PRADESH"
  },
  "HPSC0000307": {
    "BANK": "HIMACHAL PRADESH STATE COOPERATIVE BANK LTD",
    "IFSC": "HPSC0000307",
    "BRANCH": "CHURAG",
    "ADDRESS": "CHURAG TEHSIL KARSOG PIN",
    "CONTACT": "224036",
    "CITY": "KARSOG",
    "DISTRICT": "MANDI",
    "STATE": "HIMACHAL PRADESH"
  },
  "HPSC0000308": {
    "BANK": "HIMACHAL PRADESH STATE COOPERATIVE BANK LTD",
    "IFSC": "HPSC0000308",
    "BRANCH": "DEHAR",
    "ADDRESS": "DEHAR TEHSIL SUNDER NAGAR PIN 175030",
    "CONTACT": "283004",
    "CITY": "DEHAR",
    "DISTRICT": "MANDI",
    "STATE": "HIMACHAL PRADESH"
  },
  "HPSC0000309": {
    "BANK": "HIMACHAL PRADESH STATE COOPERATIVE BANK LTD",
    "IFSC": "HPSC0000309",
    "BRANCH": "DHARMARPUR",
    "ADDRESS": "DHARAMPUR TEHSIL SARKAGHAT PIN 175040",
    "CONTACT": "272005",
    "CITY": "DHARMPUR",
    "DISTRICT": "MANDI",
    "STATE": "HIMACHAL PRADESH"
  },
  "HPSC0000310": {
    "BANK": "HIMACHAL PRADESH STATE COOPERATIVE BANK LTD",
    "IFSC": "HPSC0000310",
    "BRANCH": "GOHAR",
    "ADDRESS": "GOHAR TEHSIL CHACHYOT PIN 175029",
    "CONTACT": "250270",
    "CITY": "GOHAR",
    "DISTRICT": "MANDI",
    "STATE": "HIMACHAL PRADESH"
  },
  "HPSC0000311": {
    "BANK": "HIMACHAL PRADESH STATE COOPERATIVE BANK LTD",
    "IFSC": "HPSC0000311",
    "BRANCH": "JANJEHLI",
    "ADDRESS": "JANJEHLI MANDI PIN- 175047",
    "CONTACT": "256748",
    "CITY": "JANJEHLI",
    "DISTRICT": "MANDI",
    "STATE": "HIMACHAL PRADESH"
  },
  "HPSC0000312": {
    "BANK": "HIMACHAL PRADESH STATE COOPERATIVE BANK LTD",
    "IFSC": "HPSC0000312",
    "BRANCH": "JOGINDER NAGAR",
    "ADDRESS": "JOGINDER NAGAR PIN 175015",
    "CONTACT": "222029",
    "CITY": "JOGINDER NAGAR",
    "DISTRICT": "MANDI",
    "STATE": "HIMACHAL PRADESH"
  },
  "HPSC0000313": {
    "BANK": "HIMACHAL PRADESH STATE COOPERATIVE BANK LTD",
    "IFSC": "HPSC0000313",
    "BRANCH": "KARSOG",
    "ADDRESS": "KARSOG MANDI PIN 175011",
    "CONTACT": "222248",
    "CITY": "KARSOG",
    "DISTRICT": "MANDI",
    "STATE": "HIMACHAL PRADESH"
  },
  "HPSC0000314": {
    "BANK": "HIMACHAL PRADESH STATE COOPERATIVE BANK LTD",
    "IFSC": "HPSC0000314",
    "BRANCH": "KOTLI",
    "ADDRESS": "KOTLI PIN 175003",
    "CONTACT": "281219",
    "CITY": "KOTLI",
    "DISTRICT": "MANDI",
    "STATE": "HIMACHAL PRADESH"
  },
  "HPSC0000315": {
    "BANK": "HIMACHAL PRADESH STATE COOPERATIVE BANK LTD",
    "IFSC": "HPSC0000315",
    "BRANCH": "LADBADHOL",
    "ADDRESS": "LAD BHROL PIN 176126",
    "CONTACT": "278143",
    "CITY": "LADBHAROL",
    "DISTRICT": "MANDI",
    "STATE": "HIMACHAL PRADESH"
  },
  "HPSC0000316": {
    "BANK": "HIMACHAL PRADESH STATE COOPERATIVE BANK LTD",
    "IFSC": "HPSC0000316",
    "BRANCH": "MAKARIRI",
    "ADDRESS": "MAKRIRI MANDI",
    "CONTACT": "256104",
    "CITY": "MAKRIRI",
    "DISTRICT": "MANDI",
    "STATE": "HIMACHAL PRADESH"
  },
  "HPSC0000317": {
    "BANK": "HIMACHAL PRADESH STATE COOPERATIVE BANK LTD",
    "IFSC": "HPSC0000317",
    "BRANCH": "MANDI",
    "ADDRESS": "CHOTA BAZAR MANDI PIN 175001",
    "CONTACT": "223035",
    "CITY": "MANDI",
    "DISTRICT": "MANDI",
    "STATE": "HIMACHAL PRADESH"
  },
  "HPSC0000318": {
    "BANK": "HIMACHAL PRADESH STATE COOPERATIVE BANK LTD",
    "IFSC": "HPSC0000318",
    "BRANCH": "NAGWAIN",
    "ADDRESS": "NAGWAIN PIN 175121",
    "CONTACT": "287113",
    "CITY": "NAGWAIN",
    "DISTRICT": "MANDI",
    "STATE": "HIMACHAL PRADESH"
  },
  "HPSC0000319": {
    "BANK": "HIMACHAL PRADESH STATE COOPERATIVE BANK LTD",
    "IFSC": "HPSC0000319",
    "BRANCH": "NER CHOWK",
    "ADDRESS": "NERCHOWK TEHSIL SADAR PIN 175008",
    "CONTACT": "242358",
    "CITY": "NER CHOWK",
    "DISTRICT": "MANDI",
    "STATE": "HIMACHAL PRADESH"
  },
  "HPSC0000320": {
    "BANK": "HIMACHAL PRADESH STATE COOPERATIVE BANK LTD",
    "IFSC": "HPSC0000320",
    "BRANCH": "PANDOH",
    "ADDRESS": "PANDOH PIN 175124",
    "CONTACT": "282207",
    "CITY": "PANDOH",
    "DISTRICT": "MANDI",
    "STATE": "HIMACHAL PRADESH"
  },
  "HPSC0000321": {
    "BANK": "HIMACHAL PRADESH STATE COOPERATIVE BANK LTD",
    "IFSC": "HPSC0000321",
    "BRANCH": "REWALSAR",
    "ADDRESS": "REWALSAR PIN 175023",
    "CONTACT": "240211",
    "CITY": "REWALSAR",
    "DISTRICT": "MANDI",
    "STATE": "HIMACHAL PRADESH"
  },
  "HPSC0000322": {
    "BANK": "HIMACHAL PRADESH STATE COOPERATIVE BANK LTD",
    "IFSC": "HPSC0000322",
    "BRANCH": "SANDHOLE",
    "ADDRESS": "SANDHOLE PIN 176090",
    "CONTACT": "273228",
    "CITY": "SANDHOLE",
    "DISTRICT": "MANDI",
    "STATE": "HIMACHAL PRADESH"
  },
  "HPSC0000323": {
    "BANK": "HIMACHAL PRADESH STATE COOPERATIVE BANK LTD",
    "IFSC": "HPSC0000323",
    "BRANCH": "SARKAGHAT",
    "ADDRESS": "SARKAGHAT",
    "CONTACT": "230057",
    "CITY": "SARKAGHAT",
    "DISTRICT": "MANDI",
    "STATE": "HIMACHAL PRADESH"
  },
  "HPSC0000324": {
    "BANK": "HIMACHAL PRADESH STATE COOPERATIVE BANK LTD",
    "IFSC": "HPSC0000324",
    "BRANCH": "SERI BANGLOW",
    "ADDRESS": "SERI BUNLOW TEHSIL KARSOG MANDI PIN-175011",
    "CONTACT": "226505",
    "CITY": "KARSOG",
    "DISTRICT": "MANDI",
    "STATE": "HIMACHAL PRADESH"
  },
  "HPSC0000325": {
    "BANK": "HIMACHAL PRADESH STATE COOPERATIVE BANK LTD",
    "IFSC": "HPSC0000325",
    "BRANCH": "SUNDER NAGAR",
    "ADDRESS": "SUNDER NAGAR PIN 175019",
    "CONTACT": "262337",
    "CITY": "SUNDERNAGAR",
    "DISTRICT": "MANDI",
    "STATE": "HIMACHAL PRADESH"
  },
  "HPSC0000326": {
    "BANK": "HIMACHAL PRADESH STATE COOPERATIVE BANK LTD",
    "IFSC": "HPSC0000326",
    "BRANCH": "THUNAG",
    "ADDRESS": "THUNAG PO & TEHSIL THUNAG PIN 175048",
    "CONTACT": "257514",
    "CITY": "THUNAG",
    "DISTRICT": "MANDI",
    "STATE": "HIMACHAL PRADESH"
  },
  "HPSC0000327": {
    "BANK": "HIMACHAL PRADESH STATE COOPERATIVE BANK LTD",
    "IFSC": "HPSC0000327",
    "BRANCH": "BHAMBLA",
    "ADDRESS": "BHAMBLA TEHSIL SARKAGHAT PIN 175004",
    "CONTACT": "256454",
    "CITY": "SARKAGHAT",
    "DISTRICT": "MANDI",
    "STATE": "HIMACHAL PRADESH"
  },
  "HPSC0000328": {
    "BANK": "HIMACHAL PRADESH STATE COOPERATIVE BANK LTD",
    "IFSC": "HPSC0000328",
    "BRANCH": "SAULIKHAD",
    "ADDRESS": "SAULIKAHD PIN 175001",
    "CONTACT": "237659",
    "CITY": "MANDI",
    "DISTRICT": "MANDI",
    "STATE": "HIMACHAL PRADESH"
  },
  "HPSC0000329": {
    "BANK": "HIMACHAL PRADESH STATE COOPERATIVE BANK LTD",
    "IFSC": "HPSC0000329",
    "BRANCH": "CHATROKHARI",
    "ADDRESS": "CHATROKHRI, TEHSIL SUNDER NAGAR PIN-174402",
    "CONTACT": "266309",
    "CITY": "SUNDERNAGAR",
    "DISTRICT": "MANDI",
    "STATE": "HIMACHAL PRADESH"
  },
  "HPSC0000330": {
    "BANK": "HIMACHAL PRADESH STATE COOPERATIVE BANK LTD",
    "IFSC": "HPSC0000330",
    "BRANCH": "BSL SUNDERNAGAR",
    "ADDRESS": "BSL COLONY SNR PURANA BAZAR TEHSIL SUNDER NAGAR",
    "CONTACT": "264154",
    "CITY": "SUNDERNAGAR",
    "DISTRICT": "MANDI",
    "STATE": "HIMACHAL PRADESH"
  },
  "HPSC0000331": {
    "BANK": "HIMACHAL PRADESH STATE COOPERATIVE BANK LTD",
    "IFSC": "HPSC0000331",
    "BRANCH": "BHADARWAR",
    "ADDRESS": "BALDWARA TEHSIL SARKAGHAT PIN 175033",
    "CONTACT": "271311",
    "CITY": "SARKAGHAT",
    "DISTRICT": "MANDI",
    "STATE": "HIMACHAL PRADESH"
  },
  "HPSC0000332": {
    "BANK": "HIMACHAL PRADESH STATE COOPERATIVE BANK LTD",
    "IFSC": "HPSC0000332",
    "BRANCH": "TIHRA",
    "ADDRESS": "TIHRA TEHSIL SARKAGHAT PIN 175026",
    "CONTACT": "278401",
    "CITY": "SARKAGHAT",
    "DISTRICT": "MANDI",
    "STATE": "HIMACHAL PRADESH"
  },
  "HPSC0000333": {
    "BANK": "HIMACHAL PRADESH STATE COOPERATIVE BANK LTD",
    "IFSC": "HPSC0000333",
    "BRANCH": "MARHI",
    "ADDRESS": "MARHI TEHSIL SARKAGHAT PIN 175050",
    "CONTACT": "270100",
    "CITY": "SARKAGHAT",
    "DISTRICT": "MANDI",
    "STATE": "HIMACHAL PRADESH"
  },
  "HPSC0000334": {
    "BANK": "HIMACHAL PRADESH STATE COOPERATIVE BANK LTD",
    "IFSC": "HPSC0000334",
    "BRANCH": "LONGANI",
    "ADDRESS": "LONGNI TEHSIL SARKAGHAT DISTT. MANDI PIN-175025",
    "CONTACT": "279055",
    "CITY": "LONGNI",
    "DISTRICT": "MANDI",
    "STATE": "HIMACHAL PRADESH"
  },
  "HPSC0000335": {
    "BANK": "HIMACHAL PRADESH STATE COOPERATIVE BANK LTD",
    "IFSC": "HPSC0000335",
    "BRANCH": "CHAIL CHOWK",
    "ADDRESS": "CHAIL CHOWK TEHSIL CHACHIOT PIN 175045",
    "CONTACT": "251048",
    "CITY": "CHAIL CHOWK",
    "DISTRICT": "MANDI",
    "STATE": "HIMACHAL PRADESH"
  },
  "HPSC0000336": {
    "BANK": "HIMACHAL PRADESH STATE COOPERATIVE BANK LTD",
    "IFSC": "HPSC0000336",
    "BRANCH": "SAJAO PIPLU",
    "ADDRESS": "SAJAO PIPLU TEHSIL SARKAGHAT PIN 175025",
    "CONTACT": "251766",
    "CITY": "SARKAGHAT",
    "DISTRICT": "MANDI",
    "STATE": "HIMACHAL PRADESH"
  },
  "HPSC0000338": {
    "BANK": "HIMACHAL PRADESH STATE COOPERATIVE BANK LTD",
    "IFSC": "HPSC0000338",
    "BRANCH": "SMAILA",
    "ADDRESS": "SMAILA, TEHSIL SARAGHAT PIN-175034",
    "CONTACT": "256310",
    "CITY": "SARKAGHAT",
    "DISTRICT": "MANDI",
    "STATE": "HIMACHAL PRADESH"
  },
  "HPSC0000339": {
    "BANK": "HIMACHAL PRADESH STATE COOPERATIVE BANK LTD",
    "IFSC": "HPSC0000339",
    "BRANCH": "NABAHI DEVI",
    "ADDRESS": "VPO NABAHI DEVI TEH SARKAGHAT MANDI 175024",
    "CONTACT": "230174",
    "CITY": "SARKAGHAT",
    "DISTRICT": "MANDI",
    "STATE": "HIMACHAL PRADESH"
  },
  "HPSC0000340": {
    "BANK": "HIMACHAL PRADESH STATE COOPERATIVE BANK LTD",
    "IFSC": "HPSC0000340",
    "BRANCH": "BS JOGINDER NAGAR",
    "ADDRESS": "JOGINDER NAGAR BUS STAND PIN 17",
    "CONTACT": "224307",
    "CITY": "JOGINDER NAGAR",
    "DISTRICT": "MANDI",
    "STATE": "HIMACHAL PRADESH"
  },
  "HPSC0000341": {
    "BANK": "HIMACHAL PRADESH STATE COOPERATIVE BANK LTD",
    "IFSC": "HPSC0000341",
    "BRANCH": "KUNNU",
    "ADDRESS": "KUNNU TEHSIL PADHAR PIN 176121",
    "CONTACT": "260640",
    "CITY": "PADHAR",
    "DISTRICT": "MANDI",
    "STATE": "HIMACHAL PRADESH"
  },
  "HPSC0000342": {
    "BANK": "HIMACHAL PRADESH STATE COOPERATIVE BANK LTD",
    "IFSC": "HPSC0000342",
    "BRANCH": "DHANOTU",
    "ADDRESS": "DHANOTU TEHSIL SUNDER NAGAR PIN-174401",
    "CONTACT": "265066",
    "CITY": "SUNDERNAGAR",
    "DISTRICT": "MANDI",
    "STATE": "HIMACHAL PRADESH"
  },
  "HPSC0000343": {
    "BANK": "HIMACHAL PRADESH STATE COOPERATIVE BANK LTD",
    "IFSC": "HPSC0000343",
    "BRANCH": "CHANDESH",
    "ADDRESS": "CHANDESH PO GAHAR TEHSIL SARKAGHAT PIN 175049",
    "CONTACT": "257681",
    "CITY": "SARKAGHAT",
    "DISTRICT": "MANDI",
    "STATE": "HIMACHAL PRADESH"
  },
  "HPSC0000345": {
    "BANK": "HIMACHAL PRADESH STATE COOPERATIVE BANK LTD",
    "IFSC": "HPSC0000345",
    "BRANCH": "AWAH DEVI",
    "ADDRESS": "SARAUN (AWHA DEVI) PIN 175024",
    "CONTACT": "275157",
    "CITY": "SARAUN",
    "DISTRICT": "MANDI",
    "STATE": "HIMACHAL PRADESH"
  },
  "HPSC0000347": {
    "BANK": "HIMACHAL PRADESH STATE COOPERATIVE BANK LTD",
    "IFSC": "HPSC0000347",
    "BRANCH": "PADDAR",
    "ADDRESS": "VPO PADDAR TEH PADDAR MANDI 175012",
    "CONTACT": "260670",
    "CITY": "PADDAR",
    "DISTRICT": "MANDI",
    "STATE": "HIMACHAL PRADESH"
  },
  "HPSC0000349": {
    "BANK": "HIMACHAL PRADESH STATE COOPERATIVE BANK LTD",
    "IFSC": "HPSC0000349",
    "BRANCH": "BAGA CHANOGI",
    "ADDRESS": "BAGA CHANOGI TEHSIL THUNAG VIA BAGSAID PIN 175035",
    "CONTACT": "217050",
    "CITY": "THUNAG",
    "DISTRICT": "MANDI",
    "STATE": "HIMACHAL PRADESH"
  },
  "HPSC0000351": {
    "BANK": "HIMACHAL PRADESH STATE COOPERATIVE BANK LTD",
    "IFSC": "HPSC0000351",
    "BRANCH": "RAJGARH   MND",
    "ADDRESS": "RAJGARH PIN 175027",
    "CONTACT": "244006",
    "CITY": "RAJGARH",
    "DISTRICT": "MANDI",
    "STATE": "HIMACHAL PRADESH"
  },
  "HPSC0000352": {
    "BANK": "HIMACHAL PRADESH STATE COOPERATIVE BANK LTD",
    "IFSC": "HPSC0000352",
    "BRANCH": "TAKOLI",
    "ADDRESS": "TAKOLI PIN 175025",
    "CONTACT": "287213",
    "CITY": "TAKOLI",
    "DISTRICT": "MANDI",
    "STATE": "HIMACHAL PRADESH"
  },
  "HPSC0000356": {
    "BANK": "HIMACHAL PRADESH STATE COOPERATIVE BANK LTD",
    "IFSC": "HPSC0000356",
    "BRANCH": "CHAKKAR",
    "ADDRESS": "VILL CHAKKAR PO GUTKAR TEHSIL BALH",
    "CONTACT": null,
    "CITY": "MANDI",
    "DISTRICT": "MANDI",
    "STATE": "HIMACHAL PRADESH"
  },
  "HPSC0000357": {
    "BANK": "HIMACHAL PRADESH STATE COOPERATIVE BANK LTD",
    "IFSC": "HPSC0000357",
    "BRANCH": "KHADDAR",
    "ADDRESS": "VPO KHADDAR TEHSIL LADBHAROL",
    "CONTACT": null,
    "CITY": "MANDI",
    "DISTRICT": "MANDI",
    "STATE": "HIMACHAL PRADESH"
  },
  "HPSC0000358": {
    "BANK": "HIMACHAL PRADESH STATE COOPERATIVE BANK LTD",
    "IFSC": "HPSC0000358",
    "BRANCH": "RAKHOH",
    "ADDRESS": "VPO RAKHOH TEHSIL SARKAGHAT",
    "CONTACT": null,
    "CITY": "MANDI",
    "DISTRICT": "MANDI",
    "STATE": "HIMACHAL PRADESH"
  },
  "HPSC0000401": {
    "BANK": "HIMACHAL PRADESH STATE COOPERATIVE BANK LTD",
    "IFSC": "HPSC0000401",
    "BRANCH": "BHARANU",
    "ADDRESS": "BHARANU TEHSIL CHOPAL",
    "CONTACT": "269521",
    "CITY": "CHOPAL",
    "DISTRICT": "SHIMLA",
    "STATE": "HIMACHAL PRADESH"
  },
  "HPSC0000402": {
    "BANK": "HIMACHAL PRADESH STATE COOPERATIVE BANK LTD",
    "IFSC": "HPSC0000402",
    "BRANCH": "ISBT SHIMLA",
    "ADDRESS": "BO ISBT SHIMLA PIN 171001",
    "CONTACT": "2812945",
    "CITY": "SHIMLA",
    "DISTRICT": "SHIMLA",
    "STATE": "HIMACHAL PRADESH"
  },
  "HPSC0000403": {
    "BANK": "HIMACHAL PRADESH STATE COOPERATIVE BANK LTD",
    "IFSC": "HPSC0000403",
    "BRANCH": "CHAMAIN",
    "ADDRESS": "CHAMAIN TEHSIL KOTKHAI",
    "CONTACT": "240561",
    "CITY": "KOTKHAI",
    "DISTRICT": "SHIMLA",
    "STATE": "HIMACHAL PRADESH"
  },
  "HPSC0000404": {
    "BANK": "HIMACHAL PRADESH STATE COOPERATIVE BANK LTD",
    "IFSC": "HPSC0000404",
    "BRANCH": "CHIRGAON",
    "ADDRESS": "CHIRGAON PIN",
    "CONTACT": "277258",
    "CITY": "CHIRGAON",
    "DISTRICT": "SHIMLA",
    "STATE": "HIMACHAL PRADESH"
  },
  "HPSC0000405": {
    "BANK": "HIMACHAL PRADESH STATE COOPERATIVE BANK LTD",
    "IFSC": "HPSC0000405",
    "BRANCH": "CHOPAL",
    "ADDRESS": "CHOPAL",
    "CONTACT": "260025",
    "CITY": "CHOPAL",
    "DISTRICT": "SHIMLA",
    "STATE": "HIMACHAL PRADESH"
  },
  "HPSC0000406": {
    "BANK": "HIMACHAL PRADESH STATE COOPERATIVE BANK LTD",
    "IFSC": "HPSC0000406",
    "BRANCH": "CHHOTA SHIMLA",
    "ADDRESS": "CHHOTA SHIMLA-2",
    "CONTACT": "2621886",
    "CITY": "SHIMLA",
    "DISTRICT": "SHIMLA",
    "STATE": "HIMACHAL PRADESH"
  },
  "HPSC0000407": {
    "BANK": "HIMACHAL PRADESH STATE COOPERATIVE BANK LTD",
    "IFSC": "HPSC0000407",
    "BRANCH": "DALAN",
    "ADDRESS": "DALAN PO VIRGARH TEHSIL KUMARSAIN PIN 172030",
    "CONTACT": "222909",
    "CITY": "KUMARSAIN",
    "DISTRICT": "SHIMLA",
    "STATE": "HIMACHAL PRADESH"
  },
  "HPSC0000408": {
    "BANK": "HIMACHAL PRADESH STATE COOPERATIVE BANK LTD",
    "IFSC": "HPSC0000408",
    "BRANCH": "DEHA",
    "ADDRESS": "BO DEHA PIN 171201",
    "CONTACT": "231711",
    "CITY": "DEHA",
    "DISTRICT": "SHIMLA",
    "STATE": "HIMACHAL PRADESH"
  },
  "HPSC0000409": {
    "BANK": "HIMACHAL PRADESH STATE COOPERATIVE BANK LTD",
    "IFSC": "HPSC0000409",
    "BRANCH": "DHALLI",
    "ADDRESS": "DHALLI DISTT SHIMLA PIN 171012",
    "CONTACT": "2841099",
    "CITY": "SHIMLA",
    "DISTRICT": "SHIMLA",
    "STATE": "HIMACHAL PRADESH"
  },
  "HPSC0000410": {
    "BANK": "HIMACHAL PRADESH STATE COOPERATIVE BANK LTD",
    "IFSC": "HPSC0000410",
    "BRANCH": "DODRA",
    "ADDRESS": "DODRA KWAR PIN 171221",
    "CONTACT": "262070",
    "CITY": "CHIRGAON",
    "DISTRICT": "SHIMLA",
    "STATE": "HIMACHAL PRADESH"
  },
  "HPSC0000411": {
    "BANK": "HIMACHAL PRADESH STATE COOPERATIVE BANK LTD",
    "IFSC": "HPSC0000411",
    "BRANCH": "GHANAHATTI",
    "ADDRESS": "GANAHATTI PIN 171011",
    "CONTACT": "2774678",
    "CITY": "SHIMLA",
    "DISTRICT": "SHIMLA",
    "STATE": "HIMACHAL PRADESH"
  },
  "HPSC0000412": {
    "BANK": "HIMACHAL PRADESH STATE COOPERATIVE BANK LTD",
    "IFSC": "HPSC0000412",
    "BRANCH": "JANGLA",
    "ADDRESS": "JANGLA TEHSIL ROHRU PIN 171214",
    "CONTACT": "275801",
    "CITY": "ROHRU",
    "DISTRICT": "SHIMLA",
    "STATE": "HIMACHAL PRADESH"
  },
  "HPSC0000413": {
    "BANK": "HIMACHAL PRADESH STATE COOPERATIVE BANK LTD",
    "IFSC": "HPSC0000413",
    "BRANCH": "JEORI",
    "ADDRESS": "JEORI TEHSIL RAMPUR PIN 172101",
    "CONTACT": "278460",
    "CITY": "RAMPUR",
    "DISTRICT": "SHIMLA",
    "STATE": "HIMACHAL PRADESH"
  },
  "HPSC0000414": {
    "BANK": "HIMACHAL PRADESH STATE COOPERATIVE BANK LTD",
    "IFSC": "HPSC0000414",
    "BRANCH": "JHAKRI",
    "ADDRESS": "JHAKRI, TEHSIL RAMPUR PIN-172201",
    "CONTACT": "275581",
    "CITY": "RAMPUR",
    "DISTRICT": "SHIMLA",
    "STATE": "HIMACHAL PRADESH"
  },
  "HPSC0000415": {
    "BANK": "HIMACHAL PRADESH STATE COOPERATIVE BANK LTD",
    "IFSC": "HPSC0000415",
    "BRANCH": "JIKHNIPUL",
    "ADDRESS": "JHIKNIPUL TEHSIL CHOPAL PIN 171211",
    "CONTACT": "266530",
    "CITY": "CHOPAL",
    "DISTRICT": "SHIMLA",
    "STATE": "HIMACHAL PRADESH"
  },
  "HPSC0000416": {
    "BANK": "HIMACHAL PRADESH STATE COOPERATIVE BANK LTD",
    "IFSC": "HPSC0000416",
    "BRANCH": "JUBBAL",
    "ADDRESS": "JUBBAL TEHSIL JUBBAL DISTT SHIMLA PIN 171205",
    "CONTACT": "252047",
    "CITY": "JUBBAL",
    "DISTRICT": "SHIMLA",
    "STATE": "HIMACHAL PRADESH"
  },
  "HPSC0000417": {
    "BANK": "HIMACHAL PRADESH STATE COOPERATIVE BANK LTD",
    "IFSC": "HPSC0000417",
    "BRANCH": "KASUMPATI",
    "ADDRESS": "KASUMPATI SHIMLA 9",
    "CONTACT": "2624818",
    "CITY": "SHIMLA",
    "DISTRICT": "SHIMLA",
    "STATE": "HIMACHAL PRADESH"
  },
  "HPSC0000418": {
    "BANK": "HIMACHAL PRADESH STATE COOPERATIVE BANK LTD",
    "IFSC": "HPSC0000418",
    "BRANCH": "KHALINI",
    "ADDRESS": "KHALINI SHIMLA PIN 171002",
    "CONTACT": "2623676",
    "CITY": "SHIMLA",
    "DISTRICT": "SHIMLA",
    "STATE": "HIMACHAL PRADESH"
  },
  "HPSC0000419": {
    "BANK": "HIMACHAL PRADESH STATE COOPERATIVE BANK LTD",
    "IFSC": "HPSC0000419",
    "BRANCH": "KHALTU NALA",
    "ADDRESS": "KHALTUNALA TEHSIL KOTKHAI PIN 171202",
    "CONTACT": "244530",
    "CITY": "KOTKHAI",
    "DISTRICT": "SHIMLA",
    "STATE": "HIMACHAL PRADESH"
  },
  "HPSC0000420": {
    "BANK": "HIMACHAL PRADESH STATE COOPERATIVE BANK LTD",
    "IFSC": "HPSC0000420",
    "BRANCH": "KHANETI SANDOCH",
    "ADDRESS": "KHANETI SADOCH PO BATARI TEHSIL KUMARSAIN PIN 172031",
    "CONTACT": "228123",
    "CITY": "KUMARSAIN",
    "DISTRICT": "SHIMLA",
    "STATE": "HIMACHAL PRADESH"
  },
  "HPSC0000421": {
    "BANK": "HIMACHAL PRADESH STATE COOPERATIVE BANK LTD",
    "IFSC": "HPSC0000421",
    "BRANCH": "KIARI",
    "ADDRESS": "KIARI TEHSIL KOTKHAI PIN 171204",
    "CONTACT": "258213",
    "CITY": "KOTKHAI",
    "DISTRICT": "SHIMLA",
    "STATE": "HIMACHAL PRADESH"
  },
  "HPSC0000422": {
    "BANK": "HIMACHAL PRADESH STATE COOPERATIVE BANK LTD",
    "IFSC": "HPSC0000422",
    "BRANCH": "KOTKHAI",
    "ADDRESS": "KOTKHAI TEHSIL KOTKHAI DISTT SHIMLA PIN 171202",
    "CONTACT": "255313",
    "CITY": "KOTKHAI",
    "DISTRICT": "SHIMLA",
    "STATE": "HIMACHAL PRADESH"
  },
  "HPSC0000423": {
    "BANK": "HIMACHAL PRADESH STATE COOPERATIVE BANK LTD",
    "IFSC": "HPSC0000423",
    "BRANCH": "KUMARSAIN",
    "ADDRESS": "BO AND TEHSIL KUMARSAIN PIN 172029",
    "CONTACT": "240004",
    "CITY": "KUMARSAIN",
    "DISTRICT": "SHIMLA",
    "STATE": "HIMACHAL PRADESH"
  },
  "HPSC0000424": {
    "BANK": "HIMACHAL PRADESH STATE COOPERATIVE BANK LTD",
    "IFSC": "HPSC0000424",
    "BRANCH": "MARAOG",
    "ADDRESS": "MARAOG TEHSIL CHOPAL PIN 171211",
    "CONTACT": "261304",
    "CITY": "CHOPAL",
    "DISTRICT": "SHIMLA",
    "STATE": "HIMACHAL PRADESH"
  },
  "HPSC0000425": {
    "BANK": "HIMACHAL PRADESH STATE COOPERATIVE BANK LTD",
    "IFSC": "HPSC0000425",
    "BRANCH": "NANKHARI",
    "ADDRESS": "NANKHARI TEHSIL NANKHARI PIN 172021",
    "CONTACT": "225444",
    "CITY": "NANKHARI",
    "DISTRICT": "SHIMLA",
    "STATE": "HIMACHAL PRADESH"
  },
  "HPSC0000426": {
    "BANK": "HIMACHAL PRADESH STATE COOPERATIVE BANK LTD",
    "IFSC": "HPSC0000426",
    "BRANCH": "NARKANDA",
    "ADDRESS": "NARKANDA, TEHSIL KUMARSAIN PIN-171213",
    "CONTACT": "242433",
    "CITY": "KUMARSAIN",
    "DISTRICT": "SHIMLA",
    "STATE": "HIMACHAL PRADESH"
  },
  "HPSC0000427": {
    "BANK": "HIMACHAL PRADESH STATE COOPERATIVE BANK LTD",
    "IFSC": "HPSC0000427",
    "BRANCH": "NERWA",
    "ADDRESS": "NERWA TEHSIL CHOPAL PIN 171210",
    "CONTACT": "264427",
    "CITY": "CHOPAL",
    "DISTRICT": "SHIMLA",
    "STATE": "HIMACHAL PRADESH"
  },
  "HPSC0000428": {
    "BANK": "HIMACHAL PRADESH STATE COOPERATIVE BANK LTD",
    "IFSC": "HPSC0000428",
    "BRANCH": "NOGLI",
    "ADDRESS": "NOGLI TEHSIL RAMPUR BUSHAHAR PIN 172022",
    "CONTACT": "271296",
    "CITY": "RAMPUR",
    "DISTRICT": "SHIMLA",
    "STATE": "HIMACHAL PRADESH"
  },
  "HPSC0000429": {
    "BANK": "HIMACHAL PRADESH STATE COOPERATIVE BANK LTD",
    "IFSC": "HPSC0000429",
    "BRANCH": "PRAGATI NAGAR",
    "ADDRESS": "PRAGATI NAGAR TEHSIL KOTKHAI PIN 171202",
    "CONTACT": "253304",
    "CITY": "KOTKHAI",
    "DISTRICT": "SHIMLA",
    "STATE": "HIMACHAL PRADESH"
  },
  "HPSC0000430": {
    "BANK": "HIMACHAL PRADESH STATE COOPERATIVE BANK LTD",
    "IFSC": "HPSC0000430",
    "BRANCH": "PREMNAGAR",
    "ADDRESS": "PREM NAGAR TEHSIL KUMARSAIN",
    "CONTACT": "244046",
    "CITY": "KUMARSAIN",
    "DISTRICT": "SHIMLA",
    "STATE": "HIMACHAL PRADESH"
  },
  "HPSC0000431": {
    "BANK": "HIMACHAL PRADESH STATE COOPERATIVE BANK LTD",
    "IFSC": "HPSC0000431",
    "BRANCH": "RAMPUR BUSHAHAR",
    "ADDRESS": "RAMPUR MAIN BAZAR PIN 172001",
    "CONTACT": "233034",
    "CITY": "RAMPUR",
    "DISTRICT": "SHIMLA",
    "STATE": "HIMACHAL PRADESH"
  },
  "HPSC0000432": {
    "BANK": "HIMACHAL PRADESH STATE COOPERATIVE BANK LTD",
    "IFSC": "HPSC0000432",
    "BRANCH": "ROHRU",
    "ADDRESS": "ROHRU PIN 171207",
    "CONTACT": "240050",
    "CITY": "ROHRU",
    "DISTRICT": "SHIMLA",
    "STATE": "HIMACHAL PRADESH"
  },
  "HPSC0000433": {
    "BANK": "HIMACHAL PRADESH STATE COOPERATIVE BANK LTD",
    "IFSC": "HPSC0000433",
    "BRANCH": "SANJAULI",
    "ADDRESS": "SANJAULI SHIMLA PIN 171006",
    "CONTACT": "2841140",
    "CITY": "SHIMLA",
    "DISTRICT": "SHIMLA",
    "STATE": "HIMACHAL PRADESH"
  },
  "HPSC0000434": {
    "BANK": "HIMACHAL PRADESH STATE COOPERATIVE BANK LTD",
    "IFSC": "HPSC0000434",
    "BRANCH": "SARAHAN-BSR",
    "ADDRESS": "SARAHAN BSR TEHSIL RAMPUR PIN 172002",
    "CONTACT": "274261",
    "CITY": "RAMPUR",
    "DISTRICT": "SHIMLA",
    "STATE": "HIMACHAL PRADESH"
  },
  "HPSC0000435": {
    "BANK": "HIMACHAL PRADESH STATE COOPERATIVE BANK LTD",
    "IFSC": "HPSC0000435",
    "BRANCH": "H P SECRETARIAT",
    "ADDRESS": "BO SECTT CHHOTA SHIMLA 171002",
    "CONTACT": "2620991",
    "CITY": "SHIMLA",
    "DISTRICT": "SHIMLA",
    "STATE": "HIMACHAL PRADESH"
  },
  "HPSC0000437": {
    "BANK": "HIMACHAL PRADESH STATE COOPERATIVE BANK LTD",
    "IFSC": "HPSC0000437",
    "BRANCH": "SHARONTHA",
    "ADDRESS": "SHARONTHA TEHSIL TIKKAR PIN 171203",
    "CONTACT": "9418071898",
    "CITY": "SHRONTHA",
    "DISTRICT": "SHIMLA",
    "STATE": "HIMACHAL PRADESH"
  },
  "HPSC0000438": {
    "BANK": "HIMACHAL PRADESH STATE COOPERATIVE BANK LTD",
    "IFSC": "HPSC0000438",
    "BRANCH": "THE MALL SHIMLA",
    "ADDRESS": "SHIMLA THE MALL SHIMLA 171001",
    "CONTACT": null,
    "CITY": "SHIMLA",
    "DISTRICT": "SHIMLA",
    "STATE": "HIMACHAL PRADESH"
  },
  "HPSC0000439": {
    "BANK": "HIMACHAL PRADESH STATE COOPERATIVE BANK LTD",
    "IFSC": "HPSC0000439",
    "BRANCH": "THE MALL SHIMLA",
    "ADDRESS": "SHIMLA THE MALL SHIMLA 171001",
    "CONTACT": null,
    "CITY": "SHIMLA",
    "DISTRICT": "SHIMLA",
    "STATE": "HIMACHAL PRADESH"
  },
  "HPSC0000440": {
    "BANK": "HIMACHAL PRADESH STATE COOPERATIVE BANK LTD",
    "IFSC": "HPSC0000440",
    "BRANCH": "THE MALL SHIMLA",
    "ADDRESS": "SHIMLA THE MALL SHIMLA 171001",
    "CONTACT": null,
    "CITY": "SHIMLA",
    "DISTRICT": "SHIMLA",
    "STATE": "HIMACHAL PRADESH"
  },
  "HPSC0000441": {
    "BANK": "HIMACHAL PRADESH STATE COOPERATIVE BANK LTD",
    "IFSC": "HPSC0000441",
    "BRANCH": "THE MALL SHIMLA",
    "ADDRESS": "SHIMLA THE MALL SHIMLA 171001",
    "CONTACT": null,
    "CITY": "SHIMLA",
    "DISTRICT": "SHIMLA",
    "STATE": "HIMACHAL PRADESH"
  },
  "HPSC0000442": {
    "BANK": "HIMACHAL PRADESH STATE COOPERATIVE BANK LTD",
    "IFSC": "HPSC0000442",
    "BRANCH": "TAKLECH",
    "ADDRESS": "BO TAKLECH TEHSIL RAMPUR PIN 172022",
    "CONTACT": "272206",
    "CITY": "RAMPUR",
    "DISTRICT": "SHIMLA",
    "STATE": "HIMACHAL PRADESH"
  },
  "HPSC0000443": {
    "BANK": "HIMACHAL PRADESH STATE COOPERATIVE BANK LTD",
    "IFSC": "HPSC0000443",
    "BRANCH": "THANEDHAR",
    "ADDRESS": "THANEDHAR TEHSIL KUMARSAIN PIN 172030",
    "CONTACT": "222350",
    "CITY": "KUMARSAIN",
    "DISTRICT": "SHIMLA",
    "STATE": "HIMACHAL PRADESH"
  },
  "HPSC0000444": {
    "BANK": "HIMACHAL PRADESH STATE COOPERATIVE BANK LTD",
    "IFSC": "HPSC0000444",
    "BRANCH": "THEOG",
    "ADDRESS": "THEOG PIN 171201",
    "CONTACT": "238207",
    "CITY": "THEOG",
    "DISTRICT": "SHIMLA",
    "STATE": "HIMACHAL PRADESH"
  },
  "HPSC0000445": {
    "BANK": "HIMACHAL PRADESH STATE COOPERATIVE BANK LTD",
    "IFSC": "HPSC0000445",
    "BRANCH": "TIKKAR",
    "ADDRESS": "TIKKAR PIN 171203",
    "CONTACT": "233277",
    "CITY": "TIKKER",
    "DISTRICT": "SHIMLA",
    "STATE": "HIMACHAL PRADESH"
  },
  "HPSC0000446": {
    "BANK": "HIMACHAL PRADESH STATE COOPERATIVE BANK LTD",
    "IFSC": "HPSC0000446",
    "BRANCH": "TOTU",
    "ADDRESS": "BO TOTU SHIMLA PIN 171011",
    "CONTACT": "2837608",
    "CITY": "SHIMLA",
    "DISTRICT": "SHIMLA",
    "STATE": "HIMACHAL PRADESH"
  },
  "HPSC0000447": {
    "BANK": "HIMACHAL PRADESH STATE COOPERATIVE BANK LTD",
    "IFSC": "HPSC0000447",
    "BRANCH": "RATNARI",
    "ADDRESS": "RATNARI TEHSIL KOTKHAI PIN 171225",
    "CONTACT": "275801",
    "CITY": "KOTKHAI",
    "DISTRICT": "SHIMLA",
    "STATE": "HIMACHAL PRADESH"
  },
  "HPSC0000448": {
    "BANK": "HIMACHAL PRADESH STATE COOPERATIVE BANK LTD",
    "IFSC": "HPSC0000448",
    "BRANCH": "SARASWATI NAGAR",
    "ADDRESS": "SARASWATI NAGAR PIN 171206",
    "CONTACT": "238995",
    "CITY": "SARASWATI NAGAR",
    "DISTRICT": "SHIMLA",
    "STATE": "HIMACHAL PRADESH"
  },
  "HPSC0000449": {
    "BANK": "HIMACHAL PRADESH STATE COOPERATIVE BANK LTD",
    "IFSC": "HPSC0000449",
    "BRANCH": "DEORI KHANETI",
    "ADDRESS": "DEORI KHANETI TEHSIL KOTKHAI PIN 171201",
    "CONTACT": "246707",
    "CITY": "KOTKHAI",
    "DISTRICT": "SHIMLA",
    "STATE": "HIMACHAL PRADESH"
  },
  "HPSC0000450": {
    "BANK": "HIMACHAL PRADESH STATE COOPERATIVE BANK LTD",
    "IFSC": "HPSC0000450",
    "BRANCH": "SHILAROO",
    "ADDRESS": "SHILAROO PIN 171213",
    "CONTACT": "9418095965",
    "CITY": "SHILAROO",
    "DISTRICT": "SHIMLA",
    "STATE": "HIMACHAL PRADESH"
  },
  "HPSC0000451": {
    "BANK": "HIMACHAL PRADESH STATE COOPERATIVE BANK LTD",
    "IFSC": "HPSC0000451",
    "BRANCH": "KOTI",
    "ADDRESS": "KOTI TEHSIL JUNGA PIN 171012",
    "CONTACT": "2733451",
    "CITY": "SHIMLA",
    "DISTRICT": "SHIMLA",
    "STATE": "HIMACHAL PRADESH"
  },
  "HPSC0000453": {
    "BANK": "HIMACHAL PRADESH STATE COOPERATIVE BANK LTD",
    "IFSC": "HPSC0000453",
    "BRANCH": "DEOLI",
    "ADDRESS": "BO DEOLI PIN 171203",
    "CONTACT": "9418142342",
    "CITY": "DEOLI",
    "DISTRICT": "SHIMLA",
    "STATE": "HIMACHAL PRADESH"
  },
  "HPSC0000454": {
    "BANK": "HIMACHAL PRADESH STATE COOPERATIVE BANK LTD",
    "IFSC": "HPSC0000454",
    "BRANCH": "MANDAL",
    "ADDRESS": "MANDAL PIN 171216",
    "CONTACT": "239156",
    "CITY": "MANDAL",
    "DISTRICT": "SHIMLA",
    "STATE": "HIMACHAL PRADESH"
  },
  "HPSC0000455": {
    "BANK": "HIMACHAL PRADESH STATE COOPERATIVE BANK LTD",
    "IFSC": "HPSC0000455",
    "BRANCH": "KHOLI GHAT",
    "ADDRESS": "KHOLIGHAT NANKHARI PIN 171213",
    "CONTACT": "268755",
    "CITY": "NANKHARI",
    "DISTRICT": "SHIMLA",
    "STATE": "HIMACHAL PRADESH"
  },
  "HPSC0000456": {
    "BANK": "HIMACHAL PRADESH STATE COOPERATIVE BANK LTD",
    "IFSC": "HPSC0000456",
    "BRANCH": "KHARAHAN",
    "ADDRESS": "KHARAHAN TEHSIL NANKHARI PIN 171213",
    "CONTACT": "9418211634",
    "CITY": "NANKHARI",
    "DISTRICT": "SHIMLA",
    "STATE": "HIMACHAL PRADESH"
  },
  "HPSC0000457": {
    "BANK": "HIMACHAL PRADESH STATE COOPERATIVE BANK LTD",
    "IFSC": "HPSC0000457",
    "BRANCH": "BATAR GALU",
    "ADDRESS": "BATAR GALU PO KATHASU TEHSIL JUBBAL PIN-171206",
    "CONTACT": "8988125900",
    "CITY": "JUBBAL",
    "DISTRICT": "SHIMLA",
    "STATE": "HIMACHAL PRADESH"
  },
  "HPSC0000458": {
    "BANK": "HIMACHAL PRADESH STATE COOPERATIVE BANK LTD",
    "IFSC": "HPSC0000458",
    "BRANCH": "BACHHUNCH   CHAPOTI",
    "ADDRESS": "BACHHUNCH CHAPOTI",
    "CONTACT": "244231",
    "CITY": "ROHRU",
    "DISTRICT": "SHIMLA",
    "STATE": "HIMACHAL PRADESH"
  },
  "HPSC0000459": {
    "BANK": "HIMACHAL PRADESH STATE COOPERATIVE BANK LTD",
    "IFSC": "HPSC0000459",
    "BRANCH": "KHARAPATHAR",
    "ADDRESS": "KHARA PATHAR TEHSIL JUBBAL PIN 171205",
    "CONTACT": "9418012762",
    "CITY": "JUBBAL",
    "DISTRICT": "SHIMLA",
    "STATE": "HIMACHAL PRADESH"
  },
  "HPSC0000460": {
    "BANK": "HIMACHAL PRADESH STATE COOPERATIVE BANK LTD",
    "IFSC": "HPSC0000460",
    "BRANCH": "FAGU",
    "ADDRESS": "FAGU TEHSIL THEOG DISTT SHIMLA",
    "CONTACT": "239207",
    "CITY": "THEOG",
    "DISTRICT": "SHIMLA",
    "STATE": "HIMACHAL PRADESH"
  },
  "HPSC0000461": {
    "BANK": "HIMACHAL PRADESH STATE COOPERATIVE BANK LTD",
    "IFSC": "HPSC0000461",
    "BRANCH": "SUMMER HILL",
    "ADDRESS": "SUMMER HILL DISTT SHIMLA 171005",
    "CONTACT": "2832500",
    "CITY": "SHIMLA",
    "DISTRICT": "SHIMLA",
    "STATE": "HIMACHAL PRADESH"
  },
  "HPSC0000462": {
    "BANK": "HIMACHAL PRADESH STATE COOPERATIVE BANK LTD",
    "IFSC": "HPSC0000462",
    "BRANCH": "KUPVI",
    "ADDRESS": "KUPVI TEHSIL KUPVI DISTT SHIMLA",
    "CONTACT": "270280",
    "CITY": "KUPVI",
    "DISTRICT": "SHIMLA",
    "STATE": "HIMACHAL PRADESH"
  },
  "HPSC0000466": {
    "BANK": "HIMACHAL PRADESH STATE COOPERATIVE BANK LTD",
    "IFSC": "HPSC0000466",
    "BRANCH": "JALOG",
    "ADDRESS": "VPO JALOG TEHSIL SUNNI",
    "CONTACT": null,
    "CITY": "SHIMLA",
    "DISTRICT": "SHIMLA",
    "STATE": "HIMACHAL PRADESH"
  },
  "HPSC0000467": {
    "BANK": "HIMACHAL PRADESH STATE COOPERATIVE BANK LTD",
    "IFSC": "HPSC0000467",
    "BRANCH": "JATHIA DEVI",
    "ADDRESS": "VPO JATHIA DEVI TEHSIL SHIMLA",
    "CONTACT": null,
    "CITY": "SHIMLA",
    "DISTRICT": "SHIMLA",
    "STATE": "HIMACHAL PRADESH"
  },
  "HPSC0000468": {
    "BANK": "HIMACHAL PRADESH STATE COOPERATIVE BANK LTD",
    "IFSC": "HPSC0000468",
    "BRANCH": "THACHI",
    "ADDRESS": "GRAM PANCHAYAT AND PO THACHI TEHSIL SUNI",
    "CONTACT": "2793444",
    "CITY": "SHIMLA",
    "DISTRICT": "SHIMLA",
    "STATE": "HIMACHAL PRADESH"
  },
  "HPSC0000469": {
    "BANK": "HIMACHAL PRADESH STATE COOPERATIVE BANK LTD",
    "IFSC": "HPSC0000469",
    "BRANCH": "MASHOBRA",
    "ADDRESS": "VILLAGE MASHOBRA-2 POST OFFICE MASHOBRA TEHSIL AND DISTRICT SHIMLA PIN 171007",
    "CONTACT": "2740555",
    "CITY": "SHIMLA",
    "DISTRICT": "SHIMLA",
    "STATE": "HIMACHAL PRADESH"
  },
  "HPSC0000551": {
    "BANK": "HIMACHAL PRADESH STATE COOPERATIVE BANK LTD",
    "IFSC": "HPSC0000551",
    "BRANCH": "BADRINAGAR",
    "ADDRESS": "BO BADARI NAGAR PIN 173026",
    "CONTACT": "224788",
    "CITY": "PAONTA SAHIB",
    "DISTRICT": "SIRMOUR",
    "STATE": "HIMACHAL PRADESH"
  },
  "HPSC0000552": {
    "BANK": "HIMACHAL PRADESH STATE COOPERATIVE BANK LTD",
    "IFSC": "HPSC0000552",
    "BRANCH": "DHAULA KUAN",
    "ADDRESS": "DHAULA KUAN PIN 173020",
    "CONTACT": "257619",
    "CITY": "DHAULA KUAN",
    "DISTRICT": "SIRMOUR",
    "STATE": "HIMACHAL PRADESH"
  },
  "HPSC0000553": {
    "BANK": "HIMACHAL PRADESH STATE COOPERATIVE BANK LTD",
    "IFSC": "HPSC0000553",
    "BRANCH": "DADAHU",
    "ADDRESS": "DADAHU DISTT SIRMOUR PIN 173022",
    "CONTACT": "267353",
    "CITY": "DADAHU",
    "DISTRICT": "SIRMOUR",
    "STATE": "HIMACHAL PRADESH"
  },
  "HPSC0000555": {
    "BANK": "HIMACHAL PRADESH STATE COOPERATIVE BANK LTD",
    "IFSC": "HPSC0000555",
    "BRANCH": "HABBAN",
    "ADDRESS": "HABBAN PIN 173101",
    "CONTACT": "266080",
    "CITY": "HABBAN",
    "DISTRICT": "SIRMOUR",
    "STATE": "HIMACHAL PRADESH"
  },
  "HPSC0000556": {
    "BANK": "HIMACHAL PRADESH STATE COOPERATIVE BANK LTD",
    "IFSC": "HPSC0000556",
    "BRANCH": "KALA AMB",
    "ADDRESS": "KALA AMB PIN 173020",
    "CONTACT": "254114",
    "CITY": "KAKA AMB",
    "DISTRICT": "SIRMOUR",
    "STATE": "HIMACHAL PRADESH"
  },
  "HPSC0000557": {
    "BANK": "HIMACHAL PRADESH STATE COOPERATIVE BANK LTD",
    "IFSC": "HPSC0000557",
    "BRANCH": "KATCHA TANK",
    "ADDRESS": "KATCHA TANK PIN 173001",
    "CONTACT": "223143",
    "CITY": "NAHAN",
    "DISTRICT": "SIRMOUR",
    "STATE": "HIMACHAL PRADESH"
  },
  "HPSC0000558": {
    "BANK": "HIMACHAL PRADESH STATE COOPERATIVE BANK LTD",
    "IFSC": "HPSC0000558",
    "BRANCH": "MAJRA",
    "ADDRESS": "MAJRA PIN 173021",
    "CONTACT": "254047",
    "CITY": "MAJRA",
    "DISTRICT": "SIRMOUR",
    "STATE": "HIMACHAL PRADESH"
  },
  "HPSC0000559": {
    "BANK": "HIMACHAL PRADESH STATE COOPERATIVE BANK LTD",
    "IFSC": "HPSC0000559",
    "BRANCH": "NAHAN",
    "ADDRESS": "NAHAN PIN 173001",
    "CONTACT": "222687",
    "CITY": "NAHAN",
    "DISTRICT": "SIRMOUR",
    "STATE": "HIMACHAL PRADESH"
  },
  "HPSC0000560": {
    "BANK": "HIMACHAL PRADESH STATE COOPERATIVE BANK LTD",
    "IFSC": "HPSC0000560",
    "BRANCH": "NARAG",
    "ADDRESS": "NARAG PIN 173024",
    "CONTACT": "257335",
    "CITY": "NARAG",
    "DISTRICT": "SIRMOUR",
    "STATE": "HIMACHAL PRADESH"
  },
  "HPSC0000561": {
    "BANK": "HIMACHAL PRADESH STATE COOPERATIVE BANK LTD",
    "IFSC": "HPSC0000561",
    "BRANCH": "NOHRADHAR",
    "ADDRESS": "NOHRADHAR PIN 173104",
    "CONTACT": "240680",
    "CITY": "NOHRADHAR",
    "DISTRICT": "SIRMOUR",
    "STATE": "HIMACHAL PRADESH"
  },
  "HPSC0000562": {
    "BANK": "HIMACHAL PRADESH STATE COOPERATIVE BANK LTD",
    "IFSC": "HPSC0000562",
    "BRANCH": "PAONTA SAHIB",
    "ADDRESS": "PAONTA SAHIB PIN 173025",
    "CONTACT": "222336",
    "CITY": "PAONTA SAHIB",
    "DISTRICT": "SIRMOUR",
    "STATE": "HIMACHAL PRADESH"
  },
  "HPSC0000563": {
    "BANK": "HIMACHAL PRADESH STATE COOPERATIVE BANK LTD",
    "IFSC": "HPSC0000563",
    "BRANCH": "RAJGARH",
    "ADDRESS": "RAJGARH PIN 173101",
    "CONTACT": "221021",
    "CITY": "RAJGARH",
    "DISTRICT": "SIRMOUR",
    "STATE": "HIMACHAL PRADESH"
  },
  "HPSC0000564": {
    "BANK": "HIMACHAL PRADESH STATE COOPERATIVE BANK LTD",
    "IFSC": "HPSC0000564",
    "BRANCH": "S - PURUWALA",
    "ADDRESS": "S PRURWALA PIN 173025",
    "CONTACT": "238838",
    "CITY": "PAONTA SAHIB",
    "DISTRICT": "SIRMOUR",
    "STATE": "HIMACHAL PRADESH"
  },
  "HPSC0000565": {
    "BANK": "HIMACHAL PRADESH STATE COOPERATIVE BANK LTD",
    "IFSC": "HPSC0000565",
    "BRANCH": "SANGRAH",
    "ADDRESS": "SANGRAH PIN 173023",
    "CONTACT": "248163",
    "CITY": "SANGRAH",
    "DISTRICT": "SIRMOUR",
    "STATE": "HIMACHAL PRADESH"
  },
  "HPSC0000566": {
    "BANK": "HIMACHAL PRADESH STATE COOPERATIVE BANK LTD",
    "IFSC": "HPSC0000566",
    "BRANCH": "SARAHAN-SIRMOUR",
    "ADDRESS": "SARAHAN SIRMOUR. PIN 173024",
    "CONTACT": "236745",
    "CITY": "SRAHAN",
    "DISTRICT": "SIRMOUR",
    "STATE": "HIMACHAL PRADESH"
  },
  "HPSC0000567": {
    "BANK": "HIMACHAL PRADESH STATE COOPERATIVE BANK LTD",
    "IFSC": "HPSC0000567",
    "BRANCH": "SATAUN",
    "ADDRESS": "SATAUN PIN 173029",
    "CONTACT": "262506",
    "CITY": "SATAUN",
    "DISTRICT": "SIRMOUR",
    "STATE": "HIMACHAL PRADESH"
  },
  "HPSC0000568": {
    "BANK": "HIMACHAL PRADESH STATE COOPERATIVE BANK LTD",
    "IFSC": "HPSC0000568",
    "BRANCH": "SHILLAI",
    "ADDRESS": "SHILLAI PIN 173027",
    "CONTACT": "278545",
    "CITY": "SHILLAI",
    "DISTRICT": "SIRMOUR",
    "STATE": "HIMACHAL PRADESH"
  },
  "HPSC0000569": {
    "BANK": "HIMACHAL PRADESH STATE COOPERATIVE BANK LTD",
    "IFSC": "HPSC0000569",
    "BRANCH": "TRILOKPUR",
    "ADDRESS": "TRILOKPUR PIN 173030",
    "CONTACT": "238679",
    "CITY": "KALA AMB",
    "DISTRICT": "SIRMOUR",
    "STATE": "HIMACHAL PRADESH"
  },
  "HPSC0000570": {
    "BANK": "HIMACHAL PRADESH STATE COOPERATIVE BANK LTD",
    "IFSC": "HPSC0000570",
    "BRANCH": "KAMRAU",
    "ADDRESS": "KAMRAU PIN 173029",
    "CONTACT": "271443",
    "CITY": "KAMRAU",
    "DISTRICT": "SIRMOUR",
    "STATE": "HIMACHAL PRADESH"
  },
  "HPSC0000571": {
    "BANK": "HIMACHAL PRADESH STATE COOPERATIVE BANK LTD",
    "IFSC": "HPSC0000571",
    "BRANCH": "LANA CHETA",
    "ADDRESS": "LANA CHETA PIN 173104",
    "CONTACT": "247120",
    "CITY": "LANA CHETA",
    "DISTRICT": "SIRMOUR",
    "STATE": "HIMACHAL PRADESH"
  },
  "HPSC0000572": {
    "BANK": "HIMACHAL PRADESH STATE COOPERATIVE BANK LTD",
    "IFSC": "HPSC0000572",
    "BRANCH": "DC OFFICE NAHAN",
    "ADDRESS": "DC NAHAN PIN 173026",
    "CONTACT": "222267",
    "CITY": "NAHAN",
    "DISTRICT": "SIRMOUR",
    "STATE": "HIMACHAL PRADESH"
  },
  "HPSC0000573": {
    "BANK": "HIMACHAL PRADESH STATE COOPERATIVE BANK LTD",
    "IFSC": "HPSC0000573",
    "BRANCH": "YASHWANT NAGAR",
    "ADDRESS": "YASHWANT NAGAR PIN 173212",
    "CONTACT": "270400",
    "CITY": "YASHWANT NAGAR",
    "DISTRICT": "SIRMOUR",
    "STATE": "HIMACHAL PRADESH"
  },
  "HPSC0000575": {
    "BANK": "HIMACHAL PRADESH STATE COOPERATIVE BANK LTD",
    "IFSC": "HPSC0000575",
    "BRANCH": "KHERI",
    "ADDRESS": "KHERI TEHSIL RAJGARH DISTT SIRMOUR",
    "CONTACT": "275021",
    "CITY": "RAJGARH",
    "DISTRICT": "SIRMOUR",
    "STATE": "HIMACHAL PRADESH"
  },
  "HPSC0000576": {
    "BANK": "HIMACHAL PRADESH STATE COOPERATIVE BANK LTD",
    "IFSC": "HPSC0000576",
    "BRANCH": "JAMTA",
    "ADDRESS": "JAMTA TEHSIL NAHAN PIN",
    "CONTACT": "258666",
    "CITY": "NAHAN",
    "DISTRICT": "SIRMOUR",
    "STATE": "HIMACHAL PRADESH"
  },
  "HPSC0000577": {
    "BANK": "HIMACHAL PRADESH STATE COOPERATIVE BANK LTD",
    "IFSC": "HPSC0000577",
    "BRANCH": "NAINIDHAR",
    "ADDRESS": "NAINIDHAR TEHSIL SHILLAI PIN",
    "CONTACT": "206010",
    "CITY": "SHILLAI",
    "DISTRICT": "SIRMOUR",
    "STATE": "HIMACHAL PRADESH"
  },
  "HPSC0000578": {
    "BANK": "HIMACHAL PRADESH STATE COOPERATIVE BANK LTD",
    "IFSC": "HPSC0000578",
    "BRANCH": "RONHAT",
    "ADDRESS": "RONHAT TEHSIL SHILLAI",
    "CONTACT": "270404",
    "CITY": "SHILLAI",
    "DISTRICT": "SIRMOUR",
    "STATE": "HIMACHAL PRADESH"
  },
  "HPSC0000579": {
    "BANK": "HIMACHAL PRADESH STATE COOPERATIVE BANK LTD",
    "IFSC": "HPSC0000579",
    "BRANCH": "GATADHAR",
    "ADDRESS": "PO SANGNA TEHSIL SANGRAH DISTT SIRMOUR 173023",
    "CONTACT": "8894067667",
    "CITY": "SANGRAH",
    "DISTRICT": "SIRMOUR",
    "STATE": "HIMACHAL PRADESH"
  },
  "HPSC0000580": {
    "BANK": "HIMACHAL PRADESH STATE COOPERATIVE BANK LTD",
    "IFSC": "HPSC0000580",
    "BRANCH": "KAFOTA",
    "ADDRESS": "VPO KAFOTA TEHSIL KAMRAU",
    "CONTACT": null,
    "CITY": "PAONTA SAHIB",
    "DISTRICT": "SIRMOUR",
    "STATE": "HIMACHAL PRADESH"
  }
}