{
  "JPCB0000001": {
    "BANK": "THE JALGAON PEOPELS COOPERATIVE BANK LIMITED",
    "IFSC": "JPCB0000001",
    "BRANCH": "RTGS-HO",
    "ADDRESS": "152,POLAN PETH DANA BAZAR,",
    "CONTACT": 2227711,
    "CITY": "JALGAON",
    "DISTRICT": "JALGAON",
    "STATE": "MAHARASHTRA"
  },
  "JPCB0000002": {
    "BANK": "THE JALGAON PEOPELS COOPERATIVE BANK LIMITED",
    "IFSC": "JPCB0000002",
    "BRANCH": "JILHA PETH",
    "ADDRESS": "RING ROAD, SHIKSHAK WADI.",
    "CONTACT": 2240645,
    "CITY": "JALGAON",
    "DISTRICT": "JALGAON",
    "STATE": "MAHARASHTRA"
  },
  "JPCB0000003": {
    "BANK": "THE JALGAON PEOPELS COOPERATIVE BANK LIMITED",
    "IFSC": "JPCB0000003",
    "BRANCH": "GANESH WADI",
    "ADDRESS": "7,DIXIT WADI,OPP: TOL KATA.",
    "CONTACT": 2237714,
    "CITY": "JALGAON",
    "DISTRICT": "JALGAON",
    "STATE": "MAHARASHTRA"
  },
  "JPCB0000004": {
    "BANK": "THE JALGAON PEOPELS COOPERATIVE BANK LIMITED",
    "IFSC": "JPCB0000004",
    "BRANCH": "VITTHAL PETH",
    "ADDRESS": "CST NO 159/3A , VITTHAL PETH.",
    "CONTACT": 2227718,
    "CITY": "JALGAON",
    "DISTRICT": "JALGAON",
    "STATE": "MAHARASHTRA"
  },
  "JPCB0000005": {
    "BANK": "THE JALGAON PEOPELS COOPERATIVE BANK LIMITED",
    "IFSC": "JPCB0000005",
    "BRANCH": "M.I.D.C.",
    "ADDRESS": "SHRIPATI COMPOUND,",
    "CONTACT": 2272811,
    "CITY": "JALGAON",
    "DISTRICT": "JALGAON",
    "STATE": "MAHARASHTRA"
  },
  "JPCB0000006": {
    "BANK": "THE JALGAON PEOPELS COOPERATIVE BANK LIMITED",
    "IFSC": "JPCB0000006",
    "BRANCH": "GANESH COLONY",
    "ADDRESS": "BALAJI SANKUL,",
    "CONTACT": 2252704.0,
    "CITY": "JALGAON",
    "DISTRICT": "JALGAON",
    "STATE": "MAHARASHTRA"
  },
  "JPCB0000007": {
    "BANK": "THE JALGAON PEOPELS COOPERATIVE BANK LIMITED",
    "IFSC": "JPCB0000007",
    "BRANCH": "M.J.COLLEGE",
    "ADDRESS": "M.J.COLLEGE CAMPUS",
    "CONTACT": 2227703,
    "CITY": "JALGAON",
    "DISTRICT": "JALGAON",
    "STATE": "MAHARASHTRA"
  },
  "JPCB0000008": {
    "BANK": "THE JALGAON PEOPELS COOPERATIVE BANK LIMITED",
    "IFSC": "JPCB0000008",
    "BRANCH": "NASHIRABAD",
    "ADDRESS": "AT POST: NASHIRABAD,",
    "CONTACT": 2356254,
    "CITY": "NASHIRABAD",
    "DISTRICT": "NASHIRABAD",
    "STATE": "MAHARASHTRA"
  },
  "JPCB0000009": {
    "BANK": "THE JALGAON PEOPELS COOPERATIVE BANK LIMITED",
    "IFSC": "JPCB0000009",
    "BRANCH": "ASODA",
    "ADDRESS": "AT POST:  ASODA , TAL: JALGAON.",
    "CONTACT": 2357517,
    "CITY": "ASODA",
    "DISTRICT": "ASODA",
    "STATE": "MAHARASHTRA"
  },
  "JPCB0000010": {
    "BANK": "THE JALGAON PEOPELS COOPERATIVE BANK LIMITED",
    "IFSC": "JPCB0000010",
    "BRANCH": "BHADALI",
    "ADDRESS": "AT POST:  BHADALI , TAL: JALGAON.",
    "CONTACT": 2465629,
    "CITY": "BHADALI",
    "DISTRICT": "BHADALI",
    "STATE": "MAHARASHTRA"
  },
  "JPCB0000011": {
    "BANK": "THE JALGAON PEOPELS COOPERATIVE BANK LIMITED",
    "IFSC": "JPCB0000011",
    "BRANCH": "KANALDA",
    "ADDRESS": "AT POST:  KANALDA , TAL: JALGAON.",
    "CONTACT": 2467512.0,
    "CITY": "KANALDA",
    "DISTRICT": "KANALDA",
    "STATE": "MAHARASHTRA"
  },
  "JPCB0000012": {
    "BANK": "THE JALGAON PEOPELS COOPERATIVE BANK LIMITED",
    "IFSC": "JPCB0000012",
    "BRANCH": "MAHABAL COLONY",
    "ADDRESS": "NEAR MAHABAL POLICE CHOWKY.",
    "CONTACT": 2261512.0,
    "CITY": "JALGAON",
    "DISTRICT": "JALGAON",
    "STATE": "MAHARASHTRA"
  },
  "JPCB0000013": {
    "BANK": "THE JALGAON PEOPELS COOPERATIVE BANK LIMITED",
    "IFSC": "JPCB0000013",
    "BRANCH": "BHUSAWAL",
    "ADDRESS": "SHOP NO. 1,2,3 & 4, NISARG PLAZA, JAMNER ROAD",
    "CONTACT": 229988.0,
    "CITY": "BHUSAWAL",
    "DISTRICT": "BHUSAWAL",
    "STATE": "MAHARASHTRA"
  },
  "JPCB0000014": {
    "BANK": "THE JALGAON PEOPELS COOPERATIVE BANK LIMITED",
    "IFSC": "JPCB0000014",
    "BRANCH": "PACHORA",
    "ADDRESS": "SHOP NO. 15, LAXMI PLAZA,",
    "CONTACT": 240185.0,
    "CITY": "PACHORA",
    "DISTRICT": "PACHORA",
    "STATE": "MAHARASHTRA"
  },
  "JPCB0000015": {
    "BANK": "THE JALGAON PEOPELS COOPERATIVE BANK LIMITED",
    "IFSC": "JPCB0000015",
    "BRANCH": "LEWA BOARDING",
    "ADDRESS": "LEWA BOARDING SHOPPING COMPLEX",
    "CONTACT": 2240649,
    "CITY": "JALGAON",
    "DISTRICT": "JALGAON",
    "STATE": "MAHARASHTRA"
  },
  "JPCB0000016": {
    "BANK": "THE JALGAON PEOPELS COOPERATIVE BANK LIMITED",
    "IFSC": "JPCB0000016",
    "BRANCH": "AURANGABAD",
    "ADDRESS": "PLOT NO. 6, ANNAPURNA TOWER,ADALAT ROAD",
    "CONTACT": 2346713,
    "CITY": "AURANGABAD",
    "DISTRICT": "AURANGABAD",
    "STATE": "MAHARASHTRA"
  },
  "JPCB0000017": {
    "BANK": "THE JALGAON PEOPELS COOPERATIVE BANK LIMITED",
    "IFSC": "JPCB0000017",
    "BRANCH": "PIMPRI",
    "ADDRESS": "KAMALA CROSS ROAD, SHOP NO.1-4",
    "CONTACT": 27424490,
    "CITY": "PUNE",
    "DISTRICT": "PUNE",
    "STATE": "MAHARASHTRA"
  },
  "JPCB0000018": {
    "BANK": "THE JALGAON PEOPELS COOPERATIVE BANK LIMITED",
    "IFSC": "JPCB0000018",
    "BRANCH": "HADAPSAR",
    "ADDRESS": "OFFICE NO.104, S.NO.84, VAIBHAV COMMERCIAL COMPLEX",
    "CONTACT": 26812852,
    "CITY": "PUNE",
    "DISTRICT": "PUNE",
    "STATE": "MAHARASHTRA"
  },
  "JPCB0000019": {
    "BANK": "THE JALGAON PEOPELS COOPERATIVE BANK LIMITED",
    "IFSC": "JPCB0000019",
    "BRANCH": "DHULE",
    "ADDRESS": "4773 / C, GARUD BAG, DHULE.",
    "CONTACT": 235487.0,
    "CITY": "DHULE",
    "DISTRICT": "DHULE",
    "STATE": "MAHARASHTRA"
  },
  "JPCB0000020": {
    "BANK": "THE JALGAON PEOPELS COOPERATIVE BANK LIMITED",
    "IFSC": "JPCB0000020",
    "BRANCH": "PAUD ROAD",
    "ADDRESS": "S.NO. 135/12 B, PLOT NO. 1, PRABHA SOC.PAUD RAOAD",
    "CONTACT": 25447893,
    "CITY": "PUNE",
    "DISTRICT": "PUNE",
    "STATE": "MAHARASHTRA"
  },
  "JPCB0000021": {
    "BANK": "THE JALGAON PEOPELS COOPERATIVE BANK LIMITED",
    "IFSC": "JPCB0000021",
    "BRANCH": "DOMBIVALI",
    "ADDRESS": "BHADSAWLE BUGLOW, AGARKAR ROAD",
    "CONTACT": 2430166,
    "CITY": "DOMBIVALI",
    "DISTRICT": "DOMBIVALI",
    "STATE": "MAHARASHTRA"
  },
  "JPCB0000022": {
    "BANK": "THE JALGAON PEOPELS COOPERATIVE BANK LIMITED",
    "IFSC": "JPCB0000022",
    "BRANCH": "SANGVI",
    "ADDRESS": "OMKAR HEIGHTS, VIDYA NAGAR,NEW SANGVI",
    "CONTACT": 27250196,
    "CITY": "PUNE",
    "DISTRICT": "PUNE",
    "STATE": "MAHARASHTRA"
  },
  "JPCB0000023": {
    "BANK": "THE JALGAON PEOPELS COOPERATIVE BANK LIMITED",
    "IFSC": "JPCB0000023",
    "BRANCH": "NASIK",
    "ADDRESS": "MADHURA TOWERS, BEHIND CITY MALL, KHETVANI NAGAR",
    "CONTACT": 2370727,
    "CITY": "NASIK",
    "DISTRICT": "NASIK",
    "STATE": "MAHARASHTRA"
  },
  "JPCB0000024": {
    "BANK": "THE JALGAON PEOPELS COOPERATIVE BANK LIMITED",
    "IFSC": "JPCB0000024",
    "BRANCH": "PANVEL",
    "ADDRESS": "PARMAR HOUSE, PLOT NO. 236,OPP. OLD TELEPHONE EXCH",
    "CONTACT": 27453817,
    "CITY": "PANVEL",
    "DISTRICT": "PANVEL",
    "STATE": "MAHARASHTRA"
  },
  "JPCB0000025": {
    "BANK": "THE JALGAON PEOPELS COOPERATIVE BANK LIMITED",
    "IFSC": "JPCB0000025",
    "BRANCH": "CHOPDA",
    "ADDRESS": "C.S. NO. 2528/2529, NEAR AMBEDKAR STATUE",
    "CONTACT": 222033.0,
    "CITY": "CHOPDA",
    "DISTRICT": "CHOPDA",
    "STATE": "MAHARASHTRA"
  },
  "JPCB0000026": {
    "BANK": "THE JALGAON PEOPELS COOPERATIVE BANK LIMITED",
    "IFSC": "JPCB0000026",
    "BRANCH": "VASHI BRANCH",
    "ADDRESS": "C-64, APMC MARKET, SECTOR-19,VASHI, NAVI MUMBAI",
    "CONTACT": 27882791,
    "CITY": "VASHI",
    "DISTRICT": "VASHI",
    "STATE": "MAHARASHTRA"
  },
  "JPCB0000027": {
    "BANK": "THE JALGAON PEOPELS COOPERATIVE BANK LIMITED",
    "IFSC": "JPCB0000027",
    "BRANCH": "KALYAN",
    "ADDRESS": "AUM SUPREME,SHOP NO.8,RAMWADI,OLD BAIL BAZARQ",
    "CONTACT": 2306865,
    "CITY": "KALYAN",
    "DISTRICT": "KALYAN",
    "STATE": "MAHARASHTRA"
  },
  "JPCB0000028": {
    "BANK": "THE JALGAON PEOPELS COOPERATIVE BANK LIMITED",
    "IFSC": "JPCB0000028",
    "BRANCH": "AURANGABAD HUDCO",
    "ADDRESS": "PLOT NO. 4, N-9/K, S.NO 18/P,NR. TV CENTER, HUDCO",
    "CONTACT": 2380355,
    "CITY": "AURANGABAD",
    "DISTRICT": "AURANGABAD",
    "STATE": "MAHARASHTRA"
  },
  "JPCB0000029": {
    "BANK": "THE JALGAON PEOPELS COOPERATIVE BANK LIMITED",
    "IFSC": "JPCB0000029",
    "BRANCH": "NASHIK ROAD",
    "ADDRESS": "GAIKWAD SANKUL, A-WING, GROUND FLOOR,GAIKWAD MALA",
    "CONTACT": 2463727,
    "CITY": "NASIK",
    "DISTRICT": "NASIK",
    "STATE": "MAHARASHTRA"
  },
  "JPCB0000030": {
    "BANK": "THE JALGAON PEOPELS COOPERATIVE BANK LIMITED",
    "IFSC": "JPCB0000030",
    "BRANCH": "AKURDI",
    "ADDRESS": "SHOP NO. 1 GROUND FLOOR PLOT NO 525 SECTOR NO. 28 SHIKHA APARTMENT PUNE 411035",
    "CONTACT": 2765117,
    "CITY": "PUNE",
    "DISTRICT": "PUNE",
    "STATE": "MAHARASHTRA"
  },
  "JPCB0000031": {
    "BANK": "THE JALGAON PEOPELS COOPERATIVE BANK LIMITED",
    "IFSC": "JPCB0000031",
    "BRANCH": "AMALNER",
    "ADDRESS": "SURVAY NO 47/11 NEW PLOT BEHIND SHIVAJI GARDAN AMALNER 425401",
    "CONTACT": 0.0,
    "CITY": "AMALNER",
    "DISTRICT": "AMALNER",
    "STATE": "MAHARASHTRA"
  },
  "JPCB0000032": {
    "BANK": "THE JALGAON PEOPELS COOPERATIVE BANK LIMITED",
    "IFSC": "JPCB0000032",
    "BRANCH": "RAVER",
    "ADDRESS": "DRUSHTI HOSPITAL GROUND FLOOR SURVAY NO 2259 RAMBAG RAVER 425508",
    "CONTACT": 250082.0,
    "CITY": "RAVER",
    "DISTRICT": "RAVER",
    "STATE": "MAHARASHTRA"
  },
  "JPCB0000033": {
    "BANK": "THE JALGAON PEOPELS COOPERATIVE BANK LIMITED",
    "IFSC": "JPCB0000033",
    "BRANCH": "PAROLA",
    "ADDRESS": "CTS NO 2925 GUJRATHI GALLI PAROLA 425111",
    "CONTACT": 0.0,
    "CITY": "PAROLA",
    "DISTRICT": "PAROLA",
    "STATE": "MAHARASHTRA"
  },
  "JPCB0000034": {
    "BANK": "THE JALGAON PEOPELS COOPERATIVE BANK LIMITED",
    "IFSC": "JPCB0000034",
    "BRANCH": "SINHGAD ROAD",
    "ADDRESS": "SHOP NO. 1 TO 5 GROUND FLOOR CHAVAN MOHITE COMPLEX SURVAY NO 12 HISSA NO 1 DHYARI SINHGAD ROAD PUNE 411041",
    "CONTACT": 0.0,
    "CITY": "PUNE",
    "DISTRICT": "PUNE",
    "STATE": "MAHARASHTRA"
  },
  "JPCB0000035": {
    "BANK": "THE JALGAON PEOPELS COOPERATIVE BANK LIMITED",
    "IFSC": "JPCB0000035",
    "BRANCH": "MALKAPUR",
    "ADDRESS": "BULDHALA ROA APPOSIT HANUMAN THEATHER MALKAPUR",
    "CONTACT": 0.0,
    "CITY": "MALKAPUR",
    "DISTRICT": "MALKAPUR",
    "STATE": "MAHARASHTRA"
  },
  "JPCB0000036": {
    "BANK": "THE JALGAON PEOPELS COOPERATIVE BANK LIMITED",
    "IFSC": "JPCB0000036",
    "BRANCH": "BURHANPUR",
    "ADDRESS": "BLOCK NO 37 PL NO 44/1,45,46/1,46/2 HOUSE NO 137 SHAH BAZAR,SHASTRI CHOWK OPP SHANI MANDIR BURHANPUR MP 450331",
    "CONTACT": 254218.0,
    "CITY": "BURHANPUR",
    "DISTRICT": "BURHANPUR",
    "STATE": "MADHYA PRADESH"
  }
}