{
  "JSBP0000002": {
    "BANK": "JANATA SAHAKARI BANK LIMITED",
    "IFSC": "JSBP0000002",
    "BRANCH": "SHIVAJI NAGAR,PUNE",
    "ADDRESS": "MODERN HIGH SCHOOL COMPOUND,JANGALI MAHARAJ RD,SHIVAJI NAGAR, PUNE - 411005,E-MAIL : SHIVAJINAGARPUNE@JANATABANKPUNE.COM",
    "CONTACT": "25535532",
    "CITY": "PUNE",
    "DISTRICT": "PUNE",
    "STATE": "MAHARASHTRA"
  },
  "JSBP0000003": {
    "BANK": "JANATA SAHAKARI BANK LIMITED",
    "IFSC": "JSBP0000003",
    "BRANCH": "BHAVANI PETH",
    "ADDRESS": "12, BHAVANI PETH, NITA CENTRE,PUNE - 411042,E-MAIL : BHAVANIPETH@JANATABANKPUNE",
    "CONTACT": "26386708",
    "CITY": "PUNE",
    "DISTRICT": "PUNE",
    "STATE": "MAHARASHTRA"
  },
  "JSBP0000004": {
    "BANK": "JANATA SAHAKARI BANK LIMITED",
    "IFSC": "JSBP0000004",
    "BRANCH": "BHOR",
    "ADDRESS": "CTS.191, MANGALWAR PETH,JANATA BANK BUILDING.,BHOR, DIST. PUNE - 412206.,E-MAIL : BHOR@JANATABANKPUNE.COM",
    "CONTACT": "222554",
    "CITY": "PUNE",
    "DISTRICT": "BHOR",
    "STATE": "MAHARASHTRA"
  },
  "JSBP0000005": {
    "BANK": "JANATA SAHAKARI BANK LIMITED",
    "IFSC": "JSBP0000005",
    "BRANCH": "TALEGAON DABHADE",
    "ADDRESS": "351, SHUKRAWAR PETH,TALEGAON DABHADE,TAL : MAWAL, DIST : PUNE - 410506,E-MAIL : TALEGAONDABHADE@JANATABANKPUNE.COM",
    "CONTACT": "222490",
    "CITY": "PUNE",
    "DISTRICT": "TALEGAON DABHADE",
    "STATE": "MAHARASHTRA"
  },
  "JSBP0000006": {
    "BANK": "JANATA SAHAKARI BANK LIMITED",
    "IFSC": "JSBP0000006",
    "BRANCH": "GHODNADI",
    "ADDRESS": "CTS.1947,HOUSE 1365, 1ST FLOOR,SHIVSEVA MANDAL COMPLEX,NEAR S.T.STAND,PUNE-NAGAR ROAD,TAL - SHIRUR, DIST -PUNE - 412210,E-MAIL : GHODNADI@JANATABANKPUNE.COM",
    "CONTACT": "222131",
    "CITY": "PUNE",
    "DISTRICT": "GHODNADI",
    "STATE": "MAHARASHTRA"
  },
  "JSBP0000007": {
    "BANK": "JANATA SAHAKARI BANK LIMITED",
    "IFSC": "JSBP0000007",
    "BRANCH": "KARVE ROAD",
    "ADDRESS": "ABASAHEB GARWARE COLLEGE COMPOUND,KARVE ROAD, PUNE - 411004,E-MAIL : KARVEROAD@JANATABANKPUNE.COM",
    "CONTACT": "25441621",
    "CITY": "PUNE",
    "DISTRICT": "PUNE",
    "STATE": "MAHARASHTRA"
  },
  "JSBP0000008": {
    "BANK": "JANATA SAHAKARI BANK LIMITED",
    "IFSC": "JSBP0000008",
    "BRANCH": "F.C.ROAD",
    "ADDRESS": "925-A, BHAMBURDA, UNIQUE CHAMBERS,SHIVAJI NAGAR, PUNE - 411005.,E-MAIL : FERGUSSONCOLLEGE@JANATABANKPUNE.COM",
    "CONTACT": "25652409",
    "CITY": "PUNE",
    "DISTRICT": "PUNE",
    "STATE": "MAHARASHTRA"
  },
  "JSBP0000009": {
    "BANK": "JANATA SAHAKARI BANK LIMITED",
    "IFSC": "JSBP0000009",
    "BRANCH": "CHINCHWAD GAON",
    "ADDRESS": "GOLD CRAFT, C.T.S.NO.4270. CHICHWADGAON, PUNE - 411033 ,E-MAIL CHINCHAWADGAON@JANATABANKPUNE.COM",
    "CONTACT": "27352536",
    "CITY": "PUNE",
    "DISTRICT": "PUNE",
    "STATE": "MAHARASHTRA"
  },
  "JSBP0000010": {
    "BANK": "JANATA SAHAKARI BANK LIMITED",
    "IFSC": "JSBP0000010",
    "BRANCH": "TALEGAON STATION",
    "ADDRESS": "S. NO. 2409/4, S.NO. 528/2-1,TALEGAON DABHADE,TAL. MAWAL, DIST. PUNE - 410607,E-MAIL : TALEGAONSTATION@JANATABANKPUNE.COM",
    "CONTACT": "222253",
    "CITY": "PUNE",
    "DISTRICT": "TALEGAON STATION",
    "STATE": "MAHARASHTRA"
  },
  "JSBP0000011": {
    "BANK": "JANATA SAHAKARI BANK LIMITED",
    "IFSC": "JSBP0000011",
    "BRANCH": "CHINCHWAD STATION",
    "ADDRESS": "SITARAM COMPLEX, S.NO. 4672-1, CHINCHWAD STATION PUNE - 411 019,E-MAIL : CHINCHWADSTATION@JANATABANKPUNE.COM",
    "CONTACT": "27472436",
    "CITY": "PUNE",
    "DISTRICT": "PUNE",
    "STATE": "MAHARASHTRA"
  },
  "JSBP0000012": {
    "BANK": "JANATA SAHAKARI BANK LIMITED",
    "IFSC": "JSBP0000012",
    "BRANCH": "JUNNAR",
    "ADDRESS": "SADABAZAR, JUNNAR,DIST. PUNE - 410501,E-MAIL : JUNNAR@JANATABANKPUNE.COM",
    "CONTACT": "222086",
    "CITY": "PUNE",
    "DISTRICT": "JUNNAR",
    "STATE": "MAHARASHTRA"
  },
  "JSBP0000013": {
    "BANK": "JANATA SAHAKARI BANK LIMITED",
    "IFSC": "JSBP0000013",
    "BRANCH": "LATUR",
    "ADDRESS": "S. NO. 6398 -1, NAGAR P. NO. R/4-674 ,CHAINSUKH ROAD, LATUR - 413592,E-MAIL : LATUR@JANATABANKPUNE.COM",
    "CONTACT": "240566",
    "CITY": "LATUR",
    "DISTRICT": "LATUR",
    "STATE": "MAHARASHTRA"
  },
  "JSBP0000014": {
    "BANK": "JANATA SAHAKARI BANK LIMITED",
    "IFSC": "JSBP0000014",
    "BRANCH": "TILAK ROAD",
    "ADDRESS": "1732, SADASHIV PETH,OPP. PARIJAT DEPARTMENTAL STORE,TILAK ROAD, PUNE - 411030,E-MAIL : TILAKROAD@JANATABANKPUNE.COM",
    "CONTACT": "24471165",
    "CITY": "PUNE",
    "DISTRICT": "PUNE",
    "STATE": "MAHARASHTRA"
  },
  "JSBP0000015": {
    "BANK": "JANATA SAHAKARI BANK LIMITED",
    "IFSC": "JSBP0000015",
    "BRANCH": "SHANIWAR NARAYAN PETH",
    "ADDRESS": "551, SHANIWAR PETH,PUNE -411030,E-MAIL : SHANIWARNARAYAN@JANATABANKPUNE.COM",
    "CONTACT": "24459937",
    "CITY": "PUNE",
    "DISTRICT": "PUNE",
    "STATE": "MAHARASHTRA"
  },
  "JSBP0000016": {
    "BANK": "JANATA SAHAKARI BANK LIMITED",
    "IFSC": "JSBP0000016",
    "BRANCH": "AURANGABAD",
    "ADDRESS": "OPP. GOMTESH MARKET, DALALWADI,AURANGABAD - 431001.,E-MAIL : AURANGABAD@JANATABANKPUNE.COM",
    "CONTACT": "2334093",
    "CITY": "AURANGABAD",
    "DISTRICT": "AURANGABAD",
    "STATE": "MAHARASHTRA"
  },
  "JSBP0000017": {
    "BANK": "JANATA SAHAKARI BANK LIMITED",
    "IFSC": "JSBP0000017",
    "BRANCH": "DADAR",
    "ADDRESS": "AGAR BAZAR, OPP. BOMBAY FILM LABORATORY,DADAR, MUMBAI - 400028.E-MAIL : DADAR@JANATABANKPUNE.COM",
    "CONTACT": "24226219",
    "CITY": "MUMABI",
    "DISTRICT": "DADAR",
    "STATE": "MAHARASHTRA"
  },
  "JSBP0000018": {
    "BANK": "JANATA SAHAKARI BANK LIMITED",
    "IFSC": "JSBP0000018",
    "BRANCH": "FORT",
    "ADDRESS": "GROUND FLOOR, JATARMJYOT BUILDING.,63, JANMABHOOMI MARG, FORT,MUMBAI - 400001,E-MAIL : FORT@JANATABANKPUNE.COM",
    "CONTACT": "22024284",
    "CITY": "MUMBAI",
    "DISTRICT": "FORT",
    "STATE": "MAHARASHTRA"
  },
  "JSBP0000019": {
    "BANK": "JANATA SAHAKARI BANK LIMITED",
    "IFSC": "JSBP0000019",
    "BRANCH": "AMBAJOGAI",
    "ADDRESS": "6434, GURWAR PETH,DIST. - BEED. AMBAJOGAI - 413517,E-MAIL : AMBAJOGAI@JANATABANKPUNE.COM",
    "CONTACT": "247071",
    "CITY": "BEED",
    "DISTRICT": "AMBAJOGAI",
    "STATE": "MAHARASHTRA"
  },
  "JSBP0000020": {
    "BANK": "JANATA SAHAKARI BANK LIMITED",
    "IFSC": "JSBP0000020",
    "BRANCH": "VILLE PARLE",
    "ADDRESS": "SHRI KUNJ PREMISES CO-OP. SOCIETY,HANUMAN MANDIR ROAD,VILE PARLE (E), MUMBAI - 400057,E-MAIL : VILEPARLE@JANATABANKPUNE.COM",
    "CONTACT": "26114036",
    "CITY": "MUMBAI",
    "DISTRICT": "VILLEPARLE",
    "STATE": "MAHARASHTRA"
  },
  "JSBP0000021": {
    "BANK": "JANATA SAHAKARI BANK LIMITED",
    "IFSC": "JSBP0000021",
    "BRANCH": "GIRGAON",
    "ADDRESS": "DECCAN CHAMBERS,OPP. MAJESTIC CINEMA,GIRGAON, MUMBAI - 400004,E-MAIL : GIRGAON@JANATABANKPUNE.COM",
    "CONTACT": "23869397",
    "CITY": "MUMBAI",
    "DISTRICT": "GIRGAON",
    "STATE": "MAHARASHTRA"
  },
  "JSBP0000022": {
    "BANK": "JANATA SAHAKARI BANK LIMITED",
    "IFSC": "JSBP0000022",
    "BRANCH": "RATNAGIRI",
    "ADDRESS": "1973, SHREE RAM ALI,RATNAGIRI - 415612,E-MAIL : RATNAGIRI@JANATABANKPUNE.COM",
    "CONTACT": "222393",
    "CITY": "RATNAGIRI",
    "DISTRICT": "RATNAGIRI",
    "STATE": "MAHARASHTRA"
  },
  "JSBP0000023": {
    "BANK": "JANATA SAHAKARI BANK LIMITED",
    "IFSC": "JSBP0000023",
    "BRANCH": "SHIVAJI NAGAR RATNAGIRI",
    "ADDRESS": "S.NO. 234 (PART), C.T.S.NO -. 168,NACHANE GAON, RATNAGIRI - 415612.,E-MAIL : SHIVAJINAGARRATNAGIRI@JANATABANKPUNE.COM",
    "CONTACT": "222621",
    "CITY": "RATNAGIRI",
    "DISTRICT": "RATNAGIRI",
    "STATE": "MAHARASHTRA"
  },
  "JSBP0000024": {
    "BANK": "JANATA SAHAKARI BANK LIMITED",
    "IFSC": "JSBP0000024",
    "BRANCH": "SAKHARPA",
    "ADDRESS": "OPP. S.T. STAND, SAKHARAPA,TAL : SANGAMESHWAR,DIST. RATNAGIRI - 415801,E-MAIL : SAKHARPA@JANATABANKPUNE.COM",
    "CONTACT": "248243",
    "CITY": "RATNAGIRI",
    "DISTRICT": "SAKHARPA",
    "STATE": "MAHARASHTRA"
  },
  "JSBP0000025": {
    "BANK": "JANATA SAHAKARI BANK LIMITED",
    "IFSC": "JSBP0000025",
    "BRANCH": "DEVRUKH",
    "ADDRESS": "OPP. S.T. STAND, DEVRUKH,DIST. RATNAGIRI - 415804,E-MAIL : DEVRUKH@JANATABANKPUNE.COM",
    "CONTACT": "240145",
    "CITY": "RATNAGIRI",
    "DISTRICT": "DEVRUKH",
    "STATE": "MAHARASHTRA"
  },
  "JSBP0000026": {
    "BANK": "JANATA SAHAKARI BANK LIMITED",
    "IFSC": "JSBP0000026",
    "BRANCH": "MAKHAJAN",
    "ADDRESS": "BAZAR PETH, MAKHAJAN,TAL : SANGAMESHWAR,DIST. RATNAGIRI - 415608,E-MAIL : MAKHAJAN@JANATABANKPUNE.COM",
    "CONTACT": "235231",
    "CITY": "RATNAGIRI",
    "DISTRICT": "MAKHAJAN",
    "STATE": "MAHARASHTRA"
  },
  "JSBP0000027": {
    "BANK": "JANATA SAHAKARI BANK LIMITED",
    "IFSC": "JSBP0000027",
    "BRANCH": "SANGMESHWAR",
    "ADDRESS": "JANATA BANK BUILDING,NEAR POST OFFICE,NAVADI SANGAMESHWAR,DIST.RATNAGIRI 415611.  E-MAIL : SANGAMESHWAR@JANATABANKPUNE.COM",
    "CONTACT": "252050",
    "CITY": "RATNAGIRI",
    "DISTRICT": "SANGAMESHWAR",
    "STATE": "MAHARASHTRA"
  },
  "JSBP0000028": {
    "BANK": "JANATA SAHAKARI BANK LIMITED",
    "IFSC": "JSBP0000028",
    "BRANCH": "PAWAS",
    "ADDRESS": "MAHAKALI PALACE, S. NO. 60,HISSA NO. 13/16, DIST.- RATNAGIRI,PAWAS - 415616.E-MAIL : PAWAS@JANATABANKPUNE.COM",
    "CONTACT": "237266",
    "CITY": "RATNAGIRI",
    "DISTRICT": "PAWAS",
    "STATE": "MAHARASHTRA"
  },
  "JSBP0000029": {
    "BANK": "JANATA SAHAKARI BANK LIMITED",
    "IFSC": "JSBP0000029",
    "BRANCH": "KOLHAPUR",
    "ADDRESS": "1436/A, LAXMIPURI, WARD NO. C,KOLHAPUR - 416002,E-MAIL : KOLHAPUR@JANATABANKPUNE.COM",
    "CONTACT": "2641888",
    "CITY": "KOLHAPUR",
    "DISTRICT": "KOLHAPUR",
    "STATE": "MAHARASHTRA"
  },
  "JSBP0000030": {
    "BANK": "JANATA SAHAKARI BANK LIMITED",
    "IFSC": "JSBP0000030",
    "BRANCH": "MARKET YARD",
    "ADDRESS": "JANATA BANK BLDG, 475/476,GULTEKDI, MARKET YARD,PUNE - 411037.,E-MAIL : MARKETYARD@JANATABANKPUNE.COM",
    "CONTACT": "24271533",
    "CITY": "PUNE",
    "DISTRICT": "PUNE",
    "STATE": "MAHARASHTRA"
  },
  "JSBP0000031": {
    "BANK": "JANATA SAHAKARI BANK LIMITED",
    "IFSC": "JSBP0000031",
    "BRANCH": "KARVE NAGAR",
    "ADDRESS": "NO. 167/A-2, PLOT NO. 19/20,ABHISHEK COMPLEX, HAPPY COLONY,KOTHRUD, PUNE - 411029.,E-MAIL : KARVENAGAR@JANATABANKPUNE.COM",
    "CONTACT": "25445127",
    "CITY": "PUNE",
    "DISTRICT": "PUNE",
    "STATE": "MAHARASHTRA"
  },
  "JSBP0000032": {
    "BANK": "JANATA SAHAKARI BANK LIMITED",
    "IFSC": "JSBP0000032",
    "BRANCH": "INDAPUR",
    "ADDRESS": "HOUSE NO. 646,WARD NO. 24, BAZARPETH,MAIN ROAD, INDAPUR, DIST. PUNE - 413106.,E-MAIL : INDAPUR@JANATABANKPUNE.COM",
    "CONTACT": "223318",
    "CITY": "PUNE",
    "DISTRICT": "INDAPUR",
    "STATE": "MAHARASHTRA"
  },
  "JSBP0000033": {
    "BANK": "JANATA SAHAKARI BANK LIMITED",
    "IFSC": "JSBP0000033",
    "BRANCH": "OTUR",
    "ADDRESS": "HOUSE NO. 354/1,OPP. GRAMPANCHAYAT OFFICE,TAL. : JUNNAR, DIST. PUNE - 412409,E-MAIL : OTUR@JANATABANKPUNE.COM",
    "CONTACT": "264133",
    "CITY": "PUNE",
    "DISTRICT": "OTUR",
    "STATE": "MAHARASHTRA"
  },
  "JSBP0000034": {
    "BANK": "JANATA SAHAKARI BANK LIMITED",
    "IFSC": "JSBP0000034",
    "BRANCH": "PIMPRI",
    "ADDRESS": "PLOT NO.BGP 131,PIMPRI INDUSTRIAL AREA,WATUMAHAL,NEHRUNAGAR,PIMPRI,PUNE-411018.,E-MAIL : PIMPRI@JANATABANKPUNE.COM",
    "CONTACT": "27124725",
    "CITY": "PUNE",
    "DISTRICT": "PUNE",
    "STATE": "MAHARASHTRA"
  },
  "JSBP0000035": {
    "BANK": "JANATA SAHAKARI BANK LIMITED",
    "IFSC": "JSBP0000035",
    "BRANCH": "CHIPLUN",
    "ADDRESS": "S. NO. 147, HISSA NO. 1,NEAR S.T.STAND,TAL. CHIPLUN, DIST - RATNAGIRI,E-MAIL : CHIPLUN@JANATABANKPUNE.COM",
    "CONTACT": "257476",
    "CITY": "RATNAGIRI",
    "DISTRICT": "CHIPLUN",
    "STATE": "MAHARASHTRA"
  },
  "JSBP0000036": {
    "BANK": "JANATA SAHAKARI BANK LIMITED",
    "IFSC": "JSBP0000036",
    "BRANCH": "SAHAKAR NAGAR",
    "ADDRESS": "PLOT NO. 66, MADHUMALTI,DASHBHUJA GANAPATI ROAD,TULASHIBAGWALE COLONY,SAHAKAR NAGAR, PUNE - 411009.,E-MAIL : SAHAKARNAGAR@JANATABANKPUNE.COM",
    "CONTACT": "24224514",
    "CITY": "PUNE",
    "DISTRICT": "PUNE",
    "STATE": "MAHARASHTRA"
  },
  "JSBP0000037": {
    "BANK": "JANATA SAHAKARI BANK LIMITED",
    "IFSC": "JSBP0000037",
    "BRANCH": "SINHAGAD ROAD",
    "ADDRESS": "S.NO. 26/20/1A, HINGANE KHURD, NEAR JOSHI WADEWALE,SINHAGAD ROAD, PUNE - 411 051.,E-MAIL : SINHAGADROAD@JANATABANKPUNE.COM",
    "CONTACT": "24352053",
    "CITY": "PUNE",
    "DISTRICT": "PUNE",
    "STATE": "MAHARASHTRA"
  },
  "JSBP0000039": {
    "BANK": "JANATA SAHAKARI BANK LIMITED",
    "IFSC": "JSBP0000039",
    "BRANCH": "KHEDBRAMHA",
    "ADDRESS": "SARDAR PATEL ROAD, KHEDBRAMHA, DIST.┬û SABARKATHA, GUJARAT ┬û 383255",
    "CONTACT": "220022",
    "CITY": "SABARKATHA",
    "DISTRICT": "KHEDBRAMHA",
    "STATE": "GUJARAT"
  },
  "JSBP0000040": {
    "BANK": "JANATA SAHAKARI BANK LIMITED",
    "IFSC": "JSBP0000040",
    "BRANCH": "BANER",
    "ADDRESS": "S.NO.182/1/1, BANER ROAD, ATRIA BLDG.,NEAR SHIVSAGAR HOTEL, BANER, PUNE 411005.E-MAIL : BANER@JANATABANKPUNE.COM",
    "CONTACT": "27290309",
    "CITY": "PUNE",
    "DISTRICT": "PUNE",
    "STATE": "MAHARASHTRA"
  },
  "JSBP0000041": {
    "BANK": "JANATA SAHAKARI BANK LIMITED",
    "IFSC": "JSBP0000041",
    "BRANCH": "PAUD ROAD",
    "ADDRESS": "PLOT NO. 1-B,S.NO.119/1, ANANTKRUPA CO-OP.HSG.SOCIETY, PAUD ROAD, PUNE - 411 038,E-MAIL :PAUDROAD@JANATABANKPUNE.COM",
    "CONTACT": "25440465",
    "CITY": "PUNE",
    "DISTRICT": "PUNE",
    "STATE": "MAHARASHTRA"
  },
  "JSBP0000042": {
    "BANK": "JANATA SAHAKARI BANK LIMITED",
    "IFSC": "JSBP0000042",
    "BRANCH": "GHATKOPAR ( EAST )",
    "ADDRESS": "SHOP NO.1, PLOT NO.74, CTS NO. 5922, TPS SCHEME NO.III, DHOOT BUSINESS CENTER, R.B.MEHTA MARG, GHATKOPAR (E) E-MAIL : GHATKOPAR@JANATABANKPUNE.COM MUMABAI 400077",
    "CONTACT": "25086248",
    "CITY": "MUMABAI",
    "DISTRICT": "GHATKOPAR",
    "STATE": "MAHARASHTRA"
  },
  "JSBP0000043": {
    "BANK": "JANATA SAHAKARI BANK LIMITED",
    "IFSC": "JSBP0000043",
    "BRANCH": "DHANKAWADI",
    "ADDRESS": "S.NO. 29, PLOT NO. 22, HISSA NO. 1,2,3,4,5, KALA NIKETAN HOUSING SOCIETY, KALANAGAR, DHANKAWADI, E-MAI :DHANKAWADI@JANATABANKPUNE.COM PUNE - 411 043",
    "CONTACT": "24370057",
    "CITY": "PUNE",
    "DISTRICT": "PUNE",
    "STATE": "MAHARASHTRA"
  },
  "JSBP0000044": {
    "BANK": "JANATA SAHAKARI BANK LIMITED",
    "IFSC": "JSBP0000044",
    "BRANCH": "CHANDAN NAGAR",
    "ADDRESS": "S.NO.46, HISSA NO.1A/AB/1, GURUGOVIND CO-OP HOUSING SOCIETY, KHARADI,CHANDAN NAGAR, PUNE 411014E-MAIL :CHANDANNAGAR@JANATABANKPUNE.COM",
    "CONTACT": "27019009",
    "CITY": "PUNE",
    "DISTRICT": "PUNE",
    "STATE": "MAHARASHTRA"
  },
  "JSBP0000045": {
    "BANK": "JANATA SAHAKARI BANK LIMITED",
    "IFSC": "JSBP0000045",
    "BRANCH": "JALANA ROAD ,AURANGABAD",
    "ADDRESS": "GROUND FLOOR, BAGGA CHAMBERS, 4/18/26,JALANA ROAD, OPP.AKASHWANI KENDRA, AURANGABAD 431001. E-MAIL : JALANAROAD@JANATABANKPUNE.COM",
    "CONTACT": "2364545",
    "CITY": "AURANGABAD",
    "DISTRICT": "AURANGABAD",
    "STATE": "MAHARASHTRA"
  },
  "JSBP0000046": {
    "BANK": "JANATA SAHAKARI BANK LIMITED",
    "IFSC": "JSBP0000046",
    "BRANCH": "BORIVALI ( WEST )",
    "ADDRESS": "SHOP NO.1, ADESHWARCO-OP HOUSING SOCITY, SVP (MANDAPESHWAR ROAD ) BORIVALI(W) MUMBAI 400092 E-MAIL : BORIVALI@JANATABANKPUNE.COM",
    "CONTACT": "28943118",
    "CITY": "MOMBAI",
    "DISTRICT": "BORIVALI",
    "STATE": "MAHARASHTRA"
  },
  "JSBP0000047": {
    "BANK": "JANATA SAHAKARI BANK LIMITED",
    "IFSC": "JSBP0000047",
    "BRANCH": "KATRAJ",
    "ADDRESS": "ARIHANT COMPLEX PLOT NO B SR NO 22/3/25/1 VILLAGE KATRAJ DIST PUNE 411046",
    "CONTACT": "8600999085",
    "CITY": "PUNE",
    "DISTRICT": "PUNE",
    "STATE": "MAHARASHTRA"
  },
  "JSBP0000048": {
    "BANK": "JANATA SAHAKARI BANK LIMITED",
    "IFSC": "JSBP0000048",
    "BRANCH": "NASHIK",
    "ADDRESS": "ALPHA SQUARE, PLOT NO. 153, TP SCHEME 2, S.NO.712/2A, 2D/17, COLLEGE ROAD, GANGAPUR ROAD, NASHIK 422003",
    "CONTACT": null,
    "CITY": "NASHIK",
    "DISTRICT": "NASHIK",
    "STATE": "MAHARASHTRA"
  },
  "JSBP0000049": {
    "BANK": "JANATA SAHAKARI BANK LIMITED",
    "IFSC": "JSBP0000049",
    "BRANCH": "UDGIR",
    "ADDRESS": "HOUSE NO. 5.3.16 &5.3.21, NANDED BIDAR ROAD, UMA CHOWK, UDGIR, DIST. LATUR - 413517",
    "CONTACT": null,
    "CITY": "LATUR",
    "DISTRICT": "UDGIR",
    "STATE": "MAHARASHTRA"
  },
  "JSBP0000050": {
    "BANK": "JANATA SAHAKARI BANK LIMITED",
    "IFSC": "JSBP0000050",
    "BRANCH": "JALNA",
    "ADDRESS": "S.NO. 10624, HOUSE NO. 1.12.145, SAKLECHA ESTATE, SAROJINI DEVI ROAD, JALNA - 431 203",
    "CONTACT": null,
    "CITY": "JALNA",
    "DISTRICT": "JALNA",
    "STATE": "MAHARASHTRA"
  },
  "JSBP0000051": {
    "BANK": "JANATA SAHAKARI BANK LIMITED",
    "IFSC": "JSBP0000051",
    "BRANCH": "MULUND",
    "ADDRESS": "PLOT NO. 544/A, CTS NO. 286, BALAJI ARCADE, NETAJI SUBHASH ROAD, MULUND (W), MUMBAI - 400 080",
    "CONTACT": null,
    "CITY": "MUMBAI",
    "DISTRICT": "MUMBAI",
    "STATE": "MAHARASHTRA"
  },
  "JSBP0000052": {
    "BANK": "JANATA SAHAKARI BANK LIMITED",
    "IFSC": "JSBP0000052",
    "BRANCH": "GANDHI NAGAR",
    "ADDRESS": "HOUSE NO. 142/6/8, GALA NO. A/4, GANDHI NAGAR GRAMPANCHAYAT, TAL. KARVIR, DIST. KOLHAPUR-416005",
    "CONTACT": null,
    "CITY": "KOLHAPUR",
    "DISTRICT": "KOLHAPUR",
    "STATE": "MAHARASHTRA"
  },
  "JSBP0000053": {
    "BANK": "JANATA SAHAKARI BANK LIMITED",
    "IFSC": "JSBP0000053",
    "BRANCH": "LANJA",
    "ADDRESS": "SADGURU COMPLEX C WING NEAR MUMBAI GOA HIGHWAY BAZAR PETH AT POST LANJA DIST RATNAGIRI 416701",
    "CONTACT": null,
    "CITY": "RATNAGIRI",
    "DISTRICT": "LANJA",
    "STATE": "MAHARASHTRA"
  },
  "JSBP0000054": {
    "BANK": "JANATA SAHAKARI BANK LIMITED",
    "IFSC": "JSBP0000054",
    "BRANCH": "WARJE MALWADI",
    "ADDRESS": "SHOWROOM NO 10 BUILDING NO 12 AND 13 SPANDAN SURVAY NO 117/1 VILLAGE WARJE PUNE 411058",
    "CONTACT": null,
    "CITY": "PUNE",
    "DISTRICT": "PUNE",
    "STATE": "MAHARASHTRA"
  },
  "JSBP0000055": {
    "BANK": "JANATA SAHAKARI BANK LIMITED",
    "IFSC": "JSBP0000055",
    "BRANCH": "MOSHI",
    "ADDRESS": "SHRI SAMARTH KRUPA SECTOR NO 4 PLOT NO 287/S SANT NAGAR PRADHIKARAN MOSHI PUNE NASHIK HIGHWAY       MOSHI DIST PUNE 412105",
    "CONTACT": null,
    "CITY": "PUNE",
    "DISTRICT": "PUNE",
    "STATE": "MAHARASHTRA"
  },
  "JSBP0000056": {
    "BANK": "JANATA SAHAKARI BANK LIMITED",
    "IFSC": "JSBP0000056",
    "BRANCH": "GHODBANDAR ROAD",
    "ADDRESS": "SHOP NO 4 6 AND 7 GR FLOOR PANCHAMRUT CO OP SOC S NO 158 HISSA NO 1 VILLAGE KAVESAR GHODBANDAR RD THANE 400615",
    "CONTACT": null,
    "CITY": "THANE",
    "DISTRICT": "THANE",
    "STATE": "MAHARASHTRA"
  },
  "JSBP0000057": {
    "BANK": "JANATA SAHAKARI BANK LIMITED",
    "IFSC": "JSBP0000057",
    "BRANCH": "SOLAPUR",
    "ADDRESS": "TIMES SQUARE BUILDING 97/1 GR FLOOR MORARJI PETH NR PRABHAT CHITRA MANDIR DIST SOLAPUR 413001",
    "CONTACT": null,
    "CITY": "SOLAPUR",
    "DISTRICT": "SOLAPUR",
    "STATE": "MAHARASHTRA"
  },
  "JSBP0000058": {
    "BANK": "JANATA SAHAKARI BANK LIMITED",
    "IFSC": "JSBP0000058",
    "BRANCH": "GOREGAON  W",
    "ADDRESS": "SHOP NO 7 AND 8  GR FLOOR POONAM HEIGHTS 12 UDYOGNAGAR S V ROAD GOREGAON WEST MUMBAI 400062",
    "CONTACT": null,
    "CITY": "MUMBAI",
    "DISTRICT": "MUMBAI",
    "STATE": "MAHARASHTRA"
  },
  "JSBP0000059": {
    "BANK": "JANATA SAHAKARI BANK LIMITED",
    "IFSC": "JSBP0000059",
    "BRANCH": "PEN BRANCH",
    "ADDRESS": "FINAL PLOT NO 52 OLD S.NO 36/2 VEER SAWARKAR MARG PEN ANTORA ROAD POST PEN TALUKA PEN DIST RAIGAD 402107",
    "CONTACT": null,
    "CITY": "RAIGAD",
    "DISTRICT": "PEN",
    "STATE": "MAHARASHTRA"
  },
  "JSBP0000060": {
    "BANK": "JANATA SAHAKARI BANK LIMITED",
    "IFSC": "JSBP0000060",
    "BRANCH": "AHMEDNAGAR",
    "ADDRESS": "SHOP NO 2 GR FLOOR SAI MIDASTOUCH T.P.SCHEME NO 4 FINAL PLOT NO 101/86 AHMEDNAGAR MANMAD HIGHWAY SAWERI AHMEDNAGAR 414003",
    "CONTACT": null,
    "CITY": "AHMEDNAGAR",
    "DISTRICT": "AHMEDNAGAR",
    "STATE": "MAHARASHTRA"
  },
  "JSBP0000061": {
    "BANK": "JANATA SAHAKARI BANK LIMITED",
    "IFSC": "JSBP0000061",
    "BRANCH": "ICHALKARANJI",
    "ADDRESS": "W.NO.12 HOUSE NO.12 CHOUNDESHWARI BHAVAN MAHATMA PHULE ROAD ICHALKARANJI 416115",
    "CONTACT": null,
    "CITY": "KOLHAPUR",
    "DISTRICT": "ICHALKARANJI",
    "STATE": "MAHARASHTRA"
  },
  "JSBP0000062": {
    "BANK": "JANATA SAHAKARI BANK LIMITED",
    "IFSC": "JSBP0000062",
    "BRANCH": "SANGLI",
    "ADDRESS": "879 DALAVI BUILDING SARAF BAZAR GANAPTI PETH SANGLI 416416",
    "CONTACT": null,
    "CITY": "SANGLI",
    "DISTRICT": "SANGLI",
    "STATE": "MAHARASHTRA"
  },
  "JSBP0000063": {
    "BANK": "JANATA SAHAKARI BANK LIMITED",
    "IFSC": "JSBP0000063",
    "BRANCH": "KARAD",
    "ADDRESS": "PARANJAPE BUILDING DATTA CHOWK MAIN ROAD KARAD 415100",
    "CONTACT": null,
    "CITY": "SATARA",
    "DISTRICT": "KARAD",
    "STATE": "MAHARASHTRA"
  },
  "JSBP0000064": {
    "BANK": "JANATA SAHAKARI BANK LIMITED",
    "IFSC": "JSBP0000064",
    "BRANCH": "GADHINGLAJ",
    "ADDRESS": "MULLA CHAMBERS MAIN ROAD PIRAJI PATH GADHINGLAJ 416502",
    "CONTACT": null,
    "CITY": "KOLHAPUR",
    "DISTRICT": "GADHINGLAJ",
    "STATE": "MAHARASHTRA"
  },
  "JSBP0000065": {
    "BANK": "JANATA SAHAKARI BANK LIMITED",
    "IFSC": "JSBP0000065",
    "BRANCH": "JAWAHAR NAGAR",
    "ADDRESS": "W.NO.21 HOUSSE NO.1138 KAMBLE BUILDING STATION ROAD ICHALKARANJI 416115",
    "CONTACT": null,
    "CITY": "KOLHAPUR",
    "DISTRICT": "ICHALKARANJI",
    "STATE": "MAHARASHTRA"
  },
  "JSBP0000066": {
    "BANK": "JANATA SAHAKARI BANK LIMITED",
    "IFSC": "JSBP0000066",
    "BRANCH": "JAYSINGPUR",
    "ADDRESS": "LANE NO.9 HOUSE NO.1168 JAYSINGPUR 416101",
    "CONTACT": null,
    "CITY": "KOLHAPUR",
    "DISTRICT": "JAYSINGPUR",
    "STATE": "MAHARASHTRA"
  },
  "JSBP0000067": {
    "BANK": "JANATA SAHAKARI BANK LIMITED",
    "IFSC": "JSBP0000067",
    "BRANCH": "HADAPSAR",
    "ADDRESS": "S NO 261/1 2 AND 262  AMAR KUTIR GROUND FLOOR AND FIRST FLOOR PUNE SOLAPUR ROAD PUNE 411028",
    "CONTACT": null,
    "CITY": "PUNE",
    "DISTRICT": "PUNE",
    "STATE": "MAHARASHTRA"
  },
  "JSBP0000068": {
    "BANK": "JANATA SAHAKARI BANK LIMITED",
    "IFSC": "JSBP0000068",
    "BRANCH": "KANDIVALI  WEST",
    "ADDRESS": "CTS NO 455A 455B VEEVA ROYALE VILLA LALCHAND BHATIA NAGAR SHANKAR LANE KANDIVALI WEST MUMBAI 400067",
    "CONTACT": null,
    "CITY": "MUMBAI",
    "DISTRICT": "MUMBAI",
    "STATE": "MAHARASHTRA"
  },
  "JSBP0000069": {
    "BANK": "JANATA SAHAKARI BANK LIMITED",
    "IFSC": "JSBP0000069",
    "BRANCH": "SUS PASHAN ROAD",
    "ADDRESS": "S NO 148  HISSA NO 1/A/1 CITY S NO 1353 BUILDING A POORVA HEIGHTS PASHAN SUS ROAD PASHAN PUNE 411021",
    "CONTACT": null,
    "CITY": "PUNE",
    "DISTRICT": "PUNE",
    "STATE": "MAHARASHTRA"
  },
  "JSBP0000091": {
    "BANK": "JANATA SAHAKARI BANK LIMITED",
    "IFSC": "JSBP0000091",
    "BRANCH": "KASBA SANGMESHWAR",
    "ADDRESS": "GRAM PANCHAYAT BUILDING,TALUKA : SANGAMESHWAR,DIST : RATNAGIRI - 415608,E-MAIL : SANGAMESHWAR@JANATABANPUNE.COM",
    "CONTACT": "252025",
    "CITY": "RATNAGIRI",
    "DISTRICT": "SANGAMESHWAR",
    "STATE": "MAHARASHTRA"
  },
  "JSBP0000092": {
    "BANK": "JANATA SAHAKARI BANK LIMITED",
    "IFSC": "JSBP0000092",
    "BRANCH": "KADWAI",
    "ADDRESS": "TALUKA : SANGAMESHWAR,DIST RATNAGIRI 415608.E-MAIL :KADWAI@JANATABANPUNE.COM",
    "CONTACT": "255240",
    "CITY": "RATNAGIRI",
    "DISTRICT": "SANGAMESHWAR",
    "STATE": "MAHARASHTRA"
  },
  "JSBP0000097": {
    "BANK": "JANATA SAHAKARI BANK LIMITED",
    "IFSC": "JSBP0000097",
    "BRANCH": "ICHALKARAJI EXTENTION",
    "ADDRESS": "WARD NO 16 HISSA NO 1527/10 ANNA RAMGONDA PATIL SCHOOL ICHALKARANJI 416115",
    "CONTACT": null,
    "CITY": "KOLHAPUR",
    "DISTRICT": "ICHALKARANJI",
    "STATE": "MAHARASHTRA"
  },
  "JSBP0000098": {
    "BANK": "JANATA SAHAKARI BANK LIMITED",
    "IFSC": "JSBP0000098",
    "BRANCH": "BAJIRAO ROAD",
    "ADDRESS": "1444, SHUKRAWAR PETH,THORALE BAJIRAO ROAD,PUNE - 411002,E-MAIL : BAJIRAORD@JANATABANKPUNE.COM",
    "CONTACT": "24452013",
    "CITY": "PUNE",
    "DISTRICT": "PUNE",
    "STATE": "MAHARASHTRA"
  }
}