{
  "KACE0000001": {
    "BANK": "THE KANGRA CENTRAL COOPERATIVE BANK LIMITED",
    "IFSC": "KACE0000001",
    "BRANCH": "RTGS-HO",
    "ADDRESS": "CIVIL LINES DHARMSALA DISTT KANGRA H.P. 176215",
    "CONTACT": "223280",
    "CITY": "DHARAMSALA",
    "DISTRICT": "KANGRA",
    "STATE": "HIMACHAL PRADESH"
  },
  "KACE0000002": {
    "BANK": "THE KANGRA CENTRAL COOPERATIVE BANK LIMITED",
    "IFSC": "KACE0000002",
    "BRANCH": "DHARAMSHALA",
    "ADDRESS": "CIVIL LINES DHARMSALA DISTT KANGRA H.P. 176215",
    "CONTACT": "223227",
    "CITY": "DHARAMSALA",
    "DISTRICT": "KANGRA",
    "STATE": "HIMACHAL PRADESH"
  },
  "KACE0000003": {
    "BANK": "THE KANGRA CENTRAL COOPERATIVE BANK LIMITED",
    "IFSC": "KACE0000003",
    "BRANCH": "NURPUR",
    "ADDRESS": "TEHSIL NURPUR DISTT. KANGRA 176202",
    "CONTACT": "220051",
    "CITY": "NURPUR",
    "DISTRICT": "KANGRA",
    "STATE": "HIMACHAL PRADESH"
  },
  "KACE0000004": {
    "BANK": "THE KANGRA CENTRAL COOPERATIVE BANK LIMITED",
    "IFSC": "KACE0000004",
    "BRANCH": "MAIN BAZAR PALAMPUR",
    "ADDRESS": "MAIN BAZAR PALAMPUR DISTT. KANGRA H.P.",
    "CONTACT": "230587",
    "CITY": "PALAMPUR",
    "DISTRICT": "KANGRA",
    "STATE": "HIMACHAL PRADESH"
  },
  "KACE0000005": {
    "BANK": "THE KANGRA CENTRAL COOPERATIVE BANK LIMITED",
    "IFSC": "KACE0000005",
    "BRANCH": "HAMIRPUR",
    "ADDRESS": "TEHSIL & DISTT. HAMIRPUR H.P.177001",
    "CONTACT": "222201",
    "CITY": "HAMIRPUR",
    "DISTRICT": "HAMIRPUR",
    "STATE": "HIMACHAL PRADESH"
  },
  "KACE0000006": {
    "BANK": "THE KANGRA CENTRAL COOPERATIVE BANK LIMITED",
    "IFSC": "KACE0000006",
    "BRANCH": "KULU",
    "ADDRESS": "TEHSIL & DISTT KULU H.P. 175101",
    "CONTACT": "222598",
    "CITY": "KULU",
    "DISTRICT": "KULU",
    "STATE": "HIMACHAL PRADESH"
  },
  "KACE0000007": {
    "BANK": "THE KANGRA CENTRAL COOPERATIVE BANK LIMITED",
    "IFSC": "KACE0000007",
    "BRANCH": "KEYLONG",
    "ADDRESS": "TEHSIL KEYLONG DISTT LAHUL & SPITI 175132",
    "CONTACT": "222228",
    "CITY": "KEYLONG",
    "DISTRICT": "LAHUL & SPITI",
    "STATE": "HIMACHAL PRADESH"
  },
  "KACE0000008": {
    "BANK": "THE KANGRA CENTRAL COOPERATIVE BANK LIMITED",
    "IFSC": "KACE0000008",
    "BRANCH": "DEHRA",
    "ADDRESS": "TEHSIL DEHRA DISTT. KANGRA H.P.177101",
    "CONTACT": "233109",
    "CITY": "DEHRA",
    "DISTRICT": "KANGRA",
    "STATE": "HIMACHAL PRADESH"
  },
  "KACE0000009": {
    "BANK": "THE KANGRA CENTRAL COOPERATIVE BANK LIMITED",
    "IFSC": "KACE0000009",
    "BRANCH": "AMB",
    "ADDRESS": "VPO AMB TEHSIL AMB DISTT UNA H.P. 177203",
    "CONTACT": "260021",
    "CITY": "AMB",
    "DISTRICT": "UNA",
    "STATE": "HIMACHAL PRADESH"
  },
  "KACE0000010": {
    "BANK": "THE KANGRA CENTRAL COOPERATIVE BANK LIMITED",
    "IFSC": "KACE0000010",
    "BRANCH": "BANJAR",
    "ADDRESS": "NEAR OLD BUS STAND,V.P.O:- BANJAR,TEHSIL:- BANJAR, DISTRICT:- KULU. (H.P). PIN:- 175123.",
    "CONTACT": "222229",
    "CITY": "BANJAR",
    "DISTRICT": "KULU",
    "STATE": "HIMACHAL PRADESH"
  },
  "KACE0000011": {
    "BANK": "THE KANGRA CENTRAL COOPERATIVE BANK LIMITED",
    "IFSC": "KACE0000011",
    "BRANCH": "BARSAR",
    "ADDRESS": "V.P.O. BARSAR DISTT. HAMIRPUR",
    "CONTACT": "288028",
    "CITY": "BARSAR",
    "DISTRICT": "HAMIRPUR",
    "STATE": "HIMACHAL PRADESH"
  },
  "KACE0000012": {
    "BANK": "THE KANGRA CENTRAL COOPERATIVE BANK LIMITED",
    "IFSC": "KACE0000012",
    "BRANCH": "NAGROTA BAGWAN",
    "ADDRESS": "V.P.O NAGROTA BAGWAN DISTT. KANGRA 176047",
    "CONTACT": "252271",
    "CITY": "NAGROTA BAGWAN",
    "DISTRICT": "KANGRA",
    "STATE": "HIMACHAL PRADESH"
  },
  "KACE0000013": {
    "BANK": "THE KANGRA CENTRAL COOPERATIVE BANK LIMITED",
    "IFSC": "KACE0000013",
    "BRANCH": "UNA",
    "ADDRESS": "TEHSIL & DISTT. UNA H.P. 174303",
    "CONTACT": "223386",
    "CITY": "UNA",
    "DISTRICT": "UNA",
    "STATE": "HIMACHAL PRADESH"
  },
  "KACE0000014": {
    "BANK": "THE KANGRA CENTRAL COOPERATIVE BANK LIMITED",
    "IFSC": "KACE0000014",
    "BRANCH": "DAULTPUR CHOWK",
    "ADDRESS": "VPO DAULATPUR CHOWK TEHSIL AMB DISTT. UNA 177204",
    "CONTACT": "265034",
    "CITY": "DAULATPUR",
    "DISTRICT": "UNA",
    "STATE": "HIMACHAL PRADESH"
  },
  "KACE0000015": {
    "BANK": "THE KANGRA CENTRAL COOPERATIVE BANK LIMITED",
    "IFSC": "KACE0000015",
    "BRANCH": "KANDRORI",
    "ADDRESS": "TEHSIL INDORA DISTT. KANGRA 176402",
    "CONTACT": "244422",
    "CITY": "KANDROORI",
    "DISTRICT": "KANGRA",
    "STATE": "HIMACHAL PRADESH"
  },
  "KACE0000016": {
    "BANK": "THE KANGRA CENTRAL COOPERATIVE BANK LIMITED",
    "IFSC": "KACE0000016",
    "BRANCH": "BAIJNATH",
    "ADDRESS": "TEHSIL BAIJNATH DISTT. KANGRA 176225",
    "CONTACT": "263029",
    "CITY": "BAIJNATH",
    "DISTRICT": "KANGRA",
    "STATE": "HIMACHAL PRADESH"
  },
  "KACE0000017": {
    "BANK": "THE KANGRA CENTRAL COOPERATIVE BANK LIMITED",
    "IFSC": "KACE0000017",
    "BRANCH": "CHINTPURNI",
    "ADDRESS": "VPO CHINTPURNI TEHSIL AMB DISTT. UNA H.P. 177110",
    "CONTACT": "255233",
    "CITY": "CHINTPURNI",
    "DISTRICT": "UNA",
    "STATE": "HIMACHAL PRADESH"
  },
  "KACE0000018": {
    "BANK": "THE KANGRA CENTRAL COOPERATIVE BANK LIMITED",
    "IFSC": "KACE0000018",
    "BRANCH": "NADAUN",
    "ADDRESS": "TEHSIL NADAUN DISTT. HAMIRPUR H.P. 177033",
    "CONTACT": "232282",
    "CITY": "NADAUN",
    "DISTRICT": "HAMIRPUR",
    "STATE": "HIMACHAL PRADESH"
  },
  "KACE0000019": {
    "BANK": "THE KANGRA CENTRAL COOPERATIVE BANK LIMITED",
    "IFSC": "KACE0000019",
    "BRANCH": "LAMBAGAON",
    "ADDRESS": "TEHSIL JAISINGHPUR DISTT KANGRA H.P. 176096",
    "CONTACT": "228251",
    "CITY": "LAMBAGAON",
    "DISTRICT": "KANGRA",
    "STATE": "HIMACHAL PRADESH"
  },
  "KACE0000020": {
    "BANK": "THE KANGRA CENTRAL COOPERATIVE BANK LIMITED",
    "IFSC": "KACE0000020",
    "BRANCH": "ANI",
    "ADDRESS": "V.P.O:- ANNI, TEHSIL:- ANNI, DISTRICT:- KULU.(H.P).PIN:- 172026.",
    "CONTACT": "253347",
    "CITY": "ANI",
    "DISTRICT": "KULU",
    "STATE": "HIMACHAL PRADESH"
  },
  "KACE0000021": {
    "BANK": "THE KANGRA CENTRAL COOPERATIVE BANK LIMITED",
    "IFSC": "KACE0000021",
    "BRANCH": "HARIPUR",
    "ADDRESS": "TEHSIL DEHRA DISTT. KANGRA H.P. 176028",
    "CONTACT": "265034",
    "CITY": "HARIPUR",
    "DISTRICT": "KANGRA",
    "STATE": "HIMACHAL PRADESH"
  },
  "KACE0000022": {
    "BANK": "THE KANGRA CENTRAL COOPERATIVE BANK LIMITED",
    "IFSC": "KACE0000022",
    "BRANCH": "DHAMETA",
    "ADDRESS": "TEHSIL FATEHPUR DISTT. KANGRA H.P. 176025",
    "CONTACT": "254424",
    "CITY": "DHAMETA",
    "DISTRICT": "KANGRA",
    "STATE": "HIMACHAL PRADESH"
  },
  "KACE0000023": {
    "BANK": "THE KANGRA CENTRAL COOPERATIVE BANK LIMITED",
    "IFSC": "KACE0000023",
    "BRANCH": "DADA-SIBA",
    "ADDRESS": "TEHSIL JASWAN DISTT. KANGRA H.P 177106",
    "CONTACT": "289225",
    "CITY": "DADA SIBA",
    "DISTRICT": "KANGRA",
    "STATE": "HIMACHAL PRADESH"
  },
  "KACE0000024": {
    "BANK": "THE KANGRA CENTRAL COOPERATIVE BANK LIMITED",
    "IFSC": "KACE0000024",
    "BRANCH": "JAWALI",
    "ADDRESS": "VPO JAWALI DISTT. KANGRA H.P.",
    "CONTACT": "264226",
    "CITY": "JAWALI",
    "DISTRICT": "KANGRA",
    "STATE": "HIMACHAL PRADESH"
  },
  "KACE0000025": {
    "BANK": "THE KANGRA CENTRAL COOPERATIVE BANK LIMITED",
    "IFSC": "KACE0000025",
    "BRANCH": "BHORANJ",
    "ADDRESS": "TESHIL BHORANJ DISTT. HAMIRPUR H.P. 176045",
    "CONTACT": "266032",
    "CITY": "BHORANJ",
    "DISTRICT": "HAMIRPUR",
    "STATE": "HIMACHAL PRADESH"
  },
  "KACE0000026": {
    "BANK": "THE KANGRA CENTRAL COOPERATIVE BANK LIMITED",
    "IFSC": "KACE0000026",
    "BRANCH": "SANTOKHGARH",
    "ADDRESS": "TESHIL & DISTT. UNA H.P. 174301",
    "CONTACT": "256024",
    "CITY": "SANTOKHGARH",
    "DISTRICT": "UNA",
    "STATE": "HIMACHAL PRADESH"
  },
  "KACE0000027": {
    "BANK": "THE KANGRA CENTRAL COOPERATIVE BANK LIMITED",
    "IFSC": "KACE0000027",
    "BRANCH": "NAGROTA SURIAN",
    "ADDRESS": "TEHSIL JAWALI DISTT. KANGRA H.P. 176027",
    "CONTACT": "265021",
    "CITY": "NAGROTA SURIAN",
    "DISTRICT": "KANGRA",
    "STATE": "HIMACHAL PRADESH"
  },
  "KACE0000028": {
    "BANK": "THE KANGRA CENTRAL COOPERATIVE BANK LIMITED",
    "IFSC": "KACE0000028",
    "BRANCH": "LOHARA",
    "ADDRESS": "TEHSIL FATEHPUR DISTT. KANGRA H.P. 176053",
    "CONTACT": "256019",
    "CITY": "FATEHPUR",
    "DISTRICT": "KANGRA",
    "STATE": "HIMACHAL PRADESH"
  },
  "KACE0000030": {
    "BANK": "THE KANGRA CENTRAL COOPERATIVE BANK LIMITED",
    "IFSC": "KACE0000030",
    "BRANCH": "RAJA-KA-TALAB",
    "ADDRESS": "TESHIL JAWALI DISTT. KANGRA H.P. 176051",
    "CONTACT": "250043",
    "CITY": "RAJA KA TALAB",
    "DISTRICT": "KANGRA",
    "STATE": "HIMACHAL PRADESH"
  },
  "KACE0000031": {
    "BANK": "THE KANGRA CENTRAL COOPERATIVE BANK LIMITED",
    "IFSC": "KACE0000031",
    "BRANCH": "GANGATH",
    "ADDRESS": "TEHSIL NURPUR DISTT. KANGRA H.P. 176204",
    "CONTACT": "275032",
    "CITY": "GANGATH",
    "DISTRICT": "KANGRA",
    "STATE": "HIMACHAL PRADESH"
  },
  "KACE0000032": {
    "BANK": "THE KANGRA CENTRAL COOPERATIVE BANK LIMITED",
    "IFSC": "KACE0000032",
    "BRANCH": "JASSUR",
    "ADDRESS": "TEHSIL NURPUR DISTT. KANGRA H.P. 176201",
    "CONTACT": "226090",
    "CITY": "JASUR",
    "DISTRICT": "KANGRA",
    "STATE": "HIMACHAL PRADESH"
  },
  "KACE0000033": {
    "BANK": "THE KANGRA CENTRAL COOPERATIVE BANK LIMITED",
    "IFSC": "KACE0000033",
    "BRANCH": "KANGRA",
    "ADDRESS": "RAJPUT BHAWANKANGRAPO KANGRA DISTT KANGRA H.P.",
    "CONTACT": "265057",
    "CITY": "KANGRA",
    "DISTRICT": "KANGRA",
    "STATE": "HIMACHAL PRADESH"
  },
  "KACE0000034": {
    "BANK": "THE KANGRA CENTRAL COOPERATIVE BANK LIMITED",
    "IFSC": "KACE0000034",
    "BRANCH": "BANGANA",
    "ADDRESS": "TESHIL BANGANA DIST. UNA H.P. 174307",
    "CONTACT": "262023",
    "CITY": "BANGANA",
    "DISTRICT": "UNA",
    "STATE": "HIMACHAL PRADESH"
  },
  "KACE0000035": {
    "BANK": "THE KANGRA CENTRAL COOPERATIVE BANK LIMITED",
    "IFSC": "KACE0000035",
    "BRANCH": "MANALI",
    "ADDRESS": "TEHSIL MANALI DISTT. KULU 175131",
    "CONTACT": "252433",
    "CITY": "MANALI",
    "DISTRICT": "KULU",
    "STATE": "HIMACHAL PRADESH"
  },
  "KACE0000036": {
    "BANK": "THE KANGRA CENTRAL COOPERATIVE BANK LIMITED",
    "IFSC": "KACE0000036",
    "BRANCH": "BHIJARI",
    "ADDRESS": "VPO BIJHARI TEHSIL BARSAR DISTT. KANGRA H.P.",
    "CONTACT": "283024",
    "CITY": "BIJHARI",
    "DISTRICT": "HAMIRPUR",
    "STATE": "HIMACHAL PRADESH"
  },
  "KACE0000037": {
    "BANK": "THE KANGRA CENTRAL COOPERATIVE BANK LIMITED",
    "IFSC": "KACE0000037",
    "BRANCH": "GAGRET",
    "ADDRESS": "VPO GAGRET TEHSIL AMB DISTT UNA H.P. 177201",
    "CONTACT": "241302",
    "CITY": "GAGRET",
    "DISTRICT": "UNA",
    "STATE": "HIMACHAL PRADESH"
  },
  "KACE0000038": {
    "BANK": "THE KANGRA CENTRAL COOPERATIVE BANK LIMITED",
    "IFSC": "KACE0000038",
    "BRANCH": "NIRMAND",
    "ADDRESS": "TESHIL NIRMAND DISTT. KULU 172023",
    "CONTACT": "255141",
    "CITY": "NIRMAND",
    "DISTRICT": "KULU",
    "STATE": "HIMACHAL PRADESH"
  },
  "KACE0000039": {
    "BANK": "THE KANGRA CENTRAL COOPERATIVE BANK LIMITED",
    "IFSC": "KACE0000039",
    "BRANCH": "BHARMAR",
    "ADDRESS": "TEHSIL JAWALI DSITT. KANGRA H.P. 176021",
    "CONTACT": "250057",
    "CITY": "BHARMAR",
    "DISTRICT": "KANGRA",
    "STATE": "HIMACHAL PRADESH"
  },
  "KACE0000040": {
    "BANK": "THE KANGRA CENTRAL COOPERATIVE BANK LIMITED",
    "IFSC": "KACE0000040",
    "BRANCH": "RAIT",
    "ADDRESS": "V PO RAITDISTT KANGRA H.P.",
    "CONTACT": "238049",
    "CITY": "RAIT",
    "DISTRICT": "KANGRA",
    "STATE": "HIMACHAL PRADESH"
  },
  "KACE0000041": {
    "BANK": "THE KANGRA CENTRAL COOPERATIVE BANK LIMITED",
    "IFSC": "KACE0000041",
    "BRANCH": "BHUNTER",
    "ADDRESS": "TESHIL & DSITT. KULU 175125",
    "CONTACT": "265090",
    "CITY": "KULU",
    "DISTRICT": "KULU",
    "STATE": "HIMACHAL PRADESH"
  },
  "KACE0000042": {
    "BANK": "THE KANGRA CENTRAL COOPERATIVE BANK LIMITED",
    "IFSC": "KACE0000042",
    "BRANCH": "SUJANPUR TIRA",
    "ADDRESS": "TESHIL SUJANPUR TIRA DISTT. HAMIRPUT 176314",
    "CONTACT": "272042",
    "CITY": "SUJANPUR TIRA",
    "DISTRICT": "HAMIRPUR",
    "STATE": "HIMACHAL PRADESH"
  },
  "KACE0000043": {
    "BANK": "THE KANGRA CENTRAL COOPERATIVE BANK LIMITED",
    "IFSC": "KACE0000043",
    "BRANCH": "HARSAR",
    "ADDRESS": "TESHIL JAWALI DSITT. KANGRA",
    "CONTACT": "253524",
    "CITY": "HARSAR",
    "DISTRICT": "KANGRA",
    "STATE": "HIMACHAL PRADESH"
  },
  "KACE0000044": {
    "BANK": "THE KANGRA CENTRAL COOPERATIVE BANK LIMITED",
    "IFSC": "KACE0000044",
    "BRANCH": "RAKKAR",
    "ADDRESS": "TEHAIL DEHRA DISTT. KANGRA H.P. 177043",
    "CONTACT": "279224",
    "CITY": "RAKKAR",
    "DISTRICT": "KANGRA",
    "STATE": "HIMACHAL PRADESH"
  },
  "KACE0000045": {
    "BANK": "THE KANGRA CENTRAL COOPERATIVE BANK LIMITED",
    "IFSC": "KACE0000045",
    "BRANCH": "DHANETA",
    "ADDRESS": "VPO DHANETA TEHSIL NADAUN DISTT HAMIRPUR",
    "CONTACT": "234044",
    "CITY": "DHANETA",
    "DISTRICT": "HAMIRPUR",
    "STATE": "HIMACHAL PRADESH"
  },
  "KACE0000046": {
    "BANK": "THE KANGRA CENTRAL COOPERATIVE BANK LIMITED",
    "IFSC": "KACE0000046",
    "BRANCH": "GALORE",
    "ADDRESS": "VPO GALORE DISTT. HAMIRPUR",
    "CONTACT": "242025",
    "CITY": "GALORE",
    "DISTRICT": "HAMIRPUR",
    "STATE": "HIMACHAL PRADESH"
  },
  "KACE0000047": {
    "BANK": "THE KANGRA CENTRAL COOPERATIVE BANK LIMITED",
    "IFSC": "KACE0000047",
    "BRANCH": "KAZA",
    "ADDRESS": "VPO KAZA TEHSIL SPITI",
    "CONTACT": "9418556393",
    "CITY": "KAZA",
    "DISTRICT": "LAHUL & SPITI",
    "STATE": "HIMACHAL PRADESH"
  },
  "KACE0000048": {
    "BANK": "THE KANGRA CENTRAL COOPERATIVE BANK LIMITED",
    "IFSC": "KACE0000048",
    "BRANCH": "HAROLI",
    "ADDRESS": "TEHSIL HAROLI DISTT. UNA H.P. 177220",
    "CONTACT": "284032",
    "CITY": "HAROLI",
    "DISTRICT": "UNA",
    "STATE": "HIMACHAL PRADESH"
  },
  "KACE0000049": {
    "BANK": "THE KANGRA CENTRAL COOPERATIVE BANK LIMITED",
    "IFSC": "KACE0000049",
    "BRANCH": "DHEERA",
    "ADDRESS": "TEHSIL PALAMPUR DISTT. KANGRA H.P. 176101",
    "CONTACT": "222238",
    "CITY": "DHEERA",
    "DISTRICT": "KANGRA",
    "STATE": "HIMACHAL PRADESH"
  },
  "KACE0000050": {
    "BANK": "THE KANGRA CENTRAL COOPERATIVE BANK LIMITED",
    "IFSC": "KACE0000050",
    "BRANCH": "KOTLA",
    "ADDRESS": "TEHSIL NURPUR DISTT. KANGRA H.P. 176205",
    "CONTACT": "236623",
    "CITY": "KOTLA",
    "DISTRICT": "KANGRA",
    "STATE": "HIMACHAL PRADESH"
  },
  "KACE0000051": {
    "BANK": "THE KANGRA CENTRAL COOPERATIVE BANK LIMITED",
    "IFSC": "KACE0000051",
    "BRANCH": "REHAN",
    "ADDRESS": "TEHSIL NURPUR DISTT. KANGRA H.P. 176022",
    "CONTACT": "250036",
    "CITY": "REHAN",
    "DISTRICT": "KANGRA",
    "STATE": "HIMACHAL PRADESH"
  },
  "KACE0000052": {
    "BANK": "THE KANGRA CENTRAL COOPERATIVE BANK LIMITED",
    "IFSC": "KACE0000052",
    "BRANCH": "BADUKHAR",
    "ADDRESS": "TESHIL INDORA DISTT KANGRA",
    "CONTACT": "257433",
    "CITY": "BADUKHAR",
    "DISTRICT": "KANGRA",
    "STATE": "HIMACHAL PRADESH"
  },
  "KACE0000053": {
    "BANK": "THE KANGRA CENTRAL COOPERATIVE BANK LIMITED",
    "IFSC": "KACE0000053",
    "BRANCH": "JOURBAR",
    "ADDRESS": "VILL JOURBAR PO TIPRI TEHSIL JASWAN DISTT. KANGRA H.P. 177112",
    "CONTACT": "276123",
    "CITY": "BATHU-TIPRI",
    "DISTRICT": "KANGRA",
    "STATE": "HIMACHAL PRADESH"
  },
  "KACE0000054": {
    "BANK": "THE KANGRA CENTRAL COOPERATIVE BANK LIMITED",
    "IFSC": "KACE0000054",
    "BRANCH": "PANCHRUKHI",
    "ADDRESS": "TEHSIL PALAMPUR DISTT. KANGRA H.P. 176103",
    "CONTACT": "254225",
    "CITY": "PANCHRUKHI",
    "DISTRICT": "KANGRA",
    "STATE": "HIMACHAL PRADESH"
  },
  "KACE0000055": {
    "BANK": "THE KANGRA CENTRAL COOPERATIVE BANK LIMITED",
    "IFSC": "KACE0000055",
    "BRANCH": "RAIPUR MAIDAN",
    "ADDRESS": "TESHIL & DSITT. UNA H.P.",
    "CONTACT": "244408",
    "CITY": "RAIPUR-MAIDAN",
    "DISTRICT": "UNA",
    "STATE": "HIMACHAL PRADESH"
  },
  "KACE0000056": {
    "BANK": "THE KANGRA CENTRAL COOPERATIVE BANK LIMITED",
    "IFSC": "KACE0000056",
    "BRANCH": "JAWALAMUKHI",
    "ADDRESS": "TEHSILDEHRA DISTT. KANGRA H.P. 176031",
    "CONTACT": "222274",
    "CITY": "JAWALAMUKHI",
    "DISTRICT": "KANGRA",
    "STATE": "HIMACHAL PRADESH"
  },
  "KACE0000057": {
    "BANK": "THE KANGRA CENTRAL COOPERATIVE BANK LIMITED",
    "IFSC": "KACE0000057",
    "BRANCH": "DANOA",
    "ADDRESS": "VILL DANOA P.O. BAROH DISTT KANGRA 176054",
    "CONTACT": "259018",
    "CITY": "BADOH",
    "DISTRICT": "KANGRA",
    "STATE": "HIMACHAL PRADESH"
  },
  "KACE0000058": {
    "BANK": "THE KANGRA CENTRAL COOPERATIVE BANK LIMITED",
    "IFSC": "KACE0000058",
    "BRANCH": "GAGGAL",
    "ADDRESS": "V PO GAGGAL DISTT KANGRA H.P.",
    "CONTACT": "232284",
    "CITY": "GAGGAL",
    "DISTRICT": "KANGRA",
    "STATE": "HIMACHAL PRADESH"
  },
  "KACE0000059": {
    "BANK": "THE KANGRA CENTRAL COOPERATIVE BANK LIMITED",
    "IFSC": "KACE0000059",
    "BRANCH": "THURAL",
    "ADDRESS": "TESHIL PALAMPUR DISTT. KANGRA H.P. 176107",
    "CONTACT": "276649",
    "CITY": "THURAL",
    "DISTRICT": "KANGRA",
    "STATE": "HIMACHAL PRADESH"
  },
  "KACE0000060": {
    "BANK": "THE KANGRA CENTRAL COOPERATIVE BANK LIMITED",
    "IFSC": "KACE0000060",
    "BRANCH": "SANSARPUR TERRACE",
    "ADDRESS": "VPO SANSARPUR TERRACE TEHSIL JASWAN DISTT. KANGRA H.P.176501",
    "CONTACT": "256431",
    "CITY": "SANSARPUR TERRAS",
    "DISTRICT": "KANGRA",
    "STATE": "HIMACHAL PRADESH"
  },
  "KACE0000061": {
    "BANK": "THE KANGRA CENTRAL COOPERATIVE BANK LIMITED",
    "IFSC": "KACE0000061",
    "BRANCH": "BHOTA",
    "ADDRESS": "VPO BHOTA DISTT. HAMIRPUR H.P.",
    "CONTACT": "255034",
    "CITY": "BHOTA",
    "DISTRICT": "HAMIRPUR",
    "STATE": "HIMACHAL PRADESH"
  },
  "KACE0000062": {
    "BANK": "THE KANGRA CENTRAL COOPERATIVE BANK LIMITED",
    "IFSC": "KACE0000062",
    "BRANCH": "SAINJ",
    "ADDRESS": "SAINJ, V.P.O:- SAINJ, TEHSIL:- SAINJ, DISTRICT:- KULU. (H.P). PIN:- 175134.",
    "CONTACT": "230031",
    "CITY": "SAINJ",
    "DISTRICT": "KULU",
    "STATE": "HIMACHAL PRADESH"
  },
  "KACE0000063": {
    "BANK": "THE KANGRA CENTRAL COOPERATIVE BANK LIMITED",
    "IFSC": "KACE0000063",
    "BRANCH": "ANOO",
    "ADDRESS": "VPO ANOO DISTT. HAMIRPUR",
    "CONTACT": "222405",
    "CITY": "HAMIRPUR",
    "DISTRICT": "HAMIRPUR",
    "STATE": "HIMACHAL PRADESH"
  },
  "KACE0000064": {
    "BANK": "THE KANGRA CENTRAL COOPERATIVE BANK LIMITED",
    "IFSC": "KACE0000064",
    "BRANCH": "SHANSHA",
    "ADDRESS": "TESHIL KEYLONG DISTT. LAHUL & SPITI H.P.",
    "CONTACT": "278102",
    "CITY": "KEYLONG",
    "DISTRICT": "LAHUL & SPITI",
    "STATE": "HIMACHAL PRADESH"
  },
  "KACE0000065": {
    "BANK": "THE KANGRA CENTRAL COOPERATIVE BANK LIMITED",
    "IFSC": "KACE0000065",
    "BRANCH": "BARA",
    "ADDRESS": "VPO BARA DISTT. KANGRA H.P.",
    "CONTACT": "238040",
    "CITY": "BARA",
    "DISTRICT": "HAMIRPUR",
    "STATE": "HIMACHAL PRADESH"
  },
  "KACE0000066": {
    "BANK": "THE KANGRA CENTRAL COOPERATIVE BANK LIMITED",
    "IFSC": "KACE0000066",
    "BRANCH": "CHANOUR",
    "ADDRESS": "TESHIL DEHRA DISTT. KANGRA H.P. 177113",
    "CONTACT": "286231",
    "CITY": "DALIARA",
    "DISTRICT": "KANGRA",
    "STATE": "HIMACHAL PRADESH"
  },
  "KACE0000067": {
    "BANK": "THE KANGRA CENTRAL COOPERATIVE BANK LIMITED",
    "IFSC": "KACE0000067",
    "BRANCH": "PANJAWAR",
    "ADDRESS": "VPO PANJAWAR TEHSIL HAROLI DISTT UNA H.P. 177208",
    "CONTACT": "286043",
    "CITY": "PANJAWAR",
    "DISTRICT": "UNA",
    "STATE": "HIMACHAL PRADESH"
  },
  "KACE0000069": {
    "BANK": "THE KANGRA CENTRAL COOPERATIVE BANK LIMITED",
    "IFSC": "KACE0000069",
    "BRANCH": "SADWAN",
    "ADDRESS": "TEHSIL NURPUR DISTT.KANGRA H.P. 176202",
    "CONTACT": "234061",
    "CITY": "NURPUR",
    "DISTRICT": "KANGRA",
    "STATE": "HIMACHAL PRADESH"
  },
  "KACE0000070": {
    "BANK": "THE KANGRA CENTRAL COOPERATIVE BANK LIMITED",
    "IFSC": "KACE0000070",
    "BRANCH": "BIR",
    "ADDRESS": "TESHIL BAIJNATH DSITT. KANGRA H.P. 175041",
    "CONTACT": "268556",
    "CITY": "BIR",
    "DISTRICT": "KANGRA",
    "STATE": "HIMACHAL PRADESH"
  },
  "KACE0000071": {
    "BANK": "THE KANGRA CENTRAL COOPERATIVE BANK LIMITED",
    "IFSC": "KACE0000071",
    "BRANCH": "SATHANA",
    "ADDRESS": "TESHIL FATEHPUR DISTT. KANGRA H.P. 176025",
    "CONTACT": "288883",
    "CITY": "BADUKHAR",
    "DISTRICT": "KANGRA",
    "STATE": "HIMACHAL PRADESH"
  },
  "KACE0000072": {
    "BANK": "THE KANGRA CENTRAL COOPERATIVE BANK LIMITED",
    "IFSC": "KACE0000072",
    "BRANCH": "LAMBLOO",
    "ADDRESS": "TEHSIL & DISTT. HAMIRPUR H.P. 177029",
    "CONTACT": "248021",
    "CITY": "LAMBLOO",
    "DISTRICT": "HAMIRPUR",
    "STATE": "HIMACHAL PRADESH"
  },
  "KACE0000073": {
    "BANK": "THE KANGRA CENTRAL COOPERATIVE BANK LIMITED",
    "IFSC": "KACE0000073",
    "BRANCH": "PRAGPUR",
    "ADDRESS": "TESHIL DEHRA DISTT. KANGRA H.P. 177107",
    "CONTACT": "245007",
    "CITY": "PRAGPUR",
    "DISTRICT": "KANGRA",
    "STATE": "HIMACHAL PRADESH"
  },
  "KACE0000074": {
    "BANK": "THE KANGRA CENTRAL COOPERATIVE BANK LIMITED",
    "IFSC": "KACE0000074",
    "BRANCH": "DALAS",
    "ADDRESS": "DALASH, V.P.O:- DALASH, TEHSIL:- ANNI, DISTRICT:- KULU. (H.P). PIN:- 172025.",
    "CONTACT": "256624",
    "CITY": "DALAS",
    "DISTRICT": "KULU",
    "STATE": "HIMACHAL PRADESH"
  },
  "KACE0000075": {
    "BANK": "THE KANGRA CENTRAL COOPERATIVE BANK LIMITED",
    "IFSC": "KACE0000075",
    "BRANCH": "KB DHARAMSHALA",
    "ADDRESS": "KOTWALI BAZAR DHARMSALA DISTT KANGRA 176215",
    "CONTACT": "223244",
    "CITY": "DHARAMSALA",
    "DISTRICT": "KANGRA",
    "STATE": "HIMACHAL PRADESH"
  },
  "KACE0000076": {
    "BANK": "THE KANGRA CENTRAL COOPERATIVE BANK LIMITED",
    "IFSC": "KACE0000076",
    "BRANCH": "INDORA",
    "ADDRESS": "TESHIL INDORA DISTT. KANGRA H.P. 176401",
    "CONTACT": "241232",
    "CITY": "INDORA",
    "DISTRICT": "KANGRA",
    "STATE": "HIMACHAL PRADESH"
  },
  "KACE0000077": {
    "BANK": "THE KANGRA CENTRAL COOPERATIVE BANK LIMITED",
    "IFSC": "KACE0000077",
    "BRANCH": "KATRAIN",
    "ADDRESS": "TEHSIL & DISTT. KULU H.P. 175129",
    "CONTACT": "240249",
    "CITY": "KATRAIN",
    "DISTRICT": "KULU",
    "STATE": "HIMACHAL PRADESH"
  },
  "KACE0000078": {
    "BANK": "THE KANGRA CENTRAL COOPERATIVE BANK LIMITED",
    "IFSC": "KACE0000078",
    "BRANCH": "TAKOLI",
    "ADDRESS": "TEHSIL BANGANA DISTT. UNA H.P. 177039",
    "CONTACT": "276037",
    "CITY": "SOHARI TAKOLI",
    "DISTRICT": "UNA",
    "STATE": "HIMACHAL PRADESH"
  },
  "KACE0000079": {
    "BANK": "THE KANGRA CENTRAL COOPERATIVE BANK LIMITED",
    "IFSC": "KACE0000079",
    "BRANCH": "MEHATPUR",
    "ADDRESS": "TESHIL & DISTT. UNA H.P. 174315",
    "CONTACT": "232117",
    "CITY": "MEHATPUR",
    "DISTRICT": "UNA",
    "STATE": "HIMACHAL PRADESH"
  },
  "KACE0000081": {
    "BANK": "THE KANGRA CENTRAL COOPERATIVE BANK LIMITED",
    "IFSC": "KACE0000081",
    "BRANCH": "NAGRI",
    "ADDRESS": "TESHIL PALAMPUR DISTT. KANGRA H.P. 176059",
    "CONTACT": "252301",
    "CITY": "CHACHIAN",
    "DISTRICT": "KANGRA",
    "STATE": "HIMACHAL PRADESH"
  },
  "KACE0000082": {
    "BANK": "THE KANGRA CENTRAL COOPERATIVE BANK LIMITED",
    "IFSC": "KACE0000082",
    "BRANCH": "DEOL",
    "ADDRESS": "TESHIL BAIJNATH DSITT. KANGRA H.P. 176125",
    "CONTACT": "264134",
    "CITY": "BAIJNATH",
    "DISTRICT": "KANGRA",
    "STATE": "HIMACHAL PRADESH"
  },
  "KACE0000083": {
    "BANK": "THE KANGRA CENTRAL COOPERATIVE BANK LIMITED",
    "IFSC": "KACE0000083",
    "BRANCH": "KHUNDIAN",
    "ADDRESS": "TESHIL KHUNDIAN DISTT. KANGRA H.P. 176030",
    "CONTACT": "272053",
    "CITY": "KHUNDIAN",
    "DISTRICT": "KANGRA",
    "STATE": "HIMACHAL PRADESH"
  },
  "KACE0000084": {
    "BANK": "THE KANGRA CENTRAL COOPERATIVE BANK LIMITED",
    "IFSC": "KACE0000084",
    "BRANCH": "WAHE-DA-PATT",
    "ADDRESS": "TEHSIL PALAMPUR DIST. KANGRA H.P.176086",
    "CONTACT": "272216",
    "CITY": "KHAIRA",
    "DISTRICT": "KANGRA",
    "STATE": "HIMACHAL PRADESH"
  },
  "KACE0000085": {
    "BANK": "THE KANGRA CENTRAL COOPERATIVE BANK LIMITED",
    "IFSC": "KACE0000085",
    "BRANCH": "PATTA",
    "ADDRESS": "TESHIL & DISTT. HAMIRPUR H.P. 173233",
    "CONTACT": "267128",
    "CITY": "BHORANJ",
    "DISTRICT": "HAMIRPUR",
    "STATE": "HIMACHAL PRADESH"
  },
  "KACE0000086": {
    "BANK": "THE KANGRA CENTRAL COOPERATIVE BANK LIMITED",
    "IFSC": "KACE0000086",
    "BRANCH": "JAISINGHPUR",
    "ADDRESS": "TESHIL JAISINGHPUR DISTT. KANGRA H.P. 176095",
    "CONTACT": "228354",
    "CITY": "JAISINGHPUR",
    "DISTRICT": "KANGRA",
    "STATE": "HIMACHAL PRADESH"
  },
  "KACE0000087": {
    "BANK": "THE KANGRA CENTRAL COOPERATIVE BANK LIMITED",
    "IFSC": "KACE0000087",
    "BRANCH": "DUSHARA",
    "ADDRESS": "TESHIL & DISTT. UNA 174302",
    "CONTACT": "233002",
    "CITY": "UNA",
    "DISTRICT": "UNA",
    "STATE": "HIMACHAL PRADESH"
  },
  "KACE0000088": {
    "BANK": "THE KANGRA CENTRAL COOPERATIVE BANK LIMITED",
    "IFSC": "KACE0000088",
    "BRANCH": "SHAHPUR",
    "ADDRESS": "V PO SHAHPUR DISTT KANGRA H.P.",
    "CONTACT": "238001",
    "CITY": "SHAHPUR",
    "DISTRICT": "KANGRA",
    "STATE": "HIMACHAL PRADESH"
  },
  "KACE0000089": {
    "BANK": "THE KANGRA CENTRAL COOPERATIVE BANK LIMITED",
    "IFSC": "KACE0000089",
    "BRANCH": "TAUNI DEVI",
    "ADDRESS": "TEHSIL & DISTT. HAMIRPUR 177023",
    "CONTACT": "278005",
    "CITY": "TAUNIDEVI",
    "DISTRICT": "HAMIRPUR",
    "STATE": "HIMACHAL PRADESH"
  },
  "KACE0000090": {
    "BANK": "THE KANGRA CENTRAL COOPERATIVE BANK LIMITED",
    "IFSC": "KACE0000090",
    "BRANCH": "LARJEE",
    "ADDRESS": "V.P.O. LARJEE TEHSIL SAINJ DISTT. KULU PIN 175122",
    "CONTACT": null,
    "CITY": "BANJAR",
    "DISTRICT": "KULU",
    "STATE": "HIMACHAL PRADESH"
  },
  "KACE0000091": {
    "BANK": "THE KANGRA CENTRAL COOPERATIVE BANK LIMITED",
    "IFSC": "KACE0000091",
    "BRANCH": "PAPROLA",
    "ADDRESS": "TESHIL BAIJNATH DISTT. KANGRA H.P. 176115",
    "CONTACT": "242532",
    "CITY": "PAPROLA",
    "DISTRICT": "KANGRA",
    "STATE": "HIMACHAL PRADESH"
  },
  "KACE0000092": {
    "BANK": "THE KANGRA CENTRAL COOPERATIVE BANK LIMITED",
    "IFSC": "KACE0000092",
    "BRANCH": "DAMTAL",
    "ADDRESS": "TESHIL INDORA DISTT KANGRA H.P. 176403",
    "CONTACT": "244775",
    "CITY": "DAMTAL",
    "DISTRICT": "KANGRA",
    "STATE": "HIMACHAL PRADESH"
  },
  "KACE0000093": {
    "BANK": "THE KANGRA CENTRAL COOPERATIVE BANK LIMITED",
    "IFSC": "KACE0000093",
    "BRANCH": "BHAWARNA",
    "ADDRESS": "TESHIL PALAMPUR DISTT. KANGRA H.P. 176083",
    "CONTACT": "247290",
    "CITY": "BHAWARNA",
    "DISTRICT": "KANGRA",
    "STATE": "HIMACHAL PRADESH"
  },
  "KACE0000094": {
    "BANK": "THE KANGRA CENTRAL COOPERATIVE BANK LIMITED",
    "IFSC": "KACE0000094",
    "BRANCH": "PANJOT",
    "ADDRESS": "TEHSIL & DISTT. HAMIRPUR H.P. 177029",
    "CONTACT": "275144",
    "CITY": "TAUNIDEVI",
    "DISTRICT": "HAMIRPUR",
    "STATE": "HIMACHAL PRADESH"
  },
  "KACE0000096": {
    "BANK": "THE KANGRA CENTRAL COOPERATIVE BANK LIMITED",
    "IFSC": "KACE0000096",
    "BRANCH": "GOVT. COLLEGE UNA",
    "ADDRESS": "TEHSIL & DISTT. UNA H.P. 174303",
    "CONTACT": "225202",
    "CITY": "UNA",
    "DISTRICT": "UNA",
    "STATE": "HIMACHAL PRADESH"
  },
  "KACE0000097": {
    "BANK": "THE KANGRA CENTRAL COOPERATIVE BANK LIMITED",
    "IFSC": "KACE0000097",
    "BRANCH": "BAGLI",
    "ADDRESS": "V POBAGLI DISTT KANGRA H.P.",
    "CONTACT": "232570",
    "CITY": "GAGGAL",
    "DISTRICT": "KANGRA",
    "STATE": "HIMACHAL PRADESH"
  },
  "KACE0000098": {
    "BANK": "THE KANGRA CENTRAL COOPERATIVE BANK LIMITED",
    "IFSC": "KACE0000098",
    "BRANCH": "BANI",
    "ADDRESS": "VPO BANI DISTT HAMIRPUR",
    "CONTACT": "288070",
    "CITY": "BARSAR",
    "DISTRICT": "HAMIRPUR",
    "STATE": "HIMACHAL PRADESH"
  },
  "KACE0000099": {
    "BANK": "THE KANGRA CENTRAL COOPERATIVE BANK LIMITED",
    "IFSC": "KACE0000099",
    "BRANCH": "GANDHI NAGAR",
    "ADDRESS": "KULU DISTT. KULU H.P.",
    "CONTACT": "225545",
    "CITY": "KULU",
    "DISTRICT": "KULU",
    "STATE": "HIMACHAL PRADESH"
  },
  "KACE0000100": {
    "BANK": "THE KANGRA CENTRAL COOPERATIVE BANK LIMITED",
    "IFSC": "KACE0000100",
    "BRANCH": "CHARRI",
    "ADDRESS": "V PO CHARRI DISTT KANGRA H.P.",
    "CONTACT": "277296",
    "CITY": "CHARI",
    "DISTRICT": "KANGRA",
    "STATE": "HIMACHAL PRADESH"
  },
  "KACE0000101": {
    "BANK": "THE KANGRA CENTRAL COOPERATIVE BANK LIMITED",
    "IFSC": "KACE0000101",
    "BRANCH": "DIDWIN TIKKAR",
    "ADDRESS": "TEHSIL BARSAR DSITT. HAMIRPUR H.P.177401",
    "CONTACT": "255169",
    "CITY": "BHOTA",
    "DISTRICT": "HAMIRPUR",
    "STATE": "HIMACHAL PRADESH"
  },
  "KACE0000102": {
    "BANK": "THE KANGRA CENTRAL COOPERATIVE BANK LIMITED",
    "IFSC": "KACE0000102",
    "BRANCH": "CHADIAR",
    "ADDRESS": "TEHSIL BAIJNATH DISTT. KANGRA 176088",
    "CONTACT": "257359",
    "CITY": "CHADIHYAR",
    "DISTRICT": "KANGRA",
    "STATE": "HIMACHAL PRADESH"
  },
  "KACE0000103": {
    "BANK": "THE KANGRA CENTRAL COOPERATIVE BANK LIMITED",
    "IFSC": "KACE0000103",
    "BRANCH": "JHALERA",
    "ADDRESS": "TEHSIL & DISTT. UNA H.P.",
    "CONTACT": "225907",
    "CITY": "UNA",
    "DISTRICT": "UNA",
    "STATE": "HIMACHAL PRADESH"
  },
  "KACE0000104": {
    "BANK": "THE KANGRA CENTRAL COOPERATIVE BANK LIMITED",
    "IFSC": "KACE0000104",
    "BRANCH": "KOTLU",
    "ADDRESS": "TESHIL JAISINGHPUR DISTT. KANGRA H.P. 176096",
    "CONTACT": "274549",
    "CITY": "PALAMPUR",
    "DISTRICT": "KANGRA",
    "STATE": "HIMACHAL PRADESH"
  },
  "KACE0000105": {
    "BANK": "THE KANGRA CENTRAL COOPERATIVE BANK LIMITED",
    "IFSC": "KACE0000105",
    "BRANCH": "PATHIAR",
    "ADDRESS": "V.P.O. PATHIAR DISTT. KANGRA H.P. 176047",
    "CONTACT": "253632",
    "CITY": "CHAMUNDA",
    "DISTRICT": "KANGRA",
    "STATE": "HIMACHAL PRADESH"
  },
  "KACE0000106": {
    "BANK": "THE KANGRA CENTRAL COOPERATIVE BANK LIMITED",
    "IFSC": "KACE0000106",
    "BRANCH": "THAKURDWARA",
    "ADDRESS": "TEHSIL INDORA DISTT. KANGRA 176403",
    "CONTACT": "240168",
    "CITY": "DAMTAL",
    "DISTRICT": "KANGRA",
    "STATE": "HIMACHAL PRADESH"
  },
  "KACE0000107": {
    "BANK": "THE KANGRA CENTRAL COOPERATIVE BANK LIMITED",
    "IFSC": "KACE0000107",
    "BRANCH": "RAISON",
    "ADDRESS": "TEHSIL & DISTT KULU H.P. 175128",
    "CONTACT": "245470",
    "CITY": "RAISON",
    "DISTRICT": "KULU",
    "STATE": "HIMACHAL PRADESH"
  },
  "KACE0000108": {
    "BANK": "THE KANGRA CENTRAL COOPERATIVE BANK LIMITED",
    "IFSC": "KACE0000108",
    "BRANCH": "BAJAURA",
    "ADDRESS": "TEHSIL & DISTT KULU H.P. 175125",
    "CONTACT": "265353",
    "CITY": "BAJAURA",
    "DISTRICT": "KULU",
    "STATE": "HIMACHAL PRADESH"
  },
  "KACE0000109": {
    "BANK": "THE KANGRA CENTRAL COOPERATIVE BANK LIMITED",
    "IFSC": "KACE0000109",
    "BRANCH": "JABAN",
    "ADDRESS": "JABAN, VILLAGE:- JABAN, P.O:- KANDAGAI, TEHSIL:- ANNI, DISTRICT:- KULLU. (H.P). PIN:- 172025.",
    "CONTACT": "257256",
    "CITY": "DALAS",
    "DISTRICT": "KULU",
    "STATE": "HIMACHAL PRADESH"
  },
  "KACE0000110": {
    "BANK": "THE KANGRA CENTRAL COOPERATIVE BANK LIMITED",
    "IFSC": "KACE0000110",
    "BRANCH": "SAJALA AT KHAKNAL",
    "ADDRESS": "TEHSIL & DISTT. KANGRA H.P. 175143",
    "CONTACT": "259401",
    "CITY": "MANALI",
    "DISTRICT": "KULU",
    "STATE": "HIMACHAL PRADESH"
  },
  "KACE0000111": {
    "BANK": "THE KANGRA CENTRAL COOPERATIVE BANK LIMITED",
    "IFSC": "KACE0000111",
    "BRANCH": "GHAHLIAN",
    "ADDRESS": "TEHSIL & DISTT. KANGRA H.P.176029",
    "CONTACT": "213401",
    "CITY": "RANITAL",
    "DISTRICT": "KANGRA",
    "STATE": "HIMACHAL PRADESH"
  },
  "KACE0000112": {
    "BANK": "THE KANGRA CENTRAL COOPERATIVE BANK LIMITED",
    "IFSC": "KACE0000112",
    "BRANCH": "KANGOO",
    "ADDRESS": "VPO KANGOO TEHSIL NADAUN DISTT. HAMIRPUR",
    "CONTACT": "231851",
    "CITY": "KANGOO",
    "DISTRICT": "HAMIRPUR",
    "STATE": "HIMACHAL PRADESH"
  },
  "KACE0000113": {
    "BANK": "THE KANGRA CENTRAL COOPERATIVE BANK LIMITED",
    "IFSC": "KACE0000113",
    "BRANCH": "RAKKAR-BHERI",
    "ADDRESS": "TEHSIL BAIJNATH DISTT. KANGRA H.P. 176063",
    "CONTACT": "254627",
    "CITY": "PANCHRUKHI",
    "DISTRICT": "KANGRA",
    "STATE": "HIMACHAL PRADESH"
  },
  "KACE0000114": {
    "BANK": "THE KANGRA CENTRAL COOPERATIVE BANK LIMITED",
    "IFSC": "KACE0000114",
    "BRANCH": "AJOULI",
    "ADDRESS": "TEHSIL & DISTT. UNA 174301",
    "CONTACT": "256526",
    "CITY": "AJOULI",
    "DISTRICT": "UNA",
    "STATE": "HIMACHAL PRADESH"
  },
  "KACE0000115": {
    "BANK": "THE KANGRA CENTRAL COOPERATIVE BANK LIMITED",
    "IFSC": "KACE0000115",
    "BRANCH": "PAISA",
    "ADDRESS": "PAISA ROAD TEHSIL DEHRA DISTT. KANGRA H.P. 177101",
    "CONTACT": "288185",
    "CITY": "JAWALAMUKHI",
    "DISTRICT": "KANGRA",
    "STATE": "HIMACHAL PRADESH"
  },
  "KACE0000116": {
    "BANK": "THE KANGRA CENTRAL COOPERATIVE BANK LIMITED",
    "IFSC": "KACE0000116",
    "BRANCH": "PURANA KANGRA",
    "ADDRESS": "TEHSIL & DISTT. KANGRA H.P. 176002",
    "CONTACT": "262722",
    "CITY": "KANGRA",
    "DISTRICT": "KANGRA",
    "STATE": "HIMACHAL PRADESH"
  },
  "KACE0000117": {
    "BANK": "THE KANGRA CENTRAL COOPERATIVE BANK LIMITED",
    "IFSC": "KACE0000117",
    "BRANCH": "BAIL",
    "ADDRESS": "P.O.KOIL TEHSIL NIRMNAD DISTT. KULU PIN 173023",
    "CONTACT": "265249",
    "CITY": "NITHER",
    "DISTRICT": "KULU",
    "STATE": "HIMACHAL PRADESH"
  },
  "KACE0000118": {
    "BANK": "THE KANGRA CENTRAL COOPERATIVE BANK LIMITED",
    "IFSC": "KACE0000118",
    "BRANCH": "CHOUGAN NURPUR",
    "ADDRESS": "TEHSIL NURPUR DISTT. KANGRA H.P. 176202",
    "CONTACT": "221098",
    "CITY": "NURPUR",
    "DISTRICT": "KANGRA",
    "STATE": "HIMACHAL PRADESH"
  },
  "KACE0000119": {
    "BANK": "THE KANGRA CENTRAL COOPERATIVE BANK LIMITED",
    "IFSC": "KACE0000119",
    "BRANCH": "UPPER LAMBAGAON",
    "ADDRESS": "TEHSIL JAISINGHPUR DISTT KANGRA H.P. 176096",
    "CONTACT": "227331",
    "CITY": "LAMBAGAON",
    "DISTRICT": "KANGRA",
    "STATE": "HIMACHAL PRADESH"
  },
  "KACE0000120": {
    "BANK": "THE KANGRA CENTRAL COOPERATIVE BANK LIMITED",
    "IFSC": "KACE0000120",
    "BRANCH": "DHANGU PIR",
    "ADDRESS": "TEHSIL INDORA DIST. KANGRA H.P. 176403",
    "CONTACT": "244960",
    "CITY": "DAMTAL",
    "DISTRICT": "KANGRA",
    "STATE": "HIMACHAL PRADESH"
  },
  "KACE0000121": {
    "BANK": "THE KANGRA CENTRAL COOPERATIVE BANK LIMITED",
    "IFSC": "KACE0000121",
    "BRANCH": "YOL CAMP",
    "ADDRESS": "YOL CAMP DISTT. KANGRA H.P. 176052",
    "CONTACT": "235848",
    "CITY": "YOL CAMP",
    "DISTRICT": "KANGRA",
    "STATE": "HIMACHAL PRADESH"
  },
  "KACE0000122": {
    "BANK": "THE KANGRA CENTRAL COOPERATIVE BANK LIMITED",
    "IFSC": "KACE0000122",
    "BRANCH": "NEHRAN PUKHAR",
    "ADDRESS": "TEHSIL DEHRA DISTT. KANGRA H.P. 177104",
    "CONTACT": "268596",
    "CITY": "PRAGPUR",
    "DISTRICT": "KANGRA",
    "STATE": "HIMACHAL PRADESH"
  },
  "KACE0000123": {
    "BANK": "THE KANGRA CENTRAL COOPERATIVE BANK LIMITED",
    "IFSC": "KACE0000123",
    "BRANCH": "JAHU",
    "ADDRESS": "TESHIL BHORANJ DISTT. HAMIRPUR H.P. 176048",
    "CONTACT": "263396",
    "CITY": "JAHU",
    "DISTRICT": "HAMIRPUR",
    "STATE": "HIMACHAL PRADESH"
  },
  "KACE0000124": {
    "BANK": "THE KANGRA CENTRAL COOPERATIVE BANK LIMITED",
    "IFSC": "KACE0000124",
    "BRANCH": "SULAH",
    "ADDRESS": "TESHIL PALAMPUR DISTT. KANGRA H.P. 176085",
    "CONTACT": "220335",
    "CITY": "SULAH",
    "DISTRICT": "KANGRA",
    "STATE": "HIMACHAL PRADESH"
  },
  "KACE0000125": {
    "BANK": "THE KANGRA CENTRAL COOPERATIVE BANK LIMITED",
    "IFSC": "KACE0000125",
    "BRANCH": "RAJPURA",
    "ADDRESS": "TEHSIL PALAMPUR DISTT. KANGRA H.P. 176051",
    "CONTACT": "239129",
    "CITY": "PANCHRUKHI",
    "DISTRICT": "KANGRA",
    "STATE": "HIMACHAL PRADESH"
  },
  "KACE0000126": {
    "BANK": "THE KANGRA CENTRAL COOPERATIVE BANK LIMITED",
    "IFSC": "KACE0000126",
    "BRANCH": "RAJIANA",
    "ADDRESS": "V.P.O. RAJIANA (53 MILES) DISTT. KANGRA H.P. 176056",
    "CONTACT": "267493",
    "CITY": "NAGROTA BAGWAN",
    "DISTRICT": "KANGRA",
    "STATE": "HIMACHAL PRADESH"
  },
  "KACE0000127": {
    "BANK": "THE KANGRA CENTRAL COOPERATIVE BANK LIMITED",
    "IFSC": "KACE0000127",
    "BRANCH": "KASBA KOTLA",
    "ADDRESS": "VPO KASBA KOTLA TEHSIL JASWAN DISTT. KANGRA H.P. 177111",
    "CONTACT": "253809",
    "CITY": "KASBA KOTLA",
    "DISTRICT": "KANGRA",
    "STATE": "HIMACHAL PRADESH"
  },
  "KACE0000128": {
    "BANK": "THE KANGRA CENTRAL COOPERATIVE BANK LIMITED",
    "IFSC": "KACE0000128",
    "BRANCH": "MUBARAKPUR",
    "ADDRESS": "VPO MUBARIKPUR TEHSIL AMB DISTT.UNA H.P. 177202",
    "CONTACT": "264351",
    "CITY": "MUBARAKPUR",
    "DISTRICT": "UNA",
    "STATE": "HIMACHAL PRADESH"
  },
  "KACE0000129": {
    "BANK": "THE KANGRA CENTRAL COOPERATIVE BANK LIMITED",
    "IFSC": "KACE0000129",
    "BRANCH": "DARI",
    "ADDRESS": "VILL . BAROL P.O. DARI DISTT. KANGRA H.P.176057",
    "CONTACT": "223099",
    "CITY": "DARI",
    "DISTRICT": "KANGRA",
    "STATE": "HIMACHAL PRADESH"
  },
  "KACE0000130": {
    "BANK": "THE KANGRA CENTRAL COOPERATIVE BANK LIMITED",
    "IFSC": "KACE0000130",
    "BRANCH": "BHUTTI COLONY",
    "ADDRESS": "TEHSIL & DISTT. KULU H.P. 175126",
    "CONTACT": "260616",
    "CITY": "KULU",
    "DISTRICT": "KULU",
    "STATE": "HIMACHAL PRADESH"
  },
  "KACE0000131": {
    "BANK": "THE KANGRA CENTRAL COOPERATIVE BANK LIMITED",
    "IFSC": "KACE0000131",
    "BRANCH": "SANSAL",
    "ADDRESS": "TESHIL BAIJNATH DISTT. KANGRA H.P. 175115",
    "CONTACT": "262705",
    "CITY": "BAIJNATH",
    "DISTRICT": "KANGRA",
    "STATE": "HIMACHAL PRADESH"
  },
  "KACE0000132": {
    "BANK": "THE KANGRA CENTRAL COOPERATIVE BANK LIMITED",
    "IFSC": "KACE0000132",
    "BRANCH": "SHASTRI MARKET DAULATPUR CHOWK",
    "ADDRESS": "DAULATPUR CHOWK TEHSIL AMB DISTT UNA H.P. 177204",
    "CONTACT": "266321",
    "CITY": "DAULATPUR",
    "DISTRICT": "UNA",
    "STATE": "HIMACHAL PRADESH"
  },
  "KACE0000133": {
    "BANK": "THE KANGRA CENTRAL COOPERATIVE BANK LIMITED",
    "IFSC": "KACE0000133",
    "BRANCH": "BIR BHAGERHA",
    "ADDRESS": "VPO BIR BAGHERA DISTT HAMIRPUR",
    "CONTACT": "276065",
    "CITY": "SUJANPUR TIRA",
    "DISTRICT": "HAMIRPUR",
    "STATE": "HIMACHAL PRADESH"
  },
  "KACE0000134": {
    "BANK": "THE KANGRA CENTRAL COOPERATIVE BANK LIMITED",
    "IFSC": "KACE0000134",
    "BRANCH": "BHARERI",
    "ADDRESS": "TEHSIL BHORANJ DISTT. HAMIRPUR H.P.177024",
    "CONTACT": "260687",
    "CITY": "BHARERI",
    "DISTRICT": "HAMIRPUR",
    "STATE": "HIMACHAL PRADESH"
  },
  "KACE0000135": {
    "BANK": "THE KANGRA CENTRAL COOPERATIVE BANK LIMITED",
    "IFSC": "KACE0000135",
    "BRANCH": "SALAUNI",
    "ADDRESS": "VPO SALAUNI TEHSIL BARSAR DISTT HAMIRPUR H.P.",
    "CONTACT": "261697",
    "CITY": "SALAUNI",
    "DISTRICT": "HAMIRPUR",
    "STATE": "HIMACHAL PRADESH"
  },
  "KACE0000136": {
    "BANK": "THE KANGRA CENTRAL COOPERATIVE BANK LIMITED",
    "IFSC": "KACE0000136",
    "BRANCH": "BANKHANDI",
    "ADDRESS": "TESHIL DEHRA DISTT. KANGRA H.P. 177114",
    "CONTACT": "284595",
    "CITY": "BANKHANDI",
    "DISTRICT": "KANGRA",
    "STATE": "HIMACHAL PRADESH"
  },
  "KACE0000137": {
    "BANK": "THE KANGRA CENTRAL COOPERATIVE BANK LIMITED",
    "IFSC": "KACE0000137",
    "BRANCH": "CHAKMOH",
    "ADDRESS": "VPO CHAKMOH DISTT. HAMIRPUR H.P.",
    "CONTACT": "286434",
    "CITY": "CHHAKMOH",
    "DISTRICT": "HAMIRPUR",
    "STATE": "HIMACHAL PRADESH"
  },
  "KACE0000138": {
    "BANK": "THE KANGRA CENTRAL COOPERATIVE BANK LIMITED",
    "IFSC": "KACE0000138",
    "BRANCH": "DARANG",
    "ADDRESS": "V.P.O.DARANG TEHSIL PALAMPUR DISTT. KANGRA 176060",
    "CONTACT": "241067",
    "CITY": "NAGROTA BAGWAN",
    "DISTRICT": "KANGRA",
    "STATE": "HIMACHAL PRADESH"
  },
  "KACE0000139": {
    "BANK": "THE KANGRA CENTRAL COOPERATIVE BANK LIMITED",
    "IFSC": "KACE0000139",
    "BRANCH": "JARI",
    "ADDRESS": "TESHIL & DISTT. KULU",
    "CONTACT": "276034",
    "CITY": "JARI",
    "DISTRICT": "KULU",
    "STATE": "HIMACHAL PRADESH"
  },
  "KACE0000140": {
    "BANK": "THE KANGRA CENTRAL COOPERATIVE BANK LIMITED",
    "IFSC": "KACE0000140",
    "BRANCH": "CHOUGAN BIR",
    "ADDRESS": "TIBETAN COLONY BIR TEHSIL BAIJNATH DSITT. KANGRA H.P. 176077",
    "CONTACT": "268039",
    "CITY": "BIR",
    "DISTRICT": "KANGRA",
    "STATE": "HIMACHAL PRADESH"
  },
  "KACE0000141": {
    "BANK": "THE KANGRA CENTRAL COOPERATIVE BANK LIMITED",
    "IFSC": "KACE0000141",
    "BRANCH": "SYNDICATE AREA PALAMPUR",
    "ADDRESS": "NEAR SHEETLA MATA MANDIR . SY. AREA PALAMPUR DISTT KANGRA H.P.",
    "CONTACT": "230917",
    "CITY": "PALAMPUR",
    "DISTRICT": "KANGRA",
    "STATE": "HIMACHAL PRADESH"
  },
  "KACE0000142": {
    "BANK": "THE KANGRA CENTRAL COOPERATIVE BANK LIMITED",
    "IFSC": "KACE0000142",
    "BRANCH": "BHADWAR",
    "ADDRESS": "TEHSIL NURPUR DISTT. KANGRA H.P.",
    "CONTACT": "235261",
    "CITY": "BHADWAR",
    "DISTRICT": "KANGRA",
    "STATE": "HIMACHAL PRADESH"
  },
  "KACE0000143": {
    "BANK": "THE KANGRA CENTRAL COOPERATIVE BANK LIMITED",
    "IFSC": "KACE0000143",
    "BRANCH": "LADROUR",
    "ADDRESS": "TEHSIL BHORANJ DISTT HAMIRPUR H.P.",
    "CONTACT": "267913",
    "CITY": "LADRAUR",
    "DISTRICT": "HAMIRPUR",
    "STATE": "HIMACHAL PRADESH"
  },
  "KACE0000144": {
    "BANK": "THE KANGRA CENTRAL COOPERATIVE BANK LIMITED",
    "IFSC": "KACE0000144",
    "BRANCH": "SAMIRPUR",
    "ADDRESS": "TESHIL BHORANJ DISTT. HAMIRPUR H.P.",
    "CONTACT": "275741",
    "CITY": "TAUNIDEVI",
    "DISTRICT": "HAMIRPUR",
    "STATE": "HIMACHAL PRADESH"
  },
  "KACE0000145": {
    "BANK": "THE KANGRA CENTRAL COOPERATIVE BANK LIMITED",
    "IFSC": "KACE0000145",
    "BRANCH": "LOWER BAZAR HAMIRPUR",
    "ADDRESS": "TEHSIL & DISTT. HAMIRPUR H.P. 177001",
    "CONTACT": "222509",
    "CITY": "HAMIRPUR",
    "DISTRICT": "HAMIRPUR",
    "STATE": "HIMACHAL PRADESH"
  },
  "KACE0000146": {
    "BANK": "THE KANGRA CENTRAL COOPERATIVE BANK LIMITED",
    "IFSC": "KACE0000146",
    "BRANCH": "JAMANABAD",
    "ADDRESS": "V.P.O. JAMANABAD DISTT KANGRA H.P.",
    "CONTACT": "263577",
    "CITY": "KANGRA",
    "DISTRICT": "KANGRA",
    "STATE": "HIMACHAL PRADESH"
  },
  "KACE0000147": {
    "BANK": "THE KANGRA CENTRAL COOPERATIVE BANK LIMITED",
    "IFSC": "KACE0000147",
    "BRANCH": "RAJOL",
    "ADDRESS": "V.P.O. RAJOL DISTT KANGRA H.P.",
    "CONTACT": "233431",
    "CITY": "RAIT",
    "DISTRICT": "KANGRA",
    "STATE": "HIMACHAL PRADESH"
  },
  "KACE0000148": {
    "BANK": "THE KANGRA CENTRAL COOPERATIVE BANK LIMITED",
    "IFSC": "KACE0000148",
    "BRANCH": "DAROH",
    "ADDRESS": "TEHSIL PALAMPUR DISTT. KANGRA H.P.176107",
    "CONTACT": "275582",
    "CITY": "DAROH",
    "DISTRICT": "KANGRA",
    "STATE": "HIMACHAL PRADESH"
  },
  "KACE0000149": {
    "BANK": "THE KANGRA CENTRAL COOPERATIVE BANK LIMITED",
    "IFSC": "KACE0000149",
    "BRANCH": "CHOURI",
    "ADDRESS": "TESHIL SUJANPUR TIRA DISTT. HAMIRPUT 176111",
    "CONTACT": "240374",
    "CITY": "TAUNIDEVI",
    "DISTRICT": "HAMIRPUR",
    "STATE": "HIMACHAL PRADESH"
  },
  "KACE0000150": {
    "BANK": "THE KANGRA CENTRAL COOPERATIVE BANK LIMITED",
    "IFSC": "KACE0000150",
    "BRANCH": "RANGAS",
    "ADDRESS": "TESHIL NADAUN DIST. HAMIRPUR H.P. 177048",
    "CONTACT": "241677",
    "CITY": "RANGAS",
    "DISTRICT": "HAMIRPUR",
    "STATE": "HIMACHAL PRADESH"
  },
  "KACE0000151": {
    "BANK": "THE KANGRA CENTRAL COOPERATIVE BANK LIMITED",
    "IFSC": "KACE0000151",
    "BRANCH": "PARLA BHUNTAR",
    "ADDRESS": "TESHIL & DISTT KULLU H.P. 175125",
    "CONTACT": "265584",
    "CITY": "KULU",
    "DISTRICT": "KULU",
    "STATE": "HIMACHAL PRADESH"
  },
  "KACE0000152": {
    "BANK": "THE KANGRA CENTRAL COOPERATIVE BANK LIMITED",
    "IFSC": "KACE0000152",
    "BRANCH": "DULLEHAR",
    "ADDRESS": "TEHSIL HAROLI DISTT UNA H.P. 176601",
    "CONTACT": "251960",
    "CITY": "DULEHAR",
    "DISTRICT": "UNA",
    "STATE": "HIMACHAL PRADESH"
  },
  "KACE0000153": {
    "BANK": "THE KANGRA CENTRAL COOPERATIVE BANK LIMITED",
    "IFSC": "KACE0000153",
    "BRANCH": "MAHAKAAL",
    "ADDRESS": "TESHIL BAIJNATH DISTT. KANGRA H.P. 176125",
    "CONTACT": "265207",
    "CITY": "MAHAKAL",
    "DISTRICT": "KANGRA",
    "STATE": "HIMACHAL PRADESH"
  },
  "KACE0000154": {
    "BANK": "THE KANGRA CENTRAL COOPERATIVE BANK LIMITED",
    "IFSC": "KACE0000154",
    "BRANCH": "BHARWAIN",
    "ADDRESS": "VPO BHARWAIN TEHSIL AMB DISTT UNA H.P.177109",
    "CONTACT": "256561",
    "CITY": "BHARWAIN",
    "DISTRICT": "UNA",
    "STATE": "HIMACHAL PRADESH"
  },
  "KACE0000155": {
    "BANK": "THE KANGRA CENTRAL COOPERATIVE BANK LIMITED",
    "IFSC": "KACE0000155",
    "BRANCH": "SANTALA",
    "ADDRESS": "TESHIL DEHRA DISTT. KANGRA H.P. 177034",
    "CONTACT": "203642",
    "CITY": "PRAGPUR",
    "DISTRICT": "KANGRA",
    "STATE": "HIMACHAL PRADESH"
  },
  "KACE0000156": {
    "BANK": "THE KANGRA CENTRAL COOPERATIVE BANK LIMITED",
    "IFSC": "KACE0000156",
    "BRANCH": "LUBH",
    "ADDRESS": "TESHIL JAWALI DISTT. KANGRA H.P. 176023",
    "CONTACT": "264027",
    "CITY": "LUBH",
    "DISTRICT": "KANGRA",
    "STATE": "HIMACHAL PRADESH"
  },
  "KACE0000157": {
    "BANK": "THE KANGRA CENTRAL COOPERATIVE BANK LIMITED",
    "IFSC": "KACE0000157",
    "BRANCH": "LATHIANI",
    "ADDRESS": "TEHSIL BANGANA DISTT. UNA H.P.",
    "CONTACT": "260578",
    "CITY": "BANGANA",
    "DISTRICT": "UNA",
    "STATE": "HIMACHAL PRADESH"
  },
  "KACE0000158": {
    "BANK": "THE KANGRA CENTRAL COOPERATIVE BANK LIMITED",
    "IFSC": "KACE0000158",
    "BRANCH": "MAKROLI",
    "ADDRESS": "TESHIL INDORA DISTT. KANGRA H.P. 176022",
    "CONTACT": "200140",
    "CITY": "REHAN",
    "DISTRICT": "KANGRA",
    "STATE": "HIMACHAL PRADESH"
  },
  "KACE0000159": {
    "BANK": "THE KANGRA CENTRAL COOPERATIVE BANK LIMITED",
    "IFSC": "KACE0000159",
    "BRANCH": "TIKKER KHATRIAN",
    "ADDRESS": "TESHIL BHORANJ DISTT. HAMIRPUR H.P. 177025",
    "CONTACT": "287472",
    "CITY": "AWAHA DEVI",
    "DISTRICT": "HAMIRPUR",
    "STATE": "HIMACHAL PRADESH"
  },
  "KACE0000160": {
    "BANK": "THE KANGRA CENTRAL COOPERATIVE BANK LIMITED",
    "IFSC": "KACE0000160",
    "BRANCH": "DURAH",
    "ADDRESS": "V.P.O DURAH TEHSIL NIRMAND DISTT KULUPIN 172033",
    "CONTACT": null,
    "CITY": "ANI",
    "DISTRICT": "KULU",
    "STATE": "HIMACHAL PRADESH"
  },
  "KACE0000161": {
    "BANK": "THE KANGRA CENTRAL COOPERATIVE BANK LIMITED",
    "IFSC": "KACE0000161",
    "BRANCH": "UDAIPUR",
    "ADDRESS": "TESHIL UDAIPUR DISTT. LAHUL & SPITI H.P. 175142",
    "CONTACT": "222443",
    "CITY": "UDAIPUR",
    "DISTRICT": "LAHUL & SPITI",
    "STATE": "HIMACHAL PRADESH"
  },
  "KACE0000162": {
    "BANK": "THE KANGRA CENTRAL COOPERATIVE BANK LIMITED",
    "IFSC": "KACE0000162",
    "BRANCH": "REGIONAL HOSPITAL UNA",
    "ADDRESS": "TESHIL & DISTT.UNA H.P. 174303",
    "CONTACT": "225080",
    "CITY": "UNA",
    "DISTRICT": "UNA",
    "STATE": "HIMACHAL PRADESH"
  },
  "KACE0000163": {
    "BANK": "THE KANGRA CENTRAL COOPERATIVE BANK LIMITED",
    "IFSC": "KACE0000163",
    "BRANCH": "SISSU",
    "ADDRESS": "TEHSIL KEYLONG DISTT LAHUL & SPITI",
    "CONTACT": "263151",
    "CITY": "KEYLONG",
    "DISTRICT": "LAHUL & SPITI",
    "STATE": "HIMACHAL PRADESH"
  },
  "KACE0000164": {
    "BANK": "THE KANGRA CENTRAL COOPERATIVE BANK LIMITED",
    "IFSC": "KACE0000164",
    "BRANCH": "MCLEODGANJ",
    "ADDRESS": "BHAGSU ROAD P.O. MCLEODGANJ DISTT. KANGRA H.P.176219",
    "CONTACT": "220310",
    "CITY": "MCLEODGANJ",
    "DISTRICT": "KANGRA",
    "STATE": "HIMACHAL PRADESH"
  },
  "KACE0000165": {
    "BANK": "THE KANGRA CENTRAL COOPERATIVE BANK LIMITED",
    "IFSC": "KACE0000165",
    "BRANCH": "CHALWARA",
    "ADDRESS": "TESHIL NURPUR DISTT. KANGRA H.P.",
    "CONTACT": "263012",
    "CITY": "JAWALI",
    "DISTRICT": "KANGRA",
    "STATE": "HIMACHAL PRADESH"
  },
  "KACE0000166": {
    "BANK": "THE KANGRA CENTRAL COOPERATIVE BANK LIMITED",
    "IFSC": "KACE0000166",
    "BRANCH": "KUTHERA",
    "ADDRESS": "TESHIL & DISTT. HAMIRPUR H.P.",
    "CONTACT": "244060",
    "CITY": "BHOTA",
    "DISTRICT": "HAMIRPUR",
    "STATE": "HIMACHAL PRADESH"
  },
  "KACE0000167": {
    "BANK": "THE KANGRA CENTRAL COOPERATIVE BANK LIMITED",
    "IFSC": "KACE0000167",
    "BRANCH": "AWAHDEVI",
    "ADDRESS": "TESHIL & DISTT. HAMIRPUR H.P.",
    "CONTACT": "275080",
    "CITY": "AWAHA DEVI",
    "DISTRICT": "HAMIRPUR",
    "STATE": "HIMACHAL PRADESH"
  },
  "KACE0000168": {
    "BANK": "THE KANGRA CENTRAL COOPERATIVE BANK LIMITED",
    "IFSC": "KACE0000168",
    "BRANCH": "PUCA BAROH",
    "ADDRESS": "TESHIL & DISTT. HAMIRPUR H.P.",
    "CONTACT": "225288",
    "CITY": "HAMIRPUR",
    "DISTRICT": "HAMIRPUR",
    "STATE": "HIMACHAL PRADESH"
  },
  "KACE0000169": {
    "BANK": "THE KANGRA CENTRAL COOPERATIVE BANK LIMITED",
    "IFSC": "KACE0000169",
    "BRANCH": "KALE AMB",
    "ADDRESS": "TESHIL & DISTT. HAMIRPUR H.P.",
    "CONTACT": "246164",
    "CITY": "AWAHA DEVI",
    "DISTRICT": "HAMIRPUR",
    "STATE": "HIMACHAL PRADESH"
  },
  "KACE0000170": {
    "BANK": "THE KANGRA CENTRAL COOPERATIVE BANK LIMITED",
    "IFSC": "KACE0000170",
    "BRANCH": "BARANDA",
    "ADDRESS": "TESHIL NURPUR DISTT. KANGRA H.P. 176201",
    "CONTACT": "238522",
    "CITY": "VARANDA",
    "DISTRICT": "KANGRA",
    "STATE": "HIMACHAL PRADESH"
  },
  "KACE0000171": {
    "BANK": "THE KANGRA CENTRAL COOPERATIVE BANK LIMITED",
    "IFSC": "KACE0000171",
    "BRANCH": "PAHRA",
    "ADDRESS": "TESHIL PALAMPUR DISTT. KANGRA H.P.176087",
    "CONTACT": "255088",
    "CITY": "PAHRA",
    "DISTRICT": "KANGRA",
    "STATE": "HIMACHAL PRADESH"
  },
  "KACE0000172": {
    "BANK": "THE KANGRA CENTRAL COOPERATIVE BANK LIMITED",
    "IFSC": "KACE0000172",
    "BRANCH": "THAKURDWARA",
    "ADDRESS": "TESHIL PALAMPUR DISTT. KANGRA H.P.176102",
    "CONTACT": "238128",
    "CITY": "PALAMPUR",
    "DISTRICT": "KANGRA",
    "STATE": "HIMACHAL PRADESH"
  },
  "KACE0000173": {
    "BANK": "THE KANGRA CENTRAL COOPERATIVE BANK LIMITED",
    "IFSC": "KACE0000173",
    "BRANCH": "BHERI",
    "ADDRESS": "TESHIL JAISINGHPUR DISTT. KANGRA H.P.176082",
    "CONTACT": "271260",
    "CITY": "BALAKRUPI",
    "DISTRICT": "KANGRA",
    "STATE": "HIMACHAL PRADESH"
  },
  "KACE0000174": {
    "BANK": "THE KANGRA CENTRAL COOPERATIVE BANK LIMITED",
    "IFSC": "KACE0000174",
    "BRANCH": "UKHLI",
    "ADDRESS": "TESHIL & DISTT. HAMIRPUR H.P. 176042",
    "CONTACT": "257021",
    "CITY": "HAMIRPUR",
    "DISTRICT": "HAMIRPUR",
    "STATE": "HIMACHAL PRADESH"
  },
  "KACE0000175": {
    "BANK": "THE KANGRA CENTRAL COOPERATIVE BANK LIMITED",
    "IFSC": "KACE0000175",
    "BRANCH": "JALARI",
    "ADDRESS": "TESHIL NADAUN DIST. HAMIRPUR H.P. 177042",
    "CONTACT": "232130",
    "CITY": "NADAUN",
    "DISTRICT": "HAMIRPUR",
    "STATE": "HIMACHAL PRADESH"
  },
  "KACE0000176": {
    "BANK": "THE KANGRA CENTRAL COOPERATIVE BANK LIMITED",
    "IFSC": "KACE0000176",
    "BRANCH": "BASAL",
    "ADDRESS": "TESHIL & DISTT. UNA H.P. 174303",
    "CONTACT": "272169",
    "CITY": "UNA",
    "DISTRICT": "UNA",
    "STATE": "HIMACHAL PRADESH"
  },
  "KACE0000177": {
    "BANK": "THE KANGRA CENTRAL COOPERATIVE BANK LIMITED",
    "IFSC": "KACE0000177",
    "BRANCH": "DEHLAN",
    "ADDRESS": "TESHIL & DISTT. UNA H.P. 174306",
    "CONTACT": null,
    "CITY": "UNA",
    "DISTRICT": "UNA",
    "STATE": "HIMACHAL PRADESH"
  },
  "KACE0000178": {
    "BANK": "THE KANGRA CENTRAL COOPERATIVE BANK LIMITED",
    "IFSC": "KACE0000178",
    "BRANCH": "GANOH",
    "ADDRESS": "TESHIL NURPUR DISTT. KANGRA H.P. 176051",
    "CONTACT": "274044",
    "CITY": "GUNOH",
    "DISTRICT": "KANGRA",
    "STATE": "HIMACHAL PRADESH"
  },
  "KACE0000179": {
    "BANK": "THE KANGRA CENTRAL COOPERATIVE BANK LIMITED",
    "IFSC": "KACE0000179",
    "BRANCH": "ADHWANI",
    "ADDRESS": "ADHWANI-BALARDU TESHIL JAWALAMUKHI DISTT. KANGRA 176066",
    "CONTACT": null,
    "CITY": "JAWALAMUKHI",
    "DISTRICT": "KANGRA",
    "STATE": "HIMACHAL PRADESH"
  },
  "KACE0000180": {
    "BANK": "THE KANGRA CENTRAL COOPERATIVE BANK LIMITED",
    "IFSC": "KACE0000180",
    "BRANCH": "TAHLIWAL",
    "ADDRESS": "TESHIL & DISTT. UNA H.P.",
    "CONTACT": "257022",
    "CITY": "TAHLIWALA",
    "DISTRICT": "UNA",
    "STATE": "HIMACHAL PRADESH"
  },
  "KACE0000181": {
    "BANK": "THE KANGRA CENTRAL COOPERATIVE BANK LIMITED",
    "IFSC": "KACE0000181",
    "BRANCH": "TANG NARWANA",
    "ADDRESS": "VILL. TANG NARWANA P.O. TANG DISTT. KANGRA H.P. 176052",
    "CONTACT": null,
    "CITY": "YOL CAMP",
    "DISTRICT": "KANGRA",
    "STATE": "HIMACHAL PRADESH"
  },
  "KACE0000182": {
    "BANK": "THE KANGRA CENTRAL COOPERATIVE BANK LIMITED",
    "IFSC": "KACE0000182",
    "BRANCH": "THANA KALAN",
    "ADDRESS": "TEHSIL BANGANA DISTT. UNA H.P.",
    "CONTACT": "273100",
    "CITY": "THANA KALAN",
    "DISTRICT": "UNA",
    "STATE": "HIMACHAL PRADESH"
  },
  "KACE0000183": {
    "BANK": "THE KANGRA CENTRAL COOPERATIVE BANK LIMITED",
    "IFSC": "KACE0000183",
    "BRANCH": "HARETA",
    "ADDRESS": "V.P.O.HARETA TEHSIL NADAUN DISTT. HAMIRPUR H.P. 174405",
    "CONTACT": null,
    "CITY": "GALORE",
    "DISTRICT": "HAMIRPUR",
    "STATE": "HIMACHAL PRADESH"
  },
  "KACE0000184": {
    "BANK": "THE KANGRA CENTRAL COOPERATIVE BANK LIMITED",
    "IFSC": "KACE0000184",
    "BRANCH": "MAJHEEN",
    "ADDRESS": "TEHSIL KHUNDIAN DISTT KANGRA",
    "CONTACT": null,
    "CITY": "JAWALAMUKHI",
    "DISTRICT": "KANGRA",
    "STATE": "HIMACHAL PRADESH"
  },
  "KACE0000185": {
    "BANK": "THE KANGRA CENTRAL COOPERATIVE BANK LIMITED",
    "IFSC": "KACE0000185",
    "BRANCH": "BALOH",
    "ADDRESS": "TEHSIL BHORANJ DISTT. HAMIRPUR 177029",
    "CONTACT": null,
    "CITY": "BHORANJ",
    "DISTRICT": "HAMIRPUR",
    "STATE": "HIMACHAL PRADESH"
  },
  "KACE0000186": {
    "BANK": "THE KANGRA CENTRAL COOPERATIVE BANK LIMITED",
    "IFSC": "KACE0000186",
    "BRANCH": "DARAMAN",
    "ADDRESS": "TEHSIL SHAHPUR DISTT KANGRA",
    "CONTACT": null,
    "CITY": "SHAHPUR",
    "DISTRICT": "KANGRA",
    "STATE": "HIMACHAL PRADESH"
  },
  "KACE0000187": {
    "BANK": "THE KANGRA CENTRAL COOPERATIVE BANK LIMITED",
    "IFSC": "KACE0000187",
    "BRANCH": "LAREN KELO",
    "ADDRESS": "TEHSIL MANALI DISTT. KULU  175104",
    "CONTACT": "248008",
    "CITY": "NAGGAR",
    "DISTRICT": "KULU",
    "STATE": "HIMACHAL PRADESH"
  },
  "KACE0000188": {
    "BANK": "THE KANGRA CENTRAL COOPERATIVE BANK LIMITED",
    "IFSC": "KACE0000188",
    "BRANCH": "CHAMUNDA",
    "ADDRESS": "TEHSIL DHARMSHALA DISTT.KANGRA H.P.PIN 176052",
    "CONTACT": null,
    "CITY": "CHAMUNDA",
    "DISTRICT": "KANGRA",
    "STATE": "HIMACHAL PRADESH"
  },
  "KACE0000189": {
    "BANK": "THE KANGRA CENTRAL COOPERATIVE BANK LIMITED",
    "IFSC": "KACE0000189",
    "BRANCH": "ALAMPUR",
    "ADDRESS": "TEHSIL JAISINGHPUR DISTT.KANGRA H.P.PIN 176082",
    "CONTACT": null,
    "CITY": "ALAMPUR",
    "DISTRICT": "KANGRA",
    "STATE": "HIMACHAL PRADESH"
  },
  "KACE0000190": {
    "BANK": "THE KANGRA CENTRAL COOPERATIVE BANK LIMITED",
    "IFSC": "KACE0000190",
    "BRANCH": "HARSI",
    "ADDRESS": "TEHSIL JAISINGHPUR DISTT.KANGRA H.P.PIN 176082",
    "CONTACT": "259354",
    "CITY": "JAISINGHPUR",
    "DISTRICT": "KANGRA",
    "STATE": "HIMACHAL PRADESH"
  },
  "KACE0000191": {
    "BANK": "THE KANGRA CENTRAL COOPERATIVE BANK LIMITED",
    "IFSC": "KACE0000191",
    "BRANCH": "MANPUL",
    "ADDRESS": "POST OFFICE MAJIAR TEHSIL NADAUN DISTT HAMIRPUR PIN 177038",
    "CONTACT": "233655",
    "CITY": "NADAUN",
    "DISTRICT": "HAMIRPUR",
    "STATE": "HIMACHAL PRADESH"
  },
  "KACE0000192": {
    "BANK": "THE KANGRA CENTRAL COOPERATIVE BANK LIMITED",
    "IFSC": "KACE0000192",
    "BRANCH": "LAPIANA",
    "ADDRESS": "POST OFFICE LAPIANA TEHSIL HARCHAKIAN DISTT KANGRA",
    "CONTACT": "9418729713",
    "CITY": "HARCHAKIAN",
    "DISTRICT": "KANGRA",
    "STATE": "HIMACHAL PRADESH"
  },
  "KACE0000193": {
    "BANK": "THE KANGRA CENTRAL COOPERATIVE BANK LIMITED",
    "IFSC": "KACE0000193",
    "BRANCH": "BHALETH",
    "ADDRESS": "VPO BHALETH TEHSIL SUJANPUR DISTT HAMIRPUR PIN 176108",
    "CONTACT": "216144",
    "CITY": "SUJANPUR TIRA",
    "DISTRICT": "HAMIRPUR",
    "STATE": "HIMACHAL PRADESH"
  },
  "KACE0000194": {
    "BANK": "THE KANGRA CENTRAL COOPERATIVE BANK LIMITED",
    "IFSC": "KACE0000194",
    "BRANCH": "MASRER",
    "ADDRESS": "VPO MASRER TEHSIL DHARAMSHALA DISTT KANGRA PIN 176001",
    "CONTACT": "275306",
    "CITY": "MATOUR",
    "DISTRICT": "KANGRA",
    "STATE": "HIMACHAL PRADESH"
  },
  "KACE0000195": {
    "BANK": "THE KANGRA CENTRAL COOPERATIVE BANK LIMITED",
    "IFSC": "KACE0000195",
    "BRANCH": "NAGGAR",
    "ADDRESS": "VPO NAGGAR TEHSIL AND DISTT KULLU PIN 175130",
    "CONTACT": "9418433598",
    "CITY": "NAGGAR",
    "DISTRICT": "KULLU",
    "STATE": "HIMACHAL PRADESH"
  },
  "KACE0000196": {
    "BANK": "THE KANGRA CENTRAL COOPERATIVE BANK LIMITED",
    "IFSC": "KACE0000196",
    "BRANCH": "NALTI",
    "ADDRESS": "VPO NALTI TEHSIL AND DISTT HAMIRPUR PIN 177001",
    "CONTACT": "247111",
    "CITY": "NALTI",
    "DISTRICT": "HAMIRPUR",
    "STATE": "HIMACHAL PRADESH"
  },
  "KACE0000197": {
    "BANK": "THE KANGRA CENTRAL COOPERATIVE BANK LIMITED",
    "IFSC": "KACE0000197",
    "BRANCH": "BATHU",
    "ADDRESS": "VPO BATHU TEHSIL HAROLI DISTT UNA PIN 174301",
    "CONTACT": "9882507419",
    "CITY": "TAHLIWALA",
    "DISTRICT": "UNA",
    "STATE": "HIMACHAL PRADESH"
  },
  "KACE0000198": {
    "BANK": "THE KANGRA CENTRAL COOPERATIVE BANK LIMITED",
    "IFSC": "KACE0000198",
    "BRANCH": "BHADSALI",
    "ADDRESS": "VPO BHADSALI TEHSIL AND DISTT UNA PIN 174317",
    "CONTACT": "9418272592",
    "CITY": "UNA",
    "DISTRICT": "UNA",
    "STATE": "HIMACHAL PRADESH"
  },
  "KACE0000199": {
    "BANK": "THE KANGRA CENTRAL COOPERATIVE BANK LIMITED",
    "IFSC": "KACE0000199",
    "BRANCH": "GONDPUR BANERA",
    "ADDRESS": "TEHSIL AMB, DISTRICT UNA, HIMACHAL PRADESH PIN 177213",
    "CONTACT": "268021",
    "CITY": "GOINDPUR BANEHR",
    "DISTRICT": "UNA",
    "STATE": "HIMACHAL PRADESH"
  },
  "KACE0000200": {
    "BANK": "THE KANGRA CENTRAL COOPERATIVE BANK LIMITED",
    "IFSC": "KACE0000200",
    "BRANCH": "TABO",
    "ADDRESS": "TABO, TEHSIL SPITI, DISTRICT LAHUL & SPITI, HIMACHAL PRADESH 172113",
    "CONTACT": "222416",
    "CITY": "TABO",
    "DISTRICT": "LAHUL SPITI",
    "STATE": "HIMACHAL PRADESH"
  },
  "KACE0000201": {
    "BANK": "THE KANGRA CENTRAL COOPERATIVE BANK LIMITED",
    "IFSC": "KACE0000201",
    "BRANCH": "DAH KULARA",
    "ADDRESS": "THE KANGRA CENTRAL CO OPERATIVE BANK LTD BRANCH OFFICE DAH KULARA TEHSIL INDORA DISTT KANGRA HP",
    "CONTACT": "241475",
    "CITY": "INDORA",
    "DISTRICT": "KANGRA",
    "STATE": "HIMACHAL PRADESH"
  },
  "KACE0000202": {
    "BANK": "THE KANGRA CENTRAL COOPERATIVE BANK LIMITED",
    "IFSC": "KACE0000202",
    "BRANCH": "RANITAL",
    "ADDRESS": "THE KCC BANK LTD, BO RANITAL, DISTT KANGRA HP 176029",
    "CONTACT": "269037",
    "CITY": "RANITAL",
    "DISTRICT": "KANGRA",
    "STATE": "HIMACHAL PRADESH"
  },
  "KACE0000203": {
    "BANK": "THE KANGRA CENTRAL COOPERATIVE BANK LIMITED",
    "IFSC": "KACE0000203",
    "BRANCH": "GANDER",
    "ADDRESS": "KCC BANK, BO GANDER",
    "CONTACT": "9418492541",
    "CITY": "GANDER",
    "DISTRICT": "KANGRA",
    "STATE": "HIMACHAL PRADESH"
  },
  "KACE0000204": {
    "BANK": "THE KANGRA CENTRAL COOPERATIVE BANK LIMITED",
    "IFSC": "KACE0000204",
    "BRANCH": "GARH JAMULA",
    "ADDRESS": "PO MALKHER TEHSIL PALAMPUR DISTT KANGRA HP PIN 176093",
    "CONTACT": "9805121443",
    "CITY": "GARH JAMULA",
    "DISTRICT": "KANGRA",
    "STATE": "HIMACHAL PRADESH"
  },
  "KACE0000205": {
    "BANK": "THE KANGRA CENTRAL COOPERATIVE BANK LIMITED",
    "IFSC": "KACE0000205",
    "BRANCH": "DUHAK",
    "ADDRESS": "PO DUKAH, TEH PALAMPUR, DISTT KANGRA H.P.- 176075",
    "CONTACT": "9736143066",
    "CITY": "PALAMPPUR",
    "DISTRICT": "PALAMPUR",
    "STATE": "HIMACHAL PRADESH"
  },
  "KACE0000206": {
    "BANK": "THE KANGRA CENTRAL COOPERATIVE BANK LIMITED",
    "IFSC": "KACE0000206",
    "BRANCH": "UHAL",
    "ADDRESS": "VPO UHAL TEHSIL TOUNI DEVI DISTT HAMIRPUR PIN CODE 177022",
    "CONTACT": "9418009401",
    "CITY": "UHAL",
    "DISTRICT": "HAMIRPUR",
    "STATE": "HIMACHAL PRADESH"
  },
  "KACE0000207": {
    "BANK": "THE KANGRA CENTRAL COOPERATIVE BANK LIMITED",
    "IFSC": "KACE0000207",
    "BRANCH": "PATLANDER",
    "ADDRESS": "VPO PATLANDER TEHSIL SUJANPUR DISTT HAMIRPUR HP PIN176111",
    "CONTACT": "9459096299",
    "CITY": "SUJANPUR TIRA",
    "DISTRICT": "HAMIRPUR",
    "STATE": "HIMACHAL PRADESH"
  },
  "KACE0000208": {
    "BANK": "THE KANGRA CENTRAL COOPERATIVE BANK LIMITED",
    "IFSC": "KACE0000208",
    "BRANCH": "MUHAL",
    "ADDRESS": "V.P.O. MUHAL TEHSIL DEHRA DISTT. KANGRA H.P.       PIN 177117",
    "CONTACT": "9418678687",
    "CITY": "JAWALAMUKHI",
    "DISTRICT": "KANGRA",
    "STATE": "HIMACHAL PRADESH"
  },
  "KACE0000209": {
    "BANK": "THE KANGRA CENTRAL COOPERATIVE BANK LIMITED",
    "IFSC": "KACE0000209",
    "BRANCH": "BEHDALA",
    "ADDRESS": "VPO BEHDALA TEHSIL AND DISTT. UNA H.P. 174306",
    "CONTACT": "9318856823",
    "CITY": "BEHDALA",
    "DISTRICT": "UNA",
    "STATE": "HIMACHAL PRADESH"
  },
  "KACE0000210": {
    "BANK": "THE KANGRA CENTRAL COOPERATIVE BANK LIMITED",
    "IFSC": "KACE0000210",
    "BRANCH": "DOSARKA",
    "ADDRESS": "NEAR POLICE LINE PO HAMIRPUR TEHSIL HAMIRPUR HP",
    "CONTACT": "9736143066",
    "CITY": "HAMIRPUR",
    "DISTRICT": "HAMIRPUR",
    "STATE": "HIMACHAL PRADESH"
  },
  "KACE0000211": {
    "BANK": "THE KANGRA CENTRAL COOPERATIVE BANK LIMITED",
    "IFSC": "KACE0000211",
    "BRANCH": "BHUTTI-LAG VALLEY",
    "ADDRESS": "BO BHUTTI(LAG VALLEY) VPO BHUTTI TEHSIL ADND DISTT KULLU HP PIN 175102",
    "CONTACT": "239006",
    "CITY": "KULU",
    "DISTRICT": "KULU",
    "STATE": "HIMACHAL PRADESH"
  },
  "KACE0000212": {
    "BANK": "THE KANGRA CENTRAL COOPERATIVE BANK LIMITED",
    "IFSC": "KACE0000212",
    "BRANCH": "GUSHANI",
    "ADDRESS": "BO GUSHANI VPO GUSHANI TEHSIL BANJAR DISTT KULLU HP PIN-175123",
    "CONTACT": "228429",
    "CITY": "GUSHAINI",
    "DISTRICT": "KULU",
    "STATE": "HIMACHAL PRADESH"
  },
  "KACE0000213": {
    "BANK": "THE KANGRA CENTRAL COOPERATIVE BANK LIMITED",
    "IFSC": "KACE0000213",
    "BRANCH": "GARSA",
    "ADDRESS": "BO GARSA TEHSIL BHUNTAE DISTT KULLU HP PIN-175125",
    "CONTACT": "272207",
    "CITY": "GADSA",
    "DISTRICT": "KULU",
    "STATE": "HIMACHAL PRADESH"
  },
  "KACE0000214": {
    "BANK": "THE KANGRA CENTRAL COOPERATIVE BANK LIMITED",
    "IFSC": "KACE0000214",
    "BRANCH": "PADHIARKHAR",
    "ADDRESS": "VILLAGE DHRAMAN PO SUNGAL TEHSIL PALAMPUR DISTT KANGRA HP PIN-176061",
    "CONTACT": "9418156024",
    "CITY": "PALAMPUR",
    "DISTRICT": "KANGRA",
    "STATE": "HIMACHAL PRADESH"
  },
  "KACE0000215": {
    "BANK": "THE KANGRA CENTRAL COOPERATIVE BANK LIMITED",
    "IFSC": "KACE0000215",
    "BRANCH": "SALOL",
    "ADDRESS": "BO SALOL VPO SALOL TEHSIL AND DISTT. KANGRA HP PIN-176214",
    "CONTACT": "9418077140",
    "CITY": "KANGRA",
    "DISTRICT": "KANGRA",
    "STATE": "HIMACHAL PRADESH"
  },
  "KACE0000216": {
    "BANK": "THE KANGRA CENTRAL COOPERATIVE BANK LIMITED",
    "IFSC": "KACE0000216",
    "BRANCH": "BROW",
    "ADDRESS": "VILLAGE BROW POST OFFICE RAMPUR TEHSIL NIRMAND DISTT KULLU HP",
    "CONTACT": "9418170404",
    "CITY": "NIRMAND",
    "DISTRICT": "KULU",
    "STATE": "HIMACHAL PRADESH"
  },
  "KACE0000217": {
    "BANK": "THE KANGRA CENTRAL COOPERATIVE BANK LIMITED",
    "IFSC": "KACE0000217",
    "BRANCH": "PUBOWAL",
    "ADDRESS": "BO PUBOWAL VPO PUBOWAL TEHSIL HAROLI DISTT UNA HP 174503",
    "CONTACT": null,
    "CITY": "UNA",
    "DISTRICT": "UNA",
    "STATE": "HIMACHAL PRADESH"
  },
  "KACE0000218": {
    "BANK": "THE KANGRA CENTRAL COOPERATIVE BANK LIMITED",
    "IFSC": "KACE0000218",
    "BRANCH": "RULHED",
    "ADDRESS": "BO RULHED VPO RULHED TEHSIL SHAHPUR DISTT KANGRA HP 176206",
    "CONTACT": "8894503116",
    "CITY": "SHAHPUR",
    "DISTRICT": "KANGRA",
    "STATE": "HIMACHAL PRADESH"
  },
  "KACE0000219": {
    "BANK": "THE KANGRA CENTRAL COOPERATIVE BANK LIMITED",
    "IFSC": "KACE0000219",
    "BRANCH": "JALAG",
    "ADDRESS": "BO JALAG VPO JALAG TEHSIL JAISINGHPUR DISTT KANGRA HP-176094",
    "CONTACT": "9418458577",
    "CITY": "JAISINGHPUR",
    "DISTRICT": "KANGRA",
    "STATE": "HIMACHAL PRADESH"
  },
  "KACE0000220": {
    "BANK": "THE KANGRA CENTRAL COOPERATIVE BANK LIMITED",
    "IFSC": "KACE0000220",
    "BRANCH": "DAGOH",
    "ADDRESS": "BO DAGOH VPO DAGOH TEHSIL JAISINGHPUR DISTT KANGRA HP-176076",
    "CONTACT": "9418336685",
    "CITY": "JAISINGHPUR",
    "DISTRICT": "KANGRA",
    "STATE": "HIMACHAL PRADESH"
  },
  "KACE0000222": {
    "BANK": "THE KANGRA CENTRAL COOPERATIVE BANK LIMITED",
    "IFSC": "KACE0000222",
    "BRANCH": "NEHRIAN",
    "ADDRESS": "THE KANGRA CENTRAL CO-OP BANK LTD BO NEHRIAN PO NEHRI TEHSIL AMB DISTT UNA (HP)",
    "CONTACT": "9418974690",
    "CITY": "NEHRIAN",
    "DISTRICT": "UNA",
    "STATE": "HIMACHAL PRADESH"
  },
  "KACE0000223": {
    "BANK": "THE KANGRA CENTRAL COOPERATIVE BANK LIMITED",
    "IFSC": "KACE0000223",
    "BRANCH": "BARUHI",
    "ADDRESS": "BO BARUHI PO CHOWKI MANIAR TEHSIL BANGANA",
    "CONTACT": "233004",
    "CITY": "CHOWKI MANIAR",
    "DISTRICT": "UNA",
    "STATE": "HIMACHAL PRADESH"
  }
}