{
  "KUCB0488000": {
    "BANK": "THE KARAD URBAN COOPERATIVE BANK LIMITED",
    "IFSC": "KUCB0488000",
    "BRANCH": "HEAD OFFICE",
    "ADDRESS": "516/2, SHANIWAR PETH,SHAHU CHOWK, KARAD -  415 110.",
    "CONTACT": "226013",
    "CITY": "SATARA",
    "DISTRICT": "KARAD",
    "STATE": "MAHARASHTRA"
  },
  "KUCB0488001": {
    "BANK": "THE KARAD URBAN COOPERATIVE BANK LIMITED",
    "IFSC": "KUCB0488001",
    "BRANCH": "GURUWAR PETH",
    "ADDRESS": "243,A , GURUWAR PETH ,TILAK ROAD ,KARAD - 415 110",
    "CONTACT": "222243",
    "CITY": "SATARA",
    "DISTRICT": "KARAD",
    "STATE": "MAHARASHTRA"
  },
  "KUCB0488002": {
    "BANK": "THE KARAD URBAN COOPERATIVE BANK LIMITED",
    "IFSC": "KUCB0488002",
    "BRANCH": "TALBHAG",
    "ADDRESS": "PLOT NO- 533 KRISHNA BUILDING, SHANIWAR PETH ,KARAD -415 110",
    "CONTACT": "222458",
    "CITY": "SATARA",
    "DISTRICT": "KARAD",
    "STATE": "MAHARASHTRA"
  },
  "KUCB0488003": {
    "BANK": "THE KARAD URBAN COOPERATIVE BANK LIMITED",
    "IFSC": "KUCB0488003",
    "BRANCH": "SATARA CITY",
    "ADDRESS": "OPP.KANYA SHALA,PALACE STREET ,167, BHAVANI PETH, SATARA- 415 002",
    "CONTACT": "234032",
    "CITY": "SATARA",
    "DISTRICT": "SATARA",
    "STATE": "MAHARASHTRA"
  },
  "KUCB0488004": {
    "BANK": "THE KARAD URBAN COOPERATIVE BANK LIMITED",
    "IFSC": "KUCB0488004",
    "BRANCH": "MASUR",
    "ADDRESS": "OPP. S.T.STAND, AT POST- MASUR TAL- KARAD  MASUR -415 106",
    "CONTACT": "252240",
    "CITY": "SATARA",
    "DISTRICT": "MASUR",
    "STATE": "MAHARASHTRA"
  },
  "KUCB0488005": {
    "BANK": "THE KARAD URBAN COOPERATIVE BANK LIMITED",
    "IFSC": "KUCB0488005",
    "BRANCH": "UMBRAJ",
    "ADDRESS": "S.NO- 812, WAKDE BUILDING, \" JANAIDEVI SANKUL \", 1 ST FLOOR , UMBRAJ - 415 109",
    "CONTACT": "264045",
    "CITY": "SATARA",
    "DISTRICT": "UMBRAJ",
    "STATE": "MAHARASHTRA"
  },
  "KUCB0488006": {
    "BANK": "THE KARAD URBAN COOPERATIVE BANK LIMITED",
    "IFSC": "KUCB0488006",
    "BRANCH": "VIDHYANAGAR",
    "ADDRESS": "MILKAT NO- 921 ,OPP.COLLEGE OF PHARMACY ,VIDYANAGAR,  KARAD",
    "CONTACT": "271326",
    "CITY": "SATARA",
    "DISTRICT": "KARAD",
    "STATE": "MAHARASHTRA"
  },
  "KUCB0488007": {
    "BANK": "THE KARAD URBAN COOPERATIVE BANK LIMITED",
    "IFSC": "KUCB0488007",
    "BRANCH": "SAYAM",
    "ADDRESS": "M.G.ROAD ,ATTAR BUILDING,AZAD CHOWK ,RAVIWAR PETH KARAD - 415 110",
    "CONTACT": "222533",
    "CITY": "SATARA",
    "DISTRICT": "KARAD",
    "STATE": "MAHARASHTRA"
  },
  "KUCB0488008": {
    "BANK": "THE KARAD URBAN COOPERATIVE BANK LIMITED",
    "IFSC": "KUCB0488008",
    "BRANCH": "KOREGAON",
    "ADDRESS": "VYANKATESH ,AZAD CHOWK,MAIN ROAD ,KOREGAON - 415 501",
    "CONTACT": "220328",
    "CITY": "SATARA",
    "DISTRICT": "KOREGAON",
    "STATE": "MAHARASHTRA"
  },
  "KUCB0488009": {
    "BANK": "THE KARAD URBAN COOPERATIVE BANK LIMITED",
    "IFSC": "KUCB0488009",
    "BRANCH": "VADUJ",
    "ADDRESS": "C.S.NO -696,MAIN ROAD VADUJ TAL- KHATAV - 415 506",
    "CONTACT": "231325",
    "CITY": "SATARA",
    "DISTRICT": "VADUJ",
    "STATE": "MAHARASHTRA"
  },
  "KUCB0488010": {
    "BANK": "THE KARAD URBAN COOPERATIVE BANK LIMITED",
    "IFSC": "KUCB0488010",
    "BRANCH": "DAHIWADI",
    "ADDRESS": "JADHAV BUILDING, OPP.CIVIL COURT,DAHIVADI TAL- MAN -415 508",
    "CONTACT": "220340",
    "CITY": "SATARA",
    "DISTRICT": "DAHIWADI",
    "STATE": "MAHARASHTRA"
  },
  "KUCB0488011": {
    "BANK": "THE KARAD URBAN COOPERATIVE BANK LIMITED",
    "IFSC": "KUCB0488011",
    "BRANCH": "MALAKAPUR",
    "ADDRESS": "PLOT NO- 11, SHINDE BUILDING,P.B.ROAD, MALKAPUR -415 110",
    "CONTACT": "241448",
    "CITY": "SATARA",
    "DISTRICT": "KARAD",
    "STATE": "MAHARASHTRA"
  },
  "KUCB0488012": {
    "BANK": "THE KARAD URBAN COOPERATIVE BANK LIMITED",
    "IFSC": "KUCB0488012",
    "BRANCH": "MALHAR PETH",
    "ADDRESS": "904/905, OM BUILDING ,MALHARPETH TAL- PATAN - 415 205",
    "CONTACT": "285013",
    "CITY": "SATARA",
    "DISTRICT": "MALHAR PETH",
    "STATE": "MAHARASHTRA"
  },
  "KUCB0488013": {
    "BANK": "THE KARAD URBAN COOPERATIVE BANK LIMITED",
    "IFSC": "KUCB0488013",
    "BRANCH": "POWAI NAKA",
    "ADDRESS": "BHAGIRTHI CHAMBERS, 55 ,RAVIWAR PETH SATARA -415 002",
    "CONTACT": "233851",
    "CITY": "SATARA",
    "DISTRICT": "SATARA",
    "STATE": "MAHARASHTRA"
  },
  "KUCB0488014": {
    "BANK": "THE KARAD URBAN COOPERATIVE BANK LIMITED",
    "IFSC": "KUCB0488014",
    "BRANCH": "PUSEGAON",
    "ADDRESS": "JADHAV BUILDING,PANDHARPUR ROAD,PUSEGAON TAL -KHATAV - 415 502",
    "CONTACT": "260378",
    "CITY": "SATARA",
    "DISTRICT": "PUSEGAON",
    "STATE": "MAHARASHTRA"
  },
  "KUCB0488015": {
    "BANK": "THE KARAD URBAN COOPERATIVE BANK LIMITED",
    "IFSC": "KUCB0488015",
    "BRANCH": "PHALTAN",
    "ADDRESS": "NEAR DYANESHWAR TEMPLE,LAXMI NAGAR,PHALTAN - 415 223",
    "CONTACT": "222174",
    "CITY": "SATARA",
    "DISTRICT": "PHALTAN",
    "STATE": "MAHARASHTRA"
  },
  "KUCB0488016": {
    "BANK": "THE KARAD URBAN COOPERATIVE BANK LIMITED",
    "IFSC": "KUCB0488016",
    "BRANCH": "NAGTHANE",
    "ADDRESS": "S.S.NO- 907, NINAM PADALI ROAD ,NAGTHANE TAL-SATARA",
    "CONTACT": "265121",
    "CITY": "SATARA",
    "DISTRICT": "NAGTHANE",
    "STATE": "MAHARASHTRA"
  },
  "KUCB0488017": {
    "BANK": "THE KARAD URBAN COOPERATIVE BANK LIMITED",
    "IFSC": "KUCB0488017",
    "BRANCH": "MHASWAD",
    "ADDRESS": "SHIKHAR SHINGNAPUR ROAD ,MHASWAD TAL-MAN 415 509",
    "CONTACT": "270302",
    "CITY": "SATARA",
    "DISTRICT": "MHASWAD",
    "STATE": "MAHARASHTRA"
  },
  "KUCB0488018": {
    "BANK": "THE KARAD URBAN COOPERATIVE BANK LIMITED",
    "IFSC": "KUCB0488018",
    "BRANCH": "ISLAMPUR",
    "ADDRESS": "PARDESHI BUILDING ,MAIN ROAD, ISLAMPUR DIST-SANGLI 415 509",
    "CONTACT": "222696",
    "CITY": "SATARA",
    "DISTRICT": "ISLAMPUR",
    "STATE": "MAHARASHTRA"
  },
  "KUCB0488019": {
    "BANK": "THE KARAD URBAN COOPERATIVE BANK LIMITED",
    "IFSC": "KUCB0488019",
    "BRANCH": "SANGLI CITY",
    "ADDRESS": "C.S.NO - 72 A,LAXMI NIWAS ,MAHAVEER NAGAR,PATEL CHOWK, SANGLI - 416 416",
    "CONTACT": "2620046",
    "CITY": "SATARA",
    "DISTRICT": "SANGLI",
    "STATE": "MAHARASHTRA"
  },
  "KUCB0488020": {
    "BANK": "THE KARAD URBAN COOPERATIVE BANK LIMITED",
    "IFSC": "KUCB0488020",
    "BRANCH": "KALE",
    "ADDRESS": "GRAMPANCHAYAT BUILDING,KALE - 415 104",
    "CONTACT": "254285",
    "CITY": "SATARA",
    "DISTRICT": "KALE",
    "STATE": "MAHARASHTRA"
  },
  "KUCB0488021": {
    "BANK": "THE KARAD URBAN COOPERATIVE BANK LIMITED",
    "IFSC": "KUCB0488021",
    "BRANCH": "RAHIMATPUR",
    "ADDRESS": "TANDALE BUILDING ,RAHIMATPUR,TAL- KOREGAON",
    "CONTACT": "230281",
    "CITY": "SATARA",
    "DISTRICT": "RAHIMATPUR",
    "STATE": "MAHARASHTRA"
  },
  "KUCB0488022": {
    "BANK": "THE KARAD URBAN COOPERATIVE BANK LIMITED",
    "IFSC": "KUCB0488022",
    "BRANCH": "KOLHAPUR CITY",
    "ADDRESS": "C.S.NO- 629,C WARD ,SHIVAJI ROAD,ARAM CORNOR, KOLHAPUR - 416 002",
    "CONTACT": "2541418",
    "CITY": "KOLHAPUR",
    "DISTRICT": "KOLHAPUR",
    "STATE": "MAHARASHTRA"
  },
  "KUCB0488023": {
    "BANK": "THE KARAD URBAN COOPERATIVE BANK LIMITED",
    "IFSC": "KUCB0488023",
    "BRANCH": "GULTAKADI",
    "ADDRESS": "CHATRAPATI SHIVAJI MARKET,PAN BAZAR,GULTEKADI PUNE-411 037",
    "CONTACT": "24268109",
    "CITY": "PUNE",
    "DISTRICT": "PUNE",
    "STATE": "MAHARASHTRA"
  },
  "KUCB0488024": {
    "BANK": "THE KARAD URBAN COOPERATIVE BANK LIMITED",
    "IFSC": "KUCB0488024",
    "BRANCH": "RUKHMININAGAR",
    "ADDRESS": "POOJA COMPLEX, RUKMININAGAR ,KARAD - 415 110",
    "CONTACT": "223820",
    "CITY": "SATARA",
    "DISTRICT": "KARAD",
    "STATE": "MAHARASHTRA"
  },
  "KUCB0488025": {
    "BANK": "THE KARAD URBAN COOPERATIVE BANK LIMITED",
    "IFSC": "KUCB0488025",
    "BRANCH": "BHOSARI",
    "ADDRESS": "SHRI SWAMI SAMARTH COMPLEX,INDRAYANINAGAR,BHOSARI ,PUNE -411 026",
    "CONTACT": "27119446",
    "CITY": "PUNE",
    "DISTRICT": "PUNE",
    "STATE": "MAHARASHTRA"
  },
  "KUCB0488026": {
    "BANK": "THE KARAD URBAN COOPERATIVE BANK LIMITED",
    "IFSC": "KUCB0488026",
    "BRANCH": "MANGALWAR PETH",
    "ADDRESS": "OPP.KARAD MUNCIPAL COUNCIL,MANGALWAR PETH,KARAD - 415 110",
    "CONTACT": "223921",
    "CITY": "SATARA",
    "DISTRICT": "KARAD",
    "STATE": "MAHARASHTRA"
  },
  "KUCB0488027": {
    "BANK": "THE KARAD URBAN COOPERATIVE BANK LIMITED",
    "IFSC": "KUCB0488027",
    "BRANCH": "SOLAPUR",
    "ADDRESS": "STATUS SYMBOL' , S.NO. 2589/A, FIRST FLOOR ,MANGALWAR PETH, CHATI GALLI, SOLAPUR - 413 002",
    "CONTACT": "2624430",
    "CITY": "SOLAPUR",
    "DISTRICT": "SOLAPUR",
    "STATE": "MAHARASHTRA"
  },
  "KUCB0488028": {
    "BANK": "THE KARAD URBAN COOPERATIVE BANK LIMITED",
    "IFSC": "KUCB0488028",
    "BRANCH": "SADAR BAZAR",
    "ADDRESS": "S.S.NO -436/7 , PLOT NO-6 , SADAR BAZAR, SATARA - 415 001",
    "CONTACT": "235851",
    "CITY": "SATARA",
    "DISTRICT": "SATARA",
    "STATE": "MAHARASHTRA"
  },
  "KUCB0488029": {
    "BANK": "THE KARAD URBAN COOPERATIVE BANK LIMITED",
    "IFSC": "KUCB0488029",
    "BRANCH": "KARVE ROAD",
    "ADDRESS": "S.S.NO-127/1 B,KARVE ROAD,KOTHRUD,PUNE -411 029",
    "CONTACT": "25420066",
    "CITY": "PUNE",
    "DISTRICT": "PUNE",
    "STATE": "MAHARASHTRA"
  },
  "KUCB0488030": {
    "BANK": "THE KARAD URBAN COOPERATIVE BANK LIMITED",
    "IFSC": "KUCB0488030",
    "BRANCH": "RAWIWAR PETH PUNE",
    "ADDRESS": "BAGADIA BUILD,KASBA PETH,NR PHADAKE HAUD CHOWK",
    "CONTACT": null,
    "CITY": "PUNE",
    "DISTRICT": "PUNE",
    "STATE": "MAHARASHTRA"
  },
  "KUCB0488032": {
    "BANK": "THE KARAD URBAN COOPERATIVE BANK LIMITED",
    "IFSC": "KUCB0488032",
    "BRANCH": "CHIPLUN",
    "ADDRESS": "SWAMI COMPLEX-2, NEAR BHAJI MARKET,BAZAR PETH,CHIPLUN -415 605",
    "CONTACT": "260075",
    "CITY": "RATNAGIRI",
    "DISTRICT": "CHIPLUN",
    "STATE": "MAHARASHTRA"
  },
  "KUCB0488033": {
    "BANK": "THE KARAD URBAN COOPERATIVE BANK LIMITED",
    "IFSC": "KUCB0488033",
    "BRANCH": "MARKET YARD SANGLI",
    "ADDRESS": "C.S.NO-705 A, RAJRATNA HEIGHTS, MIRAJ SANGLI SERVICE ROAD, CHANDANI CHOWK CORNER, SANGLI",
    "CONTACT": "2670925",
    "CITY": "SANGLI",
    "DISTRICT": "SANGLI",
    "STATE": "MAHARASHTRA"
  },
  "KUCB0488034": {
    "BANK": "THE KARAD URBAN COOPERATIVE BANK LIMITED",
    "IFSC": "KUCB0488034",
    "BRANCH": "SHAHUPURI",
    "ADDRESS": "1104 - E WARD, OPP.SHAHAJI LAW COLLEGE,SHAHUPURI,KOLHAPUR - 416 001",
    "CONTACT": "2533326",
    "CITY": "KOLHAPUR",
    "DISTRICT": "KOLHAPUR",
    "STATE": "MAHARASHTRA"
  },
  "KUCB0488035": {
    "BANK": "THE KARAD URBAN COOPERATIVE BANK LIMITED",
    "IFSC": "KUCB0488035",
    "BRANCH": "LAXMI ROAD",
    "ADDRESS": "C.S.NO-688 TO 690 ,OFF KUMTHEKAR ROAD,SADASHIV PETH ,PUNE - 411 030",
    "CONTACT": "24474700",
    "CITY": "PUNE",
    "DISTRICT": "PUNE",
    "STATE": "MAHARASHTRA"
  },
  "KUCB0488036": {
    "BANK": "THE KARAD URBAN COOPERATIVE BANK LIMITED",
    "IFSC": "KUCB0488036",
    "BRANCH": "RTGS-HO",
    "ADDRESS": "HEAD OFFICE, 516/2, SHAHU CHOWK,SHANIWAR PETH, KARAD.PIN- 415110",
    "CONTACT": "22870389",
    "CITY": "SATARA",
    "DISTRICT": "KARAD",
    "STATE": "MAHARASHTRA"
  },
  "KUCB0488037": {
    "BANK": "THE KARAD URBAN COOPERATIVE BANK LIMITED",
    "IFSC": "KUCB0488037",
    "BRANCH": "KARVE NAKA",
    "ADDRESS": "P.NO.8,PRIYADARSHINI CO-OP HOUSING SOCIETY,KARVE NAKA,KARAD -415 110",
    "CONTACT": "229563",
    "CITY": "KARAD",
    "DISTRICT": "KARAD",
    "STATE": "MAHARASHTRA"
  },
  "KUCB0488038": {
    "BANK": "THE KARAD URBAN COOPERATIVE BANK LIMITED",
    "IFSC": "KUCB0488038",
    "BRANCH": "CAMP",
    "ADDRESS": "S.NO. 192 , M.G.ROAD ,CAMP PUNE - 411 001",
    "CONTACT": "26344878",
    "CITY": "PUNE",
    "DISTRICT": "PUNE",
    "STATE": "MAHARASHTRA"
  },
  "KUCB0488039": {
    "BANK": "THE KARAD URBAN COOPERATIVE BANK LIMITED",
    "IFSC": "KUCB0488039",
    "BRANCH": "DHANKAWADI",
    "ADDRESS": "E-1/ E-2 ,ROYAL ARCHADE , NH - 4 ,DHANKAVADI PUNE - 411 043",
    "CONTACT": "24363918",
    "CITY": "PUNE",
    "DISTRICT": "PUNE",
    "STATE": "MAHARASHTRA"
  },
  "KUCB0488044": {
    "BANK": "THE KARAD URBAN COOPERATIVE BANK LIMITED",
    "IFSC": "KUCB0488044",
    "BRANCH": "VITA",
    "ADDRESS": "SACHIN BUILDING, NEAR MAMATA HOSPITAL, MAYANI ROAD, VITA - 415 311",
    "CONTACT": "273182",
    "CITY": "SANGLI",
    "DISTRICT": "VITA",
    "STATE": "MAHARASHTRA"
  },
  "KUCB0488046": {
    "BANK": "THE KARAD URBAN COOPERATIVE BANK LIMITED",
    "IFSC": "KUCB0488046",
    "BRANCH": "MADHAVNAGAR",
    "ADDRESS": "C.S.NO- 248 / 1-2 , MANGALWAR PETH,SAYAR BULD.,MADHAVNAGAR,SANGLI",
    "CONTACT": "2311225",
    "CITY": "SANGLI",
    "DISTRICT": "SANGLI",
    "STATE": "MAHARASHTRA"
  },
  "KUCB0488048": {
    "BANK": "THE KARAD URBAN COOPERATIVE BANK LIMITED",
    "IFSC": "KUCB0488048",
    "BRANCH": "SHIRALA",
    "ADDRESS": "1579, SOMWAR PETH, BATTIS SHIRALA ,SHIRALA - 415 408",
    "CONTACT": "272721",
    "CITY": "SANGLI",
    "DISTRICT": "SHIRALA",
    "STATE": "MAHARASHTRA"
  },
  "KUCB0488049": {
    "BANK": "THE KARAD URBAN COOPERATIVE BANK LIMITED",
    "IFSC": "KUCB0488049",
    "BRANCH": "MIRAJ MARKET",
    "ADDRESS": "C.S.NO- 5250 & 5201 , LAXMI MARKET ,MIRAJ - 416 410",
    "CONTACT": "2228450",
    "CITY": "SANGLI",
    "DISTRICT": "MIRAJ MARKET",
    "STATE": "MAHARASHTRA"
  },
  "KUCB0488051": {
    "BANK": "THE KARAD URBAN COOPERATIVE BANK LIMITED",
    "IFSC": "KUCB0488051",
    "BRANCH": "BANER",
    "ADDRESS": "'FOCUS' , S.NO- 82, NEAR ORCHID SCHOOL, BANER PUNE - 411 045",
    "CONTACT": "27292930",
    "CITY": "PUNE",
    "DISTRICT": "PUNE",
    "STATE": "MAHARASHTRA"
  },
  "KUCB0488052": {
    "BANK": "THE KARAD URBAN COOPERATIVE BANK LIMITED",
    "IFSC": "KUCB0488052",
    "BRANCH": "TASWADE",
    "ADDRESS": "P-31 , KARAD INDUSTRIAL AREA , BEHIND MIDC OFFICE ,TASWADE KARAD - 415 109",
    "CONTACT": "258004",
    "CITY": "KARAD",
    "DISTRICT": "KARAD",
    "STATE": "MAHARASHTRA"
  },
  "KUCB0488053": {
    "BANK": "THE KARAD URBAN COOPERATIVE BANK LIMITED",
    "IFSC": "KUCB0488053",
    "BRANCH": "DADAR",
    "ADDRESS": "19- A, RAJARAM ESTATE , 1ST FLOOR , M.M.G.S.ROAD, DADAR (E), MUMBAI - 400 014",
    "CONTACT": "24171471",
    "CITY": "MUMBAI",
    "DISTRICT": "MUMBAI",
    "STATE": "MAHARASHTRA"
  },
  "KUCB0488054": {
    "BANK": "THE KARAD URBAN COOPERATIVE BANK LIMITED",
    "IFSC": "KUCB0488054",
    "BRANCH": "KALEWADI",
    "ADDRESS": "S.NO.25/1/1 , IST FLOOR, KALEWADI PHATA, RAHATANI, PIMPARI , PUNE - 411 017",
    "CONTACT": "27272000",
    "CITY": "PUNE",
    "DISTRICT": "PUNE",
    "STATE": "MAHARASHTRA"
  },
  "KUCB0488055": {
    "BANK": "THE KARAD URBAN COOPERATIVE BANK LIMITED",
    "IFSC": "KUCB0488055",
    "BRANCH": "SINHGAD ROAD",
    "ADDRESS": "S.NO.10/4,SINHAGAD ROAD , WADGAON KHURD,TAL-HAVELI , DIST- PUNE ,PUNE- 411 041",
    "CONTACT": "24395979",
    "CITY": "PUNE",
    "DISTRICT": "PUNE",
    "STATE": "MAHARASHTRA"
  },
  "KUCB0488056": {
    "BANK": "THE KARAD URBAN COOPERATIVE BANK LIMITED",
    "IFSC": "KUCB0488056",
    "BRANCH": "KAMOTHE",
    "ADDRESS": "'SHUBH KALASH COMPLEX', GALA NO-14,15,16 , SECTOR NO-35, PHASE II ,",
    "CONTACT": "65883105",
    "CITY": "RAIGAD",
    "DISTRICT": "KAMOTHE",
    "STATE": "MAHARASHTRA"
  },
  "KUCB0488057": {
    "BANK": "THE KARAD URBAN COOPERATIVE BANK LIMITED",
    "IFSC": "KUCB0488057",
    "BRANCH": "POWAI NAKA",
    "ADDRESS": "SHREE MARIAAI MAHALAXMI COMPLEX, 174/A, RAVIWAR PETH SATARA - 415002",
    "CONTACT": "232910",
    "CITY": "SATARA",
    "DISTRICT": "SATARA",
    "STATE": "MAHARASHTRA"
  },
  "KUCB0488058": {
    "BANK": "THE KARAD URBAN COOPERATIVE BANK LIMITED",
    "IFSC": "KUCB0488058",
    "BRANCH": "VISAVA CAMP",
    "ADDRESS": "ABHYUDAY AARCADE, VISAVA CAMP, SATARA - 415001",
    "CONTACT": "239106",
    "CITY": "SATARA",
    "DISTRICT": "SATARA",
    "STATE": "MAHARASHTRA"
  },
  "KUCB0488059": {
    "BANK": "THE KARAD URBAN COOPERATIVE BANK LIMITED",
    "IFSC": "KUCB0488059",
    "BRANCH": "SHIVRAJ PETROL PUMP",
    "ADDRESS": "PLOT NO.9, BARAVKAR NAGAR, NEAR SHIVRAJ PETROL PUMP, SAMBHAJINAGAR SATARA - 415001",
    "CONTACT": "248275",
    "CITY": "SATARA",
    "DISTRICT": "SATARA",
    "STATE": "MAHARASHTRA"
  },
  "KUCB0488060": {
    "BANK": "THE KARAD URBAN COOPERATIVE BANK LIMITED",
    "IFSC": "KUCB0488060",
    "BRANCH": "APASHINGE",
    "ADDRESS": "GRAMPANCHAYAT BHAVAN, APASHINGE SATARA - 415518",
    "CONTACT": "265498",
    "CITY": "SATARA",
    "DISTRICT": "SATARA",
    "STATE": "MAHARASHTRA"
  },
  "KUCB0488061": {
    "BANK": "THE KARAD URBAN COOPERATIVE BANK LIMITED",
    "IFSC": "KUCB0488061",
    "BRANCH": "NAGTHANE",
    "ADDRESS": "AT POST NAGTHANE, SATARA - 415519",
    "CONTACT": "265690",
    "CITY": "SATARA",
    "DISTRICT": "SATARA",
    "STATE": "MAHARASHTRA"
  },
  "KUCB0488062": {
    "BANK": "THE KARAD URBAN COOPERATIVE BANK LIMITED",
    "IFSC": "KUCB0488062",
    "BRANCH": "SADASHIV PETH",
    "ADDRESS": "MADHUKRUSHNA COMPLEX, 116, SADASHIV PETH SATARA - 415001",
    "CONTACT": "236404",
    "CITY": "SATARA",
    "DISTRICT": "SATARA",
    "STATE": "MAHARASHTRA"
  },
  "KUCB0488063": {
    "BANK": "THE KARAD URBAN COOPERATIVE BANK LIMITED",
    "IFSC": "KUCB0488063",
    "BRANCH": "MARKET YARD",
    "ADDRESS": "217, RAVIWAR PETH, MARKET YARD SATARA - 415001",
    "CONTACT": "231145",
    "CITY": "SATARA",
    "DISTRICT": "SATARA",
    "STATE": "MAHARASHTRA"
  },
  "KUCB0488064": {
    "BANK": "THE KARAD URBAN COOPERATIVE BANK LIMITED",
    "IFSC": "KUCB0488064",
    "BRANCH": "KRUSHNANAGAR",
    "ADDRESS": "VIMAL RESINDENCY, SHOP NO. 12/13, KRUSHNANAGAR( KHED) SATARA - 415003",
    "CONTACT": "246275",
    "CITY": "SATARA",
    "DISTRICT": "SATARA",
    "STATE": "MAHARASHTRA"
  },
  "KUCB0488065": {
    "BANK": "THE KARAD URBAN COOPERATIVE BANK LIMITED",
    "IFSC": "KUCB0488065",
    "BRANCH": "YADOGOPAL PETH",
    "ADDRESS": "LAXMI NIVAS, 346, YADOGOPAL PETH, SATARA - 415002",
    "CONTACT": "282427",
    "CITY": "SATARA",
    "DISTRICT": "SATARA",
    "STATE": "MAHARASHTRA"
  },
  "KUCB0488066": {
    "BANK": "THE KARAD URBAN COOPERATIVE BANK LIMITED",
    "IFSC": "KUCB0488066",
    "BRANCH": "SHAHUNAGAR SHENDRE",
    "ADDRESS": "AT POST SHAHUNAGAR, SHENDRE TAL & DIST SATARA - 415001",
    "CONTACT": "279265",
    "CITY": "SATARA",
    "DISTRICT": "SATARA",
    "STATE": "MAHARASHTRA"
  },
  "KUCB0488067": {
    "BANK": "THE KARAD URBAN COOPERATIVE BANK LIMITED",
    "IFSC": "KUCB0488067",
    "BRANCH": "SHAHUNAGAR GODOLI",
    "ADDRESS": "PLOT NO. 27, SHREE GANESH HOUSING SOCIETY, SHAHUNAGAR , GODOLI SATARA - 415001",
    "CONTACT": "220484",
    "CITY": "SATARA",
    "DISTRICT": "SATARA",
    "STATE": "MAHARASHTRA"
  },
  "KUCB0488068": {
    "BANK": "THE KARAD URBAN COOPERATIVE BANK LIMITED",
    "IFSC": "KUCB0488068",
    "BRANCH": "KOTHRUD",
    "ADDRESS": "CHINTAMANI BUILDING, PLOT. NO. 2,3 MADHAVBAG CO-OP HOUSING SOCIETY, SHIVTIRTHNAGAR, POUD ROAD, KOTHRUD PUNE - 411038",
    "CONTACT": "64014213",
    "CITY": "PUNE",
    "DISTRICT": "PUNE",
    "STATE": "MAHARASHTRA"
  },
  "KUCB0488069": {
    "BANK": "THE KARAD URBAN COOPERATIVE BANK LIMITED",
    "IFSC": "KUCB0488069",
    "BRANCH": "SHAHUPURI",
    "ADDRESS": "81, RAMNAGAR, PAWAR COLONY, SHAHUPURI, SATARA 415002",
    "CONTACT": "250035",
    "CITY": "SATARA",
    "DISTRICT": "SATARA",
    "STATE": "MAHARASHTRA"
  },
  "KUCB0488070": {
    "BANK": "THE KARAD URBAN COOPERATIVE BANK LIMITED",
    "IFSC": "KUCB0488070",
    "BRANCH": "TAMJAINAGAR KARANJE",
    "ADDRESS": "SARVE NO. 8/2/2B, RUDRAKSHA RESINDENCY, KANJE TARFE SATARA - 415002",
    "CONTACT": "250027",
    "CITY": "SATARA",
    "DISTRICT": "SATARA",
    "STATE": "MAHARASHTRA"
  }
}