{
  "MCBL0960002": {
    "BANK": "MAHANAGAR COOPERATIVE BANK",
    "IFSC": "MCBL0960002",
    "BRANCH": "CARNAC BUNDER",
    "ADDRESS": "NAVRATAN BUILDING, 59, D'MELLO ROAD, CARNAC BUNDER, MUMBAI-400009",
    "CONTACT": "23481731",
    "CITY": "MUMBAI",
    "DISTRICT": "GREATER MUMBAI",
    "STATE": "MAHARASHTRA"
  },
  "MCBL0960003": {
    "BANK": "MAHANAGAR COOPERATIVE BANK",
    "IFSC": "MCBL0960003",
    "BRANCH": "FORT",
    "ADDRESS": "UNIT NO.1 &2, GROUND FLOOR, S.P.CENTRE BUILDING, 68/70, NAGINDAS MASTER ROAD, FORT, MUMBAI-400023.",
    "CONTACT": "22612795",
    "CITY": "MUMBAI",
    "DISTRICT": "GREATER MUMBAI",
    "STATE": "MAHARASHTRA"
  },
  "MCBL0960004": {
    "BANK": "MAHANAGAR COOPERATIVE BANK",
    "IFSC": "MCBL0960004",
    "BRANCH": "GHATKOPAR",
    "ADDRESS": "GANESH BAUG CO-OP.HSG.SOCIETY, R.B.KADAM MARG, BHATWADI, GHATKOPAR, MUMBAI-400084",
    "CONTACT": "25113117",
    "CITY": "MUMBAI",
    "DISTRICT": "GREATER MUMBAI",
    "STATE": "MAHARASHTRA"
  },
  "MCBL0960005": {
    "BANK": "MAHANAGAR COOPERATIVE BANK",
    "IFSC": "MCBL0960005",
    "BRANCH": "CHEMBUR",
    "ADDRESS": "82-C, RAJASHRI BUILDING, N.G.ACHARYA MARG, CHEMBUR GOVANDI ROAD, MUMBAI-400071",
    "CONTACT": "25212086",
    "CITY": "MUMBAI",
    "DISTRICT": "GREATER MUMBAI",
    "STATE": "MAHARASHTRA"
  },
  "MCBL0960006": {
    "BANK": "MAHANAGAR COOPERATIVE BANK",
    "IFSC": "MCBL0960006",
    "BRANCH": "KALACHOWKI",
    "ADDRESS": "MAZHE MAHER, PAREL TANK ROAD, ABHYUDAYA NAGAR, KALACHOWKI, MUMBAI-400033",
    "CONTACT": "24710942",
    "CITY": "MUMBAI",
    "DISTRICT": "GREATER MUMBAI",
    "STATE": "MAHARASHTRA"
  },
  "MCBL0960007": {
    "BANK": "MAHANAGAR COOPERATIVE BANK",
    "IFSC": "MCBL0960007",
    "BRANCH": "LALBAUG",
    "ADDRESS": "HIRAMANI SUPER MARKET BLDG., DR.B.A.ROAD, LALBAUG, MUMBAI-400012.",
    "CONTACT": "24710519",
    "CITY": "MUMBAI",
    "DISTRICT": "GREATER MUMBAI",
    "STATE": "MAHARASHTRA"
  },
  "MCBL0960008": {
    "BANK": "MAHANAGAR COOPERATIVE BANK",
    "IFSC": "MCBL0960008",
    "BRANCH": "MULUND",
    "ADDRESS": "KARACHI KACCHI LOHANA NARAYAN SARVOPAYA & LOKPATIA TRUST, J.N.ROAD, MULUND (WEST), MUMBAI-400080",
    "CONTACT": "25681951",
    "CITY": "MUMBAI",
    "DISTRICT": "GREATER MUMBAI",
    "STATE": "MAHARASHTRA"
  },
  "MCBL0960010": {
    "BANK": "MAHANAGAR COOPERATIVE BANK",
    "IFSC": "MCBL0960010",
    "BRANCH": "TURBHE",
    "ADDRESS": "KRISHI UTPANNA BAZAR SAMITTEE, GR.FLOOR, CENTRAL BUILDING, TURBHE, NAVI MUMBAI-400705",
    "CONTACT": "27841298",
    "CITY": "NEW MUMBAI",
    "DISTRICT": "THANE",
    "STATE": "MAHARASHTRA"
  },
  "MCBL0960011": {
    "BANK": "MAHANAGAR COOPERATIVE BANK",
    "IFSC": "MCBL0960011",
    "BRANCH": "VARTAKANAGAR",
    "ADDRESS": "JAGDISH ASSOCIATES, GR.FLOOR, GALA NO.4 & 5, VARTAKNAGAR NAKA, THANE-400606",
    "CONTACT": "25883142",
    "CITY": "THANE",
    "DISTRICT": "THANE",
    "STATE": "MAHARASHTRA"
  },
  "MCBL0960012": {
    "BANK": "MAHANAGAR COOPERATIVE BANK",
    "IFSC": "MCBL0960012",
    "BRANCH": "BORIVALI",
    "ADDRESS": "LAXMI NIWAS, PLOT NO.4, S.V.ROAD, DAULAT NAGAR, BORIVALI(EAST), MUMBAI-400066",
    "CONTACT": "28953586",
    "CITY": "MUMBAI",
    "DISTRICT": "GREATER MUMBAI",
    "STATE": "MAHARASHTRA"
  },
  "MCBL0960013": {
    "BANK": "MAHANAGAR COOPERATIVE BANK",
    "IFSC": "MCBL0960013",
    "BRANCH": "AIROLI",
    "ADDRESS": "SHIVAM SHOPPING CENTRE, SECTOR NO.2, AIROLI, NAVI MUMBAI-400708",
    "CONTACT": "27793650",
    "CITY": "NEW MUMBAI",
    "DISTRICT": "THANE",
    "STATE": "MAHARASHTRA"
  },
  "MCBL0960014": {
    "BANK": "MAHANAGAR COOPERATIVE BANK",
    "IFSC": "MCBL0960014",
    "BRANCH": "ULHASNAGAR",
    "ADDRESS": "SONA MARKET, JAPANI BAZAR, U.NO.94, SHEET NO.63, ULHASNAGAR-421002",
    "CONTACT": "2707533",
    "CITY": "THANE",
    "DISTRICT": "THANE",
    "STATE": "MAHARASHTRA"
  },
  "MCBL0960015": {
    "BANK": "MAHANAGAR COOPERATIVE BANK",
    "IFSC": "MCBL0960015",
    "BRANCH": "KANDIVALI",
    "ADDRESS": "HARSHADA SUMAN CO-OP.HSG.SOC.LTD., SHOP NO.1 TO 4, PRABODHANKAR THAKRE NAGAR, C.H.K.12, MUMBAI-400067",
    "CONTACT": "28685965",
    "CITY": "MUMBAI",
    "DISTRICT": "GREATER MUMBAI",
    "STATE": "MAHARASHTRA"
  },
  "MCBL0960016": {
    "BANK": "MAHANAGAR COOPERATIVE BANK",
    "IFSC": "MCBL0960016",
    "BRANCH": "KALAMBOLI",
    "ADDRESS": "PLOT NO.119, BIMA OFFICE PREMISES CO-OP.SOC.LTD., KALAMBOLI WARE HOUSING COMPLEX, ROAD NO.N.H.4, KALAMBOLI- 410218",
    "CONTACT": "27420510",
    "CITY": "KALAMBOLI",
    "DISTRICT": "RAIGAD",
    "STATE": "MAHARASHTRA"
  },
  "MCBL0960017": {
    "BANK": "MAHANAGAR COOPERATIVE BANK",
    "IFSC": "MCBL0960017",
    "BRANCH": "NERUL",
    "ADDRESS": "PLOT NO.5, SECTOR-1, OPP.D.Y.PATIL COLLEGE, NERUL, NAVI MUMBAI-400706",
    "CONTACT": "27709663",
    "CITY": "NEW MUMBAI",
    "DISTRICT": "THANE",
    "STATE": "MAHARASHTRA"
  },
  "MCBL0960018": {
    "BANK": "MAHANAGAR COOPERATIVE BANK",
    "IFSC": "MCBL0960018",
    "BRANCH": "SEWRI",
    "ADDRESS": "SHOP NO.15 & 16, REGAL BUSINESS COMPLEX, REGAL INDUSTRIAL ESTATE, 101, ACHARYA DONDE MARG, SEWRI (W), MUMBAI-400015",
    "CONTACT": "24112005",
    "CITY": "MUMBAI",
    "DISTRICT": "GREATER MUMBAI",
    "STATE": "MAHARASHTRA"
  },
  "MCBL0960019": {
    "BANK": "MAHANAGAR COOPERATIVE BANK",
    "IFSC": "MCBL0960019",
    "BRANCH": "BORIVALI MAGATHANE",
    "ADDRESS": "MAGATHANE BUS DEPOT BUILDING, BORIVALI (EAST), MUMBAI-400066",
    "CONTACT": "28861861",
    "CITY": "MUMBAI",
    "DISTRICT": "GREATER MUMBAI",
    "STATE": "MAHARASHTRA"
  },
  "MCBL0960020": {
    "BANK": "MAHANAGAR COOPERATIVE BANK",
    "IFSC": "MCBL0960020",
    "BRANCH": "VIKHROLI",
    "ADDRESS": "UTKARSHA BAL MANDIR, KANNAMWAR NAGAR, VIKHROLI, MUMBAI-400083",
    "CONTACT": "25796873",
    "CITY": "MUMBAI",
    "DISTRICT": "GREATER MUMBAI",
    "STATE": "MAHARASHTRA"
  },
  "MCBL0960021": {
    "BANK": "MAHANAGAR COOPERATIVE BANK",
    "IFSC": "MCBL0960021",
    "BRANCH": "NCRD NERUL",
    "ADDRESS": "NCRD NUTAN VIDYALAYA, SECTOR-19, NERUL, NAVI MUMBAI-400706",
    "CONTACT": "27714813",
    "CITY": "NEW MUMBAI",
    "DISTRICT": "THANE",
    "STATE": "MAHARASHTRA"
  },
  "MCBL0960022": {
    "BANK": "MAHANAGAR COOPERATIVE BANK",
    "IFSC": "MCBL0960022",
    "BRANCH": "SAVARKAR NAGAR",
    "ADDRESS": "LOKMANYA SHIKSHAN MANDAL,VEER SAVARKAR NAGAR,THANE WEST-400606",
    "CONTACT": "25802012",
    "CITY": "THANE",
    "DISTRICT": "THANE",
    "STATE": "MAHARASHTRA"
  },
  "MCBL0960023": {
    "BANK": "MAHANAGAR COOPERATIVE BANK",
    "IFSC": "MCBL0960023",
    "BRANCH": "GHANSOLI",
    "ADDRESS": "BALAJI CO OP HOUSING SOCIETY LTD,SHOP NO 6,7,&8, SECTOR 4,PLOT NO 528,GHANSOLI,NAVI MUMBAI-400701",
    "CONTACT": "27540155",
    "CITY": "NEW MUMBAI",
    "DISTRICT": "THANE",
    "STATE": "MAHARASHTRA"
  },
  "MCBL0960024": {
    "BANK": "MAHANAGAR COOPERATIVE BANK",
    "IFSC": "MCBL0960024",
    "BRANCH": "KHARGHAR",
    "ADDRESS": "F/85, SANYUKTA CHS. SECTOR 12, KHARGHAR, NAVI MUMBAI, PIN 410210.PH. NO. 022 27746364",
    "CONTACT": "27746364",
    "CITY": "NAVI MUMBAI",
    "DISTRICT": "THANE",
    "STATE": "MAHARASHTRA"
  },
  "MCBL0960025": {
    "BANK": "MAHANAGAR COOPERATIVE BANK",
    "IFSC": "MCBL0960025",
    "BRANCH": "CLOABA",
    "ADDRESS": "KASTURI BUILDING, GROUND FLOOR, HOM RASJI STREET, COLABA, MUMBAI PIN. 400005. PH. NO. 022 22821856",
    "CONTACT": "22821856",
    "CITY": "MUMBAI",
    "DISTRICT": "MUMBAI",
    "STATE": "MAHARASHTRA"
  },
  "MCBL0960026": {
    "BANK": "MAHANAGAR COOPERATIVE BANK",
    "IFSC": "MCBL0960026",
    "BRANCH": "KALYAN",
    "ADDRESS": "TRIVENI PARK CHS. GALA NO. 1/5 & 6, WAYLE NAGAR, BHIWANDI KALYAN HIGHWAY, TALUKA, KALYAN DIST THANE, PIN 400301.PH. NO. 0251 2205016",
    "CONTACT": "2205016",
    "CITY": "KALYAN",
    "DISTRICT": "THANE",
    "STATE": "MAHARASHTRA"
  },
  "MCBL0960027": {
    "BANK": "MAHANAGAR COOPERATIVE BANK",
    "IFSC": "MCBL0960027",
    "BRANCH": "PANVEL",
    "ADDRESS": "BANTHIYA HOUSE, SHOP NO. 1 & 2, HOME NO. 903. M. G. ROAD, PANVEL, DIST. RAIGAD.",
    "CONTACT": "27467387",
    "CITY": "PANVEL",
    "DISTRICT": "RAIGAD",
    "STATE": "MAHARASHTRA"
  },
  "MCBL0960028": {
    "BANK": "MAHANAGAR COOPERATIVE BANK",
    "IFSC": "MCBL0960028",
    "BRANCH": "BADLAPUR",
    "ADDRESS": "OFFICE NO 1 & 2, TIRUPATI KUNJ APARMENTS, GR. FLOOR, BEHIND VAISHALI CINEMA, BADLAPUR {WEST} DIST. THANE",
    "CONTACT": "2676002",
    "CITY": "THANE",
    "DISTRICT": "THANE",
    "STATE": "MAHARASHTRA"
  },
  "MCBL0960029": {
    "BANK": "MAHANAGAR COOPERATIVE BANK",
    "IFSC": "MCBL0960029",
    "BRANCH": "URAN",
    "ADDRESS": "SHOP NO. 14 TO 19, GROUND FLOOR, AUDHYA SAHAKARI GRIHANIRMAN SANSTHA, SURVEY NO. 79A, HISSA NO. 1/B, CHANGEGAON, TALUKA URAN, DIST. RAIGAD.",
    "CONTACT": "27220541",
    "CITY": "URAN",
    "DISTRICT": "RAIGAD",
    "STATE": "MAHARASHTRA"
  },
  "MCBL0960031": {
    "BANK": "MAHANAGAR COOPERATIVE BANK",
    "IFSC": "MCBL0960031",
    "BRANCH": "THANE, NARALIPADA",
    "ADDRESS": "SHOP NO. 2, GR. FLOOR, SANKALP HIGHT BUILDING, MUMBAI NASIK HIGHWAY, OPP JUPITER HOSPITAL, NARALI PADA, RUNWAL NAGAR, THANE.",
    "CONTACT": "25475240",
    "CITY": "THANE",
    "DISTRICT": "THANE",
    "STATE": "MAHARASHTRA"
  },
  "MCBL0960032": {
    "BANK": "MAHANAGAR COOPERATIVE BANK",
    "IFSC": "MCBL0960032",
    "BRANCH": "KHANDA COLONY PANVEL",
    "ADDRESS": "SAI SHARAN CO OP HSG SOCIETY OFFICE NO 3,4,5,5A AND 6, PLOT NO.15,SECTOR NO.8,KHANDA COLONY,NEW PANVEL WEST",
    "CONTACT": "24710821",
    "CITY": "PANVEL",
    "DISTRICT": "RAIGAD",
    "STATE": "MAHARASHTRA"
  },
  "MCBL0960033": {
    "BANK": "MAHANAGAR COOPERATIVE BANK",
    "IFSC": "MCBL0960033",
    "BRANCH": "BHANDUP",
    "ADDRESS": "SACHDEV COMPLEX,SHOP NO.12,GROUND FLOOR,AND BASEMENT,CTS NO.163,163/17 TO 89, KANJURGOAN,J.M.ROAD,BHANDUP WEST",
    "CONTACT": "24710821",
    "CITY": "MUMBAI",
    "DISTRICT": "MUMBAI",
    "STATE": "MAHARASHTRA"
  },
  "MCBL0960034": {
    "BANK": "MAHANAGAR COOPERATIVE BANK",
    "IFSC": "MCBL0960034",
    "BRANCH": "KOPARKHAIRANE",
    "ADDRESS": "SHOP NO 1,2,3 AND 11, GROUND FLOOR,RAJ PALACE CHS,PLOT NO.16,SECTOR NO.2,KOPARKHAIRANE,NAVIMUMBAI 400 709",
    "CONTACT": "24710821",
    "CITY": "NAVIMUMBAI",
    "DISTRICT": "NAVI MUMBAI",
    "STATE": "MAHARASHTRA"
  },
  "MCBL0960035": {
    "BANK": "MAHANAGAR COOPERATIVE BANK",
    "IFSC": "MCBL0960035",
    "BRANCH": "WORLI",
    "ADDRESS": "131/C,GROUND FLOOR,RAJPUTANA,DR.ANNIE BESANT ROAD,WORLI,MUMBAI 400018.",
    "CONTACT": "24710821",
    "CITY": "MUMBAI",
    "DISTRICT": "MUMBAI",
    "STATE": "MAHARASHTRA"
  },
  "MCBL0960036": {
    "BANK": "MAHANAGAR COOPERATIVE BANK",
    "IFSC": "MCBL0960036",
    "BRANCH": "DADAR",
    "ADDRESS": "OFFICE NO 44 AND GA 4 OM SHRI SWATI MANOR CO OP HSG SOCIETY LTD J K SAWANT MARG DADAR WEST MUMBAI 400028",
    "CONTACT": "24710821",
    "CITY": "MUMBAI",
    "DISTRICT": "MUMBAI",
    "STATE": "MAHARASHTRA"
  },
  "MCBL0960037": {
    "BANK": "MAHANAGAR COOPERATIVE BANK",
    "IFSC": "MCBL0960037",
    "BRANCH": "BHIWANDI",
    "ADDRESS": "SHOP NO 8 9 AND 10 GRND FLOOR ASHOK HOTEL BLDG KALYAN BHIWANDI RD DIST THANE 421302",
    "CONTACT": "24710821",
    "CITY": "THANE",
    "DISTRICT": "THANE",
    "STATE": "MAHARASHTRA"
  },
  "MCBL0960038": {
    "BANK": "MAHANAGAR COOPERATIVE BANK",
    "IFSC": "MCBL0960038",
    "BRANCH": "KAMOTHE",
    "ADDRESS": "OFFICE NO 9 TO 13 PARVATI ANGAN PLOT NO 66 SECTOR 21 KAMOTHE NAVI MUMBAI 410209",
    "CONTACT": "24710821",
    "CITY": "NAVIMUMBAI",
    "DISTRICT": "RAIGAD",
    "STATE": "MAHARASHTRA"
  },
  "MCBL0960039": {
    "BANK": "MAHANAGAR COOPERATIVE BANK",
    "IFSC": "MCBL0960039",
    "BRANCH": "ULWE",
    "ADDRESS": "SHOP NO 3 AND 4 GRND FLOOR RAJ HERITAGE PLOT NO 183 SECTOR 19 ULWE NAVI MUMBAI 400706",
    "CONTACT": "24710821",
    "CITY": "NAVIMUMBAI",
    "DISTRICT": "RAIGAD",
    "STATE": "MAHARASHTRA"
  },
  "MCBL0960051": {
    "BANK": "MAHANAGAR COOPERATIVE BANK",
    "IFSC": "MCBL0960051",
    "BRANCH": "AHMEDNAGAR",
    "ADDRESS": "KRUSHI UTPANNA BAZAAR SAMITEE MARKET YARD, FRUIT & VEGETABLE SECTION, 1ST FLOOR, AHMEDNAGAR-414001",
    "CONTACT": "2343089",
    "CITY": "AHMADNAGAR",
    "DISTRICT": "AHMADNAGAR",
    "STATE": "MAHARASHTRA"
  },
  "MCBL0960052": {
    "BANK": "MAHANAGAR COOPERATIVE BANK",
    "IFSC": "MCBL0960052",
    "BRANCH": "PUNE",
    "ADDRESS": "48/1, CHANDAN NAGAR, SHRI BUILDING, PUNE NAGAR ROAD, PUNE-411014",
    "CONTACT": "27019453",
    "CITY": "PUNE",
    "DISTRICT": "PUNE",
    "STATE": "MAHARASHTRA"
  },
  "MCBL0960053": {
    "BANK": "MAHANAGAR COOPERATIVE BANK",
    "IFSC": "MCBL0960053",
    "BRANCH": "NASIK BRANCH",
    "ADDRESS": "MIRANDA APARTMENT, TOWN PLANNING SCHEME NO.2, PLOT NO.29, GANGAPUR ROAD, NASIK-422005.",
    "CONTACT": "2346011",
    "CITY": "NASIK",
    "DISTRICT": "NASIK",
    "STATE": "MAHARASHTRA"
  },
  "MCBL0960054": {
    "BANK": "MAHANAGAR COOPERATIVE BANK",
    "IFSC": "MCBL0960054",
    "BRANCH": "SHIRUR",
    "ADDRESS": "LILAMOTI TOWER,OPP SHIVSENA MANDAL COM,PUNE-NAGAR ROAD,SHIRUR-412210",
    "CONTACT": "222070",
    "CITY": "SHIRUR",
    "DISTRICT": "PUNE",
    "STATE": "MAHARASHTRA"
  },
  "MCBL0960055": {
    "BANK": "MAHANAGAR COOPERATIVE BANK",
    "IFSC": "MCBL0960055",
    "BRANCH": "TALWADE",
    "ADDRESS": "VISHWAMALA SAHAKARI GRUH RACHANA MARYADI,PLOT NO.10,TRIVENI NAGAR,TALWADEPIMPARI CHINCHWAD -411014",
    "CONTACT": "27691577",
    "CITY": "PUNE",
    "DISTRICT": "PUNE",
    "STATE": "MAHARASHTRA"
  },
  "MCBL0960056": {
    "BANK": "MAHANAGAR COOPERATIVE BANK",
    "IFSC": "MCBL0960056",
    "BRANCH": "NAVI SANGVI",
    "ADDRESS": "SHITOLE EMPIRE , GALA NO. 18 TO 23, FAMOUS CHOWK, NAVI SANGVI, PUNE. PIN. 411027 PH. NO. 020 27280350",
    "CONTACT": "27280350",
    "CITY": "PUNE",
    "DISTRICT": "PUNE",
    "STATE": "MAHARASHTRA"
  },
  "MCBL0960057": {
    "BANK": "MAHANAGAR COOPERATIVE BANK",
    "IFSC": "MCBL0960057",
    "BRANCH": "NASIK ROAD",
    "ADDRESS": "PRATIBHA SANKUL, GALA NO. 5 TO 10, OPP. TARAN TALAW, NASIK ROAD, NASIK. PIN. 422101.PH. NO. 0253 2451846",
    "CONTACT": "2451846",
    "CITY": "NASIK",
    "DISTRICT": "NASIK",
    "STATE": "MAHARASHTRA"
  },
  "MCBL0960058": {
    "BANK": "MAHANAGAR COOPERATIVE BANK",
    "IFSC": "MCBL0960058",
    "BRANCH": "YERAWADA",
    "ADDRESS": "52, P. S. PLAZA, YERAWADA BAZAR, YERAWADA, PUNE. 411066.",
    "CONTACT": "26699067",
    "CITY": "PUNE",
    "DISTRICT": "PUNE",
    "STATE": "MAHARASHTRA"
  },
  "MCBL0960059": {
    "BANK": "MAHANAGAR COOPERATIVE BANK",
    "IFSC": "MCBL0960059",
    "BRANCH": "MARKET YARD",
    "ADDRESS": "652, MARKET YARD, GULTEKDI, PUNE, 411037.",
    "CONTACT": "24268000",
    "CITY": "PUNE",
    "DISTRICT": "PUNE",
    "STATE": "MAHARASHTRA"
  },
  "MCBL0960060": {
    "BANK": "MAHANAGAR COOPERATIVE BANK",
    "IFSC": "MCBL0960060",
    "BRANCH": "RAVIWAR PETH",
    "ADDRESS": "1 ST, FLOOR, 921, NAVI BUDHWAR PETH, (OLD RAVIWAR PETH) BOHARE ALI, PUNE. 411002.",
    "CONTACT": "24434499",
    "CITY": "PUNE",
    "DISTRICT": "PUNE",
    "STATE": "MAHARASHTRA"
  },
  "MCBL0960061": {
    "BANK": "MAHANAGAR COOPERATIVE BANK",
    "IFSC": "MCBL0960061",
    "BRANCH": "NEPTI-KEDGAON",
    "ADDRESS": "APMC MARKET YARD, GALA NO. 387,388,326.327, NEPTI, KEDGAON, DIST. AHMADNAGAR.",
    "CONTACT": "221189",
    "CITY": "AHMADNAGAR",
    "DISTRICT": "AHMADNAGAR",
    "STATE": "MAHARASHTRA"
  },
  "MCBL0960062": {
    "BANK": "MAHANAGAR COOPERATIVE BANK",
    "IFSC": "MCBL0960062",
    "BRANCH": "SANGAMNER",
    "ADDRESS": "HOTEL KARMA BLDG. GR. FLOOR, GALA NO. 2 & 3, OPP S. T. STAND. SANGAMNER. DIST. AHMADNAGAR.",
    "CONTACT": "225701",
    "CITY": "SANGAMNER",
    "DISTRICT": "AHMADNAGAR",
    "STATE": "MAHARASHTRA"
  },
  "MCBL0960063": {
    "BANK": "MAHANAGAR COOPERATIVE BANK",
    "IFSC": "MCBL0960063",
    "BRANCH": "SHIRDI",
    "ADDRESS": "CTS NO. 905, SURVEY NO. 5/7, MUNCIPAL HOUSE NO. 1238/1, BHAGCHAND APARTMENTS, SHIRDI, TALUKA. RAHURI, DIST. AHMEDNAGAR.",
    "CONTACT": "256866",
    "CITY": "SHIRDI",
    "DISTRICT": "AHMADNAGAR",
    "STATE": "MAHARASHTRA"
  },
  "MCBL0960064": {
    "BANK": "MAHANAGAR COOPERATIVE BANK",
    "IFSC": "MCBL0960064",
    "BRANCH": "BHOSARI",
    "ADDRESS": "SHELAR COMPLEX, RANJAN BAKERY, JAI MAHARASHTRA CHOWK, PUNE NASIK HIGHWAY, BHOSARI, PUNE.",
    "CONTACT": "27110088",
    "CITY": "PUNE",
    "DISTRICT": "PUNE",
    "STATE": "MAHARASHTRA"
  },
  "MCBL0960065": {
    "BANK": "MAHANAGAR COOPERATIVE BANK",
    "IFSC": "MCBL0960065",
    "BRANCH": "TALEGAON DABHADE",
    "ADDRESS": "SHOP NO. 6, 7, 8, A, GR. FLOOR, SARAS PLAZA APARTMENT, SAMSAN NAGAR CHS LTD, PLOT NO. 9A, TALEGAON CHAKAN HIGHWAY , TALEGAON DABHADE, DIST. PUNE.",
    "CONTACT": "222045",
    "CITY": "TALEGAON DABHADE",
    "DISTRICT": "PUNE",
    "STATE": "MAHARASHTRA"
  },
  "MCBL0960066": {
    "BANK": "MAHANAGAR COOPERATIVE BANK",
    "IFSC": "MCBL0960066",
    "BRANCH": "BOISAR",
    "ADDRESS": "SHOP NO 1,2,3,4 OPP. BOISAR RAILWAY STATION, BOISAR PALGHAR MAIN ROAD, BOISAR (WEST) DIST. THANE",
    "CONTACT": "270232",
    "CITY": "BOISAR",
    "DISTRICT": "THANE",
    "STATE": "MAHARASHTRA"
  },
  "MCBL0960067": {
    "BANK": "MAHANAGAR COOPERATIVE BANK",
    "IFSC": "MCBL0960067",
    "BRANCH": "ALANDI",
    "ADDRESS": "SHRIMAN BASTIMAL SARDA CHARITABLE TRUST, GR. FLOOR, GOPAL PURA MARG, CTS NO.802 SERVE NO. 234/12 ALANDI, DISTRICT. PUNE. PIN 412105. MAHARASHTRA",
    "CONTACT": "232044",
    "CITY": "ALANDI",
    "DISTRICT": "PUNE",
    "STATE": "MAHARASHTRA"
  },
  "MCBL0960068": {
    "BANK": "MAHANAGAR COOPERATIVE BANK",
    "IFSC": "MCBL0960068",
    "BRANCH": "KOPARGAON",
    "ADDRESS": "KASLIWAL TOWERS GR. FLOOR PLOT NO,15, HISSA NO.13, SERVE NO.215/143/1, KOPARGAON, DIST. AHMEDNAGAR. PIN. 423601. MAHARASHTRA.",
    "CONTACT": "224900",
    "CITY": "KOPARGAON",
    "DISTRICT": "AHMADNAGAR",
    "STATE": "MAHARASHTRA"
  },
  "MCBL0960069": {
    "BANK": "MAHANAGAR COOPERATIVE BANK",
    "IFSC": "MCBL0960069",
    "BRANCH": "NANDED",
    "ADDRESS": "BHORE COMPLEX, CTS NO. 3070 M. NO. 3/5/245 TO 248, STATION RAOD, NANDED, NANDED CITY, PIN. 431601. MAHARASHTRA",
    "CONTACT": "237755",
    "CITY": "NANDED",
    "DISTRICT": "NANDED",
    "STATE": "MAHARASHTRA"
  },
  "MCBL0960070": {
    "BANK": "MAHANAGAR COOPERATIVE BANK",
    "IFSC": "MCBL0960070",
    "BRANCH": "AURANGABAD",
    "ADDRESS": "KAKADE CHAMBER, SHOP NO. 1, 2 & 3, GR. FLOOR, JYOTI NAGAR,  SHAHANUR WADI, HOTEL AMARDEEP ROAD,PLOT NO. 87 & 91, CTS NO. 16035 -A-67 & A-80. AURANGABAD, 431001",
    "CONTACT": "2361511",
    "CITY": "AURANGABAD",
    "DISTRICT": "AURANGABAD",
    "STATE": "MAHARASHTRA"
  },
  "MCBL0960071": {
    "BANK": "MAHANAGAR COOPERATIVE BANK",
    "IFSC": "MCBL0960071",
    "BRANCH": "BARAMATI",
    "ADDRESS": "RUDRA, PLOT NO. 05, ADARSHA  S. T. KAMGAR HOUSING SOCIETY, BHIGWAN ROAD, BARAMATI . PIN  413102 MHARASHTRA.",
    "CONTACT": "225100",
    "CITY": "BARAMATI",
    "DISTRICT": "PUNE",
    "STATE": "MAHARASHTRA"
  },
  "MCBL0960072": {
    "BANK": "MAHANAGAR COOPERATIVE BANK",
    "IFSC": "MCBL0960072",
    "BRANCH": "NASHIK CIDCO",
    "ADDRESS": "PLOT NO. A. S. L. 10, ASHWIN NAGAR, OPP HOTEL SEVEN HEVAN, PATHARADI FATA, MUMBAI NASHIK HIGHWAY, CIDCO, NASHIK 422 009",
    "CONTACT": "2390255",
    "CITY": "NASIK",
    "DISTRICT": "NASHIK",
    "STATE": "MAHARASHTRA"
  },
  "MCBL0960073": {
    "BANK": "MAHANAGAR COOPERATIVE BANK",
    "IFSC": "MCBL0960073",
    "BRANCH": "SHIKRAPUR",
    "ADDRESS": "AMRUTWEL BUILDING GALA NO. 1575/2, CHAKAN CHOWK, SHIKRAPUR, TALUKA- SHIRUR, DIST- PUNE PIN 412208",
    "CONTACT": "272010",
    "CITY": "SHIKRAPUR",
    "DISTRICT": "PUNE",
    "STATE": "MAHARASHTRA"
  },
  "MCBL0960074": {
    "BANK": "MAHANAGAR COOPERATIVE BANK",
    "IFSC": "MCBL0960074",
    "BRANCH": "WAKAD",
    "ADDRESS": "TULJA BHAVANI PLAZA, THERGAON ROAD, S. NO. 17/4, WAKAD, PUNE PIN 411057",
    "CONTACT": "20276474",
    "CITY": "PUNE",
    "DISTRICT": "PUNE",
    "STATE": "MAHARASHTRA"
  },
  "MCBL0960075": {
    "BANK": "MAHANAGAR COOPERATIVE BANK",
    "IFSC": "MCBL0960075",
    "BRANCH": "LOHAGAON",
    "ADDRESS": "CLASSIC PLAZA, CITY SERVEY NO. 1958, VADGAON SHINDE ROAD, SHOP NO. 21, 22, 23, 24 A 7 B, LOHAGAON, PUNE PIN 411047",
    "CONTACT": "26685030",
    "CITY": "PUNE",
    "DISTRICT": "PUNE",
    "STATE": "MAHARASHTRA"
  },
  "MCBL0960076": {
    "BANK": "MAHANAGAR COOPERATIVE BANK",
    "IFSC": "MCBL0960076",
    "BRANCH": "CHAKAN",
    "ADDRESS": "RIDHI SIDHI BULDING,GROUND FLOOR,SURVEY NO.1171/A,MILKAT NO.5365,CHAKAN SHIKRAPUR ROAD,CHAKAN",
    "CONTACT": "24710821",
    "CITY": "CHAKAN",
    "DISTRICT": "PUNE",
    "STATE": "MAHARASHTRA"
  },
  "MCBL0960077": {
    "BANK": "MAHANAGAR COOPERATIVE BANK",
    "IFSC": "MCBL0960077",
    "BRANCH": "NAGAPUR AHMEDNAGAR",
    "ADDRESS": "PLOT NO A2,3,4,6 SURVEY NO1,2,NEAR AHMEDNAGAR MANMAD ROAD,NAGAPUR",
    "CONTACT": "24710821",
    "CITY": "AHMEDNAGAR",
    "DISTRICT": "AHMEDNAGAR",
    "STATE": "MAHARASHTRA"
  },
  "MCBL0960078": {
    "BANK": "MAHANAGAR COOPERATIVE BANK",
    "IFSC": "MCBL0960078",
    "BRANCH": "WALUNJ MIDC",
    "ADDRESS": "PLOT NO.X326,MINATAI THAKARE MARKET,PRATAP CHOWK,BAJAJ NAGAR,WALUNJ MIDC,AURANGABAD",
    "CONTACT": "24710821",
    "CITY": "AURANGABAD",
    "DISTRICT": "AURANGABAD",
    "STATE": "MAHARASHTRA"
  },
  "MCBL0960079": {
    "BANK": "MAHANAGAR COOPERATIVE BANK",
    "IFSC": "MCBL0960079",
    "BRANCH": "ALEPHATA",
    "ADDRESS": "ONKAR PLAZA,1ST FLOOR,GAT NO.2982 AND 2983,KALYAN NAGAR ROAD,ALEPHATA,TAL.JUNNAR,DIST.PUNE 412411",
    "CONTACT": "24710821",
    "CITY": "PUNE",
    "DISTRICT": "PUNE",
    "STATE": "MAHARASHTRA"
  },
  "MCBL0960102": {
    "BANK": "MAHANAGAR COOPERATIVE BANK",
    "IFSC": "MCBL0960102",
    "BRANCH": "WAGHOLI",
    "ADDRESS": "DR KOLTE'S HOSPITAL, PUNE-NAGAR ROAD, WAGHOLI, PUNE-411014",
    "CONTACT": "27052349",
    "CITY": "PUNE",
    "DISTRICT": "PUNE",
    "STATE": "MAHARASHTRA"
  },
  "MCBL0960103": {
    "BANK": "MAHANAGAR COOPERATIVE BANK",
    "IFSC": "MCBL0960103",
    "BRANCH": "PIPELINE ROAD",
    "ADDRESS": "S.NO.24/1A/2B/1A7,PLOT NO.1,HOTEL RUCHIRA,PIPELINE ROAD,AHMADNAGAR-414003",
    "CONTACT": "2427268",
    "CITY": "AHMADNAGAR",
    "DISTRICT": "AHMADNAGAR",
    "STATE": "MAHARASHTRA"
  },
  "MCBL0CARNAC": {
    "BANK": "MAHANAGAR COOPERATIVE BANK",
    "IFSC": "MCBL0CARNAC",
    "BRANCH": "HEAD OFFICE",
    "ADDRESS": "1ST FLOOR, VYAPAR BHAVAN ,49, P.DMELLO ROAD,CARNAC BUNDER, MUMBAI - 400 009.",
    "CONTACT": null,
    "CITY": "MUMBAI",
    "DISTRICT": "MUMBAI",
    "STATE": "MAHARASHTRA"
  },
  "MCBL0VYAPAR": {
    "BANK": "MAHANAGAR COOPERATIVE BANK",
    "IFSC": "MCBL0VYAPAR",
    "BRANCH": "CARNAC BUNDER BRANCH",
    "ADDRESS": "VYAPAR BHAVAN, 1ST FLOOR,49,P D MELLO ROAD,MUMBAI 400 009",
    "CONTACT": null,
    "CITY": "MUMBAI",
    "DISTRICT": "MUMBAI",
    "STATE": "MAHARASHTRA"
  }
}