{
  "MDCB0680001": {
    "BANK": "Mumbai District Central Co-operative Bank",
    "IFSC": "MDCB0680001",
    "BRANCH": "Mumbai District Central Co-operative Bank IMPS",
    "CENTRE": "MUMBAI",
    "DISTRICT": "MUMBAI",
    "STATE": "MAHARASHTRA",
    "ADDRESS": "207, \"MUMBAI BANK BHAVAN\" D.N ROAD, FORT ,MUMBAI 400 001",
    "CONTACT": "+912222617154",
    "IMPS": true,
    "CITY": "MUMBAI",
    "UPI": false,
    "MICR": "400068001",
    "RTGS": true,
    "NEFT": true,
    "SWIFT": null,
    "ISO3166": "IN-MH"
  },
  "MDCB0680002": {
    "BANK": "Mumbai District Central Co-operative Bank",
    "IFSC": "MDCB0680002",
    "MICR": "400068002",
    "BRANCH": "PALTON ROAD",
    "ADDRESS": "SHREE CHHATRAPATI SHIVAJI MAHARAJ MANDAI, 1ST FLOOR, PALTON ROAD,MUMBAI 400 001",
    "STATE": "MAHARASHTRA",
    "CONTACT": "+912222698397",
    "UPI": false,
    "RTGS": true,
    "CITY": "MUMBAI",
    "CENTRE": "MUMBAI",
    "DISTRICT": "MUMBAI",
    "NEFT": true,
    "IMPS": true,
    "SWIFT": null,
    "ISO3166": "IN-MH"
  },
  "MDCB0680003": {
    "BANK": "Mumbai District Central Co-operative Bank",
    "IFSC": "MDCB0680003",
    "MICR": "400068003",
    "BRANCH": "VILE PARLE",
    "ADDRESS": "DAMODAR BHAVAN, OPP.VILE PARLE STATION, VILE PARLE (W),MUMBAI 400 056",
    "STATE": "MAHARASHTRA",
    "CONTACT": "+912226142389",
    "UPI": false,
    "RTGS": true,
    "CITY": "MUMBAI",
    "CENTRE": "MUMBAI",
    "DISTRICT": "MUMBAI",
    "NEFT": true,
    "IMPS": true,
    "SWIFT": null,
    "ISO3166": "IN-MH"
  },
  "MDCB0680004": {
    "BANK": "Mumbai District Central Co-operative Bank",
    "IFSC": "MDCB0680004",
    "MICR": "400068004",
    "BRANCH": "DADAR",
    "ADDRESS": "NILKANTH APPARTMENTS,SHRI SOUND STUDIO COMPOUND,GOKULDAS PASTA LANE, DADAR, MUMBAI 400014",
    "STATE": "MAHARASHTRA",
    "CONTACT": "+912224114498",
    "UPI": false,
    "RTGS": true,
    "CITY": "MUMBAI",
    "CENTRE": "MUMBAI",
    "DISTRICT": "MUMBAI",
    "NEFT": true,
    "IMPS": true,
    "SWIFT": null,
    "ISO3166": "IN-MH"
  },
  "MDCB0680005": {
    "BANK": "Mumbai District Central Co-operative Bank",
    "IFSC": "MDCB0680005",
    "MICR": "400068005",
    "BRANCH": "GHATKOPAR EAST",
    "ADDRESS": "SHIVSHAKTI HEIGHTS, PLOT NO.252, SHOP NO.1, PATEL CHOWK, PANTNAGAR, GHATKOPAR (E),MUMBAI 400 077",
    "STATE": "MAHARASHTRA",
    "CONTACT": "+912221024342",
    "UPI": false,
    "RTGS": true,
    "CITY": "MUMBAI",
    "CENTRE": "MUMBAI",
    "DISTRICT": "MUMBAI",
    "NEFT": true,
    "IMPS": true,
    "SWIFT": null,
    "ISO3166": "IN-MH"
  },
  "MDCB0680006": {
    "BANK": "Mumbai District Central Co-operative Bank",
    "IFSC": "MDCB0680006",
    "MICR": "400068006",
    "BRANCH": "MALAD",
    "ADDRESS": "SHREE G. APARTMENTS,KAPADIA BUILDING,61, RAMCHANDRA LANE, S. V. ROAD, MALAD (W),MUMBAI 400 064",
    "STATE": "MAHARASHTRA",
    "CONTACT": "+912228822556",
    "UPI": false,
    "RTGS": true,
    "CITY": "MUMBAI",
    "CENTRE": "MUMBAI",
    "DISTRICT": "MUMBAI",
    "NEFT": true,
    "IMPS": true,
    "SWIFT": null,
    "ISO3166": "IN-MH"
  },
  "MDCB0680007": {
    "BANK": "Mumbai District Central Co-operative Bank",
    "IFSC": "MDCB0680007",
    "MICR": "400068007",
    "BRANCH": "KURLA",
    "ADDRESS": "PLOT - A, GARDEN ROSE COLONY,OPP.MUKUND IRON & STEEL WORKS LTD.,LALBAHADUR SHASTRI MARG,KURLA (W),MUMBAI 400 070.",
    "STATE": "MAHARASHTRA",
    "CONTACT": "+912225042687",
    "UPI": false,
    "RTGS": true,
    "CITY": "MUMBAI",
    "CENTRE": "MUMBAI",
    "DISTRICT": "MUMBAI",
    "NEFT": true,
    "IMPS": true,
    "SWIFT": null,
    "ISO3166": "IN-MH"
  },
  "MDCB0680008": {
    "BANK": "Mumbai District Central Co-operative Bank",
    "IFSC": "MDCB0680008",
    "MICR": "400068008",
    "BRANCH": "JAGDUSHANAGAR",
    "ADDRESS": "SHAH VENI BHAVAN,SHREE NAGHER SAMAJ HALL,BLOCK NO.1 & 2, JAGDUSHANAGAR,GHATKOPAR (W),MUMBAI - 400 086.",
    "STATE": "MAHARASHTRA",
    "CONTACT": "+912225148398",
    "UPI": false,
    "RTGS": true,
    "CITY": "MUMBAI",
    "CENTRE": "MUMBAI",
    "DISTRICT": "MUMBAI",
    "NEFT": true,
    "IMPS": true,
    "SWIFT": null,
    "ISO3166": "IN-MH"
  },
  "MDCB0680009": {
    "BANK": "Mumbai District Central Co-operative Bank",
    "IFSC": "MDCB0680009",
    "MICR": "400068009",
    "BRANCH": "CHEMBUR FINE ART",
    "ADDRESS": "RUNWAL SHOPPING CENTRE CHS LTD.,PLOT NO.42, 15TH ROAD, R.C. CHEMBURKAR MARG, CHEMBUR,MUMBAI   400 071.",
    "STATE": "MAHARASHTRA",
    "CONTACT": "+912225276083",
    "UPI": false,
    "RTGS": true,
    "CITY": "MUMBAI",
    "CENTRE": "MUMBAI",
    "DISTRICT": "MUMBAI",
    "NEFT": true,
    "IMPS": true,
    "SWIFT": null,
    "ISO3166": "IN-MH"
  },
  "MDCB0680010": {
    "BANK": "Mumbai District Central Co-operative Bank",
    "IFSC": "MDCB0680010",
    "MICR": "400068010",
    "BRANCH": "LALBAUG",
    "ADDRESS": "AKHALWAYA BUILDING,DR.S. S. RAO ROAD, GANESH LANE, LALBAUG,MUMBAI - 400 012.",
    "STATE": "MAHARASHTRA",
    "CONTACT": "+912224710379",
    "UPI": false,
    "RTGS": true,
    "CITY": "MUMBAI",
    "CENTRE": "MUMBAI",
    "DISTRICT": "MUMBAI",
    "NEFT": true,
    "IMPS": true,
    "SWIFT": null,
    "ISO3166": "IN-MH"
  },
  "MDCB0680012": {
    "BANK": "Mumbai District Central Co-operative Bank",
    "IFSC": "MDCB0680012",
    "MICR": "400068012",
    "BRANCH": "BYCULLA",
    "ADDRESS": "SIDDHACHAL DARSHAN, LOVE LANE,BEHIND BYCULLA POLICE STATION,OPP.JAIN MANDIR, BYCULLA (E),MUMBAI - 400 027.",
    "STATE": "MAHARASHTRA",
    "CONTACT": "+912223720049",
    "UPI": false,
    "RTGS": true,
    "CITY": "MUMBAI",
    "CENTRE": "MUMBAI",
    "DISTRICT": "MUMBAI",
    "NEFT": true,
    "IMPS": true,
    "SWIFT": null,
    "ISO3166": "IN-MH"
  },
  "MDCB0680013": {
    "BANK": "Mumbai District Central Co-operative Bank",
    "IFSC": "MDCB0680013",
    "MICR": "400068013",
    "BRANCH": "MULUND WEST",
    "ADDRESS": "PRASAD BUILDING,DR.SAROJINI NAIDU ROAD,MULUND (W),MUMBAI - 400 080.",
    "STATE": "MAHARASHTRA",
    "CONTACT": "+912225613733",
    "UPI": false,
    "RTGS": true,
    "CITY": "MUMBAI",
    "CENTRE": "MUMBAI",
    "DISTRICT": "MUMBAI",
    "NEFT": true,
    "IMPS": true,
    "SWIFT": null,
    "ISO3166": "IN-MH"
  },
  "MDCB0680014": {
    "BANK": "Mumbai District Central Co-operative Bank",
    "IFSC": "MDCB0680014",
    "MICR": "400068014",
    "BRANCH": "ANDHERI WEST",
    "ADDRESS": "LAXMAN ZULA, OPP.MUNICIPAL GARDEN,J. P. ROAD, NEAR NAVRANG CINEMA,ANDHERI (W),MUMBAI - 400 058.",
    "STATE": "MAHARASHTRA",
    "CONTACT": "+912226778451",
    "UPI": false,
    "RTGS": true,
    "CITY": "MUMBAI",
    "CENTRE": "MUMBAI",
    "DISTRICT": "MUMBAI",
    "NEFT": true,
    "IMPS": true,
    "SWIFT": null,
    "ISO3166": "IN-MH"
  },
  "MDCB0680015": {
    "BANK": "Mumbai District Central Co-operative Bank",
    "IFSC": "MDCB0680015",
    "MICR": "400068015",
    "BRANCH": "KANDIVALI POISAR",
    "ADDRESS": "PRAMIRA APARTMENT,GAVDEVI ROAD, S. V. ROAD,POINSUR VILLAGE, KANDIVALI (W),MUMBAI - 400 067.",
    "STATE": "MAHARASHTRA",
    "CONTACT": "+912228050314",
    "UPI": false,
    "RTGS": true,
    "CITY": "MUMBAI",
    "CENTRE": "MUMBAI",
    "DISTRICT": "MUMBAI",
    "NEFT": true,
    "IMPS": true,
    "SWIFT": null,
    "ISO3166": "IN-MH"
  },
  "MDCB0680016": {
    "BANK": "Mumbai District Central Co-operative Bank",
    "IFSC": "MDCB0680016",
    "MICR": "400068016",
    "BRANCH": "FORT",
    "ADDRESS": "207, \"MUMBAI BANK BHAVAN\" D.N ROAD, FORT ,MUMBAI 400 001",
    "STATE": "MAHARASHTRA",
    "CONTACT": "+912222617026",
    "UPI": false,
    "RTGS": true,
    "CITY": "MUMBAI",
    "CENTRE": "MUMBAI",
    "DISTRICT": "MUMBAI",
    "NEFT": true,
    "IMPS": true,
    "SWIFT": null,
    "ISO3166": "IN-MH"
  },
  "MDCB0680017": {
    "BANK": "Mumbai District Central Co-operative Bank",
    "IFSC": "MDCB0680017",
    "MICR": "400068017",
    "BRANCH": "BORIVALI WEST",
    "ADDRESS": "SHOP NO.4 & 5, SAT KRUPA CO-OP. HSG. STY. LTD., PREM NAGAR, NEAR NATURAL ICE-CREAM, S.V.P. ROAD, BORIVALI (W), MUMBAI   400 092.",
    "STATE": "MAHARASHTRA",
    "CONTACT": "+912228935873",
    "UPI": false,
    "RTGS": true,
    "CITY": "MUMBAI",
    "CENTRE": "MUMBAI",
    "DISTRICT": "MUMBAI",
    "NEFT": true,
    "IMPS": true,
    "SWIFT": null,
    "ISO3166": "IN-MH"
  },
  "MDCB0680018": {
    "BANK": "Mumbai District Central Co-operative Bank",
    "IFSC": "MDCB0680018",
    "MICR": "400068018",
    "BRANCH": "ANUSHAKTINAGAR",
    "ADDRESS": "A -1, NALANDA,ANUSHAKTINAGAR, NORTH GATE,MUMBAI - 400 094.",
    "STATE": "MAHARASHTRA",
    "CONTACT": "+912225568191",
    "UPI": false,
    "RTGS": true,
    "CITY": "MUMBAI",
    "CENTRE": "MUMBAI",
    "DISTRICT": "MUMBAI",
    "NEFT": true,
    "IMPS": true,
    "SWIFT": null,
    "ISO3166": "IN-MH"
  },
  "MDCB0680019": {
    "BANK": "Mumbai District Central Co-operative Bank",
    "IFSC": "MDCB0680019",
    "MICR": "400068019",
    "BRANCH": "WORLI",
    "ADDRESS": "SAHAKARI SHIKSHAN VIKAS SAMOOHA, MARATHA HIGH SCHOOL,SHIVRAM AMRUTWAR MARG, WORLI,MUMBAI - 400 013.",
    "STATE": "MAHARASHTRA",
    "CONTACT": "+912224940209",
    "UPI": false,
    "RTGS": true,
    "CITY": "MUMBAI",
    "CENTRE": "MUMBAI",
    "DISTRICT": "MUMBAI",
    "NEFT": true,
    "IMPS": true,
    "SWIFT": null,
    "ISO3166": "IN-MH"
  },
  "MDCB0680020": {
    "BANK": "Mumbai District Central Co-operative Bank",
    "IFSC": "MDCB0680020",
    "MICR": "400068020",
    "BRANCH": "VIKHROLI EAST",
    "ADDRESS": "CLASSIC COMMERCIAL COMPLEX,SHOP NO.101A, OPP.VIKAS HIGHSCHOOL,KANNAMVAR NAGAR NO.2, 1ST FLOOR, VIKHROLI (E),MUMBAI - 400 083.",
    "STATE": "MAHARASHTRA",
    "CONTACT": "+912225770141",
    "UPI": false,
    "RTGS": true,
    "CITY": "MUMBAI",
    "CENTRE": "MUMBAI",
    "DISTRICT": "MUMBAI",
    "NEFT": true,
    "IMPS": true,
    "SWIFT": null,
    "ISO3166": "IN-MH"
  },
  "MDCB0680021": {
    "BANK": "Mumbai District Central Co-operative Bank",
    "IFSC": "MDCB0680021",
    "MICR": "400068021",
    "BRANCH": "MAHIM",
    "ADDRESS": "YASHWANTRAO CHAVAN NATYA SANKUL, OPP.BOMBAY GLASS WORKS, J. K. SAWANT MARG,MAHIM (W),MUMBAI - 400 016.",
    "STATE": "MAHARASHTRA",
    "CONTACT": "+912224318567",
    "UPI": false,
    "RTGS": true,
    "CITY": "MUMBAI",
    "CENTRE": "MUMBAI",
    "DISTRICT": "MUMBAI",
    "NEFT": true,
    "IMPS": true,
    "SWIFT": null,
    "ISO3166": "IN-MH"
  },
  "MDCB0680022": {
    "BANK": "Mumbai District Central Co-operative Bank",
    "IFSC": "MDCB0680022",
    "MICR": "400068022",
    "BRANCH": "CHARKOP",
    "ADDRESS": "SURBHI CO-OP. HSG. STY. LTD.,PLOT NO.278, R.D.P. 3,OPP.SAHYADRI NAGAR,CHARKOP-KANDIVALI (W),MUMBAI - 400 067.",
    "STATE": "MAHARASHTRA",
    "CONTACT": "+912228679793",
    "UPI": false,
    "RTGS": true,
    "CITY": "MUMBAI",
    "CENTRE": "MUMBAI",
    "DISTRICT": "MUMBAI",
    "NEFT": true,
    "IMPS": true,
    "SWIFT": null,
    "ISO3166": "IN-MH"
  },
  "MDCB0680023": {
    "BANK": "Mumbai District Central Co-operative Bank",
    "IFSC": "MDCB0680023",
    "MICR": "400068023",
    "BRANCH": "GOREGAON EAST",
    "ADDRESS": "BALKRISHNA APARTMENT LTD.,A - WING, GOGATEWADI ROAD,(GUPTE ROAD), GOREGAON (E),MUMBAI - 400 063.",
    "STATE": "MAHARASHTRA",
    "CONTACT": "+912229275339",
    "UPI": false,
    "RTGS": true,
    "CITY": "MUMBAI",
    "CENTRE": "MUMBAI",
    "DISTRICT": "MUMBAI",
    "NEFT": true,
    "IMPS": true,
    "SWIFT": null,
    "ISO3166": "IN-MH"
  },
  "MDCB0680024": {
    "BANK": "Mumbai District Central Co-operative Bank",
    "IFSC": "MDCB0680024",
    "MICR": "400068024",
    "BRANCH": "BANDRA",
    "ADDRESS": "YASASHREE CO-OP. HSG. STY. LTD.,M. I. G. COLONY,BANDRA (E),MUMBAI - 400 051.",
    "STATE": "MAHARASHTRA",
    "CONTACT": "+912226571626",
    "UPI": false,
    "RTGS": true,
    "CITY": "MUMBAI",
    "CENTRE": "MUMBAI",
    "DISTRICT": "MUMBAI",
    "NEFT": true,
    "IMPS": true,
    "SWIFT": null,
    "ISO3166": "IN-MH"
  },
  "MDCB0680025": {
    "BANK": "Mumbai District Central Co-operative Bank",
    "IFSC": "MDCB0680025",
    "MICR": "400068025",
    "BRANCH": "JVPD",
    "ADDRESS": "AMAR ANKUR CO-OP. HSG. STY. LTD.,SHOP NO.2 & 3, GR. FLOOR,JUHU CHURCH ROAD,J.V.P.D. SCHEME, VILE PARLE (W),MUMBAI   400 049.",
    "STATE": "MAHARASHTRA",
    "CONTACT": "+912226256617",
    "UPI": false,
    "RTGS": true,
    "CITY": "MUMBAI",
    "CENTRE": "MUMBAI",
    "DISTRICT": "MUMBAI",
    "NEFT": true,
    "IMPS": true,
    "SWIFT": null,
    "ISO3166": "IN-MH"
  },
  "MDCB0680026": {
    "BANK": "Mumbai District Central Co-operative Bank",
    "IFSC": "MDCB0680026",
    "MICR": "400068026",
    "BRANCH": "DAHISAR EAST",
    "ADDRESS": "AASHIRWAD CO-OP. HSG. STY.,ANAND NAGAR, SHOP NO.8,9,10A.B. LINK ROAD,DAHISAR (E),MUMBAI - 400 068.",
    "STATE": "MAHARASHTRA",
    "CONTACT": "+912228483710",
    "UPI": false,
    "RTGS": true,
    "CITY": "MUMBAI",
    "CENTRE": "MUMBAI",
    "DISTRICT": "MUMBAI",
    "NEFT": true,
    "IMPS": true,
    "SWIFT": null,
    "ISO3166": "IN-MH"
  },
  "MDCB0680027": {
    "BANK": "Mumbai District Central Co-operative Bank",
    "IFSC": "MDCB0680027",
    "MICR": "400068027",
    "BRANCH": "SWASTIK PARK",
    "ADDRESS": "MANGAL ANAND HOSPITAL,48, SWASTIK PARK,UMERSHI BAPPA CHOWK,SION-TROMBAY ROAD, CHEMBUR,MUMBAI - 400 071.",
    "STATE": "MAHARASHTRA",
    "CONTACT": "+912225278495",
    "UPI": false,
    "RTGS": true,
    "CITY": "MUMBAI",
    "CENTRE": "MUMBAI",
    "DISTRICT": "MUMBAI",
    "NEFT": true,
    "IMPS": true,
    "SWIFT": null,
    "ISO3166": "IN-MH"
  },
  "MDCB0680028": {
    "BANK": "Mumbai District Central Co-operative Bank",
    "IFSC": "MDCB0680028",
    "MICR": "400068028",
    "BRANCH": "GORAI",
    "ADDRESS": "GORAI INDRAPRASTHA CO-OP.HSG.STY.LTD.,PLOT NO.90, R.S.C. 37, GORAI - 2,MHADA, D. P. ROAD,BORIVALI (W), GORAI,MUMBAI - 400 092.",
    "STATE": "MAHARASHTRA",
    "CONTACT": "+912228670236",
    "UPI": false,
    "RTGS": true,
    "CITY": "MUMBAI",
    "CENTRE": "MUMBAI",
    "DISTRICT": "MUMBAI",
    "NEFT": true,
    "IMPS": true,
    "SWIFT": null,
    "ISO3166": "IN-MH"
  },
  "MDCB0680029": {
    "BANK": "Mumbai District Central Co-operative Bank",
    "IFSC": "MDCB0680029",
    "MICR": "400068029",
    "BRANCH": "DAHISAR WEST",
    "ADDRESS": "SUNRISE, MANGESHRAO SAWANT ROAD,DAHISAR (W),MUMBAI   400 068.",
    "STATE": "MAHARASHTRA",
    "CONTACT": "+912228944286",
    "UPI": false,
    "RTGS": true,
    "CITY": "MUMBAI",
    "CENTRE": "MUMBAI",
    "DISTRICT": "MUMBAI",
    "NEFT": true,
    "IMPS": true,
    "SWIFT": null,
    "ISO3166": "IN-MH"
  },
  "MDCB0680030": {
    "BANK": "Mumbai District Central Co-operative Bank",
    "IFSC": "MDCB0680030",
    "MICR": "400068030",
    "BRANCH": "TROMBAY",
    "ADDRESS": "SOYUZ COMPLEX, A - WING,GROUND FLOOR, SION-TROMBAY ROAD, NEAR EXCEL STUDIO, TROMBAY,MUMBAI - 400 088.",
    "STATE": "MAHARASHTRA",
    "CONTACT": "+912225504154",
    "UPI": false,
    "RTGS": true,
    "CITY": "MUMBAI",
    "CENTRE": "MUMBAI",
    "DISTRICT": "MUMBAI",
    "NEFT": true,
    "IMPS": true,
    "SWIFT": null,
    "ISO3166": "IN-MH"
  },
  "MDCB0680031": {
    "BANK": "Mumbai District Central Co-operative Bank",
    "IFSC": "MDCB0680031",
    "MICR": "400068031",
    "BRANCH": "BHANDUP WEST",
    "ADDRESS": "SAI SHRUSHTI COMPLEX,GROUND FLOOR, NEAR SHANGRILA BISCUIT COMPANY, L.B.S. MARG,BHANDUP (W),MUMBAI - 400 078.",
    "STATE": "MAHARASHTRA",
    "CONTACT": "+912225964539",
    "UPI": false,
    "RTGS": true,
    "CITY": "MUMBAI",
    "CENTRE": "MUMBAI",
    "DISTRICT": "MUMBAI",
    "NEFT": true,
    "IMPS": true,
    "SWIFT": null,
    "ISO3166": "IN-MH"
  },
  "MDCB0680033": {
    "BANK": "Mumbai District Central Co-operative Bank",
    "IFSC": "MDCB0680033",
    "MICR": "400068033",
    "BRANCH": "MULUND EAST",
    "ADDRESS": "ARUNODAYA NAGAR SHOPING COMPLEX,1ST FLOOR, VEER SAWARKAR MARG,MULUND (E),MUMBAI - 400 081.",
    "STATE": "MAHARASHTRA",
    "CONTACT": "+912225634668",
    "UPI": false,
    "RTGS": true,
    "CITY": "MUMBAI",
    "CENTRE": "MUMBAI",
    "DISTRICT": "MUMBAI",
    "NEFT": true,
    "IMPS": true,
    "SWIFT": null,
    "ISO3166": "IN-MH"
  },
  "MDCB0680034": {
    "BANK": "Mumbai District Central Co-operative Bank",
    "IFSC": "MDCB0680034",
    "MICR": "400068034",
    "BRANCH": "PAREL VILLAGE",
    "ADDRESS": "ASHTAVINAYAK BUILDING, GROUND FLOOR, G. D. AMBEKAR ROAD,NEAR HAFKIN & R.M.M.S.,PAREL VILLAGE,MUMBAI - 400 012.",
    "STATE": "MAHARASHTRA",
    "CONTACT": "+912224126542",
    "UPI": false,
    "RTGS": true,
    "CITY": "MUMBAI",
    "CENTRE": "MUMBAI",
    "DISTRICT": "MUMBAI",
    "NEFT": true,
    "IMPS": true,
    "SWIFT": null,
    "ISO3166": "IN-MH"
  },
  "MDCB0680035": {
    "BANK": "Mumbai District Central Co-operative Bank",
    "IFSC": "MDCB0680035",
    "MICR": "400068035",
    "BRANCH": "VIKHROLI WEST",
    "ADDRESS": "S.G.S. HOUSE, GROUND FLOOR, GALA NO.4,5  NEAR POWAI TELEPHONE EXCHANGE,ADI SHANKARACHARYA MARG,VIKHROLI (W),MUMBAI - 400 083.",
    "STATE": "MAHARASHTRA",
    "CONTACT": "+912225778726",
    "UPI": false,
    "RTGS": true,
    "CITY": "MUMBAI",
    "CENTRE": "MUMBAI",
    "DISTRICT": "MUMBAI",
    "NEFT": true,
    "IMPS": true,
    "SWIFT": null,
    "ISO3166": "IN-MH"
  },
  "MDCB0680036": {
    "BANK": "Mumbai District Central Co-operative Bank",
    "IFSC": "MDCB0680036",
    "MICR": "400068036",
    "BRANCH": "BHATWADI",
    "ADDRESS": "RAMSAGAR BUILDING, SHOP NO.11, 12, ASALFA VILLAGE,GHATAKOPAR (W),MUMBAI - 400 084.",
    "STATE": "MAHARASHTRA",
    "CONTACT": "+912225142225",
    "UPI": false,
    "RTGS": true,
    "CITY": "MUMBAI",
    "CENTRE": "MUMBAI",
    "DISTRICT": "MUMBAI",
    "NEFT": true,
    "IMPS": true,
    "SWIFT": null,
    "ISO3166": "IN-MH"
  },
  "MDCB0680037": {
    "BANK": "Mumbai District Central Co-operative Bank",
    "IFSC": "MDCB0680037",
    "MICR": "400068037",
    "BRANCH": "SAKINAKA",
    "ADDRESS": "KAVERI BUILDING, GROUND FLOOR,JAGNATH MANDIR ROAD, SAKINAKA JUNCTION, SAKINAKA, MUMBAI - 400 072.MUMBAI - 400 084.",
    "STATE": "MAHARASHTRA",
    "CONTACT": "+912228513305",
    "UPI": false,
    "RTGS": true,
    "CITY": "MUMBAI",
    "CENTRE": "MUMBAI",
    "DISTRICT": "MUMBAI",
    "NEFT": true,
    "IMPS": true,
    "SWIFT": null,
    "ISO3166": "IN-MH"
  },
  "MDCB0680038": {
    "BANK": "Mumbai District Central Co-operative Bank",
    "IFSC": "MDCB0680038",
    "MICR": "400068038",
    "BRANCH": "COTTON GREEN",
    "ADDRESS": "SHOP NO.1 & 2, MOHANKHEDA HIGHTS, RAMBHAU BHOGALE MARG,GHODAPDEO, MUMBAI   400 033.",
    "STATE": "MAHARASHTRA",
    "CONTACT": "+912223700060",
    "UPI": false,
    "RTGS": true,
    "CITY": "MUMBAI",
    "CENTRE": "MUMBAI",
    "DISTRICT": "MUMBAI",
    "NEFT": true,
    "IMPS": true,
    "SWIFT": null,
    "ISO3166": "IN-MH"
  },
  "MDCB0680039": {
    "BANK": "Mumbai District Central Co-operative Bank",
    "IFSC": "MDCB0680039",
    "MICR": "400068039",
    "BRANCH": "BANDRA EAST",
    "ADDRESS": "YASASHREE CO-OP. HSG. STY. LTD.,M. I. G. COLONY,BANDRA (E),MUMBAI - 400 051.",
    "STATE": "MAHARASHTRA",
    "CONTACT": "+912226571626",
    "UPI": false,
    "RTGS": true,
    "CITY": "MUMBAI",
    "CENTRE": "MUMBAI",
    "DISTRICT": "MUMBAI",
    "NEFT": true,
    "IMPS": true,
    "SWIFT": null,
    "ISO3166": "IN-MH"
  },
  "MDCB0680040": {
    "BANK": "Mumbai District Central Co-operative Bank",
    "IFSC": "MDCB0680040",
    "MICR": "400068040",
    "BRANCH": "BHANDUP EAST",
    "ADDRESS": "SAIRAJ BUILDING, NEAR DAMALE COLONY, KANJUR VILLAGE,BHANDUP (E),MUMBAI - 400 042.",
    "STATE": "MAHARASHTRA",
    "CONTACT": "+912225786338",
    "UPI": false,
    "RTGS": true,
    "CITY": "MUMBAI",
    "CENTRE": "MUMBAI",
    "DISTRICT": "MUMBAI",
    "NEFT": true,
    "IMPS": true,
    "SWIFT": null,
    "ISO3166": "IN-MH"
  },
  "MDCB0680041": {
    "BANK": "Mumbai District Central Co-operative Bank",
    "IFSC": "MDCB0680041",
    "MICR": "400068041",
    "BRANCH": "ANDHERI EAST",
    "ADDRESS": "SHOP NO.15, AMBIKA TOWER,RAJMATA JIJABAI ROAD,ANDHERI (E),MUMBAI   400 093.",
    "STATE": "MAHARASHTRA",
    "CONTACT": "+912228305743",
    "UPI": false,
    "RTGS": true,
    "CITY": "MUMBAI",
    "CENTRE": "MUMBAI",
    "DISTRICT": "MUMBAI",
    "NEFT": true,
    "IMPS": true,
    "SWIFT": null,
    "ISO3166": "IN-MH"
  },
  "MDCB0680042": {
    "BANK": "Mumbai District Central Co-operative Bank",
    "IFSC": "MDCB0680042",
    "MICR": "400068042",
    "BRANCH": "CHUNABHATTI",
    "ADDRESS": "RIDDHI SIDDHI APARTMENT,V. N. PURAV MARG,CHUNABHATTI,MUMBAI   400 022.",
    "STATE": "MAHARASHTRA",
    "CONTACT": "+912224055181",
    "UPI": false,
    "RTGS": true,
    "CITY": "MUMBAI",
    "CENTRE": "MUMBAI",
    "DISTRICT": "MUMBAI",
    "NEFT": true,
    "IMPS": true,
    "SWIFT": null,
    "ISO3166": "IN-MH"
  },
  "MDCB0680043": {
    "BANK": "Mumbai District Central Co-operative Bank",
    "IFSC": "MDCB0680043",
    "MICR": "400068043",
    "BRANCH": "JOGESHWARI",
    "ADDRESS": "G-1, 2, \"A\" WING,DEVENDRA SADAN,NEAR DHOBI GHAT, MAJAS ROAD,JOGESHWARI (E),MUMBAI - 400 060.",
    "STATE": "MAHARASHTRA",
    "CONTACT": "+912228241245",
    "UPI": false,
    "RTGS": true,
    "CITY": "MUMBAI",
    "CENTRE": "MUMBAI",
    "DISTRICT": "MUMBAI",
    "NEFT": true,
    "IMPS": true,
    "SWIFT": null,
    "ISO3166": "IN-MH"
  },
  "MDCB0680044": {
    "BANK": "Mumbai District Central Co-operative Bank",
    "IFSC": "MDCB0680044",
    "MICR": "400068044",
    "BRANCH": "BORIVALI EAST",
    "ADDRESS": "AMBAKRUPA CO-OP. HSG. STY. LTD.,SHOP NO.1, GROUND FLOOR,MAHADEOBHAI DESAI ROAD,(KASTURBA CROSS ROAD NO.3),KARTER ROAD, OPP.AMBAMATA MANDIR,MUMBAI - 400 066.",
    "STATE": "MAHARASHTRA",
    "CONTACT": "+912228635876",
    "UPI": false,
    "RTGS": true,
    "CITY": "MUMBAI",
    "CENTRE": "MUMBAI",
    "DISTRICT": "MUMBAI",
    "NEFT": true,
    "IMPS": true,
    "SWIFT": null,
    "ISO3166": "IN-MH"
  },
  "MDCB0680045": {
    "BANK": "Mumbai District Central Co-operative Bank",
    "IFSC": "MDCB0680045",
    "MICR": "400068045",
    "BRANCH": "MADH",
    "ADDRESS": "SHOP NO.3, GROUND FLOOR,BHOPI HOUSE, MADH VILLAGE,MADH MARKET, BHASKAR BHOPI MARG, MADH ISLAND,MUMBAI - 400 061.",
    "STATE": "MAHARASHTRA",
    "CONTACT": "+912228800804",
    "UPI": false,
    "RTGS": true,
    "CITY": "MUMBAI",
    "CENTRE": "MUMBAI",
    "DISTRICT": "MUMBAI",
    "NEFT": true,
    "IMPS": true,
    "SWIFT": null,
    "ISO3166": "IN-MH"
  },
  "MDCB0680046": {
    "BANK": "Mumbai District Central Co-operative Bank",
    "IFSC": "MDCB0680046",
    "MICR": "400068046",
    "BRANCH": "BHULESHWAR",
    "ADDRESS": "BHULESHWARDARSHAN CO-OP. HSG. STY. LTD., GROUND FLOOR,PLOT NO.61, ROOM NO.2, 3 & 4,ATMARAM MERCHANT ROAD,(NEAR KABUTAR KHANA),BHULESHWAR,MUMBAI - 400 002.",
    "STATE": "MAHARASHTRA",
    "CONTACT": "+912222408153",
    "UPI": false,
    "RTGS": true,
    "CITY": "MUMBAI",
    "CENTRE": "MUMBAI",
    "DISTRICT": "MUMBAI",
    "NEFT": true,
    "IMPS": true,
    "SWIFT": null,
    "ISO3166": "IN-MH"
  },
  "MDCB0680047": {
    "BANK": "Mumbai District Central Co-operative Bank",
    "IFSC": "MDCB0680047",
    "MICR": "400068047",
    "BRANCH": "N M JOSHI MARG",
    "ADDRESS": "YOGESHWAR CO OP HSG STY,SHOP NO 7,DELISE ROAD,N M JOSHI MARG,MUMBAI 400 013",
    "STATE": "MAHARASHTRA",
    "CONTACT": "+912223008373",
    "UPI": false,
    "RTGS": true,
    "CITY": "MUMBAI",
    "CENTRE": "MUMBAI",
    "DISTRICT": "MUMBAI",
    "NEFT": true,
    "IMPS": true,
    "SWIFT": null,
    "ISO3166": "IN-MH"
  },
  "MDCB0680049": {
    "BANK": "Mumbai District Central Co-operative Bank",
    "IFSC": "MDCB0680049",
    "MICR": "400068049",
    "BRANCH": "KANDIVALI E  THAKUR VILLAGE",
    "ADDRESS": "SARASWATI CO OP HSG STY,NEAR D MART,SHOP NO 13,14,THAKUR VILLAGE,KANDIVALI E,MUMBAI 400 101",
    "STATE": "MAHARASHTRA",
    "CONTACT": "+912228840555",
    "UPI": false,
    "RTGS": true,
    "CITY": "MUMBAI",
    "CENTRE": "MUMBAI",
    "DISTRICT": "MUMBAI",
    "NEFT": true,
    "IMPS": true,
    "SWIFT": null,
    "ISO3166": "IN-MH"
  },
  "MDCB0680050": {
    "BANK": "Mumbai District Central Co-operative Bank",
    "IFSC": "MDCB0680050",
    "MICR": "400068050",
    "BRANCH": "GOREGAON W",
    "ADDRESS": "GURUKRUPA CO OP HSG STY,BUILDING NO 5,SIDHARTH NAGAR IV,GOREGAON W,MUMBAI 400 062",
    "STATE": "MAHARASHTRA",
    "CONTACT": "+912228711943",
    "UPI": false,
    "RTGS": true,
    "CITY": "MUMBAI",
    "CENTRE": "MUMBAI",
    "DISTRICT": "MUMBAI",
    "NEFT": true,
    "IMPS": true,
    "SWIFT": null,
    "ISO3166": "IN-MH"
  },
  "MDCB0680051": {
    "BANK": "Mumbai District Central Co-operative Bank",
    "IFSC": "MDCB0680051",
    "MICR": "400068051",
    "BRANCH": "ASHOKVAN  DAHISAR E",
    "ADDRESS": "SHOP NO 10,GROUND FLOOR,CHINTAMANI PLAZA,ASHOKWAN,DAHISAR E,MUMBAI 400 068",
    "STATE": "MAHARASHTRA",
    "CONTACT": "+912228970555",
    "UPI": false,
    "RTGS": true,
    "CITY": "MUMBAI",
    "CENTRE": "MUMBAI",
    "DISTRICT": "MUMBAI",
    "NEFT": true,
    "IMPS": true,
    "SWIFT": null,
    "ISO3166": "IN-MH"
  },
  "MDCB0680052": {
    "BANK": "Mumbai District Central Co-operative Bank",
    "IFSC": "MDCB0680052",
    "MICR": "400068052",
    "BRANCH": "DAMU NAGAR  KANDIVALI E",
    "ADDRESS": "NARVADE CHAWL NO 1,MAHENDRA COMPOUND,DAMU NAGAR,KANDIVALI E,MUMBAI 400 101",
    "STATE": "MAHARASHTRA",
    "CONTACT": "+912229652555",
    "UPI": false,
    "RTGS": true,
    "CITY": "MUMBAI",
    "CENTRE": "MUMBAI",
    "DISTRICT": "MUMBAI",
    "NEFT": true,
    "IMPS": true,
    "SWIFT": null,
    "ISO3166": "IN-MH"
  },
  "MDCB0680053": {
    "BANK": "Mumbai District Central Co-operative Bank",
    "IFSC": "MDCB0680053",
    "MICR": "400068053",
    "BRANCH": "ANDHERI E SAHAR VILLAGE",
    "ADDRESS": "ANDHERI SAHAR VILLAGE,CHURCH PAKADI ROAD NO 1,SAHAR,ANDHERI E,MUMBAI 400 099",
    "STATE": "MAHARASHTRA",
    "CONTACT": "+912228324555",
    "UPI": false,
    "RTGS": true,
    "CITY": "MUMBAI",
    "CENTRE": "MUMBAI",
    "DISTRICT": "MUMBAI",
    "NEFT": true,
    "IMPS": true,
    "SWIFT": null,
    "ISO3166": "IN-MH"
  },
  "MDCB0680054": {
    "BANK": "Mumbai District Central Co-operative Bank",
    "IFSC": "MDCB0680054",
    "MICR": "400068054",
    "BRANCH": "CHEMBUR COLONY",
    "ADDRESS": "OM SAI COOP CREDIT STY LTD,SHOP NO 4 AC,1247,OPP GOLF CLUB,C G GIDWANI MARG,CHEMBUR,MUMBAI 400074",
    "STATE": "MAHARASHTRA",
    "CONTACT": "+912225217776",
    "UPI": false,
    "RTGS": true,
    "CITY": "MUMBAI",
    "CENTRE": "MUMBAI",
    "DISTRICT": "MUMBAI",
    "NEFT": true,
    "IMPS": true,
    "SWIFT": null,
    "ISO3166": "IN-MH"
  },
  "MDCB0680055": {
    "BANK": "Mumbai District Central Co-operative Bank",
    "IFSC": "MDCB0680055",
    "MICR": "400068055",
    "BRANCH": "DHARAVI",
    "ADDRESS": "SHOP NO 2,SHRI RAM CO OP HOUSING SOCIETY LTD,MUKUND NAGAR,DHARAVI,MUMBAI 400 017",
    "STATE": "MAHARASHTRA",
    "CONTACT": "+912222617154",
    "UPI": false,
    "RTGS": true,
    "CITY": "MUMBAI",
    "CENTRE": "MUMBAI",
    "DISTRICT": "MUMBAI",
    "NEFT": true,
    "IMPS": true,
    "SWIFT": null,
    "ISO3166": "IN-MH"
  },
  "MDCB0680056": {
    "BANK": "Mumbai District Central Co-operative Bank",
    "IFSC": "MDCB0680056",
    "MICR": "400068056",
    "BRANCH": "SANTACRUZ EAST",
    "ADDRESS": "SHOP 1,2,3 DATAR BUILDING, OPP SVC TOWER,VAKOLA CHURCH,SANTACRUZ(E),MUMBAI 400065",
    "STATE": "MAHARASHTRA",
    "CONTACT": "+912226652555",
    "UPI": false,
    "RTGS": true,
    "CITY": "MUMBAI",
    "CENTRE": "GREATER OMBAY",
    "DISTRICT": "GREATER OMBAY",
    "NEFT": true,
    "IMPS": true,
    "SWIFT": null,
    "ISO3166": "IN-MH"
  },
  "MDCB0680057": {
    "BANK": "Mumbai District Central Co-operative Bank",
    "IFSC": "MDCB0680057",
    "MICR": "400068057",
    "BRANCH": "DADAR WEST",
    "ADDRESS": "1ST FLOOR PRIYADARSHINI MAHILA CHS LTD,62 BHAWANI SHANKAR ROAD,OPPOSITE BRAHMAN SEVA MANDAL,MUMBAI 400 003",
    "STATE": "MAHARASHTRA",
    "CONTACT": "+912222616411",
    "UPI": false,
    "RTGS": true,
    "CITY": "MUMBAI",
    "CENTRE": "GREATER OMBAY",
    "DISTRICT": "GREATER OMBAY",
    "NEFT": true,
    "IMPS": true,
    "SWIFT": null,
    "ISO3166": "IN-MH"
  },
  "MDCB0680265": {
    "BANK": "Pratap Co-operative Bank",
    "IFSC": "MDCB0680265",
    "MICR": "400068265",
    "BRANCH": "PRATAP COOP BANK NAGDEVI",
    "ADDRESS": "4042,SHREE MANSION,1ST FLOOR,NAGDEVI STREET,MUMBAI 400 003",
    "STATE": "MAHARASHTRA",
    "CONTACT": "+912222412241",
    "UPI": false,
    "RTGS": true,
    "CITY": "MUMBAI",
    "CENTRE": "GREATER BOMBAY",
    "DISTRICT": "GREATER BOMBAY",
    "NEFT": true,
    "IMPS": true,
    "SWIFT": null,
    "ISO3166": "IN-MH",
    "upi": true
  },
  "MDCB0680266": {
    "BANK": "State Transport Bank Mumbai Central",
    "IFSC": "MDCB0680266",
    "MICR": "400068266",
    "BRANCH": "STATE TRANSPORT BANK MUMBAI CENTRAL",
    "ADDRESS": "MAHARASHTRA VAHATUK BHAVAN,MUMBAI CENTRAL,MUMBAI",
    "STATE": "MAHARASHTRA",
    "CONTACT": "+912256807650",
    "UPI": false,
    "RTGS": true,
    "CITY": "MUMBAI",
    "CENTRE": "GREATER BOMBAY",
    "DISTRICT": "GREATER BOMBAY",
    "NEFT": true,
    "IMPS": true,
    "SWIFT": null,
    "ISO3166": "IN-MH"
  },
  "MDCB0680284": {
    "BANK": "State Transport Co-operative Bank",
    "IFSC": "MDCB0680284",
    "MICR": "400068284",
    "BRANCH": "STATE TRANSPORT COOP BANK THANE",
    "ADDRESS": "S T DEPOT, STATION ROAD, NEAR RAILWAY STATION, THANE",
    "STATE": "MAHARASHTRA",
    "CONTACT": "+912225335559",
    "UPI": false,
    "RTGS": true,
    "CITY": "THANE",
    "CENTRE": "THANE",
    "DISTRICT": "THANE",
    "NEFT": true,
    "IMPS": true,
    "SWIFT": null,
    "ISO3166": "IN-MH"
  },
  "MDCB0680289": {
    "BANK": "Mumbai District Central Co-operative Bank",
    "IFSC": "MDCB0680289",
    "MICR": "400068289",
    "BRANCH": "MUMBAI MAHA PALIKA SVCB GRANT ROAD",
    "ADDRESS": "DR BHADKAMKAR MARG,GRANT ROAD,MUMBAI 400 007",
    "STATE": "MAHARASHTRA",
    "CONTACT": "+912223079819",
    "UPI": false,
    "RTGS": true,
    "CITY": "MUMBAI",
    "CENTRE": "GREATER BOMBAY",
    "DISTRICT": "GREATER BOMBAY",
    "NEFT": true,
    "IMPS": true,
    "SWIFT": null,
    "ISO3166": "IN-MH"
  },
  "MDCB0680297": {
    "BANK": "State Transport Co-operative Bank",
    "IFSC": "MDCB0680297",
    "MICR": "400068297",
    "BRANCH": "STATE TRANSPORT COOP BANK KURLA",
    "ADDRESS": "KURLA KIROL ROAD, VIDHYAVIHAR W, NEAR S T STORES, NEAR PREMIER AUTO MOBILE CO, KURLA",
    "STATE": "MAHARASHTRA",
    "CONTACT": "+912225139505",
    "UPI": false,
    "RTGS": true,
    "CITY": "MUMBAI",
    "CENTRE": "GREATER BOMBAY",
    "DISTRICT": "GREATER BOMBAY",
    "NEFT": true,
    "IMPS": true,
    "SWIFT": null,
    "ISO3166": "IN-MH"
  },
  "MDCB0680300": {
    "BANK": "Mumbai District Central Co-operative Bank",
    "IFSC": "MDCB0680300",
    "MICR": "400068300",
    "BRANCH": "MUMBAI MAHA PALIKA SVCB SANTACRUZ W",
    "ADDRESS": "MUNICIPAL HINDI SCHOOL BLDG,2ND FLOOR,TANK LANE,SANTACRUZ W,MUMBAI 400 054",
    "STATE": "MAHARASHTRA",
    "CONTACT": "+912226041269",
    "UPI": false,
    "RTGS": true,
    "CITY": "MUMBAI",
    "CENTRE": "GREATER BOMBAY",
    "DISTRICT": "GREATER BOMBAY",
    "NEFT": true,
    "IMPS": true,
    "SWIFT": null,
    "ISO3166": "IN-MH"
  },
  "MDCB0680301": {
    "BANK": "Mumbai District Central Co-operative Bank",
    "IFSC": "MDCB0680301",
    "MICR": "400068301",
    "BRANCH": "MUMBAI MAHA PALIKA SVCB DADAR",
    "ADDRESS": "BHAVANI SHANKAR ROAD,MUNICIPAL MARATHI SCHOOL,DADAR,MUMBAI 400 028",
    "STATE": "MAHARASHTRA",
    "CONTACT": "+912224228958",
    "UPI": false,
    "RTGS": true,
    "CITY": "MUMBAI",
    "CENTRE": "GREATER BOMBAY",
    "DISTRICT": "GREATER BOMBAY",
    "NEFT": true,
    "IMPS": true,
    "SWIFT": null,
    "ISO3166": "IN-MH"
  },
  "MDCB0680305": {
    "BANK": "Mumbai District Central Co-operative Bank",
    "IFSC": "MDCB0680305",
    "MICR": "400068305",
    "BRANCH": "MUMBAI MAHA PALIKA SVCB KURLA W",
    "ADDRESS": "S G BARVE MARG,MUNICIPAL SCHOOL BLDG,KURLA W,MUMBAI 400 070",
    "STATE": "MAHARASHTRA",
    "CONTACT": "+912226508071",
    "UPI": false,
    "RTGS": true,
    "CITY": "MUMBAI",
    "CENTRE": "GREATER BOMBAY",
    "DISTRICT": "GREATER BOMBAY",
    "NEFT": true,
    "IMPS": true,
    "SWIFT": null,
    "ISO3166": "IN-MH"
  },
  "MDCB0680314": {
    "BANK": "State Transport Co-operative Bank",
    "IFSC": "MDCB0680314",
    "MICR": "400068314",
    "BRANCH": "STATE TRANSPORT COOP BANK KALYAN",
    "ADDRESS": "S T DEPOT KALYAN W,KALYAN,DIST THANE 421301",
    "STATE": "MAHARASHTRA",
    "CONTACT": "+912512314222",
    "UPI": false,
    "RTGS": true,
    "CITY": "KALYAN",
    "CENTRE": "THANE",
    "DISTRICT": "THANE",
    "NEFT": true,
    "IMPS": true,
    "SWIFT": null,
    "ISO3166": "IN-MH"
  },
  "MDCB0680326": {
    "BANK": "State Transport Co-operative Bank",
    "IFSC": "MDCB0680326",
    "MICR": "400068326",
    "BRANCH": "STATE TRANSPORT COOP BANK VASAI",
    "ADDRESS": "S T STAND BLDG, 1ST FLOOR,VASAI DIST THANE",
    "STATE": "MAHARASHTRA",
    "CONTACT": "+91225023830",
    "UPI": false,
    "RTGS": true,
    "CITY": "VASAI",
    "CENTRE": "THANE",
    "DISTRICT": "THANE",
    "NEFT": true,
    "IMPS": true,
    "SWIFT": null,
    "ISO3166": "IN-MH"
  },
  "MDCB0680346": {
    "BANK": "Pratap Co-operative Bank",
    "IFSC": "MDCB0680346",
    "MICR": "400068346",
    "BRANCH": "PRATAP COOP BANK KANDIVALI E",
    "ADDRESS": "THAKUR DEGREE COLLEGE,SAMATA NAGAR,KANDIVALI E,MUMBAI 400 101",
    "STATE": "MAHARASHTRA",
    "CONTACT": "+912255741056",
    "UPI": false,
    "RTGS": true,
    "CITY": "MUMBAI",
    "CENTRE": "GREATER BOMBAY",
    "DISTRICT": "GREATER BOMBAY",
    "NEFT": true,
    "IMPS": true,
    "SWIFT": null,
    "ISO3166": "IN-MH"
  },
  "MDCB0680354": {
    "BANK": "Rameshwar Co-operative Bank",
    "IFSC": "MDCB0680354",
    "MICR": "400068354",
    "BRANCH": "RAMESHWAR COOP BANK BORIVALI W",
    "ADDRESS": "PRATHMESH HORIZON,NEW SAIFEE SHOPEE SUPER MARKET,LINK ROAD,BORIVALI W,MUMBAI 400 066",
    "STATE": "MAHARASHTRA",
    "CONTACT": "+912228685455",
    "UPI": false,
    "RTGS": true,
    "CITY": "MUMBAI",
    "CENTRE": "GREATER BOMBAY",
    "DISTRICT": "GREATER BOMBAY",
    "NEFT": true,
    "IMPS": true,
    "SWIFT": null,
    "ISO3166": "IN-MH"
  },
  "MDCB0680358": {
    "BANK": "Shreeji Bhatia Co-operative Bank",
    "IFSC": "MDCB0680358",
    "MICR": "400068358",
    "BRANCH": "SHREEJI BHATIA CO OP BANK LTD GHATKOPAR W",
    "ADDRESS": "MOTI MAHAL, OPP. CAMA JUNCTION,M G ROAD, GHATKOPAR W MUMBAI 400086",
    "STATE": "MAHARASHTRA",
    "CONTACT": "+912225169990",
    "UPI": false,
    "RTGS": true,
    "CITY": "MUMBAI",
    "CENTRE": "GREATER BOMBAY",
    "DISTRICT": "GREATER BOMBAY",
    "NEFT": true,
    "IMPS": true,
    "SWIFT": null,
    "ISO3166": "IN-MH"
  },
  "MDCB0680376": {
    "BANK": "Pratap Co-operative Bank",
    "IFSC": "MDCB0680376",
    "MICR": "400068376",
    "BRANCH": "PRATAP COOP BANK BHULESHWAR",
    "ADDRESS": "104,SUPARIWALA BUILDING,BHULESHWAR,MUMBAI 400 002",
    "STATE": "MAHARASHTRA",
    "CONTACT": "+912222412241",
    "UPI": false,
    "RTGS": true,
    "CITY": "MUMBAI",
    "CENTRE": "GREATER BOMBAY",
    "DISTRICT": "GREATER BOMBAY",
    "NEFT": true,
    "IMPS": true,
    "SWIFT": null,
    "ISO3166": "IN-MH"
  },
  "MDCB0680382": {
    "BANK": "Pratap Co-operative Bank",
    "IFSC": "MDCB0680382",
    "MICR": "400068382",
    "BRANCH": "PRATAP COOP BANK MULUND W",
    "ADDRESS": "4,MUNSHI ESTATE,M G ROAD,MULUND W,MUMBAI 400 080",
    "STATE": "MAHARASHTRA",
    "CONTACT": "+912225913817",
    "UPI": false,
    "RTGS": true,
    "CITY": "MUMBAI",
    "CENTRE": "GREATER BOMBAY",
    "DISTRICT": "GREATER BOMBAY",
    "NEFT": true,
    "IMPS": true,
    "SWIFT": null,
    "ISO3166": "IN-MH"
  },
  "MDCB0680383": {
    "BANK": "Pratap Co-operative Bank",
    "IFSC": "MDCB0680383",
    "MICR": "400068383",
    "BRANCH": "PRATAP COOP BANK SANTACRUZ W",
    "ADDRESS": "8910,DHEERAJ HERITAGE,1ST FLOOR,NEAR MILAN SUBWAY,SANTACRUZ W,MUMBAI 400 054",
    "STATE": "MAHARASHTRA",
    "CONTACT": "+912224641009",
    "UPI": false,
    "RTGS": true,
    "CITY": "MUMBAI",
    "CENTRE": "GREATER BOMBAY",
    "DISTRICT": "GREATER BOMBAY",
    "NEFT": true,
    "IMPS": true,
    "SWIFT": null,
    "ISO3166": "IN-MH"
  },
  "MDCB0680384": {
    "BANK": "State Transport Co-operative Bank",
    "IFSC": "MDCB0680384",
    "MICR": "400068384",
    "BRANCH": "STATE TRANSPORT COOP BANK PALGHAR",
    "ADDRESS": "TULJA BHAVAN, 1ST FLOOR, OPP FISH MARKET,OLD PALGHAR,DIST THANE",
    "STATE": "MAHARASHTRA",
    "CONTACT": "+912525254731",
    "UPI": false,
    "RTGS": true,
    "CITY": "PALGHAR",
    "CENTRE": "THANE",
    "DISTRICT": "THANE",
    "NEFT": true,
    "IMPS": true,
    "SWIFT": null,
    "ISO3166": "IN-MH"
  },
  "MDCB0680403": {
    "BANK": "Pratap Co-operative Bank",
    "IFSC": "MDCB0680403",
    "MICR": "400068403",
    "BRANCH": "PRATAP COOP BANK KANDIVALI W",
    "ADDRESS": "SHOP NO 10,POOJA ENCLAVE,OPP GANESH NAGAR,LINK ROAD,KANDIVALI WEST, MUMBAI 400 067",
    "STATE": "MAHARASHTRA",
    "CONTACT": "+912228697932",
    "UPI": false,
    "RTGS": true,
    "CITY": "MUMBAI",
    "CENTRE": "GREATER BOMBAY",
    "DISTRICT": "GREATER BOMBAY",
    "NEFT": true,
    "IMPS": true,
    "SWIFT": null,
    "ISO3166": "IN-MH"
  },
  "MDCB0680406": {
    "BANK": "Pratap Co-operative Bank",
    "IFSC": "MDCB0680406",
    "MICR": "400068406",
    "BRANCH": "PRATAP COOP BANK MATUNGA E",
    "ADDRESS": "SHREE DAYANAND BALAK VIDYALAYA,BHIMANI STREET,MATUNGA EAST, MUMBAI 400 019",
    "STATE": "MAHARASHTRA",
    "CONTACT": "+912224179317",
    "UPI": false,
    "RTGS": true,
    "CITY": "MUMBAI",
    "CENTRE": "GREATER BOMBAY",
    "DISTRICT": "GREATER BOMBAY",
    "NEFT": true,
    "IMPS": true,
    "SWIFT": null,
    "ISO3166": "IN-MH"
  },
  "MDCB0680411": {
    "BANK": "Pratap Co-operative Bank",
    "IFSC": "MDCB0680411",
    "MICR": "400068411",
    "BRANCH": "PRATAP CO-OPBANK,BADLAPUR",
    "ADDRESS": "SHOP 4/5,YOGESHWAR KRIPA CHS LTD., SANEWADI, KULGAON, BADLAPUR (WEST), THANE 421 503.",
    "STATE": "MAHARASHTRA",
    "CONTACT": "+912512676363",
    "UPI": false,
    "RTGS": true,
    "CITY": "BADLAPUR",
    "CENTRE": "THANE",
    "DISTRICT": "THANE",
    "NEFT": true,
    "IMPS": true,
    "SWIFT": null,
    "ISO3166": "IN-MH"
  }
}