{
  "MSBL0000001": {
    "BANK": "Malad Sahakari Bank",
    "IFSC": "MSBL0000001",
    "MICR": null,
    "BRANCH": "RTGS-HO",
    "ADDRESS": "PLOT NO.372/73/74,CHATRAPATI SHIVAJI MARKET YARD,GULTEKADI,PUNE-411037",
    "STATE": "MAHARASHTRA",
    "CONTACT": "+912024263343",
    "UPI": true,
    "RTGS": true,
    "CITY": "PUNE",
    "CENTRE": "PUNE",
    "DISTRICT": "PUNE",
    "NEFT": true,
    "IMPS": true,
    "SWIFT": null,
    "ISO3166": "IN-MH"
  },
  "MSBL0000002": {
    "BANK": "Malad Sahakari Bank",
    "IFSC": "MSBL0000002",
    "MICR": "411175002",
    "BRANCH": "LAXMI ROAD",
    "ADDRESS": "711,NAYARAN PETH,RAMCHANDRA APARTMENT,PUNE-411030",
    "STATE": "MAHARASHTRA",
    "CONTACT": "+912024458516",
    "UPI": true,
    "RTGS": true,
    "CITY": "PUNE",
    "CENTRE": "PUNE",
    "DISTRICT": "PUNE",
    "NEFT": true,
    "IMPS": true,
    "SWIFT": null,
    "ISO3166": "IN-MH"
  },
  "MSBL0000003": {
    "BANK": "Malad Sahakari Bank",
    "IFSC": "MSBL0000003",
    "MICR": "411175003",
    "BRANCH": "KARVE ROAD",
    "ADDRESS": "17/7,SAI HOUSE,NEAR EXCEL PETROL PUMP,KARVE ROAD,PUNE-411004",
    "STATE": "MAHARASHTRA",
    "CONTACT": "+912025411332",
    "UPI": true,
    "RTGS": true,
    "CITY": "PUNE",
    "CENTRE": "PUNE",
    "DISTRICT": "PUNE",
    "NEFT": true,
    "IMPS": true,
    "SWIFT": null,
    "ISO3166": "IN-MH"
  },
  "MSBL0000004": {
    "BANK": "Malad Sahakari Bank",
    "IFSC": "MSBL0000004",
    "MICR": "411175004",
    "BRANCH": "RAVIWAR PETH",
    "ADDRESS": "468,RAVIWAR PETH,VAJRADEHI CHOWK,PHADAKE HAUD,PUNE-411002",
    "STATE": "MAHARASHTRA",
    "CONTACT": "+912024482202",
    "UPI": true,
    "RTGS": true,
    "CITY": "PUNE",
    "CENTRE": "PUNE",
    "DISTRICT": "PUNE",
    "NEFT": true,
    "IMPS": true,
    "SWIFT": null,
    "ISO3166": "IN-MH"
  },
  "MSBL0000005": {
    "BANK": "Malad Sahakari Bank",
    "IFSC": "MSBL0000005",
    "MICR": null,
    "BRANCH": "MARKET YARD",
    "ADDRESS": "PLOT NO 372/73/74,CHATRAPATI SHIVAJI MARKET YARD,GULTEKADI,PUNE-411037",
    "STATE": "MAHARASHTRA",
    "CONTACT": "+912024263342",
    "UPI": true,
    "RTGS": true,
    "CITY": "PUNE",
    "CENTRE": "PUNE",
    "DISTRICT": "PUNE",
    "NEFT": true,
    "IMPS": true,
    "SWIFT": null,
    "ISO3166": "IN-MH"
  },
  "MSBL0000006": {
    "BANK": "Malad Sahakari Bank",
    "IFSC": "MSBL0000006",
    "MICR": "411175006",
    "BRANCH": "NANA PETH",
    "ADDRESS": "571/72,NANA PETH,PUNE 411002",
    "STATE": "MAHARASHTRA",
    "CONTACT": "+912026336455",
    "UPI": true,
    "RTGS": true,
    "CITY": "PUNE",
    "CENTRE": "PUNE",
    "DISTRICT": "PUNE",
    "NEFT": true,
    "IMPS": true,
    "SWIFT": null,
    "ISO3166": "IN-MH"
  },
  "MSBL0000007": {
    "BANK": "Malad Sahakari Bank",
    "IFSC": "MSBL0000007",
    "MICR": "411175007",
    "BRANCH": "PIMPRI CHINCHWAD",
    "ADDRESS": "PRESTIGE COMPLEX,TELCO ROAD,CHINCHWAD STATION,PUNE-411019",
    "STATE": "MAHARASHTRA",
    "CONTACT": "+912027471194",
    "UPI": true,
    "RTGS": true,
    "CITY": "PUNE",
    "CENTRE": "PUNE",
    "DISTRICT": "PUNE",
    "NEFT": true,
    "IMPS": true,
    "SWIFT": null,
    "ISO3166": "IN-MH"
  },
  "MSBL0000008": {
    "BANK": "Malad Sahakari Bank",
    "IFSC": "MSBL0000008",
    "MICR": "411175008",
    "BRANCH": "KARVE NAGAR",
    "ADDRESS": "GIRIJA SHANKAR VIHAR,S.NO.30/2B,KARVENAGAR,PUNE-411029",
    "STATE": "MAHARASHTRA",
    "CONTACT": "+912025434890",
    "UPI": true,
    "RTGS": true,
    "CITY": "PUNE",
    "CENTRE": "PUNE",
    "DISTRICT": "PUNE",
    "NEFT": true,
    "IMPS": true,
    "SWIFT": null,
    "ISO3166": "IN-MH"
  },
  "MSBL0000009": {
    "BANK": "Malad Sahakari Bank",
    "IFSC": "MSBL0000009",
    "MICR": "400175002",
    "BRANCH": "KALBADEVI ROAD MUMBAI",
    "ADDRESS": "299,KALBADEVI ROAD,MUMBAI 411 002",
    "STATE": "MAHARASHTRA",
    "CONTACT": "+912222407515",
    "UPI": true,
    "RTGS": true,
    "CITY": "MUMBAI",
    "CENTRE": "MUMBAI",
    "DISTRICT": "MUMBAI",
    "NEFT": true,
    "IMPS": true,
    "SWIFT": null,
    "ISO3166": "IN-MH"
  },
  "MSBL0000010": {
    "BANK": "Malad Sahakari Bank",
    "IFSC": "MSBL0000010",
    "MICR": "411175009",
    "BRANCH": "PUNE CAMP",
    "ADDRESS": "SHOP NO.1,2,KUMAR CASTLE,OPP.SAINT ANNES SCHOOL.CONVENT STREET,CAMP,PUNE-411001",
    "STATE": "MAHARASHTRA",
    "CONTACT": "+912026336861",
    "UPI": true,
    "RTGS": true,
    "CITY": "PUNE",
    "CENTRE": "PUNE",
    "DISTRICT": "PUNE",
    "NEFT": true,
    "IMPS": true,
    "SWIFT": null,
    "ISO3166": "IN-MH"
  },
  "MSBL0000011": {
    "BANK": "Malad Sahakari Bank",
    "IFSC": "MSBL0000011",
    "MICR": "411175010",
    "BRANCH": "PUNE SINHGAD ROAD",
    "ADDRESS": "GANGA BHAGYODAY,SHOP NO 4,S.NO 35 TO 40,NEAR PETROL PUMP,SINGHAGAD ROAD,VADGAON BUDRUK,PUNE-411051",
    "STATE": "MAHARASHTRA",
    "CONTACT": "+912024606440",
    "UPI": true,
    "RTGS": true,
    "CITY": "PUNE",
    "CENTRE": "PUNE",
    "DISTRICT": "PUNE",
    "NEFT": true,
    "IMPS": true,
    "SWIFT": null,
    "ISO3166": "IN-MH"
  },
  "MSBL0000012": {
    "BANK": "Malad Sahakari Bank",
    "IFSC": "MSBL0000012",
    "MICR": "416175201",
    "BRANCH": "ICHALKARANJI",
    "ADDRESS": "KAMAKSHI PLAZA,CITY S.NO.16590,12/539,SHAHU CORNER ROAD,ICHALKARANJI - 416115",
    "STATE": "MAHARASHTRA",
    "CONTACT": "+912302433033",
    "UPI": true,
    "RTGS": true,
    "CITY": "KOLHAPUR",
    "CENTRE": "KOLHAPUR",
    "DISTRICT": "KOLHAPUR",
    "NEFT": true,
    "IMPS": true,
    "SWIFT": null,
    "ISO3166": "IN-MH"
  },
  "MSBL0000013": {
    "BANK": "Malad Sahakari Bank",
    "IFSC": "MSBL0000013",
    "MICR": "411175012",
    "BRANCH": "AUNDH",
    "ADDRESS": "S.NO.138& 137,SHOP 6,7,8& 9 GROUND FLOOR,ASTRAL COURT - B WING,OPP.GAIKWAD PETROL PUMP,MARUTRAO GAIKWAD NAGAR,AUNDH,PUNE-411007",
    "STATE": "MAHARASHTRA",
    "CONTACT": "+912065272791",
    "UPI": true,
    "RTGS": true,
    "CITY": "PUNE",
    "CENTRE": "PUNE",
    "DISTRICT": "PUNE",
    "NEFT": true,
    "IMPS": true,
    "SWIFT": null,
    "ISO3166": "IN-MH"
  },
  "MSBL0000014": {
    "BANK": "Malad Sahakari Bank",
    "IFSC": "MSBL0000014",
    "MICR": "413851052",
    "BRANCH": "LATUR",
    "ADDRESS": "S.NO.205,CITY S.NO.4709 TILAKNAGAR,MAIN ROAD,LATUR-412512",
    "STATE": "MAHARASHTRA",
    "CONTACT": "+912382250440",
    "UPI": true,
    "RTGS": true,
    "CITY": "LATUR",
    "CENTRE": "LATUR",
    "DISTRICT": "LATUR",
    "NEFT": true,
    "IMPS": true,
    "SWIFT": null,
    "ISO3166": "IN-MH"
  },
  "MSBL0000015": {
    "BANK": "Malad Sahakari Bank",
    "IFSC": "MSBL0000015",
    "MICR": "411175011",
    "BRANCH": "HADAPSAR",
    "ADDRESS": "S.NO.84,7A& 3C RUTURAJ BEHIND VAIBHAV THEATRE LANE,HADAPSAR,PUNE-411028",
    "STATE": "MAHARASHTRA",
    "CONTACT": "+912026878000",
    "UPI": true,
    "RTGS": true,
    "CITY": "PUNE",
    "CENTRE": "PUNE",
    "DISTRICT": "PUNE",
    "NEFT": true,
    "IMPS": true,
    "SWIFT": null,
    "ISO3166": "IN-MH"
  },
  "MSBL0000016": {
    "BANK": "Malad Sahakari Bank",
    "IFSC": "MSBL0000016",
    "MICR": "400175003",
    "BRANCH": "BHIVANDI",
    "ADDRESS": "SHOP NO 1,2 18A,18B CITY CENTRE,CTS NO 8792/93/94,KAMATGHAR,DHAMANKAR NAKA,BHIVANDI,DIST THANE 421302",
    "STATE": "MAHARASHTRA",
    "CONTACT": "+912522238176",
    "UPI": true,
    "RTGS": true,
    "CITY": "THANE",
    "CENTRE": "THANE",
    "DISTRICT": "THANE",
    "NEFT": true,
    "IMPS": true,
    "SWIFT": null,
    "ISO3166": "IN-MH"
  }
}