{
  "MSCI0082002": {
    "BANK": "MAHARASHTRA STATE COOPERATIVE BANK",
    "IFSC": "MSCI0082002",
    "BRANCH": "RTGS-HO",
    "ADDRESS": "9, MAHARASHTRA CHAMBER OF COMMERCE LANE, FORT, MUMBAI 400001",
    "CONTACT": "22800654",
    "CITY": "MUMBAI",
    "DISTRICT": "MUMBAI",
    "STATE": "MAHARASHTRA"
  },
  "MSCI0082005": {
    "BANK": "MAHARASHTRA STATE COOPERATIVE BANK",
    "IFSC": "MSCI0082005",
    "BRANCH": "PAREL",
    "ADDRESS": "268-272 CONTRACTOR BLDG AMBEDKAR RD PAREL 400012",
    "CONTACT": "24708687",
    "CITY": "MUMBAI",
    "DISTRICT": "MUMBAI",
    "STATE": "MAHARASHTRA"
  },
  "MSCI0082006": {
    "BANK": "MAHARASHTRA STATE COOPERATIVE BANK",
    "IFSC": "MSCI0082006",
    "BRANCH": "SION",
    "ADDRESS": "MURLIDHAR MANDIR TRUST BLDG PLOT 202 SION 400022",
    "CONTACT": "24073591",
    "CITY": "MUMBAI",
    "DISTRICT": "MUMBAI",
    "STATE": "MAHARASHTRA"
  },
  "MSCI0082007": {
    "BANK": "MAHARASHTRA STATE COOPERATIVE BANK",
    "IFSC": "MSCI0082007",
    "BRANCH": "BANDRA (EAST)",
    "ADDRESS": "ARAM SHOPING GOVT COLONEY BANDRA 400051",
    "CONTACT": "26420007",
    "CITY": "MUMBAI",
    "DISTRICT": "MUMBAI",
    "STATE": "MAHARASHTRA"
  },
  "MSCI0082011": {
    "BANK": "MAHARASHTRA STATE COOPERATIVE BANK",
    "IFSC": "MSCI0082011",
    "BRANCH": "PRABHADEVI",
    "ADDRESS": "SIDDHIVINAYAK CHS NR TTEMPLE PRABHADEVI 4000028",
    "CONTACT": "24224456",
    "CITY": "MUMBAI",
    "DISTRICT": "MUMBAI",
    "STATE": "MAHARASHTRA"
  },
  "MSCI0082012": {
    "BANK": "MAHARASHTRA STATE COOPERATIVE BANK",
    "IFSC": "MSCI0082012",
    "BRANCH": "PEDDER ROAD",
    "ADDRESS": "63 RATNA DESHMUKH RD PEDDER RD 400026",
    "CONTACT": "23526783",
    "CITY": "MUMBAI",
    "DISTRICT": "MUMBAI",
    "STATE": "MAHARASHTRA"
  },
  "MSCI0082013": {
    "BANK": "MAHARASHTRA STATE COOPERATIVE BANK",
    "IFSC": "MSCI0082013",
    "BRANCH": "KURLA (WEST)",
    "ADDRESS": "303-304 NAVAZ MANZIL LBS RD KURLA(W)400070",
    "CONTACT": "26504611",
    "CITY": "MUMBAI",
    "DISTRICT": "MUMBAI",
    "STATE": "MAHARASHTRA"
  },
  "MSCI0082014": {
    "BANK": "MAHARASHTRA STATE COOPERATIVE BANK",
    "IFSC": "MSCI0082014",
    "BRANCH": "SHIVAJI PARK",
    "ADDRESS": "12GANESH CHS GANESH PATH DADAR(W) 400028",
    "CONTACT": "24302192",
    "CITY": "MUMBAI",
    "DISTRICT": "MUMBAI",
    "STATE": "MAHARASHTRA"
  },
  "MSCI0082015": {
    "BANK": "MAHARASHTRA STATE COOPERATIVE BANK",
    "IFSC": "MSCI0082015",
    "BRANCH": "ANDHERI (EAST)",
    "ADDRESS": "DEVATA CHS DEVDARSHAN BLDG RK RD ANDHERI 400069",
    "CONTACT": "26838757",
    "CITY": "MUMBAI",
    "DISTRICT": "MUMBAI",
    "STATE": "MAHARASHTRA"
  },
  "MSCI0082016": {
    "BANK": "MAHARASHTRA STATE COOPERATIVE BANK",
    "IFSC": "MSCI0082016",
    "BRANCH": "BORIVALI",
    "ADDRESS": "1-2-179 KESARBAUG CHS FPN 213 BORIVALI(W) 400092",
    "CONTACT": "28984473",
    "CITY": "MUMBAI",
    "DISTRICT": "MUMBAI",
    "STATE": "MAHARASHTRA"
  },
  "MSCI0082017": {
    "BANK": "MAHARASHTRA STATE COOPERATIVE BANK",
    "IFSC": "MSCI0082017",
    "BRANCH": "CHEMBUR",
    "ADDRESS": "PLOT 177 D.K. SANDU RD CHEMBUR 400071",
    "CONTACT": "25282561",
    "CITY": "MUMBAI",
    "DISTRICT": "MUMBAI",
    "STATE": "MAHARASHTRA"
  },
  "MSCI0082018": {
    "BANK": "MAHARASHTRA STATE COOPERATIVE BANK",
    "IFSC": "MSCI0082018",
    "BRANCH": "DAHISAR",
    "ADDRESS": "A1/2 POKARKUNJ LT RD DAHISAR(W) 400068",
    "CONTACT": "28931273",
    "CITY": "MUMBAI",
    "DISTRICT": "MUMBAI",
    "STATE": "MAHARASHTRA"
  },
  "MSCI0082019": {
    "BANK": "MAHARASHTRA STATE COOPERATIVE BANK",
    "IFSC": "MSCI0082019",
    "BRANCH": "GOREGAON",
    "ADDRESS": "67 HEMVILLA JAWAHAR NAGAR GOREGAON(W) 400062",
    "CONTACT": "28722131",
    "CITY": "MUMBAI",
    "DISTRICT": "MUMBAI",
    "STATE": "MAHARASHTRA"
  },
  "MSCI0082020": {
    "BANK": "MAHARASHTRA STATE COOPERATIVE BANK",
    "IFSC": "MSCI0082020",
    "BRANCH": "GHATKOPAR",
    "ADDRESS": "KOTMAHALCHS PLOT 148 GARODIYANAGAR 400077",
    "CONTACT": "25069060",
    "CITY": "MUMBAI",
    "DISTRICT": "MUMBAI",
    "STATE": "MAHARASHTRA"
  },
  "MSCI0082022": {
    "BANK": "MAHARASHTRA STATE COOPERATIVE BANK",
    "IFSC": "MSCI0082022",
    "BRANCH": "KANDIVALI",
    "ADDRESS": "A/4 BEST STAFF QTRS BAJAJ RD KANDIVALI 400067",
    "CONTACT": "28051121",
    "CITY": "MUMBAI",
    "DISTRICT": "MUMBAI",
    "STATE": "MAHARASHTRA"
  },
  "MSCI0082023": {
    "BANK": "MAHARASHTRA STATE COOPERATIVE BANK",
    "IFSC": "MSCI0082023",
    "BRANCH": "KHAR",
    "ADDRESS": "MODERN CHS SADHANA 16TH RD KHAR(W) 400052",
    "CONTACT": "26461803",
    "CITY": "MUMBAI",
    "DISTRICT": "MUMBAI",
    "STATE": "MAHARASHTRA"
  },
  "MSCI0082024": {
    "BANK": "MAHARASHTRA STATE COOPERATIVE BANK",
    "IFSC": "MSCI0082024",
    "BRANCH": "MALAD",
    "ADDRESS": "PARAS DAPTARI RD MALAD (E)400097",
    "CONTACT": "28834440",
    "CITY": "MUMBAI",
    "DISTRICT": "MUMBAI",
    "STATE": "MAHARASHTRA"
  },
  "MSCI0082025": {
    "BANK": "MAHARASHTRA STATE COOPERATIVE BANK",
    "IFSC": "MSCI0082025",
    "BRANCH": "MULUND",
    "ADDRESS": "180 PARAG BLDG, GG RD MULUND(W)400080",
    "CONTACT": "25600232",
    "CITY": "MUMBAI",
    "DISTRICT": "MUMBAI",
    "STATE": "MAHARASHTRA"
  },
  "MSCI0082026": {
    "BANK": "MAHARASHTRA STATE COOPERATIVE BANK",
    "IFSC": "MSCI0082026",
    "BRANCH": "SANTACRUZ (EAST)",
    "ADDRESS": "NEELKAMAL CHS PRABHAT CLNY RD SANTACRUZ E 400055",
    "CONTACT": "26124209",
    "CITY": "MUMBAI",
    "DISTRICT": "MUMBAI",
    "STATE": "MAHARASHTRA"
  },
  "MSCI0082027": {
    "BANK": "MAHARASHTRA STATE COOPERATIVE BANK",
    "IFSC": "MSCI0082027",
    "BRANCH": "SANTACRUZ (WEST)",
    "ADDRESS": "2 SAIARADHANA CHS P.S.RD SANTACRUZ W 400054",
    "CONTACT": "26105701",
    "CITY": "MUMBAI",
    "DISTRICT": "MUMBAI",
    "STATE": "MAHARASHTRA"
  },
  "MSCI0082028": {
    "BANK": "MAHARASHTRA STATE COOPERATIVE BANK",
    "IFSC": "MSCI0082028",
    "BRANCH": "VIKHROLI",
    "ADDRESS": "KANNAMWAR NAGAR MHB VIKHROLI E 400083",
    "CONTACT": "25781736",
    "CITY": "MUMBAI",
    "DISTRICT": "MUMBAI",
    "STATE": "MAHARASHTRA"
  },
  "MSCI0082029": {
    "BANK": "MAHARASHTRA STATE COOPERATIVE BANK",
    "IFSC": "MSCI0082029",
    "BRANCH": "VILE-PARLE (EAST)",
    "ADDRESS": "114/B SHYAMKAMAL B CHSAGRAWAL MKT PARLEE 400057",
    "CONTACT": "26141709",
    "CITY": "MUMBAI",
    "DISTRICT": "MUMBAI",
    "STATE": "MAHARASHTRA"
  },
  "MSCI0082031": {
    "BANK": "MAHARASHTRA STATE COOPERATIVE BANK",
    "IFSC": "MSCI0082031",
    "BRANCH": "VARSOVA ANDHERI (W)",
    "ADDRESS": "ELDERS HOME SAT BANGLOW VERSOVA ANDHERI 400061",
    "CONTACT": "26362164",
    "CITY": "MUMBAI",
    "DISTRICT": "MUMBAI",
    "STATE": "MAHARASHTRA"
  },
  "MSCI0082033": {
    "BANK": "MAHARASHTRA STATE COOPERATIVE BANK",
    "IFSC": "MSCI0082033",
    "BRANCH": "BYCULLA",
    "ADDRESS": "SEVA NIKETAN S.J.J. RD BYCULLA 400008",
    "CONTACT": "23084158",
    "CITY": "MUMBAI",
    "DISTRICT": "MUMBAI",
    "STATE": "MAHARASHTRA"
  },
  "MSCI0082034": {
    "BANK": "MAHARASHTRA STATE COOPERATIVE BANK",
    "IFSC": "MSCI0082034",
    "BRANCH": "VASHI",
    "ADDRESS": "PLOT 88, SECTOR 17 VASHI NEW MUMBAI 400703",
    "CONTACT": "27892513",
    "CITY": "MUMBAI",
    "DISTRICT": "MUMBAI",
    "STATE": "MAHARASHTRA"
  },
  "MSCI0082035": {
    "BANK": "MAHARASHTRA STATE COOPERATIVE BANK",
    "IFSC": "MSCI0082035",
    "BRANCH": "JOGESHWARI EXTN.COUNTER",
    "ADDRESS": "MAHANAND DAIRY WESTERN EX RD GOREGAON E 400065",
    "CONTACT": "26855032",
    "CITY": "MUMBAI",
    "DISTRICT": "MUMBAI",
    "STATE": "MAHARASHTRA"
  },
  "MSCI0082036": {
    "BANK": "MAHARASHTRA STATE COOPERATIVE BANK",
    "IFSC": "MSCI0082036",
    "BRANCH": "YB CHAVAN CENTER,  (EXTN COUNTER)",
    "ADDRESS": "GEN J. BHOSALE MRG NEAR SACHIVALAY 400021",
    "CONTACT": "22028620",
    "CITY": "MUMBAI",
    "DISTRICT": "MUMBAI",
    "STATE": "MAHARASHTRA"
  },
  "MSCI0082037": {
    "BANK": "MAHARASHTRA STATE COOPERATIVE BANK",
    "IFSC": "MSCI0082037",
    "BRANCH": "VASHI EXTN COUNTER",
    "ADDRESS": "APMC MKT COMPLEX 2, SECTOR 19 B, PLOT NO.7, G 1, AVALON HEIGHTS SCHOOL BLDG,TURBHE, NAVI MUMBAI 400705",
    "CONTACT": "27841866",
    "CITY": "NAVI MUMBAI",
    "DISTRICT": "THANE",
    "STATE": "MAHARASHTRA"
  },
  "MSCI0082038": {
    "BANK": "MAHARASHTRA STATE COOPERATIVE BANK",
    "IFSC": "MSCI0082038",
    "BRANCH": "KOLHAPUR",
    "ADDRESS": "451/1, E WARD, KEVISPLAZA, VENUS CORNER, STATION ROAD, KOLHAPUR - 416 001",
    "CONTACT": "2530700",
    "CITY": "KOLHAPUR",
    "DISTRICT": "KOLHAPUR",
    "STATE": "MAHARASHTRA"
  },
  "MSCI0082039": {
    "BANK": "MAHARASHTRA STATE COOPERATIVE BANK",
    "IFSC": "MSCI0082039",
    "BRANCH": "PUNE",
    "ADDRESS": "915/2, SHIVAJINAGAR, DR. SULE ROAD, PUNE 411004",
    "CONTACT": "25651022",
    "CITY": "PUNE",
    "DISTRICT": "PUNE",
    "STATE": "MAHARASHTRA"
  },
  "MSCI0082040": {
    "BANK": "MAHARASHTRA STATE COOPERATIVE BANK",
    "IFSC": "MSCI0082040",
    "BRANCH": "NASHIK",
    "ADDRESS": "PLOT NO. 3, SECTOR E, MUMBAI AGRA ROAD, CIDCO, NASHIK 422009",
    "CONTACT": "2392855",
    "CITY": "NASHIK",
    "DISTRICT": "NASHIK",
    "STATE": "MAHARASHTRA"
  },
  "MSCI0082041": {
    "BANK": "MAHARASHTRA STATE COOPERATIVE BANK",
    "IFSC": "MSCI0082041",
    "BRANCH": "SOLAPUR",
    "ADDRESS": "LOKMANGAL BHAVAN, 71, RAILWAY LINES, SOLAPUR - 413001",
    "CONTACT": "2726639",
    "CITY": "SOLAPUR",
    "DISTRICT": "SOLAPUR",
    "STATE": "MAHARASHTRA"
  },
  "MSCI0082042": {
    "BANK": "MAHARASHTRA STATE COOPERATIVE BANK",
    "IFSC": "MSCI0082042",
    "BRANCH": "DHULE",
    "ADDRESS": "SURVEY NO.7, GALLI NO.4, NAGARPATTI, NEAR GANDHI STATUE, DHULE 424001",
    "CONTACT": "236871",
    "CITY": "DHULE",
    "DISTRICT": "DHULE",
    "STATE": "MAHARASHTRA"
  },
  "MSCI0082043": {
    "BANK": "MAHARASHTRA STATE COOPERATIVE BANK",
    "IFSC": "MSCI0082043",
    "BRANCH": "BEED",
    "ADDRESS": "PLOT NO. N.H. 1-3-651, SHIVAJI NAGAR,BARSHI ROAD, BEED 431122",
    "CONTACT": "230455",
    "CITY": "BEED",
    "DISTRICT": "BEED",
    "STATE": "MAHARASHTRA"
  },
  "MSCI0082044": {
    "BANK": "MAHARASHTRA STATE COOPERATIVE BANK",
    "IFSC": "MSCI0082044",
    "BRANCH": "NANDED",
    "ADDRESS": "PLOT NO. 180, VASANTNAGAR, NEAR SHARADANAGAR BUS STOP, NANDED 431605",
    "CONTACT": "286919",
    "CITY": "NANDED",
    "DISTRICT": "NANDED",
    "STATE": "MAHARASHTRA"
  },
  "MSCI0082050": {
    "BANK": "MAHARASHTRA STATE COOPERATIVE BANK",
    "IFSC": "MSCI0082050",
    "BRANCH": "NAGPUR REGOINAL OFFICE BRANCH,",
    "ADDRESS": "MAHAL, NAGPUR",
    "CONTACT": "2728494",
    "CITY": "NAGPUR",
    "DISTRICT": "NAGPUR",
    "STATE": "MAHARASHTRA"
  },
  "MSCI0082051": {
    "BANK": "MAHARASHTRA STATE COOPERATIVE BANK",
    "IFSC": "MSCI0082051",
    "BRANCH": "DEONAGAR",
    "ADDRESS": "SANTAJI COLONY, DEONAGAR, NAGPUR- 440015",
    "CONTACT": "2226651",
    "CITY": "NAGPUR",
    "DISTRICT": "NAGPUR",
    "STATE": "MAHARASHTRA"
  },
  "MSCI0082052": {
    "BANK": "MAHARASHTRA STATE COOPERATIVE BANK",
    "IFSC": "MSCI0082052",
    "BRANCH": "DHANTOLI",
    "ADDRESS": "VIJAY BHAVAN LOKMAT CHOWK NAGPUR 440012",
    "CONTACT": "2424982",
    "CITY": "NAGPUR",
    "DISTRICT": "NAGPUR",
    "STATE": "MAHARASHTRA"
  },
  "MSCI0082053": {
    "BANK": "MAHARASHTRA STATE COOPERATIVE BANK",
    "IFSC": "MSCI0082053",
    "BRANCH": "DHARAMPETH",
    "ADDRESS": "MADHUMADHAV COM COMPLEX DHARMPETH 440010",
    "CONTACT": "2531204",
    "CITY": "NAGPUR",
    "DISTRICT": "NAGPUR",
    "STATE": "MAHARASHTRA"
  },
  "MSCI0082054": {
    "BANK": "MAHARASHTRA STATE COOPERATIVE BANK",
    "IFSC": "MSCI0082054",
    "BRANCH": "SADAR",
    "ADDRESS": "VORA COMPLEX KAMTEE RD NAGPUR 440001",
    "CONTACT": "2532573",
    "CITY": "NAGPUR",
    "DISTRICT": "NAGPUR",
    "STATE": "MAHARASHTRA"
  },
  "MSCI0082055": {
    "BANK": "MAHARASHTRA STATE COOPERATIVE BANK",
    "IFSC": "MSCI0082055",
    "BRANCH": "SITABULDI",
    "ADDRESS": "RAJARAM BLDG MAIN RD SITABULDI NAGPUR 440012",
    "CONTACT": "2524012",
    "CITY": "NAGPUR",
    "DISTRICT": "NAGPUR",
    "STATE": "MAHARASHTRA"
  },
  "MSCI0082056": {
    "BANK": "MAHARASHTRA STATE COOPERATIVE BANK",
    "IFSC": "MSCI0082056",
    "BRANCH": "RANAPRATAP NAGAR",
    "ADDRESS": "SHEWALKAR GARDENS NORTH AMBAZARI RD 440010",
    "CONTACT": "2222191",
    "CITY": "NAGPUR",
    "DISTRICT": "NAGPUR",
    "STATE": "MAHARASHTRA"
  },
  "MSCI0082057": {
    "BANK": "MAHARASHTRA STATE COOPERATIVE BANK",
    "IFSC": "MSCI0082057",
    "BRANCH": "WANJARI NAGAR",
    "ADDRESS": "TYLIN EMP KUKADE LAYOUT WANJARI NAGAR440027",
    "CONTACT": "2748961",
    "CITY": "NAGPUR",
    "DISTRICT": "NAGPUR",
    "STATE": "MAHARASHTRA"
  },
  "MSCI0082058": {
    "BANK": "MAHARASHTRA STATE COOPERATIVE BANK",
    "IFSC": "MSCI0082058",
    "BRANCH": "CHHOTA TAJBAUG",
    "ADDRESS": "115 PRITI APT CHOTTA TAJBAUG CHOWK NAGPUR 440009",
    "CONTACT": "2745291",
    "CITY": "NAGPUR",
    "DISTRICT": "NAGPUR",
    "STATE": "MAHARASHTRA"
  },
  "MSCI0082059": {
    "BANK": "MAHARASHTRA STATE COOPERATIVE BANK",
    "IFSC": "MSCI0082059",
    "BRANCH": "BYRAMJI TOWN",
    "ADDRESS": "32 CHITNIS LAYOUT,BYRAMJI TOWN, NAGPUR 440013",
    "CONTACT": "2593119",
    "CITY": "NAGPUR",
    "DISTRICT": "NAGPUR",
    "STATE": "MAHARASHTRA"
  },
  "MSCI0082060": {
    "BANK": "MAHARASHTRA STATE COOPERATIVE BANK",
    "IFSC": "MSCI0082060",
    "BRANCH": "MANEWADA",
    "ADDRESS": "GULMOHAR MAHALAXMI NAGAR NAGPUR440024",
    "CONTACT": "2758412",
    "CITY": "NAGPUR",
    "DISTRICT": "NAGPUR",
    "STATE": "MAHARASHTRA"
  },
  "MSCI0082061": {
    "BANK": "MAHARASHTRA STATE COOPERATIVE BANK",
    "IFSC": "MSCI0082061",
    "BRANCH": "DIGHORI",
    "ADDRESS": "8, ADARSH NAGAR, UMERD RD DIGHORI 440009",
    "CONTACT": "2712809",
    "CITY": "NAGPUR",
    "DISTRICT": "NAGPUR",
    "STATE": "MAHARASHTRA"
  },
  "MSCI0082062": {
    "BANK": "MAHARASHTRA STATE COOPERATIVE BANK",
    "IFSC": "MSCI0082062",
    "BRANCH": "AKOLA",
    "ADDRESS": "OLD COTTON MKT, AKOLA - 444001",
    "CONTACT": "2430023",
    "CITY": "AKOLA",
    "DISTRICT": "AKOLA",
    "STATE": "MAHARASHTRA"
  },
  "MSCI0082063": {
    "BANK": "MAHARASHTRA STATE COOPERATIVE BANK",
    "IFSC": "MSCI0082063",
    "BRANCH": "AMRAVATI",
    "ADDRESS": "PAN DESHMUKH BLG TOPE NAGAR AMRAVATI 444601",
    "CONTACT": "2662162",
    "CITY": "AMRAVATI",
    "DISTRICT": "AMRAVATI",
    "STATE": "MAHARASHTRA"
  },
  "MSCI0082064": {
    "BANK": "MAHARASHTRA STATE COOPERATIVE BANK",
    "IFSC": "MSCI0082064",
    "BRANCH": "AURANGABAD",
    "ADDRESS": "654 PLOT NO 10 TOWN CTR CIDCO AURANGABAD 431003",
    "CONTACT": "2471464",
    "CITY": "AURANGABAD",
    "DISTRICT": "AURANGABAD",
    "STATE": "MAHARASHTRA"
  },
  "MSCI0LCBS01": {
    "BANK": "MAHARASHTRA STATE COOPERATIVE BANK",
    "IFSC": "MSCI0LCBS01",
    "BRANCH": "THE LAXMI CO-OPERATIVE BANK LTD. SOLAPUR",
    "ADDRESS": "319, SOUTH KASBA, SOLAPUR, 413007",
    "CONTACT": "2747363",
    "CITY": "SOLAPUR",
    "DISTRICT": "SOLAPUR",
    "STATE": "MAHARASHTRA"
  }
}