{
  "NESF0000001": {
    "BANK": "NORTH EAST SMALL FINANCE BANK LIMITED",
    "IFSC": "NESF0000001",
    "BRANCH": "RTGS-HO",
    "ADDRESS": "1ST AND 3RD FLOOR,FORTUNE CENTRAL,BASISTHA ROAD,BASISTHAPUR BYE LANE NO.3,BELTOLA,GUWAHATI,KAMRUP,ASSAM -781028",
    "CONTACT": null,
    "CITY": "GUWAHATI",
    "DISTRICT": "KAMRUP",
    "STATE": "ASSAM",
    "RTGS": true
  },
  "NESF0000002": {
    "BANK": "NORTH EAST SMALL FINANCE BANK LIMITED",
    "IFSC": "NESF0000002",
    "BRANCH": "ZOO ROAD TINIALI",
    "ADDRESS": "S/O, MR. MAHENDRA NATH BRAHMA, RESIDING AT ZOO ROAD, PO - GUWAHATI, PS - GUWAHATI, DIST - KAMRUP(M), ASSAM - 781003",
    "CONTACT": null,
    "CITY": "GUWAHATI",
    "DISTRICT": "KAMRUP(METRO)",
    "STATE": "ASSAM",
    "RTGS": true
  },
  "NESF0000003": {
    "BANK": "NORTH EAST SMALL FINANCE BANK LIMITED",
    "IFSC": "NESF0000003",
    "BRANCH": "BAIHATA CHARIALI",
    "ADDRESS": "KSHUDRAPALAHA, BAIHATA CHARIALI, KAMRUP, ASSAM - 781381",
    "CONTACT": null,
    "CITY": "BAIHATA CHARIALI",
    "DISTRICT": "KAMRUP",
    "STATE": "ASSAM",
    "RTGS": true
  },
  "NESF0000004": {
    "BANK": "NORTH EAST SMALL FINANCE BANK LIMITED",
    "IFSC": "NESF0000004",
    "BRANCH": "GHUNUSA",
    "ADDRESS": "KDM COMPLEX, GHUNUSHA, PO - JAGIROAD, PS - JAGIROAD, DIST - MORIGAON, ASSAM - 782410",
    "CONTACT": null,
    "CITY": "JAGIROAD",
    "DISTRICT": "MORIGAON",
    "STATE": "ASSAM",
    "RTGS": true
  },
  "NESF0000005": {
    "BANK": "NORTH EAST SMALL FINANCE BANK LIMITED",
    "IFSC": "NESF0000005",
    "BRANCH": "SUALKUCHI",
    "ADDRESS": "S/O LATE BALAK BAISHYA, RESIDING AT VILLAGE NAPARA (BUS STAND), PO - SUALKUCHI, PS - SUALKUCHI, DIST - KAMRUP, ASSAM - 781103",
    "CONTACT": null,
    "CITY": "SUALKUCHI",
    "DISTRICT": "KAMRUP",
    "STATE": "ASSAM",
    "RTGS": true
  },
  "NESF0000006": {
    "BANK": "NORTH EAST SMALL FINANCE BANK LIMITED",
    "IFSC": "NESF0000006",
    "BRANCH": "NAGAON",
    "ADDRESS": "PANIGAON CHARIALI,APARNA BHAWAN,SIX ALI ROAD,ITACHALI,NAGAON -782003",
    "CONTACT": null,
    "CITY": "NAGAON",
    "DISTRICT": "NAGAON",
    "STATE": "ASSAM",
    "RTGS": true
  },
  "NESF0000007": {
    "BANK": "NORTH EAST SMALL FINANCE BANK LIMITED",
    "IFSC": "NESF0000007",
    "BRANCH": "JORHAT",
    "ADDRESS": "W/O PROBIR BARUAH,BONGALPUKHURI TIN-ALI,JORHAT",
    "CONTACT": null,
    "CITY": "JORHAT",
    "DISTRICT": "JORHAT",
    "STATE": "ASSAM",
    "RTGS": true
  },
  "NESF0000008": {
    "BANK": "NORTH EAST SMALL FINANCE BANK LIMITED",
    "IFSC": "NESF0000008",
    "BRANCH": "DIBRUGARH",
    "ADDRESS": "WARD NO 8,AMOLA PATTY,OPPOSITE INDIAN OIL PETROL PUMP,P.O.DIBRUGARH,P.S - DIBRUGARH,DIST-DIBRUGARH,PIN-786001,ASSAM",
    "CONTACT": null,
    "CITY": "DIBRUGARH",
    "DISTRICT": "DIBRUGARH",
    "STATE": "ASSAM",
    "RTGS": true
  },
  "NESF0000009": {
    "BANK": "NORTH EAST SMALL FINANCE BANK LIMITED",
    "IFSC": "NESF0000009",
    "BRANCH": "BONGAIGAON",
    "ADDRESS": "OPP.DC OFFICE,NEAR E-RICKSHAW SHOWROOM,PO.BONGAIGAON PS.BONGAIGAON,DIST.BONGAIGAON-783380",
    "CONTACT": null,
    "CITY": "BONGAIGAON",
    "DISTRICT": "BONGAIGAON",
    "STATE": "ASSAM",
    "RTGS": true
  },
  "NESF0000010": {
    "BANK": "NORTH EAST SMALL FINANCE BANK LIMITED",
    "IFSC": "NESF0000010",
    "BRANCH": "TEZPUR",
    "ADDRESS": "G.D PLAZA,KACHARI GAON,NEAR TRIBENI,P.S-SONITPUR,DISTRICT-SONITPUR,ASSAM,PIN-784001",
    "CONTACT": null,
    "CITY": "TEZPUR",
    "DISTRICT": "SONITPUR",
    "STATE": "ASSAM",
    "RTGS": true
  },
  "NESF0000011": {
    "BANK": "NORTH EAST SMALL FINANCE BANK LIMITED",
    "IFSC": "NESF0000011",
    "BRANCH": "AGARTALA",
    "ADDRESS": "A.A ROAD,KAMARPUKURPAR,OPP.MUCHOUMUHANI,BESIDE TROPICAL NURSING HOME,CHOWMUHANI BAZAR,AGARTALA-799007,WEST TRIPURA",
    "CONTACT": null,
    "CITY": "AGARTALA",
    "DISTRICT": "WEST TRIPURA",
    "STATE": "TRIPURA"
  },
  "NESF0000012": {
    "BANK": "NORTH EAST SMALL FINANCE BANK LIMITED",
    "IFSC": "NESF0000012",
    "BRANCH": "TADONG",
    "ADDRESS": "TADONG,DARAGAON,P.O-TADAONG DARAGAON,P.S - GANGTOK,DIST-EAST SIKKIM,SIKKIM,PIN-737102",
    "CONTACT": null,
    "CITY": "GANGTOK",
    "DISTRICT": "EAST SIKKIM",
    "STATE": "SIKKIM"
  },
  "NESF0000013": {
    "BANK": "NORTH EAST SMALL FINANCE BANK LIMITED",
    "IFSC": "NESF0000013",
    "BRANCH": "MANGALDOI",
    "ADDRESS": "OPP.FIRE BRIGADE,WARD NO.9,PO.MANGALDOI,PS.MANGALDOI,DIST.DARRANG-784125",
    "CONTACT": null,
    "CITY": "MANGALDOI",
    "DISTRICT": "DARRANG",
    "STATE": "ASSAM",
    "RTGS": true
  },
  "NESF0000014": {
    "BANK": "NORTH EAST SMALL FINANCE BANK LIMITED",
    "IFSC": "NESF0000014",
    "BRANCH": "DHEMAJI",
    "ADDRESS": "DHARMAKANTA ROAD,WARD NO.4,DHEMAJI",
    "CONTACT": null,
    "CITY": "DHEMAJI",
    "DISTRICT": "DHEMAJI",
    "STATE": "ASSAM",
    "RTGS": true
  },
  "NESF0000015": {
    "BANK": "NORTH EAST SMALL FINANCE BANK LIMITED",
    "IFSC": "NESF0000015",
    "BRANCH": "NEGHERITING",
    "ADDRESS": "VILL-DERGAON TOWN,WARD NO.II,PO DERGAON,PS.DERGAON,DIST.GOLAGHAT,ASSAM",
    "CONTACT": null,
    "CITY": "DERGAON",
    "DISTRICT": "GOLAGHAT",
    "STATE": "ASSAM",
    "RTGS": true
  },
  "NESF0000016": {
    "BANK": "NORTH EAST SMALL FINANCE BANK LIMITED",
    "IFSC": "NESF0000016",
    "BRANCH": "GOLAGHAT",
    "ADDRESS": "NEAR GOLAGHAT TENNIS CLUB ( OLD UBI BUILDING ),PO.GOLAGHAT PS.GOLAGHAT,DIST.GOLAGHAT-785621",
    "CONTACT": null,
    "CITY": "GOLAGHAT",
    "DISTRICT": "GOLAGHAT",
    "STATE": "ASSAM",
    "RTGS": true
  },
  "NESF0000018": {
    "BANK": "NORTH EAST SMALL FINANCE BANK LIMITED",
    "IFSC": "NESF0000018",
    "BRANCH": "KHARUPETIA",
    "ADDRESS": "ISMAIL COMPLEX,LOVELY HOTEL BUILDING,NEAR PETROL PUMP,NH-15",
    "CONTACT": null,
    "CITY": "MANGALDOI",
    "DISTRICT": "DARRANG",
    "STATE": "ASSAM",
    "RTGS": true
  },
  "NESF0000025": {
    "BANK": "NORTH EAST SMALL FINANCE BANK LIMITED",
    "IFSC": "NESF0000025",
    "BRANCH": "BARPETA TOWN",
    "ADDRESS": "NEAR OLD BUS STAND SONA LODGE,BARPETA ( SARBANANDA PATH),P.O& P.S - BARPETA,DISTRICT - BARPETA,ASSAM,PIN-781301",
    "CONTACT": null,
    "CITY": "BARPETA TOWN",
    "DISTRICT": "BARPETA",
    "STATE": "ASSAM",
    "RTGS": true
  },
  "NESF0000026": {
    "BANK": "NORTH EAST SMALL FINANCE BANK LIMITED",
    "IFSC": "NESF0000026",
    "BRANCH": "TANGLA",
    "ADDRESS": "WARD NO.4,VILL & P.O-TANGLA,DIST UDALGURI,BTAD,ASSAM,PIN-784 521",
    "CONTACT": "9127063638",
    "CITY": "TANGLA",
    "DISTRICT": "UDALGURI",
    "STATE": "ASSAM",
    "RTGS": true
  },
  "NESF0000028": {
    "BANK": "NORTH EAST SMALL FINANCE BANK LIMITED",
    "IFSC": "NESF0000028",
    "BRANCH": "TELIAMURA",
    "ADDRESS": "LAXMI NARAYAN BHAWAN,OPP.NETAJI NAGAR HIGH SCHOOL,VILL NETAJINAGAR,A.A ROAD,PO.TELIAMURA,PS.TELIAMURA,DIST.KHOWAI,WEST TRIPURA-799205",
    "CONTACT": null,
    "CITY": "AGARTALA",
    "DISTRICT": "KHOWAI",
    "STATE": "TRIPURA"
  },
  "NESF0000029": {
    "BANK": "NORTH EAST SMALL FINANCE BANK LIMITED",
    "IFSC": "NESF0000029",
    "BRANCH": "JIRANIA",
    "ADDRESS": "JIRANIA BLOCK,CHOWMUHANI,P.O JIRANIA,BIRENDRA NAGAR,DIST WEST TRIPURA-799045",
    "CONTACT": null,
    "CITY": "AGARTALA",
    "DISTRICT": "WEST TRIPURA",
    "STATE": "TRIPURA"
  },
  "NESF0000031": {
    "BANK": "NORTH EAST SMALL FINANCE BANK LIMITED",
    "IFSC": "NESF0000031",
    "BRANCH": "DHEKIAL",
    "ADDRESS": "VILL DHEKIAL,DHEKIAL CHARIALI,BLOCK - KATHALGURI,SUB DIV - DERGAON,P.S - DERGAON,DIST-GOLAGHAT,PIN-785622",
    "CONTACT": null,
    "CITY": "DHEKIAL",
    "DISTRICT": "GOLAGHAT",
    "STATE": "ASSAM",
    "RTGS": true
  },
  "NESF0000036": {
    "BANK": "NORTH EAST SMALL FINANCE BANK LIMITED",
    "IFSC": "NESF0000036",
    "BRANCH": "TIHU",
    "ADDRESS": "WARD NO 3,TIHU,P.O.TIHU,P.S - TIHU,DIST-NALBARI,PIN-781371,ASSAM",
    "CONTACT": null,
    "CITY": "TIHU",
    "DISTRICT": "NALBARI",
    "STATE": "ASSAM",
    "RTGS": true
  },
  "NESF0000037": {
    "BANK": "NORTH EAST SMALL FINANCE BANK LIMITED",
    "IFSC": "NESF0000037",
    "BRANCH": "BARPETA ROAD",
    "ADDRESS": "WARD NO.NO-06,SIMLAGURI,P.O - SIMLAGURI,P.S - BARPETA ROAD,DIST-BARPETA,PIN-781313,ASSAM",
    "CONTACT": null,
    "CITY": "BARPETA ROAD",
    "DISTRICT": "BARPETA",
    "STATE": "ASSAM",
    "RTGS": true
  },
  "NESF0000042": {
    "BANK": "NORTH EAST SMALL FINANCE BANK LIMITED",
    "IFSC": "NESF0000042",
    "BRANCH": "SIVASAGAR",
    "ADDRESS": "B.G ROAD,STATION CHARIALI,IN FRONT OF HDFC BANK,P.O.SIVASAGAR,P.S - SIVASAGAR,DIST-SIVASAGAR,PIN-785640,ASSAM",
    "CONTACT": null,
    "CITY": "SIVASAGAR",
    "DISTRICT": "SIVASAGAR",
    "STATE": "ASSAM",
    "RTGS": true
  },
  "NESF0000043": {
    "BANK": "NORTH EAST SMALL FINANCE BANK LIMITED",
    "IFSC": "NESF0000043",
    "BRANCH": "PAMOHI",
    "ADDRESS": "MAINAKHORONG,PAMOHI,P.S GORCHUK,P.O PAMOHI",
    "CONTACT": null,
    "CITY": "GUWAHATI",
    "DISTRICT": "KAMRUP",
    "STATE": "ASSAM",
    "RTGS": true
  },
  "NESF0000055": {
    "BANK": "NORTH EAST SMALL FINANCE BANK LIMITED",
    "IFSC": "NESF0000055",
    "BRANCH": "MORIGAON",
    "ADDRESS": "WARD NO.3 ( OPPOSITE SBI MORIGAON BRANCH ) P.O/ P.S - MORIGAON,DISTRICT - MORIGAON,ASSAM,PIN-782105",
    "CONTACT": null,
    "CITY": "MORIGAON",
    "DISTRICT": "MORIGAON",
    "STATE": "ASSAM",
    "RTGS": true
  },
  "NESF0000063": {
    "BANK": "NORTH EAST SMALL FINANCE BANK LIMITED",
    "IFSC": "NESF0000063",
    "BRANCH": "CHABUA",
    "ADDRESS": "VILL.CHABUA TOWN,OPP.SBI CHABUA BRANCH,PO.CHABUA PS.CHABUA,DIST.DIBRUGARH-786184",
    "CONTACT": null,
    "CITY": "CHABUA",
    "DISTRICT": "DIBRUGARH",
    "STATE": "ASSAM",
    "RTGS": true
  },
  "NESF0000064": {
    "BANK": "NORTH EAST SMALL FINANCE BANK LIMITED",
    "IFSC": "NESF0000064",
    "BRANCH": "TENGAKHAT",
    "ADDRESS": "S/O,BHUBAN CH HAZARIKA,RESIDING AT VILL.TENGAKGAT,PO.TENGAKGAT PS.TENGAKGAT,DIST.DIBRUGARH",
    "CONTACT": null,
    "CITY": "TENGAKHAT",
    "DISTRICT": "DIBRUGARH",
    "STATE": "ASSAM",
    "RTGS": true
  },
  "NESF0000999": {
    "BANK": "NORTH EAST SMALL FINANCE BANK LIMITED",
    "IFSC": "NESF0000999",
    "BRANCH": "CPC",
    "ADDRESS": "1ST FLOOR FORTUNE CENTRAL BASISTHAPUR BYE NO 3 BELTOLA GUWAHTI",
    "CONTACT": "3617180104",
    "CITY": "GUWAHATI",
    "DISTRICT": "KAMRUP",
    "STATE": "ASSAM",
    "RTGS": true
  }
}