{
  "NKGS0000001": {
    "BANK": "NKGSB COOPERATIVE BANK LIMITED",
    "IFSC": "NKGS0000001",
    "BRANCH": "RTGS-HO",
    "ADDRESS": "361, LAXMI SADAN, V.P. ROAD, GIRGAUM, MUMBAI-400004",
    "CONTACT": "67545022",
    "CITY": "MUMBAI",
    "DISTRICT": "MUMBAI",
    "STATE": "MAHARASHTRA"
  },
  "NKGS0000002": {
    "BANK": "NKGSB COOPERATIVE BANK LIMITED",
    "IFSC": "NKGS0000002",
    "BRANCH": "GIRGAUM BRANCH",
    "ADDRESS": "361, LAXMI SADAN, V.P. ROAD, GIRGAUM, MUMBAI-400004",
    "CONTACT": "23829577",
    "CITY": "MUMBAI",
    "DISTRICT": "MUMBAI",
    "STATE": "MAHARASHTRA"
  },
  "NKGS0000003": {
    "BANK": "NKGSB COOPERATIVE BANK LIMITED",
    "IFSC": "NKGS0000003",
    "BRANCH": "DADAR",
    "ADDRESS": "SAMVED, S.K. BOLE ROAD, DADAR, MUMBAI-400028",
    "CONTACT": "24323211",
    "CITY": "MUMBAI",
    "DISTRICT": "MUMBAI",
    "STATE": "MAHARASHTRA"
  },
  "NKGS0000004": {
    "BANK": "NKGSB COOPERATIVE BANK LIMITED",
    "IFSC": "NKGS0000004",
    "BRANCH": "MAHIM",
    "ADDRESS": "JAGRUTI CHS LTD., L.J. ROAD, MAHIM, MUMBAI-400016,",
    "CONTACT": "24442463",
    "CITY": "MUMBAI",
    "DISTRICT": "MUMBAI",
    "STATE": "MAHARASHTRA"
  },
  "NKGS0000005": {
    "BANK": "NKGSB COOPERATIVE BANK LIMITED",
    "IFSC": "NKGS0000005",
    "BRANCH": "BANDRA(E)",
    "ADDRESS": "ZAPURZA, SAHITYA SAHAWAS, KALANAGAR, BANDRA (E), MUMBAI-400051, STATE-MAHARASHTRA",
    "CONTACT": "26592796",
    "CITY": "MUMBAI",
    "DISTRICT": "MUMBAI",
    "STATE": "MAHARASHTRA"
  },
  "NKGS0000006": {
    "BANK": "NKGSB COOPERATIVE BANK LIMITED",
    "IFSC": "NKGS0000006",
    "BRANCH": "JOGHESHWARI",
    "ADDRESS": "SHREE NIKETAN, HINDU FRIENDS SOCIETY ROAD, MUMBAI-400060, STATE-MAHARASHTRA.",
    "CONTACT": "28203858",
    "CITY": "MUMBAI",
    "DISTRICT": "MUMBAI",
    "STATE": "MAHARASHTRA"
  },
  "NKGS0000007": {
    "BANK": "NKGSB COOPERATIVE BANK LIMITED",
    "IFSC": "NKGS0000007",
    "BRANCH": "DAHISAR(W)",
    "ADDRESS": "JAI SHREE RANCHODDHAM, L.T.ROAD, DAHISAR (W), MUMBAI-400068, STATE- MAHARASHTRA",
    "CONTACT": "28903753",
    "CITY": "MUMBAI",
    "DISTRICT": "MUMBAI",
    "STATE": "MAHARASHTRA"
  },
  "NKGS0000008": {
    "BANK": "NKGSB COOPERATIVE BANK LIMITED",
    "IFSC": "NKGS0000008",
    "BRANCH": "DEONAR",
    "ADDRESS": "MEGHDOOT, DEONAR VILLAGE ROAD, MUMBAI-400088",
    "CONTACT": "25587073",
    "CITY": "MUMBAI",
    "DISTRICT": "MUMBAI",
    "STATE": "MAHARASHTRA"
  },
  "NKGS0000009": {
    "BANK": "NKGSB COOPERATIVE BANK LIMITED",
    "IFSC": "NKGS0000009",
    "BRANCH": "MULUND(E)",
    "ADDRESS": "SATNAM APARTMENTS, L.T. ROAD, MULUND (E), MUMBAI-400081, STATE- MAHARASHTRA",
    "CONTACT": "21633718",
    "CITY": "MUMBAI",
    "DISTRICT": "MUMBAI",
    "STATE": "MAHARASHTRA"
  },
  "NKGS0000010": {
    "BANK": "NKGSB COOPERATIVE BANK LIMITED",
    "IFSC": "NKGS0000010",
    "BRANCH": "C.B.D.",
    "ADDRESS": "PRABHAT CENTRE, 1ST FLOOR, C.B.D., NAVI MUMBAI-400611",
    "CONTACT": "27576443",
    "CITY": "MUMBAI",
    "DISTRICT": "THANE",
    "STATE": "MAHARASHTRA"
  },
  "NKGS0000011": {
    "BANK": "NKGSB COOPERATIVE BANK LIMITED",
    "IFSC": "NKGS0000011",
    "BRANCH": "DINDOSHI",
    "ADDRESS": "BEST OFFICERS QUARTERS, GROUND FLOOR, GEN. A.K. VAIDYA,MARG, DINDOSHI, MALAD (E), MUMBAI-400097,",
    "CONTACT": "67740453",
    "CITY": "MUMBAI",
    "DISTRICT": "MUMBAI",
    "STATE": "MAHARASHTRA"
  },
  "NKGS0000012": {
    "BANK": "NKGSB COOPERATIVE BANK LIMITED",
    "IFSC": "NKGS0000012",
    "BRANCH": "NALLASOPARA(W)",
    "ADDRESS": "PATANKAR PARK, 'E' WING, NALLASOPARA (W), DIST-THANE-401203",
    "CONTACT": "2405591",
    "CITY": "MUMBAI",
    "DISTRICT": "THANE",
    "STATE": "MAHARASHTRA"
  },
  "NKGS0000013": {
    "BANK": "NKGSB COOPERATIVE BANK LIMITED",
    "IFSC": "NKGS0000013",
    "BRANCH": "DOMBIVALI(E)",
    "ADDRESS": "TILAKRAJ TERRACE, AGARKAR ROAD, DOMBIVALI (E), PIN-421201,",
    "CONTACT": "2474208",
    "CITY": "MUMBAI",
    "DISTRICT": "THANE",
    "STATE": "MAHARASHTRA"
  },
  "NKGS0000014": {
    "BANK": "NKGSB COOPERATIVE BANK LIMITED",
    "IFSC": "NKGS0000014",
    "BRANCH": "BHAYANDER(E)",
    "ADDRESS": "NEW MATRU ASHISH, NAVGHAR ROAD, BHAYANDER (E), DIST-THANE-401105, STATE-MAHARASHTRA",
    "CONTACT": "28049713",
    "CITY": "MUMBAI",
    "DISTRICT": "THANE",
    "STATE": "MAHARASHTRA"
  },
  "NKGS0000015": {
    "BANK": "NKGSB COOPERATIVE BANK LIMITED",
    "IFSC": "NKGS0000015",
    "BRANCH": "CHARKOP(W)",
    "ADDRESS": "SHIV PRABHA, SHREE STHANESHWAR KRUPA CHS, SECTOR NO.1, CHARKOP, KANDIVALI (W), MUMBAI-400067, STATE-MAHARASHTRA.",
    "CONTACT": "28680996",
    "CITY": "MUMBAI",
    "DISTRICT": "MUMBAI",
    "STATE": "MAHARASHTRA"
  },
  "NKGS0000016": {
    "BANK": "NKGSB COOPERATIVE BANK LIMITED",
    "IFSC": "NKGS0000016",
    "BRANCH": "KARWAR",
    "ADDRESS": "SANJIVANI NURSING HOME BLDG., CIVIL COURT ROAD, KARWAR-581301",
    "CONTACT": "226286",
    "CITY": "MUMBAI",
    "DISTRICT": "KARWAR",
    "STATE": "UTTARAKHAND"
  },
  "NKGS0000017": {
    "BANK": "NKGSB COOPERATIVE BANK LIMITED",
    "IFSC": "NKGS0000017",
    "BRANCH": "PONDA",
    "ADDRESS": "ROYAL HOUSE, KAZIWADA, BELGAUM ROAD, PONDA, GOA-403401,",
    "CONTACT": "2317589",
    "CITY": "PONDA",
    "DISTRICT": "PONDA",
    "STATE": "GOA"
  },
  "NKGS0000018": {
    "BANK": "NKGSB COOPERATIVE BANK LIMITED",
    "IFSC": "NKGS0000018",
    "BRANCH": "MAROL",
    "ADDRESS": "MAROL BUS STATION BLDG., MAROL MAROSHI ROAD, MAROL, ANDHERI (E),",
    "CONTACT": "29201466",
    "CITY": "MUMBAI",
    "DISTRICT": "MUMBAI",
    "STATE": "MAHARASHTRA"
  },
  "NKGS0000019": {
    "BANK": "NKGSB COOPERATIVE BANK LIMITED",
    "IFSC": "NKGS0000019",
    "BRANCH": "VILEPARLE(E)",
    "ADDRESS": "MULJI RAGHAVJI CHS, ADARSH BUILDING, NEHRU ROAD, VILEPARLE (E),MUMBAI-400 057",
    "CONTACT": "26173786",
    "CITY": "MUMBAI",
    "DISTRICT": "MUMBAI",
    "STATE": "MAHARASHTRA"
  },
  "NKGS0000020": {
    "BANK": "NKGSB COOPERATIVE BANK LIMITED",
    "IFSC": "NKGS0000020",
    "BRANCH": "THANE",
    "ADDRESS": "RAUNAK TOWERS, BAJI PRABHU DESHPANDE MARG, NAUPADA,THANE(W)-400 602",
    "CONTACT": "25370940",
    "CITY": "MUMBAI",
    "DISTRICT": "THANE",
    "STATE": "MAHARASHTRA"
  },
  "NKGS0000021": {
    "BANK": "NKGSB COOPERATIVE BANK LIMITED",
    "IFSC": "NKGS0000021",
    "BRANCH": "HUBLI",
    "ADDRESS": "T.B. REVANKAR COMPLEX, GROUND FLOOR, T.B. ROAD,",
    "CONTACT": "2353682",
    "CITY": "HUBLI",
    "DISTRICT": "HUBLI",
    "STATE": "KARNATAKA"
  },
  "NKGS0000022": {
    "BANK": "NKGSB COOPERATIVE BANK LIMITED",
    "IFSC": "NKGS0000022",
    "BRANCH": "GHATKOPAR(W)",
    "ADDRESS": "SHIV PLAZA, OPP. TELEPHONE EXCHANGE, L.B.S. MARG,  GHATKOPAR (W), MUMBAI-400086, STATE-MAHARASHTRA.",
    "CONTACT": "25138844",
    "CITY": "MUMBAI",
    "DISTRICT": "MUMBAI",
    "STATE": "MAHARASHTRA"
  },
  "NKGS0000023": {
    "BANK": "NKGSB COOPERATIVE BANK LIMITED",
    "IFSC": "NKGS0000023",
    "BRANCH": "BORIVALI(W)",
    "ADDRESS": "16/17, RAMESHWAR TOWER, NEXT TO GOKHALE HIGH SCHOOL,  SHIMPOLI ROAD, BORIVALI (W), MUMBAI-400092, STATE-MAHARASHTRA.",
    "CONTACT": "28992408",
    "CITY": "MUMBAI",
    "DISTRICT": "MUMBAI",
    "STATE": "MAHARASHTRA"
  },
  "NKGS0000024": {
    "BANK": "NKGSB COOPERATIVE BANK LIMITED",
    "IFSC": "NKGS0000024",
    "BRANCH": "MULUND(W)",
    "ADDRESS": "GROUND FLOOR, ALPS HEIGHTS, OPP.396 BUS STOP, OFF.DR.R.P.ROAD, MULUND (W), MUMBAI-400080, STATE-MAHARASHTRA.",
    "CONTACT": "25905283",
    "CITY": "MUMBAI",
    "DISTRICT": "MUMBAI",
    "STATE": "MAHARASHTRA"
  },
  "NKGS0000025": {
    "BANK": "NKGSB COOPERATIVE BANK LIMITED",
    "IFSC": "NKGS0000025",
    "BRANCH": "KANDIVALI(E)",
    "ADDRESS": "NATIONAL AVENUE, GROUND FLOOR, OPP.SAIBABA HOSPITAL, AKURLI ROAD,MUMBAI-400 101",
    "CONTACT": "28846715",
    "CITY": "MUMBAI",
    "DISTRICT": "MUMBAI",
    "STATE": "MAHARASHTRA"
  },
  "NKGS0000026": {
    "BANK": "NKGSB COOPERATIVE BANK LIMITED",
    "IFSC": "NKGS0000026",
    "BRANCH": "MAIN BRANCH",
    "ADDRESS": "GROUND FLOOR,1955-B WARD, MANGALWAR PETH, KALAMBA ROAD, KOLHAPUR ┬û 416012",
    "CONTACT": "2646145",
    "CITY": "KOLHAPUR",
    "DISTRICT": "KOLHAPUR",
    "STATE": "MAHARASHTRA"
  },
  "NKGS0000027": {
    "BANK": "NKGSB COOPERATIVE BANK LIMITED",
    "IFSC": "NKGS0000027",
    "BRANCH": "UMA TALKIES",
    "ADDRESS": "805, B WARD,SUBHASH ROAD, UMA TALKIES,KOLHAPUR- 416012",
    "CONTACT": "2640026",
    "CITY": "KOLHAPUR",
    "DISTRICT": "KOLHAPUR",
    "STATE": "MAHARASHTRA"
  },
  "NKGS0000028": {
    "BANK": "NKGSB COOPERATIVE BANK LIMITED",
    "IFSC": "NKGS0000028",
    "BRANCH": "KOTHRUD",
    "ADDRESS": "13/14, LUNAWAT COMPLEX, OPP. KOTHRUD BUSSTAND, KOTHRUD, PUNE 411038",
    "CONTACT": "64018338",
    "CITY": "PUNE",
    "DISTRICT": "PUNE",
    "STATE": "PUNJAB"
  },
  "NKGS0000029": {
    "BANK": "NKGSB COOPERATIVE BANK LIMITED",
    "IFSC": "NKGS0000029",
    "BRANCH": "PAREL",
    "ADDRESS": "CENTRE POINT,UNIT NO 10, DR.BABASAHEB AMBEDKAR ROAD,OPP.BHARATMATA TALKIES, PAREL, MUMBAI 400 012.",
    "CONTACT": "24155137",
    "CITY": "MUMBAI",
    "DISTRICT": "MUMBAI",
    "STATE": "MAHARASHTRA"
  },
  "NKGS0000030": {
    "BANK": "NKGSB COOPERATIVE BANK LIMITED",
    "IFSC": "NKGS0000030",
    "BRANCH": "AUNDH",
    "ADDRESS": "Ground shop 5,5A,10 and 11, Upper Gr.Floor, B wing,Astral Court,Gaikwadnagar,Aundh Pune 411007",
    "CONTACT": "65002771",
    "CITY": "PUNE",
    "DISTRICT": "PUNE",
    "STATE": "MAHARASHTRA"
  },
  "NKGS0000031": {
    "BANK": "NKGSB COOPERATIVE BANK LIMITED",
    "IFSC": "NKGS0000031",
    "BRANCH": "PANVEL",
    "ADDRESS": "SHOP NO. 1 & 2, SHAH ARCADE, MCCH  SOCIETY, F P NO 205/4, PANVEL 410 206",
    "CONTACT": "27480992",
    "CITY": "PANVEL",
    "DISTRICT": "PANVEL",
    "STATE": "MAHARASHTRA"
  },
  "NKGS0000032": {
    "BANK": "NKGSB COOPERATIVE BANK LIMITED",
    "IFSC": "NKGS0000032",
    "BRANCH": "GORAI",
    "ADDRESS": "GORAI BUS DEPOT BLDG,GROUND FLOOR, GORAI , BORIVALI (W) , MUMBAI 400 091",
    "CONTACT": "28699746",
    "CITY": "MUMBAI",
    "DISTRICT": "MUMBAI",
    "STATE": "MAHARASHTRA"
  },
  "NKGS0000033": {
    "BANK": "NKGSB COOPERATIVE BANK LIMITED",
    "IFSC": "NKGS0000033",
    "BRANCH": "DOMBIVALI (WEST)",
    "ADDRESS": "SHIVAM TOWER,GROUND FLOOR, PANDIT DINDAYAL ROAD,VISHNUNAGAR, DOMBIVALI (WEST)- 421202.",
    "CONTACT": "2485773",
    "CITY": "MUMBAI",
    "DISTRICT": "DOMBIVALI",
    "STATE": "MAHARASHTRA"
  },
  "NKGS0000034": {
    "BANK": "NKGSB COOPERATIVE BANK LIMITED",
    "IFSC": "NKGS0000034",
    "BRANCH": "VAKOLA",
    "ADDRESS": "SHOP NO 1 A, HARMONY , J N ROAD, VAKOLA , MUMBAI - 400 055",
    "CONTACT": "26682242",
    "CITY": "MUMBAI",
    "DISTRICT": "MUMBAI",
    "STATE": "MAHARASHTRA"
  },
  "NKGS0000035": {
    "BANK": "NKGSB COOPERATIVE BANK LIMITED",
    "IFSC": "NKGS0000035",
    "BRANCH": "WADALA",
    "ADDRESS": "GALA NO A9, ROYAL INDUSTRIAL ESTATE, NAIGAON CROSS ROAD, WADALA, MUMBAI 400 031.",
    "CONTACT": "24155510",
    "CITY": "MUMBAI",
    "DISTRICT": "MUMBAI",
    "STATE": "MAHARASHTRA"
  },
  "NKGS0000036": {
    "BANK": "NKGSB COOPERATIVE BANK LIMITED",
    "IFSC": "NKGS0000036",
    "BRANCH": "BORIVALI (EAST)",
    "ADDRESS": "SHOP NO.1, THAWAR APARTMENT, KASTURBA ROAD, BORIVALI (E), MUMBAI 400 066.",
    "CONTACT": "28629103",
    "CITY": "MUMBAI",
    "DISTRICT": "MUMBAI",
    "STATE": "MAHARASHTRA"
  },
  "NKGS0000037": {
    "BANK": "NKGSB COOPERATIVE BANK LIMITED",
    "IFSC": "NKGS0000037",
    "BRANCH": "VASHI",
    "ADDRESS": "S-S210/212, GROUND FLOOR, OPP.MEGHDOOT CINEMA,SECTOR 2, VASHI, NAVI MUMBAI 400 702",
    "CONTACT": "27824464",
    "CITY": "MUMBAI",
    "DISTRICT": "MUMBAI",
    "STATE": "MAHARASHTRA"
  },
  "NKGS0000038": {
    "BANK": "NKGSB COOPERATIVE BANK LIMITED",
    "IFSC": "NKGS0000038",
    "BRANCH": "BELGAUM",
    "ADDRESS": "ISHAN OPUS,CONGRESS ROAD, TILAKWADI, BELGAUM -590 006",
    "CONTACT": "2401311",
    "CITY": "BELGAUM",
    "DISTRICT": "BELGAUM",
    "STATE": "KARNATAKA"
  },
  "NKGS0000039": {
    "BANK": "NKGSB COOPERATIVE BANK LIMITED",
    "IFSC": "NKGS0000039",
    "BRANCH": "PANAJI",
    "ADDRESS": "HOTEL MANOSHANTI,BEHIND E.D.C HOUSE,DR.DADA VAIDYA ROAD,PANAJI, GOA- 403001",
    "CONTACT": "2230852",
    "CITY": "PANAJI",
    "DISTRICT": "PANAJI",
    "STATE": "GOA"
  },
  "NKGS0000040": {
    "BANK": "NKGSB COOPERATIVE BANK LIMITED",
    "IFSC": "NKGS0000040",
    "BRANCH": "VASAI",
    "ADDRESS": "SHOP 2 & 3,SHREE NIKETAN, OPP VASAI ROAD RAILWAY STATION, VASAI (W)-THANE 401202",
    "CONTACT": "2330161",
    "CITY": "VASAI",
    "DISTRICT": "MUMBAI",
    "STATE": "MAHARASHTRA"
  },
  "NKGS0000041": {
    "BANK": "NKGSB COOPERATIVE BANK LIMITED",
    "IFSC": "NKGS0000041",
    "BRANCH": "NASHIK",
    "ADDRESS": "BEMUTHA'S NAVKAR HEIGHTS,SHARANPUR ROAD,NASHIK- 422 002",
    "CONTACT": "2232283",
    "CITY": "NASHIK",
    "DISTRICT": "NASHIK",
    "STATE": "MAHARASHTRA"
  },
  "NKGS0000042": {
    "BANK": "NKGSB COOPERATIVE BANK LIMITED",
    "IFSC": "NKGS0000042",
    "BRANCH": "SIRSI",
    "ADDRESS": "KAMAT AVENUE, GROUND FLOOR, C.P.BAZAR,SIRSI, DIST : NORTH KANARA, KARNATAKA - 581 401.",
    "CONTACT": "225677",
    "CITY": "SIRSI",
    "DISTRICT": "SIRSI",
    "STATE": "UTTARAKHAND"
  },
  "NKGS0000043": {
    "BANK": "NKGSB COOPERATIVE BANK LIMITED",
    "IFSC": "NKGS0000043",
    "BRANCH": "VARTAK NAGAR",
    "ADDRESS": "SHOP NO S-2/23,24,25 AND 46,VEDANT COMMERCIAL COMPLEX,VARTAK NAGAR,KORES ROAD, THANE WEST-400 606.",
    "CONTACT": "25853349",
    "CITY": "THANE",
    "DISTRICT": "THANE",
    "STATE": "MAHARASHTRA"
  },
  "NKGS0000044": {
    "BANK": "NKGSB COOPERATIVE BANK LIMITED",
    "IFSC": "NKGS0000044",
    "BRANCH": "KALYAN",
    "ADDRESS": "VIKAS HEIGHTS, GR FLOOR, SANTOSHI MATA ROAD, KALYAN (W),DIST. THANE ┬û 421 301.",
    "CONTACT": "2301164",
    "CITY": "KALYAN",
    "DISTRICT": "KALYAN",
    "STATE": "MAHARASHTRA"
  },
  "NKGS0000045": {
    "BANK": "NKGSB COOPERATIVE BANK LIMITED",
    "IFSC": "NKGS0000045",
    "BRANCH": "GOREGAON",
    "ADDRESS": "GAJANAN BLDG NO 9, GROUND FLOOR , ROOM NO 1& 2, GAJANAN COLONY,JAWAHAR NAGAR, GOREGAON WEST, MUMBAI 400 062",
    "CONTACT": "28742501",
    "CITY": "MUMBAI",
    "DISTRICT": "MUMBAI",
    "STATE": "MAHARASHTRA"
  },
  "NKGS0000046": {
    "BANK": "NKGSB COOPERATIVE BANK LIMITED",
    "IFSC": "NKGS0000046",
    "BRANCH": "NERUL",
    "ADDRESS": "Krishnakamal CHS Ltd, Opp.Police station,Sector 21, Nerul East,Navi Mumbai 400706",
    "CONTACT": "27717370",
    "CITY": "MUMBAI",
    "DISTRICT": "NEW BOMBAY",
    "STATE": "MAHARASHTRA"
  },
  "NKGS0000047": {
    "BANK": "NKGSB COOPERATIVE BANK LIMITED",
    "IFSC": "NKGS0000047",
    "BRANCH": "KHARGHAR",
    "ADDRESS": "KULLASWAMINI, SECTOR 13, KHARGHAR, NAVI MUMBAI 410210",
    "CONTACT": "27746686",
    "CITY": "MUMBAI",
    "DISTRICT": "NEW BOMBAY",
    "STATE": "MAHARASHTRA"
  },
  "NKGS0000048": {
    "BANK": "NKGSB COOPERATIVE BANK LIMITED",
    "IFSC": "NKGS0000048",
    "BRANCH": "KAMOTHE",
    "ADDRESS": "UMA SHIV CORNER, SECTOR 19, KAMATHE, NAVI MUMBAI",
    "CONTACT": "27431111",
    "CITY": "MUMBAI",
    "DISTRICT": "KAMOTHE",
    "STATE": "MAHARASHTRA"
  },
  "NKGS0000049": {
    "BANK": "NKGSB COOPERATIVE BANK LIMITED",
    "IFSC": "NKGS0000049",
    "BRANCH": "CHIKHLI",
    "ADDRESS": "PARK VIEW,PLOT NO.27, SHOP NO.1,2,3,4 CHIKLI SPINE ROAD,PCNTDA,CHINCHWAD, PUNE 411019",
    "CONTACT": "60606095",
    "CITY": "PUNE",
    "DISTRICT": "CHINCHWAD",
    "STATE": "PUNJAB"
  },
  "NKGS0000050": {
    "BANK": "NKGSB COOPERATIVE BANK LIMITED",
    "IFSC": "NKGS0000050",
    "BRANCH": "BHOSARI",
    "ADDRESS": "SHOP NO. 2,3 OM SAI PLAZA,INDRAYANI CHOWK,BHOSARI, PUNE-411 026",
    "CONTACT": "27126222",
    "CITY": "PUNE",
    "DISTRICT": "PUNE",
    "STATE": "PUNJAB"
  },
  "NKGS0000051": {
    "BANK": "NKGSB COOPERATIVE BANK LIMITED",
    "IFSC": "NKGS0000051",
    "BRANCH": "CHAKAN",
    "ADDRESS": "SHARDA CHAMBER,PATEL BUILDING,CHAKAN TALEGAON ROAD,CHAKAN, PUNE 410501",
    "CONTACT": "60606097",
    "CITY": "PUNE",
    "DISTRICT": "CHAKAN",
    "STATE": "PUNJAB"
  },
  "NKGS0000052": {
    "BANK": "NKGSB COOPERATIVE BANK LIMITED",
    "IFSC": "NKGS0000052",
    "BRANCH": "MAGARPATTA",
    "ADDRESS": "SHANTI NIKETAN,MAGARPATTA CITY ROAD,MAGARPATTA, HADAPSAR, PUNE-411 028",
    "CONTACT": "26896060",
    "CITY": "PUNE",
    "DISTRICT": "HADAPSAR",
    "STATE": "PUNJAB"
  },
  "NKGS0000053": {
    "BANK": "NKGSB COOPERATIVE BANK LIMITED",
    "IFSC": "NKGS0000053",
    "BRANCH": "ICHALKARANJI",
    "ADDRESS": "SHRIRAM TOWER, WARD NO.12, HOUSE NO.25,MAIN ROAD, ICHALKARANJI- 416115  DIST. KOLHAPUR.",
    "CONTACT": "2420620",
    "CITY": "ICHALKARANJI",
    "DISTRICT": "ICHALKARANJI",
    "STATE": "MAHARASHTRA"
  },
  "NKGS0000054": {
    "BANK": "NKGSB COOPERATIVE BANK LIMITED",
    "IFSC": "NKGS0000054",
    "BRANCH": "KUDAL",
    "ADDRESS": "CITY CENTER,KUDAL VENGURLA ROAD, KUDAL 416520",
    "CONTACT": "221139",
    "CITY": "KUDAL",
    "DISTRICT": "KUDAL",
    "STATE": "MAHARASHTRA"
  },
  "NKGS0000055": {
    "BANK": "NKGSB COOPERATIVE BANK LIMITED",
    "IFSC": "NKGS0000055",
    "BRANCH": "VIRAR",
    "ADDRESS": "SWASTIK PARADISE,OPP.VIVA COLLEGE, VIRAR WEST-410 303",
    "CONTACT": "6590002",
    "CITY": "VIRAR",
    "DISTRICT": "MUMBAI",
    "STATE": "MAHARASHTRA"
  },
  "NKGS0000056": {
    "BANK": "NKGSB COOPERATIVE BANK LIMITED",
    "IFSC": "NKGS0000056",
    "BRANCH": "AMBAD NASHIK",
    "ADDRESS": "SHOP 2, RAJASHRI EMPIRE, KAMATWADA, CIDCO AMBAD LINK ROAD, NASHIK 422008",
    "CONTACT": "2374227",
    "CITY": "NASHIK",
    "DISTRICT": "NASHIK",
    "STATE": "MAHARASHTRA"
  },
  "NKGS0000057": {
    "BANK": "NKGSB COOPERATIVE BANK LIMITED",
    "IFSC": "NKGS0000057",
    "BRANCH": "MADGAON",
    "ADDRESS": "REGENCY PLAZA, BEHIND POLICE STATION,COMBA, MADGAON - 403601",
    "CONTACT": "2710123",
    "CITY": "MADGAON",
    "DISTRICT": "MARGAO",
    "STATE": "GOA"
  },
  "NKGS0000058": {
    "BANK": "NKGSB COOPERATIVE BANK LIMITED",
    "IFSC": "NKGS0000058",
    "BRANCH": "MAPUSA",
    "ADDRESS": "LOUIS-OLIVA APTS, ALTINO, MAPUSA - 403507",
    "CONTACT": "2253088",
    "CITY": "MAPUSA",
    "DISTRICT": "MAPUSA",
    "STATE": "GOA"
  },
  "NKGS0000059": {
    "BANK": "NKGSB COOPERATIVE BANK LIMITED",
    "IFSC": "NKGS0000059",
    "BRANCH": "RATNAGIRI",
    "ADDRESS": "RUNANUBANDHA, NAGAR PARISHAD ROAD,VILLAGE NACHANE, RATNAGIRI-403001",
    "CONTACT": "26733",
    "CITY": "RATNAGIRI",
    "DISTRICT": "RATNAGIRI",
    "STATE": "MAHARASHTRA"
  },
  "NKGS0000060": {
    "BANK": "NKGSB COOPERATIVE BANK LIMITED",
    "IFSC": "NKGS0000060",
    "BRANCH": "SURAT",
    "ADDRESS": "G- 9, TRIVIDH CHAMBERS, OPP. FIRE STATION, RING ROAD, SURAT - 395002",
    "CONTACT": "2354464",
    "CITY": "SURAT",
    "DISTRICT": "SURAT",
    "STATE": "GUJARAT"
  },
  "NKGS0000061": {
    "BANK": "NKGSB COOPERATIVE BANK LIMITED",
    "IFSC": "NKGS0000061",
    "BRANCH": "VADODARA",
    "ADDRESS": "SILVER ARCADE, AKOTA, MUJMAHUDA ROAD, VADODARA - 390007",
    "CONTACT": "2354618",
    "CITY": "VADODARA",
    "DISTRICT": "VADODARA",
    "STATE": "GUJARAT"
  },
  "NKGS0000062": {
    "BANK": "NKGSB COOPERATIVE BANK LIMITED",
    "IFSC": "NKGS0000062",
    "BRANCH": "MIRA BHAYANDAR",
    "ADDRESS": "NEW CHANDAN AVENUE, MIRA BHAYANDER MAIN ROAD, MIRA ROAD (E), DISTRICT THANE - 401107",
    "CONTACT": "28123332",
    "CITY": "MIRA ROAD",
    "DISTRICT": "MIRA-BHAYANDAR",
    "STATE": "MAHARASHTRA"
  },
  "NKGS0000063": {
    "BANK": "NKGSB COOPERATIVE BANK LIMITED",
    "IFSC": "NKGS0000063",
    "BRANCH": "BHAYANDAR WEST",
    "ADDRESS": "MAXUS MALL, TEMBA ROAD, BHAYANDER (W), DISTRICT THANE - 401101",
    "CONTACT": "28141277",
    "CITY": "BHAYANDAR WEST",
    "DISTRICT": "MIRA-BHAYANDAR",
    "STATE": "MAHARASHTRA"
  },
  "NKGS0000064": {
    "BANK": "NKGSB COOPERATIVE BANK LIMITED",
    "IFSC": "NKGS0000064",
    "BRANCH": "ANDHERI",
    "ADDRESS": "GROUND PLUS 1ST FLOOR, EVEREST GRANDE , PLOT NO. 3A, CTS NO. 46/34 SITUATE AT VILLAGE MULGAON, MAHAKALI CAVES ROAD, ANDHERI (EAST), MUMBAI ┬û 400 093",
    "CONTACT": "26879211",
    "CITY": "MUMBAI",
    "DISTRICT": "GREATER BOMBAY",
    "STATE": "MAHARASHTRA"
  },
  "NKGS0000065": {
    "BANK": "NKGSB COOPERATIVE BANK LIMITED",
    "IFSC": "NKGS0000065",
    "BRANCH": "KURLA",
    "ADDRESS": "TRELLIS, 1ST FLOOR OPP.ASHA PETROL PUMP,LBS ROAD, KURLA (WEST) ,MUMBAI",
    "CONTACT": "26528710",
    "CITY": "MUMBAI",
    "DISTRICT": "GREATER BOMBAY",
    "STATE": "MAHARASHTRA"
  },
  "NKGS0000066": {
    "BANK": "NKGSB COOPERATIVE BANK LIMITED",
    "IFSC": "NKGS0000066",
    "BRANCH": "SALOKHE NAGAR",
    "ADDRESS": "R S NO. 762, A WARD OPP. I T I , KALAMBA ROAD , KOLHAPUR -  416007",
    "CONTACT": "2322322",
    "CITY": "KOLHAPUR",
    "DISTRICT": "KOLHAPUR",
    "STATE": "MAHARASHTRA"
  },
  "NKGS0000067": {
    "BANK": "NKGSB COOPERATIVE BANK LIMITED",
    "IFSC": "NKGS0000067",
    "BRANCH": "GOKUL SHIRGAON",
    "ADDRESS": "GOKUL HALL, P-35 MIDC GOKUL SHIRGAON KOLHAPUR ┬û 416 234.",
    "CONTACT": "2671171",
    "CITY": "KOLHAPUR",
    "DISTRICT": "KOLHAPUR",
    "STATE": "MAHARASHTRA"
  },
  "NKGS0000068": {
    "BANK": "NKGSB COOPERATIVE BANK LIMITED",
    "IFSC": "NKGS0000068",
    "BRANCH": "AIROLI",
    "ADDRESS": "SHOP NO 10, BHUMI COLOSSA, PLOT NO 4, SECTOR- 19, AIROLI, NAVI MUMBAI- 400 708",
    "CONTACT": "27791540",
    "CITY": "MUMBAI",
    "DISTRICT": "GREATER BOMBAY",
    "STATE": "MAHARASHTRA"
  },
  "NKGS0000069": {
    "BANK": "NKGSB COOPERATIVE BANK LIMITED",
    "IFSC": "NKGS0000069",
    "BRANCH": "AURANGABARD",
    "ADDRESS": "GROUND FLOOR, KRISHIDHAN APARTMENT,PLOT NO 120, SAMARTH NAGAR, NR VARAD GANESH MANDIR, AURANGABAD-431 001",
    "CONTACT": "2338809",
    "CITY": "AURANGABARD",
    "DISTRICT": "AURANGABARD",
    "STATE": "MAHARASHTRA"
  },
  "NKGS0000070": {
    "BANK": "NKGSB COOPERATIVE BANK LIMITED",
    "IFSC": "NKGS0000070",
    "BRANCH": "SINHAGAD ROAD",
    "ADDRESS": "SUNDAR SAMRUDHI BLDG, NEAR KAILAS JIVAN FACTORY,DHAYARI SINHAGAD ROAD,PUNE-411041",
    "CONTACT": "65608060",
    "CITY": "PUNE",
    "DISTRICT": "PUNE",
    "STATE": "MAHARASHTRA"
  },
  "NKGS0000071": {
    "BANK": "NKGSB COOPERATIVE BANK LIMITED",
    "IFSC": "NKGS0000071",
    "BRANCH": "WAKAD",
    "ADDRESS": "129/2/6-8, SAI HERITAGE,BHUMKAR CHOWK , NEAR CHANDRAMAULI GARDEN, WAKAD, PUNE - 411057",
    "CONTACT": "65321951",
    "CITY": "PUNE",
    "DISTRICT": "PUNE",
    "STATE": "MAHARASHTRA"
  },
  "NKGS0000072": {
    "BANK": "NKGSB COOPERATIVE BANK LIMITED",
    "IFSC": "NKGS0000072",
    "BRANCH": "BADLAPUR",
    "ADDRESS": "WANKHEDE TOWERS VILLAGE KATRAP BADLAPUR EAST THANE421 503",
    "CONTACT": null,
    "CITY": "BADLAPUR",
    "DISTRICT": "BADLAPUR",
    "STATE": "MAHARASHTRA"
  },
  "NKGS0000073": {
    "BANK": "NKGSB COOPERATIVE BANK LIMITED",
    "IFSC": "NKGS0000073",
    "BRANCH": "KUMTA",
    "ADDRESS": "GROUND FLOOR,SHREE HANUMAN SUBHAS ROAD,NEAR GIBB HIGH SCHOOL,KUMTA- 581343",
    "CONTACT": "220177",
    "CITY": "KUMTA",
    "DISTRICT": "UTTAR KANNAD",
    "STATE": "KARNATAKA"
  },
  "NKGS0000074": {
    "BANK": "NKGSB COOPERATIVE BANK LIMITED",
    "IFSC": "NKGS0000074",
    "BRANCH": "CHEMBUR",
    "ADDRESS": "SHOP NO 3 TO 7 BUILDING NO 68 ROAD NO 13PALACE SHIV SAGAR,TILAK NAGAR SHRADDHA CHS LTD. 'B' WING,TILAK NAGAR , CHEMBUR 400 089",
    "CONTACT": "25294491",
    "CITY": "MUMBAI",
    "DISTRICT": "MUMBAI",
    "STATE": "MAHARASHTRA"
  },
  "NKGS0000075": {
    "BANK": "NKGSB COOPERATIVE BANK LIMITED",
    "IFSC": "NKGS0000075",
    "BRANCH": "MALAD",
    "ADDRESS": "GR. FLOOR, SHREE SAHYADRI CO-OP. HSG. SOC, LTD,. S. V. ROAD, CHINCHAVALI, MALAD (WEST), MUMBAI 400 064.",
    "CONTACT": "28742505",
    "CITY": "MUMBAI",
    "DISTRICT": "GREATER BOMBAY",
    "STATE": "MAHARASHTRA"
  },
  "NKGS0000076": {
    "BANK": "NKGSB COOPERATIVE BANK LIMITED",
    "IFSC": "NKGS0000076",
    "BRANCH": "AHEMDABAD",
    "ADDRESS": "SHOP NO 1,2,3, PARTH MILAN BUILDING, OFF CG ROAD, NAVRANGPURA, ELLISEBRIDGE,AHMEDABAD ┬û 380006",
    "CONTACT": "26565008",
    "CITY": "AHEMDABAD",
    "DISTRICT": "AHMADABAD",
    "STATE": "GUJARAT"
  },
  "NKGS0000077": {
    "BANK": "NKGSB COOPERATIVE BANK LIMITED",
    "IFSC": "NKGS0000077",
    "BRANCH": "THANE CASTLE MILL ROAD",
    "ADDRESS": "SHOP NO.15 ,16 GROUND FLOOR, VIKAS COMPLEX,CASTLE MILL ROAD, THANE 400 601.",
    "CONTACT": "25474662",
    "CITY": "THANE",
    "DISTRICT": "THANE",
    "STATE": "MAHARASHTRA"
  },
  "NKGS0000078": {
    "BANK": "NKGSB COOPERATIVE BANK LIMITED",
    "IFSC": "NKGS0000078",
    "BRANCH": "DHARWAD",
    "ADDRESS": "COURT CIRCLE, KALAL  BUILDING, NEXT TO IDBI CENTRE, LINE BAZAR, DHARWAD 580 001",
    "CONTACT": "2444074",
    "CITY": "DHARWAD",
    "DISTRICT": "DHARWAD",
    "STATE": "KARNATAKA"
  },
  "NKGS0000079": {
    "BANK": "NKGSB COOPERATIVE BANK LIMITED",
    "IFSC": "NKGS0000079",
    "BRANCH": "GIRGAOON JSS ROAD",
    "ADDRESS": "ANNA BALWANT BUILDING, J.S.S ROAD,KRANTIVEER RAJGURU MARG,GIRGAUM,MUMBAI- 400 004",
    "CONTACT": "23850508",
    "CITY": "MUMBAI",
    "DISTRICT": "GREATER BOMBAY",
    "STATE": "MAHARASHTRA"
  },
  "NKGS0000080": {
    "BANK": "NKGSB COOPERATIVE BANK LIMITED",
    "IFSC": "NKGS0000080",
    "BRANCH": "ALIBAUG",
    "ADDRESS": "SHOP NO 1, 2 & 3,KRISHNA MANDIR BLDG,MARUTI NAKA,ALIBAUG DIST RAIGAD 402 201",
    "CONTACT": null,
    "CITY": "ALIBAUG",
    "DISTRICT": "RAIGAD",
    "STATE": "MAHARASHTRA"
  },
  "NKGS0000081": {
    "BANK": "NKGSB COOPERATIVE BANK LIMITED",
    "IFSC": "NKGS0000081",
    "BRANCH": "VADGAON SHERI",
    "ADDRESS": "SHOP NO 2,LALWANI HEIGHTS,SAIKNIKWADI,VADGAONSHERI,PUNE 411014",
    "CONTACT": "27030710",
    "CITY": "PUNE",
    "DISTRICT": "PUNE",
    "STATE": "MAHARASHTRA"
  },
  "NKGS0000082": {
    "BANK": "NKGSB COOPERATIVE BANK LIMITED",
    "IFSC": "NKGS0000082",
    "BRANCH": "CHINCHAWADGAON",
    "ADDRESS": "SHOP NO.8 AND 9 VIKRAM CHAMBERS, OPP.ELPRO COMPANY, CHINCHWADGAON, PUNE 411033.",
    "CONTACT": "27357878",
    "CITY": "PUNE",
    "DISTRICT": "PUNE",
    "STATE": "MAHARASHTRA"
  },
  "NKGS0000083": {
    "BANK": "NKGSB COOPERATIVE BANK LIMITED",
    "IFSC": "NKGS0000083",
    "BRANCH": "UDUPI",
    "ADDRESS": "ANUGRAHA COMPLEX,OPP.NORTH SCHOOL,CORPORATION BANK ROAD,BADAGUPTE,UDUPI 567101",
    "CONTACT": "2524177",
    "CITY": "UDUPI",
    "DISTRICT": "UDIPI",
    "STATE": "KARNATAKA"
  },
  "NKGS0000084": {
    "BANK": "NKGSB COOPERATIVE BANK LIMITED",
    "IFSC": "NKGS0000084",
    "BRANCH": "GHATKOPAR EAST",
    "ADDRESS": "GROUND FLOOR,JAYA APARTMENT,R.B.MEHTA ROAD,GHATKOPAR EAST MUMBAI 400077",
    "CONTACT": "21023378",
    "CITY": "MUMBAI",
    "DISTRICT": "GREATER BOMBAY",
    "STATE": "MAHARASHTRA"
  },
  "NKGS0000085": {
    "BANK": "NKGSB COOPERATIVE BANK LIMITED",
    "IFSC": "NKGS0000085",
    "BRANCH": "GARKHEDA",
    "ADDRESS": "SARANG SOCIETY,NEAR GAJANAN MAHARAJ MANDIR,GARKHEDA,AURANGABAD 431005",
    "CONTACT": "2451880",
    "CITY": "AURANGABAD",
    "DISTRICT": "AURANGABAD",
    "STATE": "MAHARASHTRA"
  },
  "NKGS0000086": {
    "BANK": "NKGSB COOPERATIVE BANK LIMITED",
    "IFSC": "NKGS0000086",
    "BRANCH": "PIMPLE SAUDAGAR",
    "ADDRESS": "SHOP NO.15,SAI VISION,NEAR PLANET MILLENNIUM,PIMPLE SAUDAGAR,PUNE 411027",
    "CONTACT": "27405151",
    "CITY": "PUNE",
    "DISTRICT": "PUNE",
    "STATE": "MAHARASHTRA"
  },
  "NKGS0000087": {
    "BANK": "NKGSB COOPERATIVE BANK LIMITED",
    "IFSC": "NKGS0000087",
    "BRANCH": "FERGUSSON COLLEGE ROAD",
    "ADDRESS": "SHOP NO.2,SURYA BHAVAN,SURVEY NO.187,FINAL PLOT NO.555 OF CTS NO 1181,FERGUSSON COLLEGE ROAD,SHIVAJINAGAR,PUNE 411005",
    "CONTACT": "25535550",
    "CITY": "PUNE",
    "DISTRICT": "PUNE",
    "STATE": "MAHARASHTRA"
  },
  "NKGS0000088": {
    "BANK": "NKGSB COOPERATIVE BANK LIMITED",
    "IFSC": "NKGS0000088",
    "BRANCH": "VASAI EAST",
    "ADDRESS": "E WING,SHOP NO 32,33,AGARWAL RESIDENCY,YESHWANT VIVA TOWNSHIP,ACHOLE VILLAGE,NEW NALLASOPARA VASAI LINK ROAD,NALLASOPARA EAST,TALUKA VASAI 401208",
    "CONTACT": "3299071",
    "CITY": "NALLASOPARA",
    "DISTRICT": "THANE",
    "STATE": "MAHARASHTRA"
  },
  "NKGS0000089": {
    "BANK": "NKGSB COOPERATIVE BANK LIMITED",
    "IFSC": "NKGS0000089",
    "BRANCH": "PAUD ROAD",
    "ADDRESS": "MAHARAJA COMPLEX,NEXT TO WANAJ COMPANY,PAUD ROAD,KOTHRUD,PUNE 411038",
    "CONTACT": "25285533",
    "CITY": "PUNE",
    "DISTRICT": "PUNE",
    "STATE": "MAHARASHTRA"
  },
  "NKGS0000090": {
    "BANK": "NKGSB COOPERATIVE BANK LIMITED",
    "IFSC": "NKGS0000090",
    "BRANCH": "BHIWANDI",
    "ADDRESS": "SHOP NO 8,9 AND 10 GROUND FLOOR,CITY CENTER,C.T.S.NO 8794,DHAMANKAR NAKA,BHIWANDI DIST THANE 421302",
    "CONTACT": "2230322",
    "CITY": "BHIWANDI",
    "DISTRICT": "THANE",
    "STATE": "MAHARASHTRA"
  },
  "NKGS0000091": {
    "BANK": "NKGSB COOPERATIVE BANK LIMITED",
    "IFSC": "NKGS0000091",
    "BRANCH": "FORT",
    "ADDRESS": "SHOP NOS 1 AND 2,GROUND FLOOR,MINT CHAMBERS,PLOT NO 1139, C.S.NO 1140 OF FORT DIVISION,45-47,MINT ROAD,FORT MUMBAI 400001.",
    "CONTACT": "22646101",
    "CITY": "MUMBAI",
    "DISTRICT": "GREATER BOMBAY",
    "STATE": "MAHARASHTRA"
  },
  "NKGS0000092": {
    "BANK": "NKGSB COOPERATIVE BANK LIMITED",
    "IFSC": "NKGS0000092",
    "BRANCH": "DAHISAR EAST ASHOKVAN",
    "ADDRESS": "SHANKESHWARNAGAR COOP HSG SOC.SHIV VALLABH ROAD,ASHOKVAN,DAHISAR EAST MUMBAI 400056",
    "CONTACT": "28972241",
    "CITY": "MUMBAI",
    "DISTRICT": "GREATER BOMBAY",
    "STATE": "MAHARASHTRA"
  },
  "NKGS0000093": {
    "BANK": "NKGSB COOPERATIVE BANK LIMITED",
    "IFSC": "NKGS0000093",
    "BRANCH": "BHANDUP WEST",
    "ADDRESS": "SHOP NO.1,2,3 GROUND FLOOR,JAYSHREE PLAZA SURVEY NO.212, CTS NO.643,643/1 TO 48, LBS MARG, BHANDUP WEST MUMBAI 400078",
    "CONTACT": "25660957",
    "CITY": "MUMBAI",
    "DISTRICT": "GREATER BOMBAY",
    "STATE": "MAHARASHTRA"
  },
  "NKGS0000094": {
    "BANK": "NKGSB COOPERATIVE BANK LIMITED",
    "IFSC": "NKGS0000094",
    "BRANCH": "ANDHERI WEST",
    "ADDRESS": "UNIT NO 101,SBI STAFF PALLAVI CO.OP.HSG SOCIETY,PLOT NO 8,VEERA DESAI ROAD,ANDHERI WEST,MUMBAI 400058",
    "CONTACT": "26879359",
    "CITY": "MUMBAI",
    "DISTRICT": "GREATER BOMBAY",
    "STATE": "MAHARASHTRA"
  },
  "NKGS0000095": {
    "BANK": "NKGSB COOPERATIVE BANK LIMITED",
    "IFSC": "NKGS0000095",
    "BRANCH": "RAJAJINAGAR",
    "ADDRESS": "GR FLOOR,OLD NO.679,NEW NO.02,10TH MAIN,3RD BLOCK,RAJAJI NAGAR, BENGALURU 560010",
    "CONTACT": "23110011",
    "CITY": "BENGALURU",
    "DISTRICT": "BANGALORE URBAN",
    "STATE": "KARNATAKA"
  },
  "NKGS0000096": {
    "BANK": "NKGSB COOPERATIVE BANK LIMITED",
    "IFSC": "NKGS0000096",
    "BRANCH": "JAYANAGAR",
    "ADDRESS": "GR.FLOOR,NEW NO.15,4TH T BLOCK,18TH MAIN,JAYANAGAR,BENGALURU 560041",
    "CONTACT": "26530101",
    "CITY": "BENGALURU",
    "DISTRICT": "BANGALORE URBAN",
    "STATE": "KARNATAKA"
  },
  "NKGS0000097": {
    "BANK": "NKGSB COOPERATIVE BANK LIMITED",
    "IFSC": "NKGS0000097",
    "BRANCH": "KODIALBAIL",
    "ADDRESS": "GR.FLOOR,SHOP NO 1,2 AND 3,AADESH AVENUE,KALAKUNJ ROAD,NEAR BASANT WOMENS COLLEGE,KODIALBAIL,MANGALURU 575003",
    "CONTACT": "67545083",
    "CITY": "MANGALURU",
    "DISTRICT": "DAKSHIN KANNAD",
    "STATE": "KARNATAKA"
  },
  "NKGS0000099": {
    "BANK": "NKGSB COOPERATIVE BANK LIMITED",
    "IFSC": "NKGS0000099",
    "BRANCH": "BADD",
    "ADDRESS": "PREMIER EDUCATION SOCIETIES DR. D.L. TELANG GIRLS HIGH SCHOOL, BAAD, KARWAR KARNATAKA 581304",
    "CONTACT": "225003",
    "CITY": "KARWAR",
    "DISTRICT": "KARWAR",
    "STATE": "UTTARAKHAND"
  },
  "NKGS0000104": {
    "BANK": "NKGSB COOPERATIVE BANK LIMITED",
    "IFSC": "NKGS0000104",
    "BRANCH": "VASCO DA GAMA",
    "ADDRESS": "SHOP NO 1,GR FLOOR,PLOT NO 175,CHALTA NO 48,55TO75 PTS NO 89,ANAND CHAMBERS,FI GOMES ROAD,VASCO DA GAMA, GOA 403802",
    "CONTACT": "67545083",
    "CITY": "GOA",
    "DISTRICT": "SOUTH GOA",
    "STATE": "GOA"
  },
  "NKGS0000107": {
    "BANK": "NKGSB COOPERATIVE BANK LIMITED",
    "IFSC": "NKGS0000107",
    "BRANCH": "GHODBUNDER",
    "ADDRESS": "SHOP NO.4,5,6 GR.FLOOR,BLDG NO1,VIJAY GALAXY,WAGHBILL,SURVEY NO 208,HISSA NO 3,KAVESAR, GHODBUNDER RD,THANE WEST 400615",
    "CONTACT": "25974324",
    "CITY": "THANE",
    "DISTRICT": "THANE",
    "STATE": "MAHARASHTRA"
  },
  "NKGS0000108": {
    "BANK": "NKGSB COOPERATIVE BANK LIMITED",
    "IFSC": "NKGS0000108",
    "BRANCH": "MARKET YARD",
    "ADDRESS": "SHOP NO 1,GROUND FLOOR, SUYOG CENTRE, GULTEKDI, MARKET YARD PUNE 411037",
    "CONTACT": "24272411",
    "CITY": "PUNE",
    "DISTRICT": "GREATER BOMBAY",
    "STATE": "MAHARASHTRA"
  },
  "NKGS0000109": {
    "BANK": "NKGSB COOPERATIVE BANK LIMITED",
    "IFSC": "NKGS0000109",
    "BRANCH": "SHESHADARIPURAM",
    "ADDRESS": "GR.FLOOR,PREMISES NO 173,OM SHELTERS,J.LINGAIAH ROAD,1ST MAIN ROAD,SHESHADRIPURAM,BENGALURU 560020",
    "CONTACT": "23447070",
    "CITY": "BENGALURU",
    "DISTRICT": "BANGALORE URBAN",
    "STATE": "KARNATAKA"
  },
  "NKGS0000110": {
    "BANK": "NKGSB COOPERATIVE BANK LIMITED",
    "IFSC": "NKGS0000110",
    "BRANCH": "BANASHANKARI",
    "ADDRESS": "4013-14,VISHWABHARATI HOUSING SOCIETY,80 FEET ROAD,HOSAKEREHALLI MAIN ROAD,BANASHANKARI STAGE III,BENGALURU -560020",
    "CONTACT": "26690460",
    "CITY": "BENGALURU",
    "DISTRICT": "BANGALORE URBAN",
    "STATE": "KARNATAKA"
  },
  "NKGS0000111": {
    "BANK": "NKGSB COOPERATIVE BANK LIMITED",
    "IFSC": "NKGS0000111",
    "BRANCH": "HRBR LAYOUT",
    "ADDRESS": "NO 25,NEHRU ROAD,KAMANHALLI,HRBR LAYOUT,BENGALURU,- 560084",
    "CONTACT": "25802525",
    "CITY": "BENGALURU",
    "DISTRICT": "BANGALORE URBAN",
    "STATE": "KARNATAKA"
  },
  "NKGS0000112": {
    "BANK": "NKGSB COOPERATIVE BANK LIMITED",
    "IFSC": "NKGS0000112",
    "BRANCH": "NAHUR",
    "ADDRESS": "G-04,05,R-GALLERIA,RUNWAL GREENS,MULUND-GOREGAON LINK ROAD,NAHUR-WEST,MUMBAI 400078",
    "CONTACT": "67545083",
    "CITY": "MUMBAI",
    "DISTRICT": "GREATER BOMBAY",
    "STATE": "MAHARASHTRA"
  },
  "NKGS0000113": {
    "BANK": "NKGSB COOPERATIVE BANK LIMITED",
    "IFSC": "NKGS0000113",
    "BRANCH": "NARAYANPETH",
    "ADDRESS": "GROUND FLOOR,MANDKE HEIGHTS,APPA BALWANT CHOWK,NARAYANPETH,PUNE 411030",
    "CONTACT": "67545083",
    "CITY": "PUNE",
    "DISTRICT": "PUNE",
    "STATE": "MAHARASHTRA"
  }
}