{
  "NMCB0000002": {
    "BANK": "THE NASIK MERCHANTS COOPERATIVE BANK LIMITED",
    "IFSC": "NMCB0000002",
    "BRANCH": "DHANVARDHINI",
    "ADDRESS": "DHANVARDHINI ,TILAK PATH, OPP. NEHARU GARDEN, NASHIK 422001",
    "CONTACT": "2308217",
    "CITY": "NASHIK",
    "DISTRICT": "NASIK",
    "STATE": "MAHARASHTRA"
  },
  "NMCB0000003": {
    "BANK": "THE NASIK MERCHANTS COOPERATIVE BANK LIMITED",
    "IFSC": "NMCB0000003",
    "BRANCH": "MORNING  EVENING",
    "ADDRESS": "430/11 ,  SHRIRAMWADI, M.G.ROAD,  NASHIK 422001",
    "CONTACT": "2308221",
    "CITY": "NASHIK",
    "DISTRICT": "NASIK",
    "STATE": "MAHARASHTRA"
  },
  "NMCB0000004": {
    "BANK": "THE NASIK MERCHANTS COOPERATIVE BANK LIMITED",
    "IFSC": "NMCB0000004",
    "BRANCH": "SATPUR (I.E.)",
    "ADDRESS": "A/16, M.I.D.C. AREA, PADMSHREE BABUBHAI RATHI CHOWK,SATPUR,  NASHIK  422007",
    "CONTACT": "2308223",
    "CITY": "NASHIK",
    "DISTRICT": "NASIK",
    "STATE": "MAHARASHTRA"
  },
  "NMCB0000005": {
    "BANK": "THE NASIK MERCHANTS COOPERATIVE BANK LIMITED",
    "IFSC": "NMCB0000005",
    "BRANCH": "PANCHAWATI",
    "ADDRESS": "KRISHNAJI JOSHI COMPLEX, NEAR PANCHAVATI KARANJA,PANCHAVATI, NASHIK  422003",
    "CONTACT": "2512996",
    "CITY": "NASHIK",
    "DISTRICT": "NASIK",
    "STATE": "MAHARASHTRA"
  },
  "NMCB0000006": {
    "BANK": "THE NASIK MERCHANTS COOPERATIVE BANK LIMITED",
    "IFSC": "NMCB0000006",
    "BRANCH": "TILAKWADI",
    "ADDRESS": "L-3, G-3, SUYOJIT TRADE CENTRE, OPP. RAJIV GANDHI BHAVAN,SHARANPUR ROAD, NASHIK 422002",
    "CONTACT": "2308224",
    "CITY": "NASHIK",
    "DISTRICT": "NASIK",
    "STATE": "MAHARASHTRA"
  },
  "NMCB0000007": {
    "BANK": "THE NASIK MERCHANTS COOPERATIVE BANK LIMITED",
    "IFSC": "NMCB0000007",
    "BRANCH": "BHADRAKALI",
    "ADDRESS": "BHADRAKALI MANDIR, BHADRAKALI ROAD, NASHIK 422001",
    "CONTACT": "2308226",
    "CITY": "NASHIK",
    "DISTRICT": "NASIK",
    "STATE": "MAHARASHTRA"
  },
  "NMCB0000008": {
    "BANK": "THE NASIK MERCHANTS COOPERATIVE BANK LIMITED",
    "IFSC": "NMCB0000008",
    "BRANCH": "SAYKHEDA",
    "ADDRESS": "DHANLAXMI,  A/P. SAYKHEDA, TAL.NIPHAD, DIST.- NASHIK 422210",
    "CONTACT": "232074",
    "CITY": "SAIKHEDA",
    "DISTRICT": "NASIK",
    "STATE": "MAHARASHTRA"
  },
  "NMCB0000009": {
    "BANK": "THE NASIK MERCHANTS COOPERATIVE BANK LIMITED",
    "IFSC": "NMCB0000009",
    "BRANCH": "GANDHINAGAR",
    "ADDRESS": "19 & 20., SHOPPING CENTRE, GANDHINAGAR, NASHIK 422006",
    "CONTACT": "2414311",
    "CITY": "NASHIK",
    "DISTRICT": "NASIK",
    "STATE": "MAHARASHTRA"
  },
  "NMCB0000010": {
    "BANK": "THE NASIK MERCHANTS COOPERATIVE BANK LIMITED",
    "IFSC": "NMCB0000010",
    "BRANCH": "TRIMBAKESHWAR",
    "ADDRESS": "SANT NIWAS, LATE MURLIDHAR PAWAR  CHOWK,  PATIL LANE,PRIYADARSHANI INDIRA GANHI PATH, A/P TRIMBAKESHWAR DIST - NASHIK  422212",
    "CONTACT": "233155",
    "CITY": "TRIMBAK",
    "DISTRICT": "NASIK",
    "STATE": "MAHARASHTRA"
  },
  "NMCB0000011": {
    "BANK": "THE NASIK MERCHANTS COOPERATIVE BANK LIMITED",
    "IFSC": "NMCB0000011",
    "BRANCH": "CIDCO",
    "ADDRESS": "SHOPPING CENTRE,CIDCO AREA,  SHIVAJI CHOWK, OLD CIDCO, NASHIK 422009",
    "CONTACT": "2392319",
    "CITY": "NASHIK",
    "DISTRICT": "NASIK",
    "STATE": "MAHARASHTRA"
  },
  "NMCB0000012": {
    "BANK": "THE NASIK MERCHANTS COOPERATIVE BANK LIMITED",
    "IFSC": "NMCB0000012",
    "BRANCH": "POONA ROAD",
    "ADDRESS": "HOTEL RAVINDRA COMPLEX, DWARAKA CORNER, NASHIK-POONA ROAD, NASHIK  422001",
    "CONTACT": "2308228",
    "CITY": "NASHIK",
    "DISTRICT": "NASIK",
    "STATE": "MAHARASHTRA"
  },
  "NMCB0000013": {
    "BANK": "THE NASIK MERCHANTS COOPERATIVE BANK LIMITED",
    "IFSC": "NMCB0000013",
    "BRANCH": "GANGAPUR ROAD",
    "ADDRESS": "VIMAL PARK,  NEAR MAMAMUNGI MANGAL KARYALAY, PUMPING STATION ROAD, NEAR MAMA MUNGI MANGAL KARYALAY,GANGAPUR ROAD, NASHIK  422013",
    "CONTACT": "2308229",
    "CITY": "NASHIK",
    "DISTRICT": "NASIK",
    "STATE": "MAHARASHTRA"
  },
  "NMCB0000014": {
    "BANK": "THE NASIK MERCHANTS COOPERATIVE BANK LIMITED",
    "IFSC": "NMCB0000014",
    "BRANCH": "AMBAD (I.E.)",
    "ADDRESS": "DHANASHRI ,  P/4, M.I.D.C. , AMBAD, NASHIK 422010",
    "CONTACT": "2308230",
    "CITY": "NASHIK",
    "DISTRICT": "NASIK",
    "STATE": "MAHARASHTRA"
  },
  "NMCB0000015": {
    "BANK": "THE NASIK MERCHANTS COOPERATIVE BANK LIMITED",
    "IFSC": "NMCB0000015",
    "BRANCH": "RAVIWAR PETH",
    "ADDRESS": "AGRASEN BHAVAN VISHWASTA TRUST, NEAR SUNDAR NARAYAN MANDIR, NASHIK  422001",
    "CONTACT": "2308231",
    "CITY": "NASHIK",
    "DISTRICT": "NASIK",
    "STATE": "MAHARASHTRA"
  },
  "NMCB0000016": {
    "BANK": "THE NASIK MERCHANTS COOPERATIVE BANK LIMITED",
    "IFSC": "NMCB0000016",
    "BRANCH": "IGATPURI",
    "ADDRESS": "CHANDWADKAR SADAN,  WARACHI PETH, A/P & TAL - IGATPURI, DIST.- NASHIK  422403",
    "CONTACT": "244238",
    "CITY": "IGATPURI",
    "DISTRICT": "NASIK",
    "STATE": "MAHARASHTRA"
  },
  "NMCB0000017": {
    "BANK": "THE NASIK MERCHANTS COOPERATIVE BANK LIMITED",
    "IFSC": "NMCB0000017",
    "BRANCH": "PAWAN NAGAR",
    "ADDRESS": "S/942, ASHADH SECTOR,  RAJRATNA NAGAR, PAWAN NAGAR, NASHIK  422009",
    "CONTACT": "2393793",
    "CITY": "NASHIK",
    "DISTRICT": "NASIK",
    "STATE": "MAHARASHTRA"
  },
  "NMCB0000018": {
    "BANK": "THE NASIK MERCHANTS COOPERATIVE BANK LIMITED",
    "IFSC": "NMCB0000018",
    "BRANCH": "MANMAD",
    "ADDRESS": "26 TO 31, SANAP COMPLEX,  MALEGAON  MANMAD ROAD, A/P MANMAD, TAL- NANDGAON, DIST - NASHIK  423104",
    "CONTACT": "222610",
    "CITY": "MANMAD",
    "DISTRICT": "NASIK",
    "STATE": "MAHARASHTRA"
  },
  "NMCB0000019": {
    "BANK": "THE NASIK MERCHANTS COOPERATIVE BANK LIMITED",
    "IFSC": "NMCB0000019",
    "BRANCH": "NAMPUR",
    "ADDRESS": "723, PETH GALLI, A/P NAMPUR, TAL- SATANA , DIST - NASHIK  423204",
    "CONTACT": "234294",
    "CITY": "NAMPUR",
    "DISTRICT": "NASIK",
    "STATE": "MAHARASHTRA"
  },
  "NMCB0000020": {
    "BANK": "THE NASIK MERCHANTS COOPERATIVE BANK LIMITED",
    "IFSC": "NMCB0000020",
    "BRANCH": "UMRANE",
    "ADDRESS": "MAIN ROAD, A/P. UMARANE, TAL.- MALEGAON, DIST.-NASHIK  423110",
    "CONTACT": "264469",
    "CITY": "UMARANE",
    "DISTRICT": "NASIK",
    "STATE": "MAHARASHTRA"
  },
  "NMCB0000021": {
    "BANK": "THE NASIK MERCHANTS COOPERATIVE BANK LIMITED",
    "IFSC": "NMCB0000021",
    "BRANCH": "VINCHUR",
    "ADDRESS": "LAXMI-NARAYAN BUILDING, BAZAR PETH, A/P. VINCHUR, TAL-  NIPHAD,  DIST. NASHIK  422306",
    "CONTACT": "261155",
    "CITY": "VINCHUR",
    "DISTRICT": "NASIK",
    "STATE": "MAHARASHTRA"
  },
  "NMCB0000022": {
    "BANK": "THE NASIK MERCHANTS COOPERATIVE BANK LIMITED",
    "IFSC": "NMCB0000022",
    "BRANCH": "LASALGAON",
    "ADDRESS": "A 3 TO 8, RADHAI SANKUL, OPP. MARKET YARD, KOTAMGAON ROAD, A/P LASALGAON, TAL-NIPHAD DIST.-NASHIK  422306",
    "CONTACT": "266942",
    "CITY": "LASALGAON",
    "DISTRICT": "NASIK",
    "STATE": "MAHARASHTRA"
  },
  "NMCB0000023": {
    "BANK": "THE NASIK MERCHANTS COOPERATIVE BANK LIMITED",
    "IFSC": "NMCB0000023",
    "BRANCH": "PIMPALGAON ( B )",
    "ADDRESS": "201, FIRST FLOOR, BABA COMPLEX,  AGRA ROAD, A/P PIMPALGAON(B), TAL-NIPHAD, DIST-NASHIK 422209",
    "CONTACT": "251282",
    "CITY": "PIMPALGAON",
    "DISTRICT": "NASIK",
    "STATE": "MAHARASHTRA"
  },
  "NMCB0000024": {
    "BANK": "THE NASIK MERCHANTS COOPERATIVE BANK LIMITED",
    "IFSC": "NMCB0000024",
    "BRANCH": "MALEGAON",
    "ADDRESS": "M.G. LODHA MARKET, SATANA ROAD, A/P. TAL. MALEGAON, DIST. NASHIK423203",
    "CONTACT": "251002",
    "CITY": "MALEGAON",
    "DISTRICT": "NASIK",
    "STATE": "MAHARASHTRA"
  },
  "NMCB0000025": {
    "BANK": "THE NASIK MERCHANTS COOPERATIVE BANK LIMITED",
    "IFSC": "NMCB0000025",
    "BRANCH": "SATANA",
    "ADDRESS": "1793, ASHIRWAD BUILDING, NEHRU ROAD, A/P.TAL. SATANA,  DIST. NASHIK  423301",
    "CONTACT": "224015",
    "CITY": "SATANA",
    "DISTRICT": "NASIK",
    "STATE": "MAHARASHTRA"
  },
  "NMCB0000026": {
    "BANK": "THE NASIK MERCHANTS COOPERATIVE BANK LIMITED",
    "IFSC": "NMCB0000026",
    "BRANCH": "NASIK ROAD",
    "ADDRESS": "SHOP NO-10&11, REGIMENTAL PLAZA, NEAR BITCO POINT, NASIK ROAD, NASHIK 422101",
    "CONTACT": "2460160",
    "CITY": "NASHIK",
    "DISTRICT": "NASIK",
    "STATE": "MAHARASHTRA"
  },
  "NMCB0000027": {
    "BANK": "THE NASIK MERCHANTS COOPERATIVE BANK LIMITED",
    "IFSC": "NMCB0000027",
    "BRANCH": "GHOTI",
    "ADDRESS": "VIJAYRAJ MARKET,OLD MUMBAI AGRA ROAD, A/P GHOTI, TAL-IGATPURI, DIST - NASHIK  422402",
    "CONTACT": "220816",
    "CITY": "GHOTI",
    "DISTRICT": "NASIK",
    "STATE": "MAHARASHTRA"
  },
  "NMCB0000028": {
    "BANK": "THE NASIK MERCHANTS COOPERATIVE BANK LIMITED",
    "IFSC": "NMCB0000028",
    "BRANCH": "KALWAN",
    "ADDRESS": "OPP. SHRIRAM SAW MILL, NEAR BUS STAND, A / P. TAL- KALVAN, DIST - NASHIK  423501",
    "CONTACT": "221739",
    "CITY": "KALVAN",
    "DISTRICT": "NASIK",
    "STATE": "MAHARASHTRA"
  },
  "NMCB0000029": {
    "BANK": "THE NASIK MERCHANTS COOPERATIVE BANK LIMITED",
    "IFSC": "NMCB0000029",
    "BRANCH": "INDIRANAGAR",
    "ADDRESS": "SANDESH  SANKUL CO.OP. HSG. SOC.,  OPP. RAJSARATHI SOC., INDIRANAGAR, NASHIK  422009",
    "CONTACT": "2325793",
    "CITY": "NASHIK",
    "DISTRICT": "NASIK",
    "STATE": "MAHARASHTRA"
  },
  "NMCB0000030": {
    "BANK": "THE NASIK MERCHANTS COOPERATIVE BANK LIMITED",
    "IFSC": "NMCB0000030",
    "BRANCH": "SINNAR",
    "ADDRESS": "NAGARPARISHAD SANKUL, NEAR S.T. STAND, A/P TAL- SINNAR DIST - NASHIK  422103",
    "CONTACT": "222084",
    "CITY": "SINNAR",
    "DISTRICT": "NASIK",
    "STATE": "MAHARASHTRA"
  },
  "NMCB0000031": {
    "BANK": "THE NASIK MERCHANTS COOPERATIVE BANK LIMITED",
    "IFSC": "NMCB0000031",
    "BRANCH": "DINDORI",
    "ADDRESS": "6 TO 10, \"JANAKI SANKUL\",  OLD KALWAN ROAD, A/P TAL- DINDORI, DIST - NASHIK  422202",
    "CONTACT": "221402",
    "CITY": "DINDORI",
    "DISTRICT": "NASIK",
    "STATE": "MAHARASHTRA"
  },
  "NMCB0000032": {
    "BANK": "THE NASIK MERCHANTS COOPERATIVE BANK LIMITED",
    "IFSC": "NMCB0000032",
    "BRANCH": "JALANA",
    "ADDRESS": "H.NO. 1/24/30 & 31, GROUND FLOOR, SADAR BAZAR, SHOLA CHOWK, JALNA DIST.- JALANA  431203",
    "CONTACT": "236107",
    "CITY": "JALNA",
    "DISTRICT": "JALNA",
    "STATE": "MAHARASHTRA"
  },
  "NMCB0000033": {
    "BANK": "THE NASIK MERCHANTS COOPERATIVE BANK LIMITED",
    "IFSC": "NMCB0000033",
    "BRANCH": "PUNE",
    "ADDRESS": "C.S.NO-1089, NEAR DATTA MANDIR, 1ST FLOOR, \"SWAMI SAHAWAS\",  SHIVAJI ROAD, BUDHAWAR PETH,PUNE DIST.- PUNE 411002",
    "CONTACT": "24484003",
    "CITY": "PUNE",
    "DISTRICT": "PUNE",
    "STATE": "MAHARASHTRA"
  },
  "NMCB0000034": {
    "BANK": "THE NASIK MERCHANTS COOPERATIVE BANK LIMITED",
    "IFSC": "NMCB0000034",
    "BRANCH": "JALGAON",
    "ADDRESS": "PLOT NO 50, BISANJI NAGAR, ZILHA PETH, NEAR HOME GUARD OFFICE, JALGAON, DIST.- JALGAON  425001",
    "CONTACT": "2221364",
    "CITY": "JALGAON",
    "DISTRICT": "JALGAON",
    "STATE": "MAHARASHTRA"
  },
  "NMCB0000035": {
    "BANK": "THE NASIK MERCHANTS COOPERATIVE BANK LIMITED",
    "IFSC": "NMCB0000035",
    "BRANCH": "AHMEDNAGAR",
    "ADDRESS": "2424, FIRST FLOOR,  DAL MANDAI, AHMADNAGAR , DIST.- AHMADNAGAR 414001",
    "CONTACT": "2354262",
    "CITY": "AHMADNAGAR",
    "DISTRICT": "AHMADNAGAR",
    "STATE": "MAHARASHTRA"
  },
  "NMCB0000036": {
    "BANK": "THE NASIK MERCHANTS COOPERATIVE BANK LIMITED",
    "IFSC": "NMCB0000036",
    "BRANCH": "DADAR",
    "ADDRESS": "RAJGIR COURT, WING-B, GROUND FLOOR, KOHINOOR ROAD,OPP.HOTEL PRITAM, DADAR (E), DIST.-MUMBAI 400014",
    "CONTACT": "24155106",
    "CITY": "MUMBAI",
    "DISTRICT": "G. BOMBAY",
    "STATE": "MAHARASHTRA"
  },
  "NMCB0000037": {
    "BANK": "THE NASIK MERCHANTS COOPERATIVE BANK LIMITED",
    "IFSC": "NMCB0000037",
    "BRANCH": "NANDGAON",
    "ADDRESS": "108, M. C. D.JAIN DHARMARH MEDICAL , BHAGWAN MAHAVIR MARG, A /P.TAL.-NANDGAON, DIST - NASHIK  423106",
    "CONTACT": "242516",
    "CITY": "NANDGAON",
    "DISTRICT": "NASIK",
    "STATE": "MAHARASHTRA"
  },
  "NMCB0000038": {
    "BANK": "THE NASIK MERCHANTS COOPERATIVE BANK LIMITED",
    "IFSC": "NMCB0000038",
    "BRANCH": "ADGAON NAKA",
    "ADDRESS": "COMMERCIAL COMPLEX NO 2, SHOP NO-15, MARKET YARD,  PETH ROAD, PANCHAVATI, NASHIK 422003",
    "CONTACT": "2022993",
    "CITY": "NASHIK",
    "DISTRICT": "NASIK",
    "STATE": "MAHARASHTRA"
  },
  "NMCB0000039": {
    "BANK": "THE NASIK MERCHANTS COOPERATIVE BANK LIMITED",
    "IFSC": "NMCB0000039",
    "BRANCH": "VANI",
    "ADDRESS": "106,PANCHAL LANE, S.S.JAIN MURTIPUJAK SANGHA A/P VANI , TAL-DINDORI, DIST.-NASHIK  422215",
    "CONTACT": "220700",
    "CITY": "VANI",
    "DISTRICT": "NASIK",
    "STATE": "MAHARASHTRA"
  },
  "NMCB0000040": {
    "BANK": "THE NASIK MERCHANTS COOPERATIVE BANK LIMITED",
    "IFSC": "NMCB0000040",
    "BRANCH": "CHANDVAD",
    "ADDRESS": "DUNGERWAL SANKUL, SOMWAR PETH, A/P.TAL.-CHANDWAD,  DIST.-NASHIK  423101",
    "CONTACT": "253218",
    "CITY": "CHANDVAD",
    "DISTRICT": "NASIK",
    "STATE": "MAHARASHTRA"
  },
  "NMCB0000041": {
    "BANK": "THE NASIK MERCHANTS COOPERATIVE BANK LIMITED",
    "IFSC": "NMCB0000041",
    "BRANCH": "HYDERABAD",
    "ADDRESS": "FIRST FLOOR, AMARNATH AVENUE ,GAULIGUDA CHAMAN, HYDERABAD DIST-HYDERABAD (A.P.) 500012",
    "CONTACT": "24734029",
    "CITY": "HYDERABAD",
    "DISTRICT": "HYDERABAD",
    "STATE": "ANDHRA PRADESH"
  },
  "NMCB0000042": {
    "BANK": "THE NASIK MERCHANTS COOPERATIVE BANK LIMITED",
    "IFSC": "NMCB0000042",
    "BRANCH": "SHRIRAMPUR",
    "ADDRESS": "SHIVAJI ROAD, SHRIRAMPUR, A/P SHRIRAMPUR,  DIST -AHMEDNAGAR 413709",
    "CONTACT": "222650",
    "CITY": "SHRIRAMPUR",
    "DISTRICT": "AHMADNAGAR",
    "STATE": "MAHARASHTRA"
  },
  "NMCB0000043": {
    "BANK": "THE NASIK MERCHANTS COOPERATIVE BANK LIMITED",
    "IFSC": "NMCB0000043",
    "BRANCH": "RAHATA",
    "ADDRESS": "10&11, 2ND FLOOR, MAHATMA PHULE AND  DR AMBEDAKAR SHOPPING CENTER, A/P RAHATA, DIST.-AHMADNAGAR 423107",
    "CONTACT": "243656",
    "CITY": "RAHATA",
    "DISTRICT": "AHMADNAGAR",
    "STATE": "MAHARASHTRA"
  },
  "NMCB0000044": {
    "BANK": "THE NASIK MERCHANTS COOPERATIVE BANK LIMITED",
    "IFSC": "NMCB0000044",
    "BRANCH": "SURAT",
    "ADDRESS": "C.S.NO 868, TP 6, FP 264/P , SHRI JAI MARUTI COMPLEX,UDHANA DARWAJA, RING ROAD,NEAR GUJRAT SAMACHAR PRESS, SURAT DIST.-SURAT (GUJARAT) 395002",
    "CONTACT": "2631670",
    "CITY": "SURAT",
    "DISTRICT": "SURAT",
    "STATE": "GUJARAT"
  },
  "NMCB0000045": {
    "BANK": "THE NASIK MERCHANTS COOPERATIVE BANK LIMITED",
    "IFSC": "NMCB0000045",
    "BRANCH": "ASHOKAMARG",
    "ADDRESS": "2 TO 5, BHAVANA SANKUL ,  OPP.ASHOKA TOWER, ASHOKA MARG, NASHIK 422006",
    "CONTACT": "2025083",
    "CITY": "NASHIK",
    "DISTRICT": "NASIK",
    "STATE": "MAHARASHTRA"
  },
  "NMCB0000046": {
    "BANK": "THE NASIK MERCHANTS COOPERATIVE BANK LIMITED",
    "IFSC": "NMCB0000046",
    "BRANCH": "MUMBAINAKA",
    "ADDRESS": "SHRI KALASHAKTI APPT.,BHABHA NAGAR, MUMBAI NAKA, NASHIK 422011",
    "CONTACT": "2501938",
    "CITY": "NASHIK",
    "DISTRICT": "NASIK",
    "STATE": "MAHARASHTRA"
  },
  "NMCB0000047": {
    "BANK": "THE NASIK MERCHANTS COOPERATIVE BANK LIMITED",
    "IFSC": "NMCB0000047",
    "BRANCH": "SANGAMNER",
    "ADDRESS": "GAYATRI SOC., NEW NAGAR ROAD, A/P. TAL- SANGAMNER ,  DIST.-AHMADNAGAR 422605",
    "CONTACT": "222191",
    "CITY": "SANGAMNER",
    "DISTRICT": "AHMADNAGAR",
    "STATE": "MAHARASHTRA"
  },
  "NMCB0000048": {
    "BANK": "THE NASIK MERCHANTS COOPERATIVE BANK LIMITED",
    "IFSC": "NMCB0000048",
    "BRANCH": "OLD NASHIK",
    "ADDRESS": "3076, BAGWANPURA ,  OLD NASHIK, NASHIK 422001",
    "CONTACT": "2595811",
    "CITY": "NASHIK",
    "DISTRICT": "NASIK",
    "STATE": "MAHARASHTRA"
  },
  "NMCB0000049": {
    "BANK": "THE NASIK MERCHANTS COOPERATIVE BANK LIMITED",
    "IFSC": "NMCB0000049",
    "BRANCH": "OJHAR",
    "ADDRESS": "1ST FLOOR, JADHAV COMPLEX, OPP VISHWA SATYA COLLEGE, A/P OJHAR, TAL-NIPHAD, DIST.-NASHIK  422206",
    "CONTACT": "271271",
    "CITY": "OJHAR",
    "DISTRICT": "NASIK",
    "STATE": "MAHARASHTRA"
  },
  "NMCB0000050": {
    "BANK": "THE NASIK MERCHANTS COOPERATIVE BANK LIMITED",
    "IFSC": "NMCB0000050",
    "BRANCH": "AURANGABAD",
    "ADDRESS": "212 , OLD HEGADEWAR HOPITAL ROAD. SAMARTH NAGAR. OPP, STATE BANK OF HYDERBAD. AURANGABAD, 431 001",
    "CONTACT": "2340729",
    "CITY": "AURANGABAD",
    "DISTRICT": "AURANGABAD",
    "STATE": "MAHARASHTRA"
  },
  "NMCB0000051": {
    "BANK": "THE NASIK MERCHANTS COOPERATIVE BANK LIMITED",
    "IFSC": "NMCB0000051",
    "BRANCH": "GIRNARE",
    "ADDRESS": "51, TELI VARG SAMAJ MANGAL KARYALAY, MAIN ROAD, A /P. GIRNARE DIST.-NASHIK  422203",
    "CONTACT": "2215603",
    "CITY": "GIRNARE",
    "DISTRICT": "NASIK",
    "STATE": "MAHARASHTRA"
  },
  "NMCB0000052": {
    "BANK": "THE NASIK MERCHANTS COOPERATIVE BANK LIMITED",
    "IFSC": "NMCB0000052",
    "BRANCH": "NIPHAD",
    "ADDRESS": "278 / 1 / 2, RUNWAL PLAZA ,  SHANI CHOWK, A/P. TAL- NIPHAD, DIST. NASHIK 422303",
    "CONTACT": "242006",
    "CITY": "NIPHAD",
    "DISTRICT": "NASIK",
    "STATE": "MAHARASHTRA"
  },
  "NMCB0000053": {
    "BANK": "THE NASIK MERCHANTS COOPERATIVE BANK LIMITED",
    "IFSC": "NMCB0000053",
    "BRANCH": "YEOLA",
    "ADDRESS": "2139, HUNDIWALA ROAD,  NEAR RANA PRATAP PUTALA, A/P.TAL- YEOLA DIST.-NASHIK  423401",
    "CONTACT": "267008",
    "CITY": "YEOLA",
    "DISTRICT": "NASIK",
    "STATE": "MAHARASHTRA"
  },
  "NMCB0000054": {
    "BANK": "THE NASIK MERCHANTS COOPERATIVE BANK LIMITED",
    "IFSC": "NMCB0000054",
    "BRANCH": "DEOLALI CAMP",
    "ADDRESS": "82, NAGESH BHAVAN,  HAOUSAN ROAD, A/P. DEOLALI CAMP,  DIST.-NASHIK  422401",
    "CONTACT": "2492525",
    "CITY": "DEOLALI",
    "DISTRICT": "NASIK",
    "STATE": "MAHARASHTRA"
  },
  "NMCB0000055": {
    "BANK": "THE NASIK MERCHANTS COOPERATIVE BANK LIMITED",
    "IFSC": "NMCB0000055",
    "BRANCH": "GOVINDNAGAR",
    "ADDRESS": "1,2,3 ANMOL PRIDE, CHOWK-2, GOVIND NAGAR, NASHIK 422009",
    "CONTACT": "2471130",
    "CITY": "NASHIK",
    "DISTRICT": "NASIK",
    "STATE": "MAHARASHTRA"
  },
  "NMCB0000056": {
    "BANK": "THE NASIK MERCHANTS COOPERATIVE BANK LIMITED",
    "IFSC": "NMCB0000056",
    "BRANCH": "HARSUL",
    "ADDRESS": "HOUSE NO 24, OPP DENA BANK, A/P HARSUL TAL.TRAMBAKESHWAR  NASHIK 422204",
    "CONTACT": "257555",
    "CITY": "HARSUL",
    "DISTRICT": "NASIK",
    "STATE": "MAHARASHTRA"
  },
  "NMCB0000057": {
    "BANK": "THE NASIK MERCHANTS COOPERATIVE BANK LIMITED",
    "IFSC": "NMCB0000057",
    "BRANCH": "ASHOK NAGAR",
    "ADDRESS": "A-9 RAJDEEP BUILDING ,STATE EMPLOYEE SOCIETY, ASHOK NAGAR  SATPUR  NASHIK 422012",
    "CONTACT": "2351921",
    "CITY": "NASHIK",
    "DISTRICT": "NASIK",
    "STATE": "MAHARASHTRA"
  },
  "NMCB0000058": {
    "BANK": "THE NASIK MERCHANTS COOPERATIVE BANK LIMITED",
    "IFSC": "NMCB0000058",
    "BRANCH": "JAIL ROAD",
    "ADDRESS": "631-SANTA DNYANESHWAR NAGAR ,JAILROAD  DASAK  NASHIK ROAD , NASHIK 422101",
    "CONTACT": "2431966",
    "CITY": "NASHIK",
    "DISTRICT": "NASIK",
    "STATE": "MAHARASHTRA"
  },
  "NMCB0000059": {
    "BANK": "THE NASIK MERCHANTS COOPERATIVE BANK LIMITED",
    "IFSC": "NMCB0000059",
    "BRANCH": "SURGANA",
    "ADDRESS": "HOUSE N.70, BAJAR PETH,NEAR NDCC BANK A/P SURGANA NASHIK",
    "CONTACT": "223258",
    "CITY": "SURGANA",
    "DISTRICT": "NASIK",
    "STATE": "MAHARASHTRA"
  },
  "NMCB0000060": {
    "BANK": "THE NASIK MERCHANTS COOPERATIVE BANK LIMITED",
    "IFSC": "NMCB0000060",
    "BRANCH": "LASUR STATION",
    "ADDRESS": "GRAM PANCHAYAT MILKAT NO.1719, INDRAPRASTHA COMPLEX, SWARUP NAGAR, LASUR STATION, TAL. GANGAPUR DIST.-AURANGABAD 423702",
    "CONTACT": "241059",
    "CITY": "LASUR STATION",
    "DISTRICT": "AURANGABAD",
    "STATE": "MAHARASHTRA"
  },
  "NMCB0000061": {
    "BANK": "THE NASIK MERCHANTS COOPERATIVE BANK LIMITED",
    "IFSC": "NMCB0000061",
    "BRANCH": "BHAGUR",
    "ADDRESS": "WARDHAMAN  JAIN SHRAVAK SANGHA MARWADI GALLI, BHAGUR DIST NASHIK",
    "CONTACT": null,
    "CITY": "NASHIK",
    "DISTRICT": "NASIK",
    "STATE": "MAHARASHTRA"
  },
  "NMCB0000062": {
    "BANK": "THE NASIK MERCHANTS COOPERATIVE BANK LIMITED",
    "IFSC": "NMCB0000062",
    "BRANCH": "PEITH",
    "ADDRESS": "YASHWANT GRAMIN BIGARSHETI PATSANSATHA BUILDING, NEAR STATE BANK OF INDIA, BAZAR PETH, PEITH, DIST NASHIK",
    "CONTACT": null,
    "CITY": "NASHIK",
    "DISTRICT": "NASIK",
    "STATE": "MAHARASHTRA"
  },
  "NMCB0000063": {
    "BANK": "THE NASIK MERCHANTS COOPERATIVE BANK LIMITED",
    "IFSC": "NMCB0000063",
    "BRANCH": "DEOLA",
    "ADDRESS": "SHARDA NIWAS, VISHWSINDHUNAGAR , AT POST DEOLA, DIST NASHIK",
    "CONTACT": null,
    "CITY": "DEOLA",
    "DISTRICT": "NASIK",
    "STATE": "MAHARASHTRA"
  },
  "NMCB0000064": {
    "BANK": "THE NASIK MERCHANTS COOPERATIVE BANK LIMITED",
    "IFSC": "NMCB0000064",
    "BRANCH": "GOLE COLONY",
    "ADDRESS": "JANAKI PLAZA, GOLE COLONY, NASHIK 422 004",
    "CONTACT": null,
    "CITY": "NASHIK",
    "DISTRICT": "NASIK",
    "STATE": "MAHARASHTRA"
  },
  "NMCB0000065": {
    "BANK": "THE NASIK MERCHANTS COOPERATIVE BANK LIMITED",
    "IFSC": "NMCB0000065",
    "BRANCH": "VASHI",
    "ADDRESS": "K-30, APMC MARKET NO 1 VASHI NEW MUMBAI 400 703",
    "CONTACT": null,
    "CITY": "VASHI",
    "DISTRICT": "PUNE",
    "STATE": "MAHARASHTRA"
  },
  "NMCB0000066": {
    "BANK": "THE NASIK MERCHANTS COOPERATIVE BANK LIMITED",
    "IFSC": "NMCB0000066",
    "BRANCH": "CHAKAN",
    "ADDRESS": "PRITHWIPRASTHA BUILDING, AT POST CHAKAN TAL KHED, DIST PUNE 420 501",
    "CONTACT": null,
    "CITY": "CHAKAN",
    "DISTRICT": "PUNE",
    "STATE": "MAHARASHTRA"
  },
  "NMCB0000067": {
    "BANK": "THE NASIK MERCHANTS COOPERATIVE BANK LIMITED",
    "IFSC": "NMCB0000067",
    "BRANCH": "DHULE",
    "ADDRESS": "H. NO, 3036, NEAR PACH KANDIL,  SHERE PUNJAB HOTEL, MUMBAI AGRA ROAD, DHULE 424 001",
    "CONTACT": null,
    "CITY": "DHULE",
    "DISTRICT": "DHULE",
    "STATE": "MAHARASHTRA"
  },
  "NMCB0000068": {
    "BANK": "THE NASIK MERCHANTS COOPERATIVE BANK LIMITED",
    "IFSC": "NMCB0000068",
    "BRANCH": "ANANDWALI",
    "ADDRESS": "ANANDINAGAR SOCIETY, ANANDWALI, NASHIK 422 013",
    "CONTACT": null,
    "CITY": "NASHIK",
    "DISTRICT": "NASIK",
    "STATE": "MAHARASHTRA"
  },
  "NMCB0000069": {
    "BANK": "THE NASIK MERCHANTS COOPERATIVE BANK LIMITED",
    "IFSC": "NMCB0000069",
    "BRANCH": "MALEGAON(SINNAR)",
    "ADDRESS": "NIMA HOUSE, MALEGAON SINNAR MIDC DIST NASHIK",
    "CONTACT": null,
    "CITY": "SINNAR",
    "DISTRICT": "NASIK",
    "STATE": "MAHARASHTRA"
  },
  "NMCB0000070": {
    "BANK": "THE NASIK MERCHANTS COOPERATIVE BANK LIMITED",
    "IFSC": "NMCB0000070",
    "BRANCH": "NANDURBAR",
    "ADDRESS": "HAT DARVAJA, NEAR MAHATMA GANDHI STATUE, AT POST, TAL DIST,NANDURBAR",
    "CONTACT": null,
    "CITY": "NANDURBAR",
    "DISTRICT": "NANDURBAR",
    "STATE": "MAHARASHTRA"
  },
  "NMCB0000071": {
    "BANK": "THE NASIK MERCHANTS COOPERATIVE BANK LIMITED",
    "IFSC": "NMCB0000071",
    "BRANCH": "DONDAICHA",
    "ADDRESS": "JAY GANGA BHUVAN, A/P DONDAICHA TAL SHINDKHEDA DIST, NANDURBAR",
    "CONTACT": null,
    "CITY": "DONDAICHA",
    "DISTRICT": "NANDURBAR",
    "STATE": "MAHARASHTRA"
  },
  "NMCB0000072": {
    "BANK": "THE NASIK MERCHANTS COOPERATIVE BANK LIMITED",
    "IFSC": "NMCB0000072",
    "BRANCH": "BHOSARI (PUNE)",
    "ADDRESS": "GAVHANE VASTI, SADASHIV PALACE, A/P BHOSARI DIST PUNE",
    "CONTACT": null,
    "CITY": "BHOSARI",
    "DISTRICT": "PUNE",
    "STATE": "MAHARASHTRA"
  },
  "NMCB0000073": {
    "BANK": "THE NASIK MERCHANTS COOPERATIVE BANK LIMITED",
    "IFSC": "NMCB0000073",
    "BRANCH": "MHASRUL",
    "ADDRESS": "NEAR HOTEL SHIVA, DINDORI ROAD, MHASRUL, NASHIK",
    "CONTACT": null,
    "CITY": "MHASRUL",
    "DISTRICT": "NASIK",
    "STATE": "MAHARASHTRA"
  },
  "NMCB0000074": {
    "BANK": "THE NASIK MERCHANTS COOPERATIVE BANK LIMITED",
    "IFSC": "NMCB0000074",
    "BRANCH": "UNTWADI(TRIMURTY)",
    "ADDRESS": "N 53/ VE 12/8 SWAMI BUILDING, PATIL NAGAR UNTWADI NEW NASHIK 422 009",
    "CONTACT": null,
    "CITY": "NASHIK",
    "DISTRICT": "NASIK",
    "STATE": "MAHARASHTRA"
  },
  "NMCB0000075": {
    "BANK": "THE NASIK MERCHANTS COOPERATIVE BANK LIMITED",
    "IFSC": "NMCB0000075",
    "BRANCH": "ADGAON",
    "ADDRESS": "MATHURA APPT. 1 ST FLOOR, NEAR BUS STOP. AT POST ADGAON  DIST NASHIK",
    "CONTACT": null,
    "CITY": "NASHIK",
    "DISTRICT": "NASIK",
    "STATE": "MAHARASHTRA"
  },
  "NMCB0000076": {
    "BANK": "THE NASIK MERCHANTS COOPERATIVE BANK LIMITED",
    "IFSC": "NMCB0000076",
    "BRANCH": "GONDE DUMALA",
    "ADDRESS": "GONDE DUMALA MIDC MUMBAI AGRA ROAD NASHIK TAL IGATPURI DIST NASHIK",
    "CONTACT": null,
    "CITY": "NASHIK",
    "DISTRICT": "NASIK",
    "STATE": "MAHARASHTRA"
  },
  "NMCB0000077": {
    "BANK": "THE NASIK MERCHANTS COOPERATIVE BANK LIMITED",
    "IFSC": "NMCB0000077",
    "BRANCH": "CHANDORI",
    "ADDRESS": "AT POST CHANDORI, TAL DIST NASHIK",
    "CONTACT": null,
    "CITY": "CHANDORI",
    "DISTRICT": "NASIK",
    "STATE": "MAHARASHTRA"
  },
  "NMCB0000078": {
    "BANK": "THE NASIK MERCHANTS COOPERATIVE BANK LIMITED",
    "IFSC": "NMCB0000078",
    "BRANCH": "COLLEGE ROAD",
    "ADDRESS": "SOHAM COMPLEX, PATIL LANE NO 3  & 4 COLLEGE ROAD , NASHIK",
    "CONTACT": null,
    "CITY": "NASHIK",
    "DISTRICT": "NASIK",
    "STATE": "MAHARASHTRA"
  },
  "NMCB0000079": {
    "BANK": "THE NASIK MERCHANTS COOPERATIVE BANK LIMITED",
    "IFSC": "NMCB0000079",
    "BRANCH": "HANUMANWADI",
    "ADDRESS": "SHRIKRUSHNA HIGHTS GALA NO 1 TO 4 HANUMANWADI",
    "CONTACT": null,
    "CITY": "NASHIK",
    "DISTRICT": "NASIK",
    "STATE": "MAHARASHTRA"
  },
  "NMCB0000080": {
    "BANK": "THE NASIK MERCHANTS COOPERATIVE BANK LIMITED",
    "IFSC": "NMCB0000080",
    "BRANCH": "ABHONA",
    "ADDRESS": "S.R.NO 711 AT POST ABHONA TAL DIST NASHIK",
    "CONTACT": null,
    "CITY": "ABHONA",
    "DISTRICT": "NASIK",
    "STATE": "MAHARASHTRA"
  },
  "NMCB0000081": {
    "BANK": "THE NASIK MERCHANTS COOPERATIVE BANK LIMITED",
    "IFSC": "NMCB0000081",
    "BRANCH": "MAKHAMALABAD",
    "ADDRESS": "H.NO. 309/13/3 AT POST MAKHAMALABAD DIST NASHIK",
    "CONTACT": null,
    "CITY": "NASHIK",
    "DISTRICT": "NASIK",
    "STATE": "MAHARASHTRA"
  }
}