{
  "NUCB0000002": {
    "BANK": "NAGAR URBAN CO OPERATIVE BANK",
    "IFSC": "NUCB0000002",
    "BRANCH": "AHMEDNAGAR",
    "ADDRESS": "BANK ROAD,POST BOX NO 7, AHMEDNAGAR.414001,MAHARASHTRA",
    "CONTACT": 0.0,
    "CITY": "AHMEDNAGAR",
    "DISTRICT": "AHMEDNAGAR",
    "STATE": "MAHARASHTRA"
  },
  "NUCB0000101": {
    "BANK": "NAGAR URBAN CO OPERATIVE BANK",
    "IFSC": "NUCB0000101",
    "BRANCH": "SANGAMNER",
    "ADDRESS": "BAZAR PETH",
    "CONTACT": 225385.0,
    "CITY": "SANGAMNER",
    "DISTRICT": "SANGAMNER",
    "STATE": "MAHARASHTRA"
  },
  "NUCB0000102": {
    "BANK": "NAGAR URBAN CO OPERATIVE BANK",
    "IFSC": "NUCB0000102",
    "BRANCH": "SHRIRAMPUR",
    "ADDRESS": "SHIVAJI CROSS ROAD",
    "CONTACT": 222254.0,
    "CITY": "SHRIRAMPUR",
    "DISTRICT": "SHRIRAMPUR",
    "STATE": "MAHARASHTRA"
  },
  "NUCB0000103": {
    "BANK": "NAGAR URBAN CO OPERATIVE BANK",
    "IFSC": "NUCB0000103",
    "BRANCH": "VAMBORI",
    "ADDRESS": "BAZAR PETH",
    "CONTACT": 272522.0,
    "CITY": "VAMBORI",
    "DISTRICT": "VAMBORI",
    "STATE": "MAHARASHTRA"
  },
  "NUCB0000104": {
    "BANK": "NAGAR URBAN CO OPERATIVE BANK",
    "IFSC": "NUCB0000104",
    "BRANCH": "SHRIGONDA",
    "ADDRESS": "BAZAR PETH",
    "CONTACT": 222326.0,
    "CITY": "SHRIGONDA",
    "DISTRICT": "SHRIGONDA",
    "STATE": "MAHARASHTRA"
  },
  "NUCB0000105": {
    "BANK": "NAGAR URBAN CO OPERATIVE BANK",
    "IFSC": "NUCB0000105",
    "BRANCH": "SHEVGAON",
    "ADDRESS": "BAZAR PETH",
    "CONTACT": 222255.0,
    "CITY": "SHEVGAON",
    "DISTRICT": "SHEVGAON",
    "STATE": "MAHARASHTRA"
  },
  "NUCB0000106": {
    "BANK": "NAGAR URBAN CO OPERATIVE BANK",
    "IFSC": "NUCB0000106",
    "BRANCH": "BELAPUR",
    "ADDRESS": "BAZAR PETH",
    "CONTACT": 243421.0,
    "CITY": "BELAPUR",
    "DISTRICT": "BELAPUR",
    "STATE": "MAHARASHTRA"
  },
  "NUCB0000107": {
    "BANK": "NAGAR URBAN CO OPERATIVE BANK",
    "IFSC": "NUCB0000107",
    "BRANCH": "PATHARDI",
    "ADDRESS": "BAZAR PETH",
    "CONTACT": 222334.0,
    "CITY": "PATHARDI",
    "DISTRICT": "PATHARDI",
    "STATE": "MAHARASHTRA"
  },
  "NUCB0000108": {
    "BANK": "NAGAR URBAN CO OPERATIVE BANK",
    "IFSC": "NUCB0000108",
    "BRANCH": "NEWASA",
    "ADDRESS": "BAZAR PETH",
    "CONTACT": 241238.0,
    "CITY": "NEWASA",
    "DISTRICT": "NEWASA",
    "STATE": "MAHARASHTRA"
  },
  "NUCB0000109": {
    "BANK": "NAGAR URBAN CO OPERATIVE BANK",
    "IFSC": "NUCB0000109",
    "BRANCH": "JAMKHED",
    "ADDRESS": "BAZAR PETH",
    "CONTACT": 221028.0,
    "CITY": "JAMKHED",
    "DISTRICT": "JAMKHED",
    "STATE": "MAHARASHTRA"
  },
  "NUCB0000110": {
    "BANK": "NAGAR URBAN CO OPERATIVE BANK",
    "IFSC": "NUCB0000110",
    "BRANCH": "MIRAJGAON",
    "ADDRESS": "MAIN ROAD",
    "CONTACT": 263226.0,
    "CITY": "MIRAJGAON",
    "DISTRICT": "MIRAJGAON",
    "STATE": "MAHARASHTRA"
  },
  "NUCB0000111": {
    "BANK": "NAGAR URBAN CO OPERATIVE BANK",
    "IFSC": "NUCB0000111",
    "BRANCH": "AKOLA",
    "ADDRESS": "BAZAR PETH",
    "CONTACT": 221243.0,
    "CITY": "AKOLA",
    "DISTRICT": "AKOLA",
    "STATE": "MAHARASHTRA"
  },
  "NUCB0000112": {
    "BANK": "NAGAR URBAN CO OPERATIVE BANK",
    "IFSC": "NUCB0000112",
    "BRANCH": "JALNA",
    "ADDRESS": "RAJENDRA PRASAD ROAD",
    "CONTACT": 233241.0,
    "CITY": "JALNA",
    "DISTRICT": "JALNA",
    "STATE": "MAHARASHTRA"
  },
  "NUCB0000113": {
    "BANK": "NAGAR URBAN CO OPERATIVE BANK",
    "IFSC": "NUCB0000113",
    "BRANCH": "PARLI VAIJNATH",
    "ADDRESS": "LAXMI TOWER CHOWK",
    "CONTACT": 222090.0,
    "CITY": "PARLI VAIJNATH",
    "DISTRICT": "PARLI VAIJNATH",
    "STATE": "MAHARASHTRA"
  },
  "NUCB0000115": {
    "BANK": "NAGAR URBAN CO OPERATIVE BANK",
    "IFSC": "NUCB0000115",
    "BRANCH": "SONAI",
    "ADDRESS": "BAZAR PETH",
    "CONTACT": 231332.0,
    "CITY": "SONAI",
    "DISTRICT": "SONAI",
    "STATE": "MAHARASHTRA"
  },
  "NUCB0000116": {
    "BANK": "NAGAR URBAN CO OPERATIVE BANK",
    "IFSC": "NUCB0000116",
    "BRANCH": "ASHWI",
    "ADDRESS": "BAZAR PETH",
    "CONTACT": 241150.0,
    "CITY": "ASHWI BUDRUK",
    "DISTRICT": "ASHWI BUDRUK",
    "STATE": "MAHARASHTRA"
  },
  "NUCB0000117": {
    "BANK": "NAGAR URBAN CO OPERATIVE BANK",
    "IFSC": "NUCB0000117",
    "BRANCH": "SARJEPURA",
    "ADDRESS": "SARJEPURA",
    "CONTACT": 2417818,
    "CITY": "AHMADNAGAR",
    "DISTRICT": "AHMADNAGAR",
    "STATE": "MAHARASHTRA"
  },
  "NUCB0000118": {
    "BANK": "NAGAR URBAN CO OPERATIVE BANK",
    "IFSC": "NUCB0000118",
    "BRANCH": "RAHATA",
    "ADDRESS": "NAGAR MANMAD ROAD",
    "CONTACT": 242271.0,
    "CITY": "RAHATA",
    "DISTRICT": "RAHATA",
    "STATE": "MAHARASHTRA"
  },
  "NUCB0000119": {
    "BANK": "NAGAR URBAN CO OPERATIVE BANK",
    "IFSC": "NUCB0000119",
    "BRANCH": "KUKANE",
    "ADDRESS": "MAIN ROAD",
    "CONTACT": 221238.0,
    "CITY": "KUKANE",
    "DISTRICT": "KUKANE",
    "STATE": "MAHARASHTRA"
  },
  "NUCB0000120": {
    "BANK": "NAGAR URBAN CO OPERATIVE BANK",
    "IFSC": "NUCB0000120",
    "BRANCH": "MARKET YARD",
    "ADDRESS": "MARKET YARD",
    "CONTACT": 2417819,
    "CITY": "AHMADNAGAR",
    "DISTRICT": "AHMADNAGAR",
    "STATE": "MAHARASHTRA"
  },
  "NUCB0000121": {
    "BANK": "NAGAR URBAN CO OPERATIVE BANK",
    "IFSC": "NUCB0000121",
    "BRANCH": "CH KARANJA",
    "ADDRESS": "AHMEDNAGAR",
    "CONTACT": 2417820,
    "CITY": "AHMADNAGAR",
    "DISTRICT": "AHMADNAGAR",
    "STATE": "MAHARASHTRA"
  },
  "NUCB0000122": {
    "BANK": "NAGAR URBAN CO OPERATIVE BANK",
    "IFSC": "NUCB0000122",
    "BRANCH": "RAHURI",
    "ADDRESS": "NAGAR MANMAD ROAD",
    "CONTACT": 232293.0,
    "CITY": "RAHURI",
    "DISTRICT": "RAHURI",
    "STATE": "MAHARASHTRA"
  },
  "NUCB0000123": {
    "BANK": "NAGAR URBAN CO OPERATIVE BANK",
    "IFSC": "NUCB0000123",
    "BRANCH": "KASTHI",
    "ADDRESS": "MAIN ROAD",
    "CONTACT": 231627.0,
    "CITY": "KASTHI",
    "DISTRICT": "KASTHI",
    "STATE": "MAHARASHTRA"
  },
  "NUCB0000124": {
    "BANK": "NAGAR URBAN CO OPERATIVE BANK",
    "IFSC": "NUCB0000124",
    "BRANCH": "KEDGAON",
    "ADDRESS": "NAGAR PUNE ROAD",
    "CONTACT": 2417821,
    "CITY": "KEDGAON",
    "DISTRICT": "KEDGAON",
    "STATE": "MAHARASHTRA"
  },
  "NUCB0000125": {
    "BANK": "NAGAR URBAN CO OPERATIVE BANK",
    "IFSC": "NUCB0000125",
    "BRANCH": "BALAM TAKALI",
    "ADDRESS": "MAIN ROAD",
    "CONTACT": 240027.0,
    "CITY": "AHMADNAGAR",
    "DISTRICT": "AHMADNAGAR",
    "STATE": "MAHARASHTRA"
  },
  "NUCB0000126": {
    "BANK": "NAGAR URBAN CO OPERATIVE BANK",
    "IFSC": "NUCB0000126",
    "BRANCH": "KOLHAR",
    "ADDRESS": "MAIN ROAD",
    "CONTACT": 251688.0,
    "CITY": "KOLHAR",
    "DISTRICT": "KOLHAR",
    "STATE": "MAHARASHTRA"
  },
  "NUCB0000127": {
    "BANK": "NAGAR URBAN CO OPERATIVE BANK",
    "IFSC": "NUCB0000127",
    "BRANCH": "PARNER",
    "ADDRESS": "MAIN ROAD",
    "CONTACT": 221408.0,
    "CITY": "PARNER",
    "DISTRICT": "PARNER",
    "STATE": "MAHARASHTRA"
  },
  "NUCB0000128": {
    "BANK": "NAGAR URBAN CO OPERATIVE BANK",
    "IFSC": "NUCB0000128",
    "BRANCH": "SAVEDI",
    "ADDRESS": "NAGAR MANMAD ROAD",
    "CONTACT": 2417822,
    "CITY": "AHMADNAGAR",
    "DISTRICT": "AHMADNAGAR",
    "STATE": "MAHARASHTRA"
  },
  "NUCB0000129": {
    "BANK": "NAGAR URBAN CO OPERATIVE BANK",
    "IFSC": "NUCB0000129",
    "BRANCH": "KHARDA",
    "ADDRESS": "BAZAR PETH",
    "CONTACT": 240328.0,
    "CITY": "KHARDA",
    "DISTRICT": "KHARDA",
    "STATE": "MAHARASHTRA"
  },
  "NUCB0000130": {
    "BANK": "NAGAR URBAN CO OPERATIVE BANK",
    "IFSC": "NUCB0000130",
    "BRANCH": "KARJAT",
    "ADDRESS": "820 BAZAR PETH",
    "CONTACT": 222908.0,
    "CITY": "KARJAT",
    "DISTRICT": "KARJAT",
    "STATE": "MAHARASHTRA"
  },
  "NUCB0000131": {
    "BANK": "NAGAR URBAN CO OPERATIVE BANK",
    "IFSC": "NUCB0000131",
    "BRANCH": "SONGAON",
    "ADDRESS": "BAZAR PETH",
    "CONTACT": 275015.0,
    "CITY": "KOLHAR",
    "DISTRICT": "KOLHAR",
    "STATE": "MAHARASHTRA"
  },
  "NUCB0000133": {
    "BANK": "NAGAR URBAN CO OPERATIVE BANK",
    "IFSC": "NUCB0000133",
    "BRANCH": "GULTEKADI",
    "ADDRESS": "GULTEKDI MARKET YARD",
    "CONTACT": 24273691,
    "CITY": "PUNE",
    "DISTRICT": "PUNE",
    "STATE": "MAHARASHTRA"
  },
  "NUCB0000134": {
    "BANK": "NAGAR URBAN CO OPERATIVE BANK",
    "IFSC": "NUCB0000134",
    "BRANCH": "MAIN BRANCH",
    "ADDRESS": "CENTRAL BANK ROAD",
    "CONTACT": 2343641,
    "CITY": "AHMADNAGAR",
    "DISTRICT": "AHMADNAGAR",
    "STATE": "MAHARASHTRA"
  },
  "NUCB0000135": {
    "BANK": "NAGAR URBAN CO OPERATIVE BANK",
    "IFSC": "NUCB0000135",
    "BRANCH": "SHIRUR",
    "ADDRESS": "RATAN NIWAS,2349",
    "CONTACT": 224242.0,
    "CITY": "SHIRUR",
    "DISTRICT": "SHIRUR",
    "STATE": "MAHARASHTRA"
  },
  "NUCB0000136": {
    "BANK": "NAGAR URBAN CO OPERATIVE BANK",
    "IFSC": "NUCB0000136",
    "BRANCH": "KOPARGAON",
    "ADDRESS": "1774,DEVKAR NIWAS",
    "CONTACT": 223003.0,
    "CITY": "KOPARGAON",
    "DISTRICT": "KOPARGAON",
    "STATE": "MAHARASHTRA"
  },
  "NUCB0000137": {
    "BANK": "NAGAR URBAN CO OPERATIVE BANK",
    "IFSC": "NUCB0000137",
    "BRANCH": "SADASHIVPETH",
    "ADDRESS": "A WING MANTRI VILLA",
    "CONTACT": 24488125,
    "CITY": "PUNE",
    "DISTRICT": "PUNE",
    "STATE": "MAHARASHTRA"
  },
  "NUCB0000138": {
    "BANK": "NAGAR URBAN CO OPERATIVE BANK",
    "IFSC": "NUCB0000138",
    "BRANCH": "SHIRDI",
    "ADDRESS": "SAI NAGARI PATPUR",
    "CONTACT": 255611.0,
    "CITY": "SHIRDI",
    "DISTRICT": "SHIRDI",
    "STATE": "MAHARASHTRA"
  },
  "NUCB0000139": {
    "BANK": "NAGAR URBAN CO OPERATIVE BANK",
    "IFSC": "NUCB0000139",
    "BRANCH": "NASIK",
    "ADDRESS": 1754.0,
    "CONTACT": 2232401,
    "CITY": "NASIK",
    "DISTRICT": "NASIK",
    "STATE": "MAHARASHTRA"
  },
  "NUCB0000140": {
    "BANK": "NAGAR URBAN CO OPERATIVE BANK",
    "IFSC": "NUCB0000140",
    "BRANCH": "KARMALA",
    "ADDRESS": "HOUSE NO 471 NEAR SHANI LANE",
    "CONTACT": 220072.0,
    "CITY": "KARKAMLE",
    "DISTRICT": "KARKAMLE",
    "STATE": "MAHARASHTRA"
  },
  "NUCB0000141": {
    "BANK": "NAGAR URBAN CO OPERATIVE BANK",
    "IFSC": "NUCB0000141",
    "BRANCH": "AURANGABAD",
    "ADDRESS": "2930 BY 5,VIRAJ COMPLEX",
    "CONTACT": 2353112.0,
    "CITY": "AURANGABAD",
    "DISTRICT": "AURANGABAD",
    "STATE": "MAHARASHTRA"
  },
  "NUCB0000142": {
    "BANK": "NAGAR URBAN CO OPERATIVE BANK",
    "IFSC": "NUCB0000142",
    "BRANCH": "CHAKAN",
    "ADDRESS": "H.NO.2382",
    "CONTACT": 24907475,
    "CITY": "CHAKAN",
    "DISTRICT": "CHAKAN",
    "STATE": "MAHARASHTRA"
  },
  "NUCB0000143": {
    "BANK": "NAGAR URBAN CO OPERATIVE BANK",
    "IFSC": "NUCB0000143",
    "BRANCH": "CHANDANNAGAR",
    "ADDRESS": "Z HW E HV UL",
    "CONTACT": 20261902,
    "CITY": "PUNE",
    "DISTRICT": "PUNE",
    "STATE": "MAHARASHTRA"
  },
  "NUCB0000144": {
    "BANK": "NAGAR URBAN CO OPERATIVE BANK",
    "IFSC": "NUCB0000144",
    "BRANCH": "PIMPRI CHINCHWAD",
    "ADDRESS": "CTS NO 790,SAIKAR PLAZA ANNASAHED",
    "CONTACT": 27610230,
    "CITY": "PUNE",
    "DISTRICT": "PUNE",
    "STATE": "MAHARASHTRA"
  },
  "NUCB0000145": {
    "BANK": "NAGAR URBAN CO OPERATIVE BANK",
    "IFSC": "NUCB0000145",
    "BRANCH": "TAKLI MANUR",
    "ADDRESS": "MAIN ROAD",
    "CONTACT": 231180.0,
    "CITY": "PATHARDI",
    "DISTRICT": "PATHARDI",
    "STATE": "MAHARASHTRA"
  },
  "NUCB0000146": {
    "BANK": "NAGAR URBAN CO OPERATIVE BANK",
    "IFSC": "NUCB0000146",
    "BRANCH": "KADA",
    "ADDRESS": "KADA DHAMANGAON ROAD",
    "CONTACT": 239444.0,
    "CITY": "KADA",
    "DISTRICT": "KADA",
    "STATE": "MAHARASHTRA"
  },
  "NUCB0000147": {
    "BANK": "NAGAR URBAN CO OPERATIVE BANK",
    "IFSC": "NUCB0000147",
    "BRANCH": "DAUND",
    "ADDRESS": "SHRIKRUSHNA COMPLEX,CTS NO 1981 1987 TO 1993",
    "CONTACT": 262946.0,
    "CITY": "DAUND",
    "DISTRICT": "DAUND",
    "STATE": "MAHARASHTRA"
  },
  "NUCB0000148": {
    "BANK": "NAGAR URBAN CO OPERATIVE BANK",
    "IFSC": "NUCB0000148",
    "BRANCH": "AALEPHATA",
    "ADDRESS": "KAKADE PLAZA HP PETROL PUMP",
    "CONTACT": 263118.0,
    "CITY": "JUNNAR",
    "DISTRICT": "JUNNAR",
    "STATE": "MAHARASHTRA"
  },
  "NUCB0000149": {
    "BANK": "NAGAR URBAN CO OPERATIVE BANK",
    "IFSC": "NUCB0000149",
    "BRANCH": "SINNER",
    "ADDRESS": "ADISHAKTI NEAR VITHALESHWAR MANDIR",
    "CONTACT": 220387.0,
    "CITY": "SINNAR",
    "DISTRICT": "SINNAR",
    "STATE": "MAHARASHTRA"
  }
}