{
  "PMCB0000002": {
    "BANK": "PUNJAB AND MAHARSHTRA COOPERATIVE BANK",
    "IFSC": "PMCB0000002",
    "BRANCH": "SION",
    "ADDRESS": 240,
    "CONTACT": "24014190",
    "CITY": "MUMBAI",
    "DISTRICT": "GREATER MUMBAI",
    "STATE": "MAHARASHTRA"
  },
  "PMCB0000003": {
    "BANK": "PUNJAB AND MAHARSHTRA COOPERATIVE BANK",
    "IFSC": "PMCB0000003",
    "BRANCH": "VIKHROLI",
    "ADDRESS": 25,
    "CONTACT": "25746984",
    "CITY": "MUMBAI",
    "DISTRICT": "GREATER MUMBAI",
    "STATE": "MAHARASHTRA"
  },
  "PMCB0000004": {
    "BANK": "PUNJAB AND MAHARSHTRA COOPERATIVE BANK",
    "IFSC": "PMCB0000004",
    "BRANCH": "ANDHERI E",
    "ADDRESS": "MAJAS EVERGREEN HSG SOCIETY",
    "CONTACT": "28203196",
    "CITY": "MUMBAI",
    "DISTRICT": "GREATER MUMBAI",
    "STATE": "MAHARASHTRA"
  },
  "PMCB0000005": {
    "BANK": "PUNJAB AND MAHARSHTRA COOPERATIVE BANK",
    "IFSC": "PMCB0000005",
    "BRANCH": "MULUND",
    "ADDRESS": "35-5",
    "CONTACT": "25906235",
    "CITY": "MUMBAI",
    "DISTRICT": "GREATER MUMBAI",
    "STATE": "MAHARASHTRA"
  },
  "PMCB0000006": {
    "BANK": "PUNJAB AND MAHARSHTRA COOPERATIVE BANK",
    "IFSC": "PMCB0000006",
    "BRANCH": "GHATKOPAR",
    "ADDRESS": "GURU NANAK ENGLISH HIGH SCHOOL",
    "CONTACT": "283705",
    "CITY": "MUMBAI",
    "DISTRICT": "GREATER MUMBAI",
    "STATE": "MAHARASHTRA"
  },
  "PMCB0000007": {
    "BANK": "PUNJAB AND MAHARSHTRA COOPERATIVE BANK",
    "IFSC": "PMCB0000007",
    "BRANCH": "BHANDUP",
    "ADDRESS": "SHOP NO. L31 TO L35",
    "CONTACT": "66892000",
    "CITY": "MUMBAI",
    "DISTRICT": "GREATER MUMBAI",
    "STATE": "MAHARASHTRA"
  },
  "PMCB0000008": {
    "BANK": "PUNJAB AND MAHARSHTRA COOPERATIVE BANK",
    "IFSC": "PMCB0000008",
    "BRANCH": "VERSOVA",
    "ADDRESS": "SHOP NO. 1/FLAT NO. 7",
    "CONTACT": "26373841",
    "CITY": "MUMBAI",
    "DISTRICT": "GREATER MUMBAI",
    "STATE": "MAHARASHTRA"
  },
  "PMCB0000009": {
    "BANK": "PUNJAB AND MAHARSHTRA COOPERATIVE BANK",
    "IFSC": "PMCB0000009",
    "BRANCH": "KANDIVALI",
    "ADDRESS": "NEAR MAHENDRA &  MAHENDRA YELLOW GATE",
    "CONTACT": "29651720",
    "CITY": "MUMBAI",
    "DISTRICT": "GREATER MUMBAI",
    "STATE": "MAHARASHTRA"
  },
  "PMCB0000010": {
    "BANK": "PUNJAB AND MAHARSHTRA COOPERATIVE BANK",
    "IFSC": "PMCB0000010",
    "BRANCH": "CARNAC",
    "ADDRESS": "OFFICE AT 66B",
    "CONTACT": "23483905",
    "CITY": "MUMBAI",
    "DISTRICT": "GREATER MUMBAI",
    "STATE": "MAHARASHTRA"
  },
  "PMCB0000011": {
    "BANK": "PUNJAB AND MAHARSHTRA COOPERATIVE BANK",
    "IFSC": "PMCB0000011",
    "BRANCH": "OSHIWARA",
    "ADDRESS": "27 & 28",
    "CONTACT": "26302426",
    "CITY": "MUMBAI",
    "DISTRICT": "GREATER MUMBAI",
    "STATE": "MAHARASHTRA"
  },
  "PMCB0000012": {
    "BANK": "PUNJAB AND MAHARSHTRA COOPERATIVE BANK",
    "IFSC": "PMCB0000012",
    "BRANCH": "KOPARKHAIRANE",
    "ADDRESS": "PLOT NO. 88",
    "CONTACT": "27546539",
    "CITY": "KOPARKHAIRANE",
    "DISTRICT": "RAIGAD",
    "STATE": "MAHARASHTRA"
  },
  "PMCB0000013": {
    "BANK": "PUNJAB AND MAHARSHTRA COOPERATIVE BANK",
    "IFSC": "PMCB0000013",
    "BRANCH": "VASAI",
    "ADDRESS": "LINK ROAD",
    "CONTACT": "6457860",
    "CITY": "VASAI",
    "DISTRICT": "THANE",
    "STATE": "MAHARASHTRA"
  },
  "PMCB0000014": {
    "BANK": "PUNJAB AND MAHARSHTRA COOPERATIVE BANK",
    "IFSC": "PMCB0000014",
    "BRANCH": "FORT",
    "ADDRESS": "1ST FLOOR",
    "CONTACT": "66202401",
    "CITY": "MUMBAI",
    "DISTRICT": "GREATER MUMBAI",
    "STATE": "MAHARASHTRA"
  },
  "PMCB0000015": {
    "BANK": "PUNJAB AND MAHARSHTRA COOPERATIVE BANK",
    "IFSC": "PMCB0000015",
    "BRANCH": "BANDRA",
    "ADDRESS": "DHEERAJ CORNER",
    "CONTACT": "26551383",
    "CITY": "MUMBAI",
    "DISTRICT": "GREATER MUMBAI",
    "STATE": "MAHARASHTRA"
  },
  "PMCB0000016": {
    "BANK": "PUNJAB AND MAHARSHTRA COOPERATIVE BANK",
    "IFSC": "PMCB0000016",
    "BRANCH": "CHEMBUR",
    "ADDRESS": "OFFICE NO.1",
    "CONTACT": "25209216",
    "CITY": "MUMBAI",
    "DISTRICT": "GREATER MUMBAI",
    "STATE": "MAHARASHTRA"
  },
  "PMCB0000017": {
    "BANK": "PUNJAB AND MAHARSHTRA COOPERATIVE BANK",
    "IFSC": "PMCB0000017",
    "BRANCH": "VASHI",
    "ADDRESS": "PLOT NO. 51",
    "CONTACT": "27833727",
    "CITY": "VASHI",
    "DISTRICT": "THANE",
    "STATE": "MAHARASHTRA"
  },
  "PMCB0000018": {
    "BANK": "PUNJAB AND MAHARSHTRA COOPERATIVE BANK",
    "IFSC": "PMCB0000018",
    "BRANCH": "AIROLI",
    "ADDRESS": "SHREEJI DHAM",
    "CONTACT": "27604968",
    "CITY": "AIROLI",
    "DISTRICT": "THANE",
    "STATE": "MAHARASHTRA"
  },
  "PMCB0000019": {
    "BANK": "PUNJAB AND MAHARSHTRA COOPERATIVE BANK",
    "IFSC": "PMCB0000019",
    "BRANCH": "KAMOTHE",
    "ADDRESS": "SHOP NO.7 & 9",
    "CONTACT": "27430872",
    "CITY": "KAMOTHE",
    "DISTRICT": "RAIGAD",
    "STATE": "MAHARASHTRA"
  },
  "PMCB0000020": {
    "BANK": "PUNJAB AND MAHARSHTRA COOPERATIVE BANK",
    "IFSC": "PMCB0000020",
    "BRANCH": "KALYAN W",
    "ADDRESS": "SHOP NO. B/5 AND B/13",
    "CONTACT": "6459017",
    "CITY": "KALYAN W",
    "DISTRICT": "THANE",
    "STATE": "MAHARASHTRA"
  },
  "PMCB0000021": {
    "BANK": "PUNJAB AND MAHARSHTRA COOPERATIVE BANK",
    "IFSC": "PMCB0000021",
    "BRANCH": "VIRAR",
    "ADDRESS": "SHOP NO. 6/7/8 AND 9",
    "CONTACT": "2528238",
    "CITY": "VIRAR",
    "DISTRICT": "THANE",
    "STATE": "MAHARASHTRA"
  },
  "PMCB0000022": {
    "BANK": "PUNJAB AND MAHARSHTRA COOPERATIVE BANK",
    "IFSC": "PMCB0000022",
    "BRANCH": "SHIVAJI TALAO BHANDUP",
    "ADDRESS": "SAAZ CINEMA BUILDING",
    "CONTACT": "25954547",
    "CITY": "MUMBAI",
    "DISTRICT": "GREATER MUMBAI",
    "STATE": "MAHARASHTRA"
  },
  "PMCB0000023": {
    "BANK": "PUNJAB AND MAHARSHTRA COOPERATIVE BANK",
    "IFSC": "PMCB0000023",
    "BRANCH": "KOLSHET RD THANE",
    "ADDRESS": "SHOP NO 13 TO 18",
    "CONTACT": "25899174",
    "CITY": "THANE",
    "DISTRICT": "THANE",
    "STATE": "MAHARASHTRA"
  },
  "PMCB0000024": {
    "BANK": "PUNJAB AND MAHARSHTRA COOPERATIVE BANK",
    "IFSC": "PMCB0000024",
    "BRANCH": "NALLASOPARA",
    "ADDRESS": "SHOP NO. 1 TO 4",
    "CONTACT": "2439075",
    "CITY": "NALLASOPARA",
    "DISTRICT": "THANE",
    "STATE": "MAHARASHTRA"
  },
  "PMCB0000025": {
    "BANK": "PUNJAB AND MAHARSHTRA COOPERATIVE BANK",
    "IFSC": "PMCB0000025",
    "BRANCH": "KURLA W",
    "ADDRESS": "WHITE HOUSE",
    "CONTACT": "65738011",
    "CITY": "MUMBAI",
    "DISTRICT": "GREATER MUMBAI",
    "STATE": "MAHARASHTRA"
  },
  "PMCB0000026": {
    "BANK": "PUNJAB AND MAHARSHTRA COOPERATIVE BANK",
    "IFSC": "PMCB0000026",
    "BRANCH": "PANVEL W",
    "ADDRESS": "SHOP NO.3 TO 6",
    "CONTACT": "27480461",
    "CITY": "PANVEL",
    "DISTRICT": "RAIGAD",
    "STATE": "MAHARASHTRA"
  },
  "PMCB0000027": {
    "BANK": "PUNJAB AND MAHARSHTRA COOPERATIVE BANK",
    "IFSC": "PMCB0000027",
    "BRANCH": "BADLAPUR",
    "ADDRESS": "YASHWANT PLAZA",
    "CONTACT": "2696941",
    "CITY": "BADLAPUR",
    "DISTRICT": "THANE",
    "STATE": "MAHARASHTRA"
  },
  "PMCB0000028": {
    "BANK": "PUNJAB AND MAHARSHTRA COOPERATIVE BANK",
    "IFSC": "PMCB0000028",
    "BRANCH": "PALGHAR",
    "ADDRESS": "SHOP NO. 9",
    "CONTACT": "5645844",
    "CITY": "PALGHAR",
    "DISTRICT": "THANE",
    "STATE": "MAHARASHTRA"
  },
  "PMCB0000029": {
    "BANK": "PUNJAB AND MAHARSHTRA COOPERATIVE BANK",
    "IFSC": "PMCB0000029",
    "BRANCH": "AMBERNATH",
    "ADDRESS": "SHOP NO. 7",
    "CONTACT": "2683800",
    "CITY": "AMBERNATH",
    "DISTRICT": "THANE",
    "STATE": "MAHARASHTRA"
  },
  "PMCB0000030": {
    "BANK": "PUNJAB AND MAHARSHTRA COOPERATIVE BANK",
    "IFSC": "PMCB0000030",
    "BRANCH": "DADAR",
    "ADDRESS": "FIRST FLR",
    "CONTACT": "65180355",
    "CITY": "MUMBAI",
    "DISTRICT": "GREATER MUMBAI",
    "STATE": "MAHARASHTRA"
  },
  "PMCB0000031": {
    "BANK": "PUNJAB AND MAHARSHTRA COOPERATIVE BANK",
    "IFSC": "PMCB0000031",
    "BRANCH": "KALYAN E",
    "ADDRESS": "MONARCH CRYSTAL",
    "CONTACT": "6535266",
    "CITY": "KALYAN",
    "DISTRICT": "THANE",
    "STATE": "MAHARASHTRA"
  },
  "PMCB0000032": {
    "BANK": "PUNJAB AND MAHARSHTRA COOPERATIVE BANK",
    "IFSC": "PMCB0000032",
    "BRANCH": "SANTACRUZ W DAULAT NAGAR",
    "ADDRESS": "GROUND FLOOR",
    "CONTACT": "26606730",
    "CITY": "MUMBAI",
    "DISTRICT": "GREATER MUMBAI",
    "STATE": "MAHARASHTRA"
  },
  "PMCB0000033": {
    "BANK": "PUNJAB AND MAHARSHTRA COOPERATIVE BANK",
    "IFSC": "PMCB0000033",
    "BRANCH": "SANTACRUZ W NORTN AVENUE",
    "ADDRESS": "GROUND FLOOR",
    "CONTACT": "26489385",
    "CITY": "MUMBAI",
    "DISTRICT": "GREATER MUMBAI",
    "STATE": "MAHARASHTRA"
  },
  "PMCB0000034": {
    "BANK": "PUNJAB AND MAHARSHTRA COOPERATIVE BANK",
    "IFSC": "PMCB0000034",
    "BRANCH": "THAKURLI EAST",
    "ADDRESS": "RIDDHI PARK B/2",
    "CONTACT": "2470211",
    "CITY": "THAKURLI",
    "DISTRICT": "THANE",
    "STATE": "MAHARASHTRA"
  },
  "PMCB0000035": {
    "BANK": "PUNJAB AND MAHARSHTRA COOPERATIVE BANK",
    "IFSC": "PMCB0000035",
    "BRANCH": "NERUL",
    "ADDRESS": "SHOP NO 26",
    "CONTACT": "27721012",
    "CITY": "NERUL",
    "DISTRICT": "THANE",
    "STATE": "MAHARASHTRA"
  },
  "PMCB0000036": {
    "BANK": "PUNJAB AND MAHARSHTRA COOPERATIVE BANK",
    "IFSC": "PMCB0000036",
    "BRANCH": "SAKI VIHAR",
    "ADDRESS": "SUN SHRISHTI \"A\" CHS LTD SHOP 1",
    "CONTACT": "28571473",
    "CITY": "MUMBAI",
    "DISTRICT": "GREATER MUMBAI",
    "STATE": "MAHARASHTRA"
  },
  "PMCB0000037": {
    "BANK": "PUNJAB AND MAHARSHTRA COOPERATIVE BANK",
    "IFSC": "PMCB0000037",
    "BRANCH": "BRAHMAND SOCIETY THANE",
    "ADDRESS": "SHOP NO. 5 & 6",
    "CONTACT": "25841530",
    "CITY": "THANE",
    "DISTRICT": "THANE",
    "STATE": "MAHARASHTRA"
  },
  "PMCB0000038": {
    "BANK": "PUNJAB AND MAHARSHTRA COOPERATIVE BANK",
    "IFSC": "PMCB0000038",
    "BRANCH": "ANDHERI EAST",
    "ADDRESS": "KALEDONIA COMM COMPLEX,KOLDONGRI ROAD, VIJAY NAGAR, ANDHERI EAST , MUMBAI 400058",
    "CONTACT": "2683347",
    "CITY": "MUMBAI",
    "DISTRICT": "GREATER BOMBAY",
    "STATE": "MAHARASHTRA"
  },
  "PMCB0000039": {
    "BANK": "PUNJAB AND MAHARSHTRA COOPERATIVE BANK",
    "IFSC": "PMCB0000039",
    "BRANCH": "ROADPALI",
    "ADDRESS": "SHOP NO. 12A & 14",
    "CONTACT": "60026334",
    "CITY": "ROADPALI",
    "DISTRICT": "RAIGAD",
    "STATE": "MAHARASHTRA"
  },
  "PMCB0000040": {
    "BANK": "PUNJAB AND MAHARSHTRA COOPERATIVE BANK",
    "IFSC": "PMCB0000040",
    "BRANCH": "DAHISAR",
    "ADDRESS": "SHREE BHASKAR APARTMENT",
    "CONTACT": "60022016",
    "CITY": "DAHISAR",
    "DISTRICT": "THANE",
    "STATE": "MAHARASHTRA"
  },
  "PMCB0000041": {
    "BANK": "PUNJAB AND MAHARSHTRA COOPERATIVE BANK",
    "IFSC": "PMCB0000041",
    "BRANCH": "KANJURMARG",
    "ADDRESS": "SHRI CUTCHHI BRAHMAKSHATRIYA PANCHAYAT TRUST",
    "CONTACT": "25779221",
    "CITY": "MUMBAI",
    "DISTRICT": "GREATER MUMBAI",
    "STATE": "MAHARASHTRA"
  },
  "PMCB0000042": {
    "BANK": "PUNJAB AND MAHARSHTRA COOPERATIVE BANK",
    "IFSC": "PMCB0000042",
    "BRANCH": "KHARGHAR",
    "ADDRESS": "SHOP NO. 1",
    "CONTACT": "60026337",
    "CITY": "KHARGHAR",
    "DISTRICT": "RAIGAD",
    "STATE": "MAHARASHTRA"
  },
  "PMCB0000043": {
    "BANK": "PUNJAB AND MAHARSHTRA COOPERATIVE BANK",
    "IFSC": "PMCB0000043",
    "BRANCH": "GHANSOLI",
    "ADDRESS": "SHOP NO. 1 TO 16",
    "CONTACT": "65271423",
    "CITY": "GHANSOLI",
    "DISTRICT": "THANE",
    "STATE": "MAHARASHTRA"
  },
  "PMCB0000044": {
    "BANK": "PUNJAB AND MAHARSHTRA COOPERATIVE BANK",
    "IFSC": "PMCB0000044",
    "BRANCH": "KAVESAR THANE",
    "ADDRESS": "SHOP NO- 10A",
    "CONTACT": "65180319",
    "CITY": "THANE",
    "DISTRICT": "THANE",
    "STATE": "MAHARASHTRA"
  },
  "PMCB0000045": {
    "BANK": "PUNJAB AND MAHARSHTRA COOPERATIVE BANK",
    "IFSC": "PMCB0000045",
    "BRANCH": "KASARVADAVALI THANE",
    "ADDRESS": "GROUND FLOOR",
    "CONTACT": "65180246",
    "CITY": "THANE",
    "DISTRICT": "THANE",
    "STATE": "MAHARASHTRA"
  },
  "PMCB0000046": {
    "BANK": "PUNJAB AND MAHARSHTRA COOPERATIVE BANK",
    "IFSC": "PMCB0000046",
    "BRANCH": "VILLAGE NARANGI",
    "ADDRESS": "GR. FLOOR",
    "CONTACT": "9223653500",
    "CITY": "VIRAR",
    "DISTRICT": "THANE",
    "STATE": "MAHARASHTRA"
  },
  "PMCB0000047": {
    "BANK": "PUNJAB AND MAHARSHTRA COOPERATIVE BANK",
    "IFSC": "PMCB0000047",
    "BRANCH": "MIRA ROAD",
    "ADDRESS": "SHOP NO.- 5",
    "CONTACT": "28120059",
    "CITY": "MIRA ROAD",
    "DISTRICT": "THANE",
    "STATE": "MAHARASHTRA"
  },
  "PMCB0000048": {
    "BANK": "PUNJAB AND MAHARSHTRA COOPERATIVE BANK",
    "IFSC": "PMCB0000048",
    "BRANCH": "MAJIWADE THANE",
    "ADDRESS": "ASHER RESIDENCY,POKHRAN ROAD,MAJIWADE THANE WEST 400610",
    "CONTACT": "21719941",
    "CITY": "THANE",
    "DISTRICT": "THANE",
    "STATE": "MAHARASHTRA"
  },
  "PMCB0000049": {
    "BANK": "PUNJAB AND MAHARSHTRA COOPERATIVE BANK",
    "IFSC": "PMCB0000049",
    "BRANCH": "WAGHLE ESTATE THANE",
    "ADDRESS": "SHOP NO 4 AND 5,QUANTUM IT PARK,ROAD NO 16,NEAR KISAN NAGAR WAGHLE ESTATE THNAE WEST 400610",
    "CONTACT": "25806270",
    "CITY": "THANE",
    "DISTRICT": "THANE",
    "STATE": "MAHARASHTRA"
  },
  "PMCB0000050": {
    "BANK": "PUNJAB AND MAHARSHTRA COOPERATIVE BANK",
    "IFSC": "PMCB0000050",
    "BRANCH": "J B NAGAR ANDHERI",
    "ADDRESS": "UNIT NO G1 AND G2, A WING, SILVER ASTRA,CTS NO 468 C, J B NAGAR,ANDHERI EAST MUMBAI 400059",
    "CONTACT": "8879619603",
    "CITY": "MUMBAI",
    "DISTRICT": "GREATER MUMBAI",
    "STATE": "MAHARASHTRA"
  },
  "PMCB0000051": {
    "BANK": "PUNJAB AND MAHARSHTRA COOPERATIVE BANK",
    "IFSC": "PMCB0000051",
    "BRANCH": "ULHASNAGAR",
    "ADDRESS": "BAHRANI PRIDE, SHOP NO A,STATION ROAD,NEAR CHM COLLEGE,ULHASNAGAR THANE 421003",
    "CONTACT": "2734832",
    "CITY": "ULHASNAGAR",
    "DISTRICT": "THANE",
    "STATE": "MAHARASHTRA"
  },
  "PMCB0000052": {
    "BANK": "PUNJAB AND MAHARSHTRA COOPERATIVE BANK",
    "IFSC": "PMCB0000052",
    "BRANCH": "KASHI VILLAGE THANE",
    "ADDRESS": "MANSHI CLASSICS, SURVEY NO 6 1, HISSA NO 1, ZARI MARI ROAD NEAR TALAB, KASHI VILLAGE THANE 401107",
    "CONTACT": "9323375087",
    "CITY": "THANE",
    "DISTRICT": "THANE",
    "STATE": "MAHARASHTRA"
  },
  "PMCB0000053": {
    "BANK": "PUNJAB AND MAHARSHTRA COOPERATIVE BANK",
    "IFSC": "PMCB0000053",
    "BRANCH": "GOREGAON WEST",
    "ADDRESS": "SHOP NO 66 AND 69 GROUND FLOOR AND FIRST FLOOR, HARMONY LINK ROAD, GOREGAON WEST,MUMBAI 400104",
    "CONTACT": "9167015757",
    "CITY": "MUMBAI",
    "DISTRICT": "GREATER BOMBAY",
    "STATE": "MAHARASHTRA"
  },
  "PMCB0000054": {
    "BANK": "PUNJAB AND MAHARSHTRA COOPERATIVE BANK",
    "IFSC": "PMCB0000054",
    "BRANCH": "GOREGAON EAST",
    "ADDRESS": "6 B1 SUPRIYA HOUSE GAGAN SHOPPING COMPLEX,GOKULDHAM ROAD GOREGAON EAST MUMBAI 400063",
    "CONTACT": "8879785252",
    "CITY": "MUMBAI",
    "DISTRICT": "GREATER BOMBAY",
    "STATE": "MAHARASHTRA"
  },
  "PMCB0000055": {
    "BANK": "PUNJAB AND MAHARSHTRA COOPERATIVE BANK",
    "IFSC": "PMCB0000055",
    "BRANCH": "BORIVALI EAST",
    "ADDRESS": "SHOP NO 1 TO 5 GROUND FLOOR, GANGADHAR NAGAR CHS LTD, SHRI KRISHNA NAGAR BORIVALI EAST MUMBAI 400066",
    "CONTACT": "9820808284",
    "CITY": "MUMBAI",
    "DISTRICT": "GREATER BOMBAY",
    "STATE": "MAHARASHTRA"
  },
  "PMCB0000056": {
    "BANK": "PUNJAB AND MAHARSHTRA COOPERATIVE BANK",
    "IFSC": "PMCB0000056",
    "BRANCH": "BHANDUP WEST",
    "ADDRESS": "GROUND FLR AND FIRST FLR, SHOP NO 102 103, THAKKAR HEIGHTS, NEAR NAHUR STATTION VILLAGE ROAD,BHANDUP WEST MUMBAI 400078",
    "CONTACT": "9870302113",
    "CITY": "MUMBAI",
    "DISTRICT": "GREATER BOMBAY",
    "STATE": "MAHARASHTRA"
  },
  "PMCB0000057": {
    "BANK": "PUNJAB AND MAHARSHTRA COOPERATIVE BANK",
    "IFSC": "PMCB0000057",
    "BRANCH": "VIKHROLI EAST",
    "ADDRESS": "BUILDING NO 30 31 A B C,KANNAMWAR NAGAR,VIKHROLI EAST,MUMBAI 400083",
    "CONTACT": "9833846966",
    "CITY": "GREATER BOMBAY",
    "DISTRICT": "GREATER BOMBAY",
    "STATE": "MAHARASHTRA"
  },
  "PMCB0000058": {
    "BANK": "PUNJAB AND MAHARSHTRA COOPERATIVE BANK",
    "IFSC": "PMCB0000058",
    "BRANCH": "GURUDWARA RAOLI CAMP",
    "ADDRESS": "GROUND FLOOR GURUDWARA RAOLI CAMP GTB NAGAR SION EAST MUMBAI 400037",
    "CONTACT": "24010268",
    "CITY": "MUMBAI",
    "DISTRICT": "GREATER BOMBAY",
    "STATE": "MAHARASHTRA"
  },
  "PMCB0000059": {
    "BANK": "PUNJAB AND MAHARSHTRA COOPERATIVE BANK",
    "IFSC": "PMCB0000059",
    "BRANCH": "MAROL ANDHERI EAST",
    "ADDRESS": "SHOP NUMBER 1 GROUND FLOOR A WING TWIN C 1 BUILDING ORCHID BUSINESS PARK MILITARY ROAD MAROL ANDHERI EAST MUMBAI 400093",
    "CONTACT": "9004299992",
    "CITY": "MUMBAI",
    "DISTRICT": "GREATER BOMBAY",
    "STATE": "MAHARASHTRA"
  },
  "PMCB0000060": {
    "BANK": "PUNJAB AND MAHARSHTRA COOPERATIVE BANK",
    "IFSC": "PMCB0000060",
    "BRANCH": "GHATKOPAR WEST",
    "ADDRESS": "SHOP NO 6 7 8 GROUND FLOOR KARAN APARTMENT PLOT NO B2 AMRUT NAGAR GHATKOPAR WEST MUMBAI 400086",
    "CONTACT": "9930812299",
    "CITY": "MUMBAI",
    "DISTRICT": "GREATER BOMBAY",
    "STATE": "MAHARASHTRA"
  },
  "PMCB0000061": {
    "BANK": "PUNJAB AND MAHARSHTRA COOPERATIVE BANK",
    "IFSC": "PMCB0000061",
    "BRANCH": "BHAYNDER EAST",
    "ADDRESS": "SHOP NO 3 TO 9 SHIV PRASAD 1 INDRALOK PHASE II A BHAYNDER EAST 401105",
    "CONTACT": "9930100497",
    "CITY": "MUMBAI",
    "DISTRICT": "GREATER BOMBAY",
    "STATE": "MAHARASHTRA"
  },
  "PMCB0000062": {
    "BANK": "PUNJAB AND MAHARSHTRA COOPERATIVE BANK",
    "IFSC": "PMCB0000062",
    "BRANCH": "BORIVALI WEST",
    "ADDRESS": "SHOP NO 2 AHCL HOMES BUILDING LINK ROAD BORIVALI W MUMBAI 400092",
    "CONTACT": "9930368818",
    "CITY": "MUMBAI",
    "DISTRICT": "GREATER BOMBAY",
    "STATE": "MAHARASHTRA"
  },
  "PMCB0000063": {
    "BANK": "PUNJAB AND MAHARSHTRA COOPERATIVE BANK",
    "IFSC": "PMCB0000063",
    "BRANCH": "ADIVALI DHAKOLI KALYAN EAST",
    "ADDRESS": "SHOP NUMBER 5 AND 6 PARVATI PLAZA ADIVALI DHOKALI MALANG ROAD KALYAN EAST THANE 421306",
    "CONTACT": "9019085223",
    "CITY": "KALYAN",
    "DISTRICT": "THANE",
    "STATE": "MAHARASHTRA"
  },
  "PMCB0000064": {
    "BANK": "PUNJAB AND MAHARSHTRA COOPERATIVE BANK",
    "IFSC": "PMCB0000064",
    "BRANCH": "MALAD WEST",
    "ADDRESS": "SHOP NO 5 AND 6 GROUND FLOOR A WING NAZARENE APARTMENT MARVE ROAD KHARODI MALAD WEST MUMBAI 400095",
    "CONTACT": "9892873242",
    "CITY": "MUMBAI",
    "DISTRICT": "GREATER BOMBAY",
    "STATE": "MAHARASHTRA"
  },
  "PMCB0000065": {
    "BANK": "PUNJAB AND MAHARSHTRA COOPERATIVE BANK",
    "IFSC": "PMCB0000065",
    "BRANCH": "DIVA EAST",
    "ADDRESS": "SHOP NO 1 2 AND 3 SHREEKRISHNA PARK GROUND FLOOR C WING DIVA SHIL ROAD DIVA EAST THANE 400612",
    "CONTACT": "9886480670",
    "CITY": "THANE",
    "DISTRICT": "THANE",
    "STATE": "MAHARASHTRA"
  },
  "PMCB0000066": {
    "BANK": "PUNJAB AND MAHARSHTRA COOPERATIVE BANK",
    "IFSC": "PMCB0000066",
    "BRANCH": "BHIWANDI",
    "ADDRESS": "BLOCK NO 2 GROUND FLOOR PAVANPUTRA ENCLAVE THANE BHWANDI ROAD KALHER BHIWANDI THANE 421302",
    "CONTACT": "9892696072",
    "CITY": "BHIWANDI",
    "DISTRICT": "THANE",
    "STATE": "MAHARASHTRA"
  },
  "PMCB0000067": {
    "BANK": "PUNJAB AND MAHARSHTRA COOPERATIVE BANK",
    "IFSC": "PMCB0000067",
    "BRANCH": "TALOJA",
    "ADDRESS": "SHOP NO 1 2 3 KEYSTONE ARISTA PLOT NO 149 SECTOR 10 PANCHNAND NAGAR TALOJA NAVI MUMBAI DIST RAIGAD 410208",
    "CONTACT": "9987664949",
    "CITY": "TALOJA",
    "DISTRICT": "RAIGAD",
    "STATE": "MAHARASHTRA"
  },
  "PMCB0000068": {
    "BANK": "PUNJAB AND MAHARSHTRA COOPERATIVE BANK",
    "IFSC": "PMCB0000068",
    "BRANCH": "MALAD EAST",
    "ADDRESS": "SHOP NO 4 SHAH NO 4 HOUSECON COMPOSITE NO 10 BASEMENT AND GROUND FLOOR RANI SATI MARG KURAR VILLAGE MALAD EAST MUMBAI 400097",
    "CONTACT": "9920710033",
    "CITY": "MUMBAI",
    "DISTRICT": "GREATER BOMBAY",
    "STATE": "MAHARASHTRA"
  },
  "PMCB0000069": {
    "BANK": "PUNJAB AND MAHARSHTRA COOPERATIVE BANK",
    "IFSC": "PMCB0000069",
    "BRANCH": "KALWA",
    "ADDRESS": "SHOP NO 2 3 4 5 SHIV ASHISH COOP HSG SOC LTD OLD BELAPUR ROAD KALWA THANE 400605",
    "CONTACT": "7045685947",
    "CITY": "THANE",
    "DISTRICT": "THANE",
    "STATE": "MAHARASHTRA"
  },
  "PMCB0000070": {
    "BANK": "PUNJAB AND MAHARSHTRA COOPERATIVE BANK",
    "IFSC": "PMCB0000070",
    "BRANCH": "ULWE",
    "ADDRESS": "SHOP NO 6 7 8 SAI SAPHIRE PLOT NO 178 AND 180 SECTOR 20 ULWE NAVI MUMBAI 410206",
    "CONTACT": "7045598362",
    "CITY": "NAVI MUMBAI",
    "DISTRICT": "RAIGAD",
    "STATE": "MAHARASHTRA"
  },
  "PMCB0000071": {
    "BANK": "PUNJAB AND MAHARSHTRA COOPERATIVE BANK",
    "IFSC": "PMCB0000071",
    "BRANCH": "BOISAR EAST",
    "ADDRESS": "SHOP NO 21 TO 25 OSTWAL WONDER CITY BUILDING NO A1 BHUMAPAN GUT NO 172 158 AND 156 WONDER CITY BOISAR EAST TALUKA PALGHAR 401501",
    "CONTACT": "9903068823",
    "CITY": "BOISAR",
    "DISTRICT": "THANE",
    "STATE": "MAHARASHTRA"
  },
  "PMCB0000072": {
    "BANK": "PUNJAB AND MAHARSHTRA COOPERATIVE BANK",
    "IFSC": "PMCB0000072",
    "BRANCH": "NERUL EAST",
    "ADDRESS": "SHOP NO 1 AND 2 F-1 PLOT NO 3 SECTOR 11 NEUL EAST NAVI MUMBAI-400706",
    "CONTACT": "9930368830",
    "CITY": "NAVI MUMBAI",
    "DISTRICT": "THANE",
    "STATE": "MAHARASHTRA"
  },
  "PMCB0000073": {
    "BANK": "PUNJAB AND MAHARSHTRA COOPERATIVE BANK",
    "IFSC": "PMCB0000073",
    "BRANCH": "DOMBIVLI WEST",
    "ADDRESS": "GROUND FLOOR SHRI RAJENDRA CHS LTD SHASTRI NAGAR PANDIT DEENDAYAL ROAD DOMBIVLI WEST DIST THANE 421202",
    "CONTACT": "9969138805",
    "CITY": "DOMBIVLI",
    "DISTRICT": "THANE",
    "STATE": "MAHARASHTRA"
  },
  "PMCB0000074": {
    "BANK": "PUNJAB AND MAHARSHTRA COOPERATIVE BANK",
    "IFSC": "PMCB0000074",
    "BRANCH": "DHARAVI",
    "ADDRESS": "FIRST FLOOR DHURI TOWERS BUILDING NO 1 WING A 90 FT ROAD DHARAVI MUMBAI 400017",
    "CONTACT": "9619850487",
    "CITY": "MUMBAI",
    "DISTRICT": "GREATER BOMBAY",
    "STATE": "MAHARASHTRA"
  },
  "PMCB0000075": {
    "BANK": "PUNJAB AND MAHARSHTRA COOPERATIVE BANK",
    "IFSC": "PMCB0000075",
    "BRANCH": "YESHWANT NAGAR VIRAR WEST",
    "ADDRESS": "HOUSE NO B SURVEY NO 343 GROUND FLOOR AMEYA CLASSIC CLUB YESHWANT NAGAR VILLAGE BOLINJ VIRAR WEST TAL VASAI DIST PALGHAR 401303",
    "CONTACT": "9930368823",
    "CITY": "VIRAR",
    "DISTRICT": "PLAGHAR",
    "STATE": "MAHARASHTRA"
  },
  "PMCB0000152": {
    "BANK": "PUNJAB AND MAHARSHTRA COOPERATIVE BANK",
    "IFSC": "PMCB0000152",
    "BRANCH": "KHOPOLI",
    "ADDRESS": "PLOT CTS NO. 3553 & 3554",
    "CONTACT": "265756",
    "CITY": "KHOPOLI",
    "DISTRICT": "RAIGAD",
    "STATE": "MAHARASHTRA"
  },
  "PMCB0000203": {
    "BANK": "PUNJAB AND MAHARSHTRA COOPERATIVE BANK",
    "IFSC": "PMCB0000203",
    "BRANCH": "STATION ROAD",
    "ADDRESS": 511,
    "CONTACT": "231",
    "CITY": "KOLHAPUR",
    "DISTRICT": "KOLHAPUR",
    "STATE": "MAHARASHTRA"
  },
  "PMCB0000204": {
    "BANK": "PUNJAB AND MAHARSHTRA COOPERATIVE BANK",
    "IFSC": "PMCB0000204",
    "BRANCH": "RAJARAMPURI",
    "ADDRESS": 1783,
    "CONTACT": "6624500",
    "CITY": "KOLHAPUR",
    "DISTRICT": "KOLHAPUR",
    "STATE": "MAHARASHTRA"
  },
  "PMCB0000205": {
    "BANK": "PUNJAB AND MAHARSHTRA COOPERATIVE BANK",
    "IFSC": "PMCB0000205",
    "BRANCH": "RUIKAR COLONY",
    "ADDRESS": "PLOT NO. 135",
    "CONTACT": "6624600",
    "CITY": "KOLHAPUR",
    "DISTRICT": "KOLHAPUR",
    "STATE": "MAHARASHTRA"
  },
  "PMCB0000207": {
    "BANK": "PUNJAB AND MAHARSHTRA COOPERATIVE BANK",
    "IFSC": "PMCB0000207",
    "BRANCH": "SHIVAJI PETH",
    "ADDRESS": 2402,
    "CONTACT": "6456318",
    "CITY": "KOLHAPUR",
    "DISTRICT": "KOLHAPUR",
    "STATE": "MAHARASHTRA"
  },
  "PMCB0000211": {
    "BANK": "PUNJAB AND MAHARSHTRA COOPERATIVE BANK",
    "IFSC": "PMCB0000211",
    "BRANCH": "KIT KOLHAPUR",
    "ADDRESS": "KIT COLLEGE GOKUL SHIRGAON TALUKA KARVEER DIST KOLHAPUR 416234",
    "CONTACT": "6454453",
    "CITY": "KOLHAPUR",
    "DISTRICT": "KOLHAPUR",
    "STATE": "MAHARASHTRA"
  },
  "PMCB0000214": {
    "BANK": "PUNJAB AND MAHARSHTRA COOPERATIVE BANK",
    "IFSC": "PMCB0000214",
    "BRANCH": "PSMB KOLHAPUR",
    "ADDRESS": "1061 WARD A PRINCE SHIVAJI MARATHA BOARDING NEW COLLEGE ROAD SHIVAJI PETH KOLHAPUR 416012",
    "CONTACT": "6454451",
    "CITY": "KOLHAPUR",
    "DISTRICT": "KOLHAPUR",
    "STATE": "MAHARASHTRA"
  },
  "PMCB0000222": {
    "BANK": "PUNJAB AND MAHARSHTRA COOPERATIVE BANK",
    "IFSC": "PMCB0000222",
    "BRANCH": "JALANA ROAD AURANGABAD",
    "ADDRESS": "BAGGA CHAMBERS",
    "CONTACT": "2320111",
    "CITY": "AURANGABAD",
    "DISTRICT": "AURANGABAD",
    "STATE": "MAHARASHTRA"
  },
  "PMCB0000223": {
    "BANK": "PUNJAB AND MAHARSHTRA COOPERATIVE BANK",
    "IFSC": "PMCB0000223",
    "BRANCH": "OSMANPURA AURANGABAD",
    "ADDRESS": "PLOT NO-1",
    "CONTACT": "6420555",
    "CITY": "AURANGABAD",
    "DISTRICT": "AURANGABAD",
    "STATE": "MAHARASHTRA"
  },
  "PMCB0000232": {
    "BANK": "PUNJAB AND MAHARSHTRA COOPERATIVE BANK",
    "IFSC": "PMCB0000232",
    "BRANCH": "NANDED",
    "ADDRESS": "SHOP NO. 3-6-281",
    "CONTACT": "232544",
    "CITY": "NANDED",
    "DISTRICT": "NANDED",
    "STATE": "MAHARASHTRA"
  },
  "PMCB0000242": {
    "BANK": "PUNJAB AND MAHARSHTRA COOPERATIVE BANK",
    "IFSC": "PMCB0000242",
    "BRANCH": "DANGE CHAWK",
    "ADDRESS": "SHOP NO. 1 TO 4",
    "CONTACT": "65108109",
    "CITY": "PUNE",
    "DISTRICT": "PUNE",
    "STATE": "MAHARASHTRA"
  },
  "PMCB0000243": {
    "BANK": "PUNJAB AND MAHARSHTRA COOPERATIVE BANK",
    "IFSC": "PMCB0000243",
    "BRANCH": "RAHATANI",
    "ADDRESS": "SHOP NO. 9 TO 10",
    "CONTACT": "65108112",
    "CITY": "PUNE",
    "DISTRICT": "PUNE",
    "STATE": "MAHARASHTRA"
  },
  "PMCB0000244": {
    "BANK": "PUNJAB AND MAHARSHTRA COOPERATIVE BANK",
    "IFSC": "PMCB0000244",
    "BRANCH": "BANER",
    "ADDRESS": "SANSKRUTI HOMES",
    "CONTACT": "65111617",
    "CITY": "PUNE",
    "DISTRICT": "PUNE",
    "STATE": "MAHARASHTRA"
  },
  "PMCB0000245": {
    "BANK": "PUNJAB AND MAHARSHTRA COOPERATIVE BANK",
    "IFSC": "PMCB0000245",
    "BRANCH": "PASHAN",
    "ADDRESS": "GROUND FLOOR",
    "CONTACT": "65212777",
    "CITY": "PUNE",
    "DISTRICT": "PUNE",
    "STATE": "MAHARASHTRA"
  },
  "PMCB0000246": {
    "BANK": "PUNJAB AND MAHARSHTRA COOPERATIVE BANK",
    "IFSC": "PMCB0000246",
    "BRANCH": "HINJEWADI",
    "ADDRESS": "HINJEWADI -- SURVEY NO-145",
    "CONTACT": "65310666",
    "CITY": "PUNE",
    "DISTRICT": "PUNE",
    "STATE": "MAHARASHTRA"
  },
  "PMCB0000247": {
    "BANK": "PUNJAB AND MAHARSHTRA COOPERATIVE BANK",
    "IFSC": "PMCB0000247",
    "BRANCH": "RAVET",
    "ADDRESS": "SHOP NO-2 TO 5",
    "CONTACT": "9890640090",
    "CITY": "PUNE",
    "DISTRICT": "PUNE",
    "STATE": "MAHARASHTRA"
  },
  "PMCB0000248": {
    "BANK": "PUNJAB AND MAHARSHTRA COOPERATIVE BANK",
    "IFSC": "PMCB0000248",
    "BRANCH": "WAKAD",
    "ADDRESS": "SHRI KRIPA",
    "CONTACT": "65115444",
    "CITY": "PUNE",
    "DISTRICT": "PUNE",
    "STATE": "MAHARASHTRA"
  },
  "PMCB0000249": {
    "BANK": "PUNJAB AND MAHARSHTRA COOPERATIVE BANK",
    "IFSC": "PMCB0000249",
    "BRANCH": "KALEWADI",
    "ADDRESS": "SAI SANKUL,OPP DHANGAR BABA MANDIR,KALEWADI MAIN ROAD KALEWADI PIMPRI PUNE 411017",
    "CONTACT": "65101185",
    "CITY": "PUNE",
    "DISTRICT": "PUNE",
    "STATE": "MAHARASHTRA"
  },
  "PMCB0000250": {
    "BANK": "PUNJAB AND MAHARSHTRA COOPERATIVE BANK",
    "IFSC": "PMCB0000250",
    "BRANCH": "KASPHATE VASTI",
    "ADDRESS": "SHOP NO 201 3 SUKHWANI CALLISTO,NEAR PUMPKIN PATCH SCHOOL,KASPHATE VASTI,WAKAD PUNE 411057",
    "CONTACT": "9960033368",
    "CITY": "PUNE",
    "DISTRICT": "PUNE",
    "STATE": "MAHARASHTRA"
  },
  "PMCB0000251": {
    "BANK": "PUNJAB AND MAHARSHTRA COOPERATIVE BANK",
    "IFSC": "PMCB0000251",
    "BRANCH": "SPINE CITY MOSHI",
    "ADDRESS": "SHOP NO 20 AND 21, A WING, GROUND FLOOR, SPINE CITY, PLOT NO LC 1, SECTOR 9 ,PCNDTA, MOSHI PUNE 412105",
    "CONTACT": "7506251180",
    "CITY": "PUNE",
    "DISTRICT": "PUNE",
    "STATE": "MAHARASHTRA"
  },
  "PMCB0000252": {
    "BANK": "PUNJAB AND MAHARSHTRA COOPERATIVE BANK",
    "IFSC": "PMCB0000252",
    "BRANCH": "CANADA CORNER",
    "ADDRESS": "SHOP NO.15 TO 18 GOOLMOHAR SOCIETY",
    "CONTACT": "6577018",
    "CITY": "NASHIK",
    "DISTRICT": "NASHIK",
    "STATE": "MAHARASHTRA"
  },
  "PMCB0000253": {
    "BANK": "PUNJAB AND MAHARSHTRA COOPERATIVE BANK",
    "IFSC": "PMCB0000253",
    "BRANCH": "SHIVAJI NAGAR",
    "ADDRESS": "SHOP NO. G-10A &10B. SUYOGIT ARCADE",
    "CONTACT": "2415968",
    "CITY": "NASHIK",
    "DISTRICT": "NASHIK",
    "STATE": "MAHARASHTRA"
  },
  "PMCB0000262": {
    "BANK": "PUNJAB AND MAHARSHTRA COOPERATIVE BANK",
    "IFSC": "PMCB0000262",
    "BRANCH": "RATNAGIRI",
    "ADDRESS": "VYANKATESH EXECUTIVE",
    "CONTACT": "2352270202",
    "CITY": "RATNAGIRI",
    "DISTRICT": "RATNAGIRI",
    "STATE": "MAHARASHTRA"
  },
  "PMCB0000292": {
    "BANK": "PUNJAB AND MAHARSHTRA COOPERATIVE BANK",
    "IFSC": "PMCB0000292",
    "BRANCH": "CARANZALEM",
    "ADDRESS": "HERITAGE SYMPHONY",
    "CONTACT": "2463131",
    "CITY": "CARANZALEM",
    "DISTRICT": "GOA",
    "STATE": "GOA"
  },
  "PMCB0000293": {
    "BANK": "PUNJAB AND MAHARSHTRA COOPERATIVE BANK",
    "IFSC": "PMCB0000293",
    "BRANCH": "PONDA",
    "ADDRESS": "SHOP NO 1",
    "CONTACT": "2311354",
    "CITY": "PONDA",
    "DISTRICT": "GOA",
    "STATE": "GOA"
  },
  "PMCB0000294": {
    "BANK": "PUNJAB AND MAHARSHTRA COOPERATIVE BANK",
    "IFSC": "PMCB0000294",
    "BRANCH": "PORVORIM",
    "ADDRESS": "SOCOILEM GALUEM",
    "CONTACT": "8380013517",
    "CITY": "PORVORIM",
    "DISTRICT": "GOA",
    "STATE": "GOA"
  },
  "PMCB0000295": {
    "BANK": "PUNJAB AND MAHARSHTRA COOPERATIVE BANK",
    "IFSC": "PMCB0000295",
    "BRANCH": "MAPUSA - PEDEM",
    "ADDRESS": "SHOP NO S-4A",
    "CONTACT": "2252214",
    "CITY": "MAPUSA - PEDEM",
    "DISTRICT": "GOA",
    "STATE": "GOA"
  },
  "PMCB0000296": {
    "BANK": "PUNJAB AND MAHARSHTRA COOPERATIVE BANK",
    "IFSC": "PMCB0000296",
    "BRANCH": "MARGAO",
    "ADDRESS": "SHOPS ON LOWER GROUND & UPPER GROUND",
    "CONTACT": "8380013521",
    "CITY": "MARGAO",
    "DISTRICT": "GOA",
    "STATE": "GOA"
  },
  "PMCB0000297": {
    "BANK": "PUNJAB AND MAHARSHTRA COOPERATIVE BANK",
    "IFSC": "PMCB0000297",
    "BRANCH": "DABOLIM",
    "ADDRESS": "SHOP NO 22 23 24 25 BUILDING NO 4 PRABHUS SKY PANAROMICS ALTO DABOLIM MORMUGAO GOA 403801",
    "CONTACT": "9930368808",
    "CITY": "DABOLIM",
    "DISTRICT": "SOUTH GOA",
    "STATE": "GOA"
  },
  "PMCB0000302": {
    "BANK": "PUNJAB AND MAHARSHTRA COOPERATIVE BANK",
    "IFSC": "PMCB0000302",
    "BRANCH": "SIRSI",
    "ADDRESS": "C P BAZAR SIRSI DIST NORTH CANARA  KARNATAKA 581",
    "CONTACT": "228514",
    "CITY": "SIRSI",
    "DISTRICT": "SIRSI",
    "STATE": "KARNATAKA"
  },
  "PMCB0000304": {
    "BANK": "PUNJAB AND MAHARSHTRA COOPERATIVE BANK",
    "IFSC": "PMCB0000304",
    "BRANCH": "YELLAPUR",
    "ADDRESS": "BASWESHWAR HEIGHTS SHOP NO 18 FIRST FLOOR YELLAPUR BUS STAND ROAD YELLAPUR KARNATAKA",
    "CONTACT": "9481463505",
    "CITY": "YELLAPUR",
    "DISTRICT": "UTTAR KANNAD",
    "STATE": "KARNATAKA"
  },
  "PMCB0000308": {
    "BANK": "PUNJAB AND MAHARSHTRA COOPERATIVE BANK",
    "IFSC": "PMCB0000308",
    "BRANCH": "SAGAR",
    "ADDRESS": "ASHOK ROAD,SAGAR 577401,DIST SHIMOGA",
    "CONTACT": null,
    "CITY": "SAGAR",
    "DISTRICT": "SAGAR",
    "STATE": "KARNATAKA"
  },
  "PMCB0000313": {
    "BANK": "PUNJAB AND MAHARSHTRA COOPERATIVE BANK",
    "IFSC": "PMCB0000313",
    "BRANCH": "SHIMOGA",
    "ADDRESS": "NEW: VADIRAJ COMPLEX",
    "CONTACT": "272001",
    "CITY": "SHIMOGA",
    "DISTRICT": "SHIMOGA",
    "STATE": "KARNATAKA"
  },
  "PMCB0000314": {
    "BANK": "PUNJAB AND MAHARSHTRA COOPERATIVE BANK",
    "IFSC": "PMCB0000314",
    "BRANCH": "HUBLI",
    "ADDRESS": "ELITE BUSINESS CENTRE",
    "CONTACT": "272001",
    "CITY": "HUBLI",
    "DISTRICT": "HUBLI",
    "STATE": "KARNATAKA"
  },
  "PMCB0000315": {
    "BANK": "PUNJAB AND MAHARSHTRA COOPERATIVE BANK",
    "IFSC": "PMCB0000315",
    "BRANCH": "DHARWAD",
    "ADDRESS": "ELITE BUSINESS CENTRE",
    "CONTACT": "2448445",
    "CITY": "DHARWAD",
    "DISTRICT": "DHARWAD",
    "STATE": "KARNATAKA"
  },
  "PMCB0000322": {
    "BANK": "PUNJAB AND MAHARSHTRA COOPERATIVE BANK",
    "IFSC": "PMCB0000322",
    "BRANCH": "RAJAJI NAGAR",
    "ADDRESS": "M.G.COMPLEX",
    "CONTACT": "23423152",
    "CITY": "BENGALURU",
    "DISTRICT": "BENGALURU",
    "STATE": "KARNATAKA"
  },
  "PMCB0000323": {
    "BANK": "PUNJAB AND MAHARSHTRA COOPERATIVE BANK",
    "IFSC": "PMCB0000323",
    "BRANCH": "MAHALAXMI LAYOUT",
    "ADDRESS": "SHOP NO.-149",
    "CONTACT": "23479277",
    "CITY": "BENGALURU",
    "DISTRICT": "BENGALURU",
    "STATE": "KARNATAKA"
  },
  "PMCB0000324": {
    "BANK": "PUNJAB AND MAHARSHTRA COOPERATIVE BANK",
    "IFSC": "PMCB0000324",
    "BRANCH": "VIJAY NAGAR",
    "ADDRESS": "OFFICE NO 2034/37",
    "CONTACT": "23300205",
    "CITY": "BENGALURU",
    "DISTRICT": "BENGALURU",
    "STATE": "KARNATAKA"
  },
  "PMCB0000325": {
    "BANK": "PUNJAB AND MAHARSHTRA COOPERATIVE BANK",
    "IFSC": "PMCB0000325",
    "BRANCH": "BASAVESHWAR NAGAR",
    "ADDRESS": 487,
    "CONTACT": "23239966",
    "CITY": "BENGALURU",
    "DISTRICT": "BENGALURU",
    "STATE": "KARNATAKA"
  },
  "PMCB0000326": {
    "BANK": "PUNJAB AND MAHARSHTRA COOPERATIVE BANK",
    "IFSC": "PMCB0000326",
    "BRANCH": "HESSARGHATTA",
    "ADDRESS": "NO.1",
    "CONTACT": "28370530",
    "CITY": "BENGALURU",
    "DISTRICT": "BENGALURU",
    "STATE": "KARNATAKA"
  },
  "PMCB0000327": {
    "BANK": "PUNJAB AND MAHARSHTRA COOPERATIVE BANK",
    "IFSC": "PMCB0000327",
    "BRANCH": "HEGGANAHALLI MAIN ROAD",
    "ADDRESS": "332,HEGGANAHALLI MAIN ROAD,OPP GOVT SCHOOL PEENYA II STAGE BANGLAORE 560091",
    "CONTACT": "28369533",
    "CITY": "BANGALORE",
    "DISTRICT": "BANGALORE",
    "STATE": "KARNATAKA"
  },
  "PMCB0000328": {
    "BANK": "PUNJAB AND MAHARSHTRA COOPERATIVE BANK",
    "IFSC": "PMCB0000328",
    "BRANCH": "ATTIBELE",
    "ADDRESS": "SRI JAYABHARATI SCHOOL COMPLEX,HOSUR ROAD,ATTIBELE BANGALORE 562107",
    "CONTACT": "27804446",
    "CITY": "BANGALORE",
    "DISTRICT": "BANGALORE",
    "STATE": "KARNATAKA"
  },
  "PMCB0000329": {
    "BANK": "PUNJAB AND MAHARSHTRA COOPERATIVE BANK",
    "IFSC": "PMCB0000329",
    "BRANCH": "ANNAPURNESHWARI NAGAR",
    "ADDRESS": "289,GR FLOOR ANNAPURNESHWARI NAGAR, M AND F LAYOUT,SRIGANDADA KAVAL 560091",
    "CONTACT": "9892656139",
    "CITY": "BANGALORE",
    "DISTRICT": "BANGALORE URBAN",
    "STATE": "KARNATAKA"
  },
  "PMCB0000330": {
    "BANK": "PUNJAB AND MAHARSHTRA COOPERATIVE BANK",
    "IFSC": "PMCB0000330",
    "BRANCH": "KUMARASWAMY LAYOUT",
    "ADDRESS": "1067 KUMARASWAMY LAYOUT FIRST STAGE BANGALORE KARNATAKA 560078",
    "CONTACT": "26669618",
    "CITY": "BANGALORE",
    "DISTRICT": "BANGALORE URBAN",
    "STATE": "KARNATAKA"
  },
  "PMCB0000331": {
    "BANK": "PUNJAB AND MAHARSHTRA COOPERATIVE BANK",
    "IFSC": "PMCB0000331",
    "BRANCH": "MALLESHWARAM",
    "ADDRESS": "GROUND FLOOR SHANTALA PLAZA 14TH CROSS 8TH MAIN MALLESWARAM BENGALURU 560003",
    "CONTACT": "9448466472",
    "CITY": "BENGALURU",
    "DISTRICT": "BANGALORE URBAN",
    "STATE": "KARNATAKA"
  },
  "PMCB0000502": {
    "BANK": "PUNJAB AND MAHARSHTRA COOPERATIVE BANK",
    "IFSC": "PMCB0000502",
    "BRANCH": "VAPI",
    "ADDRESS": "SHOP NUMBER 2 SITARAM SQUARE SURVEY NO 368 A 1 VAPI DAMAN MAIN ROAD CHALA ROAD VAPI 396191",
    "CONTACT": "8380013518",
    "CITY": "VAPI",
    "DISTRICT": "VALSAD",
    "STATE": "GUJARAT"
  },
  "PMCB0000512": {
    "BANK": "PUNJAB AND MAHARSHTRA COOPERATIVE BANK",
    "IFSC": "PMCB0000512",
    "BRANCH": "SURAT MAIN BRANCH",
    "ADDRESS": "PRAHAR BUILDING NO 60 GROUND FLOOR SUBHASH NAGAR SOCIETY GHOD DOD ROAD SURAT 395003",
    "CONTACT": "8000078694",
    "CITY": "SURAT",
    "DISTRICT": "SURAT",
    "STATE": "GUJARAT"
  },
  "PMCB0000513": {
    "BANK": "PUNJAB AND MAHARSHTRA COOPERATIVE BANK",
    "IFSC": "PMCB0000513",
    "BRANCH": "PAL ADAJAN",
    "ADDRESS": "SHOP NO 15 SIDDCHAKRA APARTMENT GALAXY CIRCLE GREEN CITY ROAD PAL ADAJAN SURAT",
    "CONTACT": "9712929806",
    "CITY": "SURAT",
    "DISTRICT": "SURAT",
    "STATE": "GUJARAT"
  },
  "PMCB0000571": {
    "BANK": "PUNJAB AND MAHARSHTRA COOPERATIVE BANK",
    "IFSC": "PMCB0000571",
    "BRANCH": "BHANWARKUA INDORE",
    "ADDRESS": "9 ASHOK NAGAR BHAWARKUA MAIN ROAD INDORE MADHYA PRADESH  452001",
    "CONTACT": "9406631862",
    "CITY": "INDORE",
    "DISTRICT": "INDORE",
    "STATE": "MADHYA PRADESH"
  },
  "PMCB0000572": {
    "BANK": "PUNJAB AND MAHARSHTRA COOPERATIVE BANK",
    "IFSC": "PMCB0000572",
    "BRANCH": "VIJAYNAGAR INDORE",
    "ADDRESS": "SHOP NO UG 10 OM GURUDEV COMPLEX SECTOR E SCHEME NO 54 VIJAY NAGAR INDORE MADHYA PRADESH 452010",
    "CONTACT": "9425913134",
    "CITY": "INDORE",
    "DISTRICT": "INDORE",
    "STATE": "MADHYA PRADESH"
  },
  "PMCB0000602": {
    "BANK": "PUNJAB AND MAHARSHTRA COOPERATIVE BANK",
    "IFSC": "PMCB0000602",
    "BRANCH": "AMAR COLONY",
    "ADDRESS": "SHOP NO. C-32 TO 33",
    "CONTACT": "26221400",
    "CITY": "NEW DELHI",
    "DISTRICT": "DELHI",
    "STATE": "DELHI"
  },
  "PMCB0000603": {
    "BANK": "PUNJAB AND MAHARSHTRA COOPERATIVE BANK",
    "IFSC": "PMCB0000603",
    "BRANCH": "TILAK NAGAR",
    "ADDRESS": "1967-06-01T00:00:00+00:00",
    "CONTACT": "65027869",
    "CITY": "NEW DELHI",
    "DISTRICT": "DELHI",
    "STATE": "DELHI"
  },
  "PMCB0000604": {
    "BANK": "PUNJAB AND MAHARSHTRA COOPERATIVE BANK",
    "IFSC": "PMCB0000604",
    "BRANCH": "UTTAM NAGAR",
    "ADDRESS": "B-15",
    "CONTACT": "28567094",
    "CITY": "NEW DELHI",
    "DISTRICT": "DELHI",
    "STATE": "DELHI"
  },
  "PMCB0000605": {
    "BANK": "PUNJAB AND MAHARSHTRA COOPERATIVE BANK",
    "IFSC": "PMCB0000605",
    "BRANCH": "MALVIYA NAGAR",
    "ADDRESS": "80/20-AB",
    "CONTACT": "26685507",
    "CITY": "NEW DELHI",
    "DISTRICT": "DELHI",
    "STATE": "DELHI"
  },
  "PMCB0000606": {
    "BANK": "PUNJAB AND MAHARSHTRA COOPERATIVE BANK",
    "IFSC": "PMCB0000606",
    "BRANCH": "RAJOURI GARDEN",
    "ADDRESS": "J-9/21",
    "CONTACT": "65446333",
    "CITY": "NEW DELHI",
    "DISTRICT": "DELHI",
    "STATE": "DELHI"
  },
  "PMCB0000607": {
    "BANK": "PUNJAB AND MAHARSHTRA COOPERATIVE BANK",
    "IFSC": "PMCB0000607",
    "BRANCH": "KAROLBAUG NEW DELHI",
    "ADDRESS": "1247 53 4 NANIWALA KAROL BAUG NEW DELHI 110005",
    "CONTACT": "9711535509",
    "CITY": "NEW DELHI",
    "DISTRICT": "DELHI",
    "STATE": "DELHI"
  },
  "PMCB00CARDS": {
    "BANK": "PUNJAB AND MAHARSHTRA COOPERATIVE BANK",
    "IFSC": "PMCB00CARDS",
    "BRANCH": "CREDIT CARD DIVISION",
    "ADDRESS": "OFFICE NO 4 AND 5 3RD FLOOR DREAMS MALL LBS MARG BHANDUP MUMBAI 400078",
    "CONTACT": "9920607052",
    "CITY": "MUMBAI",
    "DISTRICT": "GREATER BOMBAY",
    "STATE": "MAHARASHTRA"
  }
}