{
  "PUSD0000001": {
    "BANK": "Pusad Urban Co-operative Bank",
    "IFSC": "PUSD0000001",
    "MICR": null,
    "BRANCH": "RTGS-HO",
    "ADDRESS": "TALAO LAY-OUT BEHIND LIC OFFICE PUSAD YAVATMAL -445204",
    "STATE": "MAHARASHTRA",
    "CONTACT": "+917233246371",
    "UPI": false,
    "RTGS": true,
    "CITY": "PUSAD",
    "CENTRE": "YAVTMAL",
    "DISTRICT": "YAVTMAL",
    "NEFT": true,
    "IMPS": true,
    "SWIFT": null,
    "ISO3166": "IN-MH"
  },
  "PUSD0000002": {
    "BANK": "Pusad Urban Co-operative Bank",
    "IFSC": "PUSD0000002",
    "MICR": null,
    "BRANCH": "UMARKHED",
    "ADDRESS": "NEAR SBI,PUSAD ROAD,UMARKHED -445206",
    "STATE": "MAHARASHTRA",
    "CONTACT": "+917231237491",
    "UPI": false,
    "RTGS": true,
    "CITY": "UMARKHED",
    "CENTRE": "YAVTMAL",
    "DISTRICT": "YAVTMAL",
    "NEFT": true,
    "IMPS": true,
    "SWIFT": null,
    "ISO3166": "IN-MH"
  },
  "PUSD0000003": {
    "BANK": "Pusad Urban Co-operative Bank",
    "IFSC": "PUSD0000003",
    "MICR": null,
    "BRANCH": "DIGRAS",
    "ADDRESS": "NEAR KAMAN GATE JEWELLERY MARKET DIGRAS -445203",
    "STATE": "MAHARASHTRA",
    "CONTACT": "+917234222319",
    "UPI": false,
    "RTGS": true,
    "CITY": "DIGRAS",
    "CENTRE": "YAVTMAL",
    "DISTRICT": "YAVTMAL",
    "NEFT": true,
    "IMPS": true,
    "SWIFT": null,
    "ISO3166": "IN-MH"
  },
  "PUSD0000004": {
    "BANK": "Pusad Urban Co-operative Bank",
    "IFSC": "PUSD0000004",
    "MICR": null,
    "BRANCH": "DARWHA",
    "ADDRESS": "SHIVAJI CHOWK DARWHA -445202",
    "STATE": "MAHARASHTRA",
    "CONTACT": "+917238254293",
    "UPI": false,
    "RTGS": true,
    "CITY": "DARWHA",
    "CENTRE": "YAVTMAL",
    "DISTRICT": "YAVTMAL",
    "NEFT": true,
    "IMPS": true,
    "SWIFT": null,
    "ISO3166": "IN-MH"
  },
  "PUSD0000005": {
    "BANK": "Pusad Urban Co-operative Bank",
    "IFSC": "PUSD0000005",
    "MICR": null,
    "BRANCH": "NER",
    "ADDRESS": "DATTA MARKET NER -455102",
    "STATE": "MAHARASHTRA",
    "CONTACT": "+917238267251",
    "UPI": false,
    "RTGS": true,
    "CITY": "NER",
    "CENTRE": "YAVTMAL",
    "DISTRICT": "YAVTMAL",
    "NEFT": true,
    "IMPS": true,
    "SWIFT": null,
    "ISO3166": "IN-MH"
  },
  "PUSD0000006": {
    "BANK": "Pusad Urban Co-operative Bank",
    "IFSC": "PUSD0000006",
    "MICR": null,
    "BRANCH": "ARNI",
    "ADDRESS": "KOTHARI MARKET ARNI -445103",
    "STATE": "MAHARASHTRA",
    "CONTACT": "+917234266584",
    "UPI": false,
    "RTGS": true,
    "CITY": "ARNI",
    "CENTRE": "YAVTMAL",
    "DISTRICT": "YAVTMAL",
    "NEFT": true,
    "IMPS": true,
    "SWIFT": null,
    "ISO3166": "IN-MH"
  },
  "PUSD0000007": {
    "BANK": "Pusad Urban Co-operative Bank",
    "IFSC": "PUSD0000007",
    "MICR": null,
    "BRANCH": "YAVTMAL",
    "ADDRESS": "SARDAR CHOWK YAVATMAL -445001",
    "STATE": "MAHARASHTRA",
    "CONTACT": "+917232246049",
    "UPI": false,
    "RTGS": true,
    "CITY": "YAVTMAL",
    "CENTRE": "YAVTMAL",
    "DISTRICT": "YAVTMAL",
    "NEFT": true,
    "IMPS": true,
    "SWIFT": null,
    "ISO3166": "IN-MH"
  },
  "PUSD0000008": {
    "BANK": "Pusad Urban Co-operative Bank",
    "IFSC": "PUSD0000008",
    "MICR": null,
    "BRANCH": "WANI",
    "ADDRESS": "GANDHI CHOWK,WANI -445301",
    "STATE": "MAHARASHTRA",
    "CONTACT": "+917239226029",
    "UPI": false,
    "RTGS": true,
    "CITY": "WANI",
    "CENTRE": "YAVTMAL",
    "DISTRICT": "YAVTMAL",
    "NEFT": true,
    "IMPS": true,
    "SWIFT": null,
    "ISO3166": "IN-MH"
  },
  "PUSD0000009": {
    "BANK": "Pusad Urban Co-operative Bank",
    "IFSC": "PUSD0000009",
    "MICR": null,
    "BRANCH": "GHATANJI",
    "ADDRESS": "PAMSHETTIWAR MANGAL KARYALYA,GHATANJI -445301",
    "STATE": "MAHARASHTRA",
    "CONTACT": "+917230277330",
    "UPI": false,
    "RTGS": true,
    "CITY": "GHATANJI",
    "CENTRE": "YAVTMAL",
    "DISTRICT": "YAVTMAL",
    "NEFT": true,
    "IMPS": true,
    "SWIFT": null,
    "ISO3166": "IN-MH"
  },
  "PUSD0000010": {
    "BANK": "Pusad Urban Co-operative Bank",
    "IFSC": "PUSD0000010",
    "MICR": null,
    "BRANCH": "PANDHARKAWDA",
    "ADDRESS": "NEAR CHAMEDIYA CLOTH CENTER,MAIN ROAD,PANDHARKAWADA -445302",
    "STATE": "MAHARASHTRA",
    "CONTACT": "+917235227589",
    "UPI": false,
    "RTGS": true,
    "CITY": "PANDHARKAWDA",
    "CENTRE": "YAVTMAL",
    "DISTRICT": "YAVTMAL",
    "NEFT": true,
    "IMPS": true,
    "SWIFT": null,
    "ISO3166": "IN-MH"
  },
  "PUSD0000011": {
    "BANK": "Pusad Urban Co-operative Bank",
    "IFSC": "PUSD0000011",
    "MICR": null,
    "BRANCH": "PATANBORI",
    "ADDRESS": "GUNDEWAR SIR S HOUSE BUILDING,PATANBORI -445305",
    "STATE": "MAHARASHTRA",
    "CONTACT": "+917235237891",
    "UPI": false,
    "RTGS": true,
    "CITY": "PATANBORI",
    "CENTRE": "YAVTMAL",
    "DISTRICT": "YAVTMAL",
    "NEFT": true,
    "IMPS": true,
    "SWIFT": null,
    "ISO3166": "IN-MH"
  },
  "PUSD0000012": {
    "BANK": "Pusad Urban Co-operative Bank",
    "IFSC": "PUSD0000012",
    "MICR": null,
    "BRANCH": "DHANKI",
    "ADDRESS": "MAIN ROAD,DHANKI -445207",
    "STATE": "MAHARASHTRA",
    "CONTACT": "+917231241175",
    "UPI": false,
    "RTGS": true,
    "CITY": "DHANKI",
    "CENTRE": "YAVTMAL",
    "DISTRICT": "YAVTMAL",
    "NEFT": true,
    "IMPS": true,
    "SWIFT": null,
    "ISO3166": "IN-MH"
  },
  "PUSD0000013": {
    "BANK": "Pusad Urban Co-operative Bank",
    "IFSC": "PUSD0000013",
    "MICR": null,
    "BRANCH": "MOTINAGAR,PUSAD",
    "ADDRESS": "KARALA ROAD,PUSAD 445204",
    "STATE": "MAHARASHTRA",
    "CONTACT": "+917233247018",
    "UPI": false,
    "RTGS": true,
    "CITY": "PUSAD",
    "CENTRE": "YAVTMAL",
    "DISTRICT": "YAVTMAL",
    "NEFT": true,
    "IMPS": true,
    "SWIFT": null,
    "ISO3166": "IN-MH"
  },
  "PUSD0000014": {
    "BANK": "Pusad Urban Co-operative Bank",
    "IFSC": "PUSD0000014",
    "MICR": null,
    "BRANCH": "RALEGAON",
    "ADDRESS": "TRIMURTI COMPLEX,KRINTI CHOWK,RALEGAON - 445402",
    "STATE": "MAHARASHTRA",
    "CONTACT": "+917202225288",
    "UPI": false,
    "RTGS": true,
    "CITY": "RALEGAON",
    "CENTRE": "YAVTMAL",
    "DISTRICT": "YAVTMAL",
    "NEFT": true,
    "IMPS": true,
    "SWIFT": null,
    "ISO3166": "IN-MH"
  },
  "PUSD0000015": {
    "BANK": "Pusad Urban Co-operative Bank",
    "IFSC": "PUSD0000015",
    "MICR": null,
    "BRANCH": "MAHAGAON",
    "ADDRESS": "NEAR FORREST OFFICE,MAHAGAON - 445205",
    "STATE": "MAHARASHTRA",
    "CONTACT": "+917236222023",
    "UPI": false,
    "RTGS": true,
    "CITY": "MAHAGAON",
    "CENTRE": "YAVTMAL",
    "DISTRICT": "YAVTMAL",
    "NEFT": true,
    "IMPS": true,
    "SWIFT": null,
    "ISO3166": "IN-MH"
  },
  "PUSD0000016": {
    "BANK": "Pusad Urban Co-operative Bank",
    "IFSC": "PUSD0000016",
    "MICR": null,
    "BRANCH": "AMRAVATI",
    "ADDRESS": "ROHIT DUDH DAIRY RAJKAMAL CHOWK BADNERA ROAD AMRAVATI -444601",
    "STATE": "MAHARASHTRA",
    "CONTACT": "+917212578471",
    "UPI": false,
    "RTGS": true,
    "CITY": "AMRAVATI",
    "CENTRE": "AMRAVATI",
    "DISTRICT": "AMRAVATI",
    "NEFT": true,
    "IMPS": true,
    "SWIFT": null,
    "ISO3166": "IN-MH"
  },
  "PUSD0000017": {
    "BANK": "Pusad Urban Co-operative Bank",
    "IFSC": "PUSD0000017",
    "MICR": null,
    "BRANCH": "NANDED",
    "ADDRESS": "TARASING MARKET GURU GOVINDSINGH MARAG NANDED -431601",
    "STATE": "MAHARASHTRA",
    "CONTACT": "+912462245761",
    "UPI": false,
    "RTGS": true,
    "CITY": "NANDED",
    "CENTRE": "NANDED",
    "DISTRICT": "NANDED",
    "NEFT": true,
    "IMPS": true,
    "SWIFT": null,
    "ISO3166": "IN-MH"
  },
  "PUSD0000018": {
    "BANK": "Pusad Urban Co-operative Bank",
    "IFSC": "PUSD0000018",
    "MICR": null,
    "BRANCH": "VASMAT",
    "ADDRESS": "MANMOHANJI BAHETI BUILDING,MONDHA CORNER,VASMAT -431512",
    "STATE": "MAHARASHTRA",
    "CONTACT": "+912454220083",
    "UPI": false,
    "RTGS": true,
    "CITY": "VASMAT",
    "CENTRE": "HINGOLI",
    "DISTRICT": "HINGOLI",
    "NEFT": true,
    "IMPS": true,
    "SWIFT": null,
    "ISO3166": "IN-MH"
  },
  "PUSD0000019": {
    "BANK": "Pusad Urban Co-operative Bank",
    "IFSC": "PUSD0000019",
    "MICR": null,
    "BRANCH": "CHANDRAPUR",
    "ADDRESS": "MADHAVSHETTIWAR BUILDING,CHOTTA BAZAR,HOSPITAL WARD,CHANDRAPUR -442401",
    "STATE": "MAHARASHTRA",
    "CONTACT": "+917172272040",
    "UPI": false,
    "RTGS": true,
    "CITY": "CHANDRAPUR",
    "CENTRE": "CHANDRAPUR",
    "DISTRICT": "CHANDRAPUR",
    "NEFT": true,
    "IMPS": true,
    "SWIFT": null,
    "ISO3166": "IN-MH"
  },
  "PUSD0000020": {
    "BANK": "Pusad Urban Co-operative Bank",
    "IFSC": "PUSD0000020",
    "MICR": null,
    "BRANCH": "NAGPUR",
    "ADDRESS": "KAVITA MANIKRAO BORKUTE HO.NO.190-B - BHAGYADYO HOU.CO-OP SOCIETY ABOVE THE PLANET EYE CHATRAPATI NAGAR",
    "STATE": "MAHARASHTRA",
    "CONTACT": "+917122760355",
    "UPI": false,
    "RTGS": true,
    "CITY": "NAGPUR",
    "CENTRE": "NAGPUR",
    "DISTRICT": "NAGPUR",
    "NEFT": true,
    "IMPS": true,
    "SWIFT": null,
    "ISO3166": "IN-MH"
  },
  "PUSD0000021": {
    "BANK": "Pusad Urban Co-operative Bank",
    "IFSC": "PUSD0000021",
    "MICR": null,
    "BRANCH": "AURANGABAD",
    "ADDRESS": "SITASADAN DIVAN DEVDI ROAD GULMANDI AREA AURANGABAD -415570",
    "STATE": "MAHARASHTRA",
    "CONTACT": "+912402357311",
    "UPI": false,
    "RTGS": true,
    "CITY": "AURANGABAD",
    "CENTRE": "AURANGABAD",
    "DISTRICT": "AURANGABAD",
    "NEFT": true,
    "IMPS": true,
    "SWIFT": null,
    "ISO3166": "IN-MH"
  },
  "PUSD0000022": {
    "BANK": "Pusad Urban Co-operative Bank",
    "IFSC": "PUSD0000022",
    "MICR": null,
    "BRANCH": "PANVEL",
    "ADDRESS": "NIL PRESIDANCY,PLOT NO.124,M.C.C.H.SOCIETY,OPPSIT MTNL HEAD OFFICE,PANVEL -410206",
    "STATE": "MAHARASHTRA",
    "CONTACT": "+912227454900",
    "UPI": false,
    "RTGS": true,
    "CITY": "PANVEL",
    "CENTRE": "RAIGAD",
    "DISTRICT": "RAIGAD",
    "NEFT": true,
    "IMPS": true,
    "SWIFT": null,
    "ISO3166": "IN-MH"
  },
  "PUSD0000023": {
    "BANK": "Pusad Urban Co-operative Bank",
    "IFSC": "PUSD0000023",
    "MICR": null,
    "BRANCH": "KOTHRUD,PUNE",
    "ADDRESS": "GURU GANESH COMPLEX SHOP NO.5& 6 GURU GANESH NAGAR DP ROAD KOTHRUD PUNE -411038",
    "STATE": "MAHARASHTRA",
    "CONTACT": "+912025381999",
    "UPI": false,
    "RTGS": true,
    "CITY": "KOTHRUD,PUNE",
    "CENTRE": "PUNE",
    "DISTRICT": "PUNE",
    "NEFT": true,
    "IMPS": true,
    "SWIFT": null,
    "ISO3166": "IN-MH"
  },
  "PUSD0000024": {
    "BANK": "Pusad Urban Co-operative Bank",
    "IFSC": "PUSD0000024",
    "MICR": null,
    "BRANCH": "VASHI",
    "ADDRESS": "KALNDI BUILDING SHOP NO.9,10,11&12 SECTOR NO.19C GROUND FLOOR VASHI NAVI MUMBAI -400703",
    "STATE": "MAHARASHTRA",
    "CONTACT": "+912227837799",
    "UPI": false,
    "RTGS": true,
    "CITY": "VASHI",
    "CENTRE": "NEW MUMBAI",
    "DISTRICT": "NEW MUMBAI",
    "NEFT": true,
    "IMPS": true,
    "SWIFT": null,
    "ISO3166": "IN-MH"
  },
  "PUSD0000025": {
    "BANK": "Pusad Urban Co-operative Bank",
    "IFSC": "PUSD0000025",
    "MICR": null,
    "BRANCH": "BUTTIBORI",
    "ADDRESS": "LAXMINARAYAN PLAZA,MAIN ROAD,BUTIBORI,DIST.-NAGPUR -441 122",
    "STATE": "MAHARASHTRA",
    "CONTACT": "+917103263426",
    "UPI": false,
    "RTGS": true,
    "CITY": "BUTTIBORI",
    "CENTRE": "NAGPUR",
    "DISTRICT": "NAGPUR",
    "NEFT": true,
    "IMPS": true,
    "SWIFT": null,
    "ISO3166": "IN-MH"
  },
  "PUSD0000026": {
    "BANK": "Pusad Urban Co-operative Bank",
    "IFSC": "PUSD0000026",
    "MICR": null,
    "BRANCH": "WASHIM",
    "ADDRESS": "NEAR BANK OF MAHARASTRA,MAIN MARKET,OLD RISOD NAKA,WASHIM,TA.DIST.-WASHIM,-444 505",
    "STATE": "MAHARASHTRA",
    "CONTACT": "+917252234199",
    "UPI": false,
    "RTGS": true,
    "CITY": "WASHIM",
    "CENTRE": "WASHIM",
    "DISTRICT": "WASHIM",
    "NEFT": true,
    "IMPS": true,
    "SWIFT": null,
    "ISO3166": "IN-MH"
  },
  "PUSD0000027": {
    "BANK": "Pusad Urban Co-operative Bank",
    "IFSC": "PUSD0000027",
    "MICR": null,
    "BRANCH": "KARANJA LAD",
    "ADDRESS": "PUNJANI COMPLEX,SHOP NO.9,MAIN ROAD,KARANJA LAD,DIST.- WASHIM,PIN NO -444 105",
    "STATE": "MAHARASHTRA",
    "CONTACT": "+917256222480",
    "UPI": false,
    "RTGS": true,
    "CITY": "KARANJA LAD",
    "CENTRE": "WASHIM",
    "DISTRICT": "WASHIM",
    "NEFT": true,
    "IMPS": true,
    "SWIFT": null,
    "ISO3166": "IN-MH"
  },
  "PUSD0000028": {
    "BANK": "Pusad Urban Co-operative Bank",
    "IFSC": "PUSD0000028",
    "MICR": null,
    "BRANCH": "KHAMGAON",
    "ADDRESS": "KUNAL PLAZA,SHRIRAM SQUARE,KHAMGAON,DIST.-BULDHANA,PIN NO -444 303",
    "STATE": "MAHARASHTRA",
    "CONTACT": "+917263254060",
    "UPI": false,
    "RTGS": true,
    "CITY": "KHAMGAON",
    "CENTRE": "BULDHANA",
    "DISTRICT": "BULDHANA",
    "NEFT": true,
    "IMPS": true,
    "SWIFT": null,
    "ISO3166": "IN-MH"
  },
  "PUSD0000029": {
    "BANK": "Pusad Urban Co-operative Bank",
    "IFSC": "PUSD0000029",
    "MICR": null,
    "BRANCH": "SHIRDI",
    "ADDRESS": "HOTEL SAI GANGOTRI,NAGAR-MANMAD ROAD,NEAR BUS-STAND,VIVEKANAND NAGAR,SHIRDI,TA.RAHATA,DIST.- AHAMADNAGAR,PIN NO -423 109",
    "STATE": "MAHARASHTRA",
    "CONTACT": "+912423256799",
    "UPI": false,
    "RTGS": true,
    "CITY": "SHIRDI",
    "CENTRE": "AHEMDNAGAR",
    "DISTRICT": "AHEMDNAGAR",
    "NEFT": true,
    "IMPS": true,
    "SWIFT": null,
    "ISO3166": "IN-MH"
  },
  "PUSD0000030": {
    "BANK": "Pusad Urban Co-operative Bank",
    "IFSC": "PUSD0000030",
    "MICR": null,
    "BRANCH": "AKOLA",
    "ADDRESS": "JALARAM SANKUL,FRONT OF STUDENT GALLARY,NEKLES ROAD,RATANLAL PLOT,AKOLA,TA.DIST.AKOLA,PIN NO -444 001",
    "STATE": "MAHARASHTRA",
    "CONTACT": "+917242414891",
    "UPI": false,
    "RTGS": true,
    "CITY": "AKOLA",
    "CENTRE": "AKOLA",
    "DISTRICT": "AKOLA",
    "NEFT": true,
    "IMPS": true,
    "SWIFT": null,
    "ISO3166": "IN-MH"
  },
  "PUSD0000031": {
    "BANK": "Pusad Urban Co-operative Bank",
    "IFSC": "PUSD0000031",
    "MICR": null,
    "BRANCH": "DEGLOOR",
    "ADDRESS": "HOUSE NO.4234,GANDHI SQUARE,DEGLOOR,DIST.-NANDED,PIN NO - 431 717",
    "STATE": "MAHARASHTRA",
    "CONTACT": "+912463255046",
    "UPI": false,
    "RTGS": true,
    "CITY": "DEGLOOR",
    "CENTRE": "NANDED",
    "DISTRICT": "NANDED",
    "NEFT": true,
    "IMPS": true,
    "SWIFT": null,
    "ISO3166": "IN-MH"
  },
  "PUSD0000032": {
    "BANK": "Pusad Urban Co-operative Bank",
    "IFSC": "PUSD0000032",
    "MICR": null,
    "BRANCH": "HINGANGHAT",
    "ADDRESS": "MOHATA SQUARE,DESHSEVA ROAD,HINGANGHAT,DIST.-WARDHA,PIN NO -442 301",
    "STATE": "MAHARASHTRA",
    "CONTACT": "+917153245879",
    "UPI": false,
    "RTGS": true,
    "CITY": "HINGANGHAT",
    "CENTRE": "VARDHA",
    "DISTRICT": "VARDHA",
    "NEFT": true,
    "IMPS": true,
    "SWIFT": null,
    "ISO3166": "IN-MH"
  },
  "PUSD0000033": {
    "BANK": "Pusad Urban Co-operative Bank",
    "IFSC": "PUSD0000033",
    "MICR": null,
    "BRANCH": "SHEGAON",
    "ADDRESS": "RAJ PALACE,SERVE NO.293/1,PLOT NO.1,WARD NO.12,KALYANI NAGAR,SHEGAON-KHAMGAON HIGHWAY ROAD,NEAR MSEB,SHEGAON,DIST -BULDHANA,PIN NO -444 203",
    "STATE": "MAHARASHTRA",
    "CONTACT": "+917265252780",
    "UPI": false,
    "RTGS": true,
    "CITY": "SHEGAON",
    "CENTRE": "BULDHANA",
    "DISTRICT": "BULDHANA",
    "NEFT": true,
    "IMPS": true,
    "SWIFT": null,
    "ISO3166": "IN-MH"
  },
  "PUSD0000034": {
    "BANK": "Pusad Urban Co-operative Bank",
    "IFSC": "PUSD0000034",
    "MICR": null,
    "BRANCH": "MORSHI",
    "ADDRESS": "GANDHI MARKET,WEEKLY MARKET,MORSHI,DIST.-AMRAVATI,PIN NO -444 905",
    "STATE": "MAHARASHTRA",
    "CONTACT": "+917228223409",
    "UPI": false,
    "RTGS": true,
    "CITY": "MORSHI",
    "CENTRE": "AMRAVATI",
    "DISTRICT": "AMRAVATI",
    "NEFT": true,
    "IMPS": true,
    "SWIFT": null,
    "ISO3166": "IN-MH"
  },
  "PUSD0000035": {
    "BANK": "Pusad Urban Co-operative Bank",
    "IFSC": "PUSD0000035",
    "MICR": null,
    "BRANCH": "CHIKHALI",
    "ADDRESS": "D.P.ROAD,BESIDE DR.JAISWAL HOSPITAL,CHIKHALI,DIST.-BULDHANA,PIN NO -443 201",
    "STATE": "MAHARASHTRA",
    "CONTACT": "+917264245371",
    "UPI": false,
    "RTGS": true,
    "CITY": "CHIKHALI",
    "CENTRE": "BULDHANA",
    "DISTRICT": "BULDHANA",
    "NEFT": true,
    "IMPS": true,
    "SWIFT": null,
    "ISO3166": "IN-MH"
  },
  "PUSD0000036": {
    "BANK": "Pusad Urban Co-operative Bank",
    "IFSC": "PUSD0000036",
    "MICR": null,
    "BRANCH": "URAN",
    "ADDRESS": "SHOP NO.1,2& 3,SHEIKH APARTMENTS,PLOT NO.P3,SECTOR NO.43A,CHAR PHATA,TA.URAN,DIST -RAIGAD,PIN NO - 400 702",
    "STATE": "MAHARASHTRA",
    "CONTACT": "+912227232322",
    "UPI": false,
    "RTGS": true,
    "CITY": "URAN",
    "CENTRE": "RAIGAD",
    "DISTRICT": "RAIGAD",
    "NEFT": true,
    "IMPS": true,
    "SWIFT": null,
    "ISO3166": "IN-MH"
  },
  "PUSD0000037": {
    "BANK": "Pusad Urban Co-operative Bank",
    "IFSC": "PUSD0000037",
    "MICR": null,
    "BRANCH": "ANJANGAON SURJI",
    "ADDRESS": "SHIRAM BHAVAN,NEAR NAGAR PARISHAD,GULJAR PURA,ANJANGAON SURJI,DIST.-AMRAVATI,PIN NO -444 728",
    "STATE": "MAHARASHTRA",
    "CONTACT": "+917224242199",
    "UPI": false,
    "RTGS": true,
    "CITY": "ANJANGAON SURJI",
    "CENTRE": "AMRAVATI",
    "DISTRICT": "AMRAVATI",
    "NEFT": true,
    "IMPS": true,
    "SWIFT": null,
    "ISO3166": "IN-MH"
  },
  "PUSD0000099": {
    "BANK": "Pusad Urban Co-operative Bank",
    "IFSC": "PUSD0000099",
    "MICR": null,
    "BRANCH": "MAIN BRANCH,PUSAD",
    "ADDRESS": "TALAO LAY-OUT BEHIND LIC OFFICE PUSAD YAVATMAL -445204",
    "STATE": "MAHARASHTRA",
    "CONTACT": "+917233245919",
    "UPI": false,
    "RTGS": true,
    "CITY": "PUSAD",
    "CENTRE": "YAVTMAL",
    "DISTRICT": "YAVTMAL",
    "NEFT": true,
    "IMPS": true,
    "SWIFT": null,
    "ISO3166": "IN-MH"
  }
}