{
  "SCBL0036001": {
    "BANK": "STANDARD CHARTERED BANK",
    "IFSC": "SCBL0036001",
    "BRANCH": "RTGS-HO",
    "ADDRESS": "90 M G ROAD, FORT",
    "CONTACT": "22683301",
    "CITY": "MUMBAI",
    "DISTRICT": "GREATER BOMBAY",
    "STATE": "MAHARASHTRA"
  },
  "SCBL0036002": {
    "BANK": "STANDARD CHARTERED BANK",
    "IFSC": "SCBL0036002",
    "BRANCH": "142 MG ROAD",
    "ADDRESS": "142 MG ROAD",
    "CONTACT": "66134722",
    "CITY": "KOLKATA",
    "DISTRICT": "KOLKATA",
    "STATE": "WEST BENGAL"
  },
  "SCBL0036003": {
    "BANK": "STANDARD CHARTERED BANK",
    "IFSC": "SCBL0036003",
    "BRANCH": "31 CHOWRINGHEE",
    "ADDRESS": "31, CHOWRINGHEE ROAD",
    "CONTACT": "22465151",
    "CITY": "KOLKATA",
    "DISTRICT": "KOLKATA",
    "STATE": "WEST BENGAL"
  },
  "SCBL0036004": {
    "BANK": "STANDARD CHARTERED BANK",
    "IFSC": "SCBL0036004",
    "BRANCH": "SALT LAKE CF",
    "ADDRESS": "CF347 SECTOR 1",
    "CONTACT": "23349958",
    "CITY": "KOLKATA",
    "DISTRICT": "KOLKATA",
    "STATE": "WEST BENGAL"
  },
  "SCBL0036005": {
    "BANK": "STANDARD CHARTERED BANK",
    "IFSC": "SCBL0036005",
    "BRANCH": "GARIAHAT",
    "ADDRESS": "208 R.B.AVENUE",
    "CONTACT": "24635757",
    "CITY": "KOLKATA",
    "DISTRICT": "KOLKATA",
    "STATE": "WEST BENGAL"
  },
  "SCBL0036006": {
    "BANK": "STANDARD CHARTERED BANK",
    "IFSC": "SCBL0036006",
    "BRANCH": "RG KAR",
    "ADDRESS": "21A, RG KAR ROAD",
    "CONTACT": "25551870",
    "CITY": "KOLKATA",
    "DISTRICT": "KOLKATA",
    "STATE": "WEST BENGAL"
  },
  "SCBL0036007": {
    "BANK": "STANDARD CHARTERED BANK",
    "IFSC": "SCBL0036007",
    "BRANCH": "NEW ALIPORE",
    "ADDRESS": "17/SA NALINI RANJAN AVENUE",
    "CONTACT": "24789770",
    "CITY": "KOLKATA",
    "DISTRICT": "KOLKATA",
    "STATE": "WEST BENGAL"
  },
  "SCBL0036008": {
    "BANK": "STANDARD CHARTERED BANK",
    "IFSC": "SCBL0036008",
    "BRANCH": "19 N S ROAD",
    "ADDRESS": "19, N S ROAD",
    "CONTACT": "22220101",
    "CITY": "KOLKATA",
    "DISTRICT": "KOLKATA",
    "STATE": "WEST BENGAL"
  },
  "SCBL0036009": {
    "BANK": "STANDARD CHARTERED BANK",
    "IFSC": "SCBL0036009",
    "BRANCH": "41 CHOWRINGHEE",
    "ADDRESS": "41 CHOWRINGHEE ROAD",
    "CONTACT": "22889430",
    "CITY": "KOLKATA",
    "DISTRICT": "KOLKATA",
    "STATE": "WEST BENGAL"
  },
  "SCBL0036010": {
    "BANK": "STANDARD CHARTERED BANK",
    "IFSC": "SCBL0036010",
    "BRANCH": "R B AVENUE",
    "ADDRESS": "163 RASH BEHARI AVENUE",
    "CONTACT": "24661906",
    "CITY": "KOLKATA",
    "DISTRICT": "KOLKATA",
    "STATE": "WEST BENGAL"
  },
  "SCBL0036011": {
    "BANK": "STANDARD CHARTERED BANK",
    "IFSC": "SCBL0036011",
    "BRANCH": "BIDHAN SARANI",
    "ADDRESS": "139C BIDHAN SARANI,",
    "CONTACT": "22801809",
    "CITY": "KOLKATA",
    "DISTRICT": "KOLKATA",
    "STATE": "WEST BENGAL"
  },
  "SCBL0036012": {
    "BANK": "STANDARD CHARTERED BANK",
    "IFSC": "SCBL0036012",
    "BRANCH": "MANI SQUARE",
    "ADDRESS": "SHOP NO. G-3, 164/1, MANI SQUARE",
    "CONTACT": "23370927",
    "CITY": "KOLKATA",
    "DISTRICT": "KOLKATA",
    "STATE": "WEST BENGAL"
  },
  "SCBL0036013": {
    "BANK": "STANDARD CHARTERED BANK",
    "IFSC": "SCBL0036013",
    "BRANCH": "CHURCHLANE",
    "ADDRESS": "6, CHURCH LANE",
    "CONTACT": "22420998",
    "CITY": "KOLKATA",
    "DISTRICT": "KOLKATA",
    "STATE": "WEST BENGAL"
  },
  "SCBL0036014": {
    "BANK": "STANDARD CHARTERED BANK",
    "IFSC": "SCBL0036014",
    "BRANCH": "SHAKESPEARE SARANI",
    "ADDRESS": "21-A SHAKESPEARE SARANI",
    "CONTACT": "22801809",
    "CITY": "KOLKATA",
    "DISTRICT": "KOLKATA",
    "STATE": "WEST BENGAL"
  },
  "SCBL0036015": {
    "BANK": "STANDARD CHARTERED BANK",
    "IFSC": "SCBL0036015",
    "BRANCH": "JODHPUR PARK",
    "ADDRESS": "1/425, GARIAHAT ROAD SOUTH",
    "CONTACT": "24148718",
    "CITY": "KOLKATA",
    "DISTRICT": "KOLKATA",
    "STATE": "WEST BENGAL"
  },
  "SCBL0036016": {
    "BANK": "STANDARD CHARTERED BANK",
    "IFSC": "SCBL0036016",
    "BRANCH": "GUWAHATI",
    "ADDRESS": "G.N. BORDOLOI ROAD, AMBARI,",
    "CONTACT": "2632264",
    "CITY": "GUWAHATI",
    "DISTRICT": "KAMRUP",
    "STATE": "ASSAM"
  },
  "SCBL0036017": {
    "BANK": "STANDARD CHARTERED BANK",
    "IFSC": "SCBL0036017",
    "BRANCH": "PATNA",
    "ADDRESS": "BHAGWATI DWARAKA ARCADE PLOT 830P",
    "CONTACT": "2223124",
    "CITY": "PATNA",
    "DISTRICT": "PATNA",
    "STATE": "BIHAR"
  },
  "SCBL0036018": {
    "BANK": "STANDARD CHARTERED BANK",
    "IFSC": "SCBL0036018",
    "BRANCH": "BHUBANESWAR",
    "ADDRESS": "PLOT#3",
    "CONTACT": "2539485",
    "CITY": "BHUBANESWAR",
    "DISTRICT": "KHURDA",
    "STATE": "ODISHA"
  },
  "SCBL0036019": {
    "BANK": "STANDARD CHARTERED BANK",
    "IFSC": "SCBL0036019",
    "BRANCH": "SILIGURI",
    "ADDRESS": "NO.8 & 9,CITY PLAZA ,SEVOKE ROAD",
    "CONTACT": "2535991",
    "CITY": "SILIGURI",
    "DISTRICT": "DARJEELING",
    "STATE": "WEST BENGAL"
  },
  "SCBL0036020": {
    "BANK": "STANDARD CHARTERED BANK",
    "IFSC": "SCBL0036020",
    "BRANCH": "BARAKHAMBA ROAD",
    "ADDRESS": "NARAIN MANZIL",
    "CONTACT": "43518905",
    "CITY": "NEW DELHI",
    "DISTRICT": "NEW DELHI",
    "STATE": "DELHI"
  },
  "SCBL0036021": {
    "BANK": "STANDARD CHARTERED BANK",
    "IFSC": "SCBL0036021",
    "BRANCH": "GREATER KAILASH II",
    "ADDRESS": "M BLOCK MARKET",
    "CONTACT": "41669256",
    "CITY": "NEW DELHI",
    "DISTRICT": "NEW DELHI",
    "STATE": "DELHI"
  },
  "SCBL0036022": {
    "BANK": "STANDARD CHARTERED BANK",
    "IFSC": "SCBL0036022",
    "BRANCH": "KANPUR",
    "ADDRESS": "16/105, M.G. ROAD",
    "CONTACT": "2306536",
    "CITY": "KANPUR",
    "DISTRICT": "KANPUR NAGAR",
    "STATE": "UTTAR PRADESH"
  },
  "SCBL0036023": {
    "BANK": "STANDARD CHARTERED BANK",
    "IFSC": "SCBL0036023",
    "BRANCH": "PREET VIHAR",
    "ADDRESS": "ADITYA ARCADE",
    "CONTACT": "22440201",
    "CITY": "NEW DELHI",
    "DISTRICT": "NEW DELHI",
    "STATE": "DELHI"
  },
  "SCBL0036024": {
    "BANK": "STANDARD CHARTERED BANK",
    "IFSC": "SCBL0036024",
    "BRANCH": "NOIDA",
    "ADDRESS": "K-3 BRAHM DATT TOWER",
    "CONTACT": "4323759",
    "CITY": "NEW DELHI",
    "DISTRICT": "GAUTAM BODDA NAGAR",
    "STATE": "UTTAR PRADESH"
  },
  "SCBL0036025": {
    "BANK": "STANDARD CHARTERED BANK",
    "IFSC": "SCBL0036025",
    "BRANCH": "DLF GURGAON",
    "ADDRESS": "DLF BUILDING, NO 7A",
    "CONTACT": "4059036",
    "CITY": "NEW DELHI",
    "DISTRICT": "GURGAON",
    "STATE": "HARYANA"
  },
  "SCBL0036026": {
    "BANK": "STANDARD CHARTERED BANK",
    "IFSC": "SCBL0036026",
    "BRANCH": "GREEN PARK",
    "ADDRESS": "S 32, GREEN PARK MAIN MARKET",
    "CONTACT": "23713101",
    "CITY": "NEW DELHI",
    "DISTRICT": "NEW DELHI",
    "STATE": "DELHI"
  },
  "SCBL0036027": {
    "BANK": "STANDARD CHARTERED BANK",
    "IFSC": "SCBL0036027",
    "BRANCH": "SANSAD MARG",
    "ADDRESS": "10 SANSAD MARG,",
    "CONTACT": "23406202",
    "CITY": "NEW DELHI",
    "DISTRICT": "NEW DELHI",
    "STATE": "DELHI"
  },
  "SCBL0036028": {
    "BANK": "STANDARD CHARTERED BANK",
    "IFSC": "SCBL0036028",
    "BRANCH": "DWARKA BRANCH",
    "ADDRESS": "HL WINGS, POCKET 4",
    "CONTACT": "23406202",
    "CITY": "NEW DELHI",
    "DISTRICT": "NEW DELHI",
    "STATE": "DELHI"
  },
  "SCBL0036029": {
    "BANK": "STANDARD CHARTERED BANK",
    "IFSC": "SCBL0036029",
    "BRANCH": "PUNJABI BAGH",
    "ADDRESS": "41, CENTRAL MARKET,",
    "CONTACT": "42466792",
    "CITY": "NEW DELHI",
    "DISTRICT": "NEW DELHI",
    "STATE": "DELHI"
  },
  "SCBL0036030": {
    "BANK": "STANDARD CHARTERED BANK",
    "IFSC": "SCBL0036030",
    "BRANCH": "KAROL BAGH",
    "ADDRESS": "13/37, WEA",
    "CONTACT": "41546964",
    "CITY": "NEW DELHI",
    "DISTRICT": "NEW DELHI",
    "STATE": "DELHI"
  },
  "SCBL0036031": {
    "BANK": "STANDARD CHARTERED BANK",
    "IFSC": "SCBL0036031",
    "BRANCH": "CHANAKYAPURI",
    "ADDRESS": "13, MALCHA MARG",
    "CONTACT": "26882196",
    "CITY": "NEW DELHI",
    "DISTRICT": "NEW DELHI",
    "STATE": "DELHI"
  },
  "SCBL0036032": {
    "BANK": "STANDARD CHARTERED BANK",
    "IFSC": "SCBL0036032",
    "BRANCH": "SOUTH EXTENSION",
    "ADDRESS": "M-1, SOUTH EXTENSION PART II,",
    "CONTACT": "41644866",
    "CITY": "NEW DELHI",
    "DISTRICT": "NEW DELHI",
    "STATE": "DELHI"
  },
  "SCBL0036033": {
    "BANK": "STANDARD CHARTERED BANK",
    "IFSC": "SCBL0036033",
    "BRANCH": "GREATER KAILASH",
    "ADDRESS": "B -68, GREATER KAILASH - 1,",
    "CONTACT": "29245433",
    "CITY": "NEW DELHI",
    "DISTRICT": "NEW DELHI",
    "STATE": "DELHI"
  },
  "SCBL0036034": {
    "BANK": "STANDARD CHARTERED BANK",
    "IFSC": "SCBL0036034",
    "BRANCH": "NEW FRIENDS COLONY",
    "ADDRESS": "20, COMMUNITY CENTRE,",
    "CONTACT": "41672305",
    "CITY": "NEW DELHI",
    "DISTRICT": "NEW DELHI",
    "STATE": "DELHI"
  },
  "SCBL0036035": {
    "BANK": "STANDARD CHARTERED BANK",
    "IFSC": "SCBL0036035",
    "BRANCH": "CHANDIGARH",
    "ADDRESS": "SCO, 137-138 SECTOR 9C",
    "CONTACT": "5072880",
    "CITY": "CHANDIGARH",
    "DISTRICT": "CHANDIGARH",
    "STATE": "CHANDIGARH"
  },
  "SCBL0036036": {
    "BANK": "STANDARD CHARTERED BANK",
    "IFSC": "SCBL0036036",
    "BRANCH": "LUCKNOW",
    "ADDRESS": "NARAIN AUTOMOBILES,",
    "CONTACT": "2201870",
    "CITY": "LUCKNOW",
    "DISTRICT": "LUCKNOW",
    "STATE": "UTTAR PRADESH"
  },
  "SCBL0036037": {
    "BANK": "STANDARD CHARTERED BANK",
    "IFSC": "SCBL0036037",
    "BRANCH": "LUDHIANA",
    "ADDRESS": "SCO 16-17, FEROZE GANDHI MARKET",
    "CONTACT": "5084030",
    "CITY": "LUDHIANA",
    "DISTRICT": "LUDHIANA",
    "STATE": "PUNJAB"
  },
  "SCBL0036038": {
    "BANK": "STANDARD CHARTERED BANK",
    "IFSC": "SCBL0036038",
    "BRANCH": "AMRITSAR",
    "ADDRESS": "360, THE MALL",
    "CONTACT": "5003756",
    "CITY": "AMRITSAR",
    "DISTRICT": "AMRITSAR",
    "STATE": "PUNJAB"
  },
  "SCBL0036039": {
    "BANK": "STANDARD CHARTERED BANK",
    "IFSC": "SCBL0036039",
    "BRANCH": "JAIPUR",
    "ADDRESS": "H-8 BHAGWAT BHAWAN",
    "CONTACT": "5116072",
    "CITY": "JAIPUR",
    "DISTRICT": "JAIPUR",
    "STATE": "RAJASTHAN"
  },
  "SCBL0036040": {
    "BANK": "STANDARD CHARTERED BANK",
    "IFSC": "SCBL0036040",
    "BRANCH": "JALANDHAR",
    "ADDRESS": "PLOT NO.34, G.T.ROAD",
    "CONTACT": "5073410",
    "CITY": "JALANDHAR",
    "DISTRICT": "JALANDHAR",
    "STATE": "PUNJAB"
  },
  "SCBL0036041": {
    "BANK": "STANDARD CHARTERED BANK",
    "IFSC": "SCBL0036041",
    "BRANCH": "SECTOR-14, GURGAON",
    "ADDRESS": "SCF - 77 SECTOR 14",
    "CONTACT": "4088702",
    "CITY": "NEW DELHI",
    "DISTRICT": "GURGAON",
    "STATE": "HARYANA"
  },
  "SCBL0036042": {
    "BANK": "STANDARD CHARTERED BANK",
    "IFSC": "SCBL0036042",
    "BRANCH": "SAKET",
    "ADDRESS": "E - 26, SAKET,",
    "CONTACT": "41021454",
    "CITY": "NEW DELHI",
    "DISTRICT": "NEW DELHI",
    "STATE": "DELHI"
  },
  "SCBL0036043": {
    "BANK": "STANDARD CHARTERED BANK",
    "IFSC": "SCBL0036043",
    "BRANCH": "JANAKPURI",
    "ADDRESS": "B-1/517 , JANAKPURI",
    "CONTACT": "41589327",
    "CITY": "NEW DELHI",
    "DISTRICT": "NEW DELHI",
    "STATE": "DELHI"
  },
  "SCBL0036044": {
    "BANK": "STANDARD CHARTERED BANK",
    "IFSC": "SCBL0036044",
    "BRANCH": "ALLAHABAD",
    "ADDRESS": "2 SARDAR PATEL MARG",
    "CONTACT": "2427070",
    "CITY": "ALLAHABAD",
    "DISTRICT": "ALLAHABAD",
    "STATE": "UTTAR PRADESH"
  },
  "SCBL0036045": {
    "BANK": "STANDARD CHARTERED BANK",
    "IFSC": "SCBL0036045",
    "BRANCH": "PITAMPURA",
    "ADDRESS": "A2, 3, 4, HB, TWIN TOWER, PITAMPURA",
    "CONTACT": "42470867",
    "CITY": "NEW DELHI",
    "DISTRICT": "NEW DELHI",
    "STATE": "DELHI"
  },
  "SCBL0036046": {
    "BANK": "STANDARD CHARTERED BANK",
    "IFSC": "SCBL0036046",
    "BRANCH": "23-25 M G ROAD",
    "ADDRESS": "OPP. VSNL",
    "CONTACT": "22792122",
    "CITY": "MUMBAI",
    "DISTRICT": "GREATER BOMBAY",
    "STATE": "MAHARASHTRA"
  },
  "SCBL0036047": {
    "BANK": "STANDARD CHARTERED BANK",
    "IFSC": "SCBL0036047",
    "BRANCH": "CHOWPATTY",
    "ADDRESS": "SHREE PANT BHUVAN,",
    "CONTACT": "23642168",
    "CITY": "MUMBAI",
    "DISTRICT": "GREATER BOMBAY",
    "STATE": "MAHARASHTRA"
  },
  "SCBL0036048": {
    "BANK": "STANDARD CHARTERED BANK",
    "IFSC": "SCBL0036048",
    "BRANCH": "CENTER POINT",
    "ADDRESS": "JUNCTION OF JUHU & S V",
    "CONTACT": "26493966",
    "CITY": "MUMBAI",
    "DISTRICT": "GREATER BOMBAY",
    "STATE": "MAHARASHTRA"
  },
  "SCBL0036049": {
    "BANK": "STANDARD CHARTERED BANK",
    "IFSC": "SCBL0036049",
    "BRANCH": "GHATKOPAR",
    "ADDRESS": "170 ASHOK BLDG DERASAR LANE",
    "CONTACT": "25125542",
    "CITY": "MUMBAI",
    "DISTRICT": "GREATER BOMBAY",
    "STATE": "MAHARASHTRA"
  },
  "SCBL0036050": {
    "BANK": "STANDARD CHARTERED BANK",
    "IFSC": "SCBL0036050",
    "BRANCH": "PUNE",
    "ADDRESS": "364/365 SHREERANG HOUSE,",
    "CONTACT": "25521880",
    "CITY": "PUNE",
    "DISTRICT": "PUNE",
    "STATE": "MAHARASHTRA"
  },
  "SCBL0036051": {
    "BANK": "STANDARD CHARTERED BANK",
    "IFSC": "SCBL0036051",
    "BRANCH": "AHMEDABAD",
    "ADDRESS": "ABHIJEET II, GROUND FLOOR",
    "CONTACT": "6468300",
    "CITY": "AHMEDABAD",
    "DISTRICT": "AHMEDABAD",
    "STATE": "GUJARAT"
  },
  "SCBL0036052": {
    "BANK": "STANDARD CHARTERED BANK",
    "IFSC": "SCBL0036052",
    "BRANCH": "STANDARD CHARTERED TOWER",
    "ADDRESS": "201B/1, WESTERN EXPRESS HIGHWAY",
    "CONTACT": "67373171",
    "CITY": "MUMBAI",
    "DISTRICT": "GREATER BOMBAY",
    "STATE": "MAHARASHTRA"
  },
  "SCBL0036053": {
    "BANK": "STANDARD CHARTERED BANK",
    "IFSC": "SCBL0036053",
    "BRANCH": "LOKHANDWALA",
    "ADDRESS": "21-23SAMARTH VAIBHAV,ANDHERI(W),",
    "CONTACT": "26327732",
    "CITY": "MUMBAI",
    "DISTRICT": "GREATER BOMBAY",
    "STATE": "MAHARASHTRA"
  },
  "SCBL0036054": {
    "BANK": "STANDARD CHARTERED BANK",
    "IFSC": "SCBL0036054",
    "BRANCH": "HOWRAH",
    "ADDRESS": "49 DOBSON ROAD,",
    "CONTACT": "26662541",
    "CITY": "KOLKATA",
    "DISTRICT": "HOWRAH",
    "STATE": "WEST BENGAL"
  },
  "SCBL0036055": {
    "BANK": "STANDARD CHARTERED BANK",
    "IFSC": "SCBL0036055",
    "BRANCH": "DADAR",
    "ADDRESS": "SHIVAJI MANDIR, ,",
    "CONTACT": "24331920",
    "CITY": "MUMBAI",
    "DISTRICT": "GREATER BOMBAY",
    "STATE": "MAHARASHTRA"
  },
  "SCBL0036056": {
    "BANK": "STANDARD CHARTERED BANK",
    "IFSC": "SCBL0036056",
    "BRANCH": "SANTACRUZ",
    "ADDRESS": "65-F, VITHALBHAI PATEL ROAD,",
    "CONTACT": "26487510",
    "CITY": "MUMBAI",
    "DISTRICT": "GREATER BOMBAY",
    "STATE": "MAHARASHTRA"
  },
  "SCBL0036057": {
    "BANK": "STANDARD CHARTERED BANK",
    "IFSC": "SCBL0036057",
    "BRANCH": "BANDRA",
    "ADDRESS": "UNIQUE CENTRE,",
    "CONTACT": "26443908",
    "CITY": "MUMBAI",
    "DISTRICT": "GREATER BOMBAY",
    "STATE": "MAHARASHTRA"
  },
  "SCBL0036058": {
    "BANK": "STANDARD CHARTERED BANK",
    "IFSC": "SCBL0036058",
    "BRANCH": "JUHU",
    "ADDRESS": "B21, SANGHVI PARITOSH",
    "CONTACT": "26134705",
    "CITY": "MUMBAI",
    "DISTRICT": "GREATER BOMBAY",
    "STATE": "MAHARASHTRA"
  },
  "SCBL0036059": {
    "BANK": "STANDARD CHARTERED BANK",
    "IFSC": "SCBL0036059",
    "BRANCH": "BREACH CANDY",
    "ADDRESS": "87, BHULABAI DESAI RD,BREACH CANDY,",
    "CONTACT": "23696265",
    "CITY": "MUMBAI",
    "DISTRICT": "GREATER BOMBAY",
    "STATE": "MAHARASHTRA"
  },
  "SCBL0036060": {
    "BANK": "STANDARD CHARTERED BANK",
    "IFSC": "SCBL0036060",
    "BRANCH": "POWAI",
    "ADDRESS": "UNIT 101, DELTA BUILDING",
    "CONTACT": "22019692",
    "CITY": "MUMBAI",
    "DISTRICT": "GREATER BOMBAY",
    "STATE": "MAHARASHTRA"
  },
  "SCBL0036061": {
    "BANK": "STANDARD CHARTERED BANK",
    "IFSC": "SCBL0036061",
    "BRANCH": "BHOPAL",
    "ADDRESS": "GROUND FLOOR, NORTHERN WING",
    "CONTACT": "2554280",
    "CITY": "BHOPAL",
    "DISTRICT": "BHOPAL",
    "STATE": "MADHYA PRADESH"
  },
  "SCBL0036062": {
    "BANK": "STANDARD CHARTERED BANK",
    "IFSC": "SCBL0036062",
    "BRANCH": "BARODA",
    "ADDRESS": "GOKULESH",
    "CONTACT": "2320071",
    "CITY": "BARODA",
    "DISTRICT": "VADODARA",
    "STATE": "GUJARAT"
  },
  "SCBL0036063": {
    "BANK": "STANDARD CHARTERED BANK",
    "IFSC": "SCBL0036063",
    "BRANCH": "SURAT",
    "ADDRESS": "C.K TOWER,NR SARGAM SHOPPING CNTR",
    "CONTACT": "2220110",
    "CITY": "SURAT",
    "DISTRICT": "SURAT",
    "STATE": "GUJARAT"
  },
  "SCBL0036064": {
    "BANK": "STANDARD CHARTERED BANK",
    "IFSC": "SCBL0036064",
    "BRANCH": "RAJKOT",
    "ADDRESS": "BUSINESS EMPIRE",
    "CONTACT": "5526002",
    "CITY": "RAJKOT",
    "DISTRICT": "RAJKOT",
    "STATE": "GUJARAT"
  },
  "SCBL0036065": {
    "BANK": "STANDARD CHARTERED BANK",
    "IFSC": "SCBL0036065",
    "BRANCH": "NAGPUR",
    "ADDRESS": "NARANG TOWERS",
    "CONTACT": "5620700",
    "CITY": "NAGPUR",
    "DISTRICT": "NAGPUR",
    "STATE": "MAHARASHTRA"
  },
  "SCBL0036066": {
    "BANK": "STANDARD CHARTERED BANK",
    "IFSC": "SCBL0036066",
    "BRANCH": "CHEMBUR",
    "ADDRESS": "GARDEN APTS, DIAMOND GARDEN CHS",
    "CONTACT": "25207392",
    "CITY": "MUMBAI",
    "DISTRICT": "GREATER BOMBAY",
    "STATE": "MAHARASHTRA"
  },
  "SCBL0036067": {
    "BANK": "STANDARD CHARTERED BANK",
    "IFSC": "SCBL0036067",
    "BRANCH": "BORIVALI",
    "ADDRESS": "ADITYA APTS, CTS NO. 639,",
    "CONTACT": "28663900",
    "CITY": "MUMBAI",
    "DISTRICT": "GREATER BOMBAY",
    "STATE": "MAHARASHTRA"
  },
  "SCBL0036068": {
    "BANK": "STANDARD CHARTERED BANK",
    "IFSC": "SCBL0036068",
    "BRANCH": "THANE",
    "ADDRESS": "HIRANANDANI MEADOWS,EMERALD PLAZA",
    "CONTACT": "25890784",
    "CITY": "MUMBAI",
    "DISTRICT": "THANE",
    "STATE": "MAHARASHTRA"
  },
  "SCBL0036069": {
    "BANK": "STANDARD CHARTERED BANK",
    "IFSC": "SCBL0036069",
    "BRANCH": "INDORE",
    "ADDRESS": "D.M TOWERS",
    "CONTACT": "5206900",
    "CITY": "INDORE",
    "DISTRICT": "INDORE",
    "STATE": "MADHYA PRADESH"
  },
  "SCBL0036070": {
    "BANK": "STANDARD CHARTERED BANK",
    "IFSC": "SCBL0036070",
    "BRANCH": "ANDHERI (W)",
    "ADDRESS": "AMEYA HOUSE, RAJ KUMAR CORNER",
    "CONTACT": "26790239",
    "CITY": "MUMBAI",
    "DISTRICT": "GREATER BOMBAY",
    "STATE": "MAHARASHTRA"
  },
  "SCBL0036071": {
    "BANK": "STANDARD CHARTERED BANK",
    "IFSC": "SCBL0036071",
    "BRANCH": "JALGAON",
    "ADDRESS": "BABA PLAZA, AKASHWANI SQ, JALGAON",
    "CONTACT": "2237400",
    "CITY": "JALGAON",
    "DISTRICT": "JALGAON",
    "STATE": "MAHARASHTRA"
  },
  "SCBL0036072": {
    "BANK": "STANDARD CHARTERED BANK",
    "IFSC": "SCBL0036072",
    "BRANCH": "MYLAPORE",
    "ADDRESS": "29/30 DR. RADHAKRISHNA SALAI",
    "CONTACT": "42107373",
    "CITY": "CHENNAI",
    "DISTRICT": "CHENNAI",
    "STATE": "TAMIL NADU"
  },
  "SCBL0036073": {
    "BANK": "STANDARD CHARTERED BANK",
    "IFSC": "SCBL0036073",
    "BRANCH": "KORAMANGALA",
    "ADDRESS": "SERENITY GRND FLR",
    "CONTACT": "67079501",
    "CITY": "BANGALORE",
    "DISTRICT": "BANGALORE URBAN",
    "STATE": "KARNATAKA"
  },
  "SCBL0036074": {
    "BANK": "STANDARD CHARTERED BANK",
    "IFSC": "SCBL0036074",
    "BRANCH": "M G ROAD",
    "ADDRESS": "RAHEJA TOWERS",
    "CONTACT": "66310004",
    "CITY": "BANGALORE",
    "DISTRICT": "BANGALORE URBAN",
    "STATE": "KARNATAKA"
  },
  "SCBL0036075": {
    "BANK": "STANDARD CHARTERED BANK",
    "IFSC": "SCBL0036075",
    "BRANCH": "HYDERABAD",
    "ADDRESS": "6-3-1090, RAJ BHAVAN ROAD",
    "CONTACT": "23321160",
    "CITY": "HYDERABAD",
    "DISTRICT": "HYDERABAD URBAN",
    "STATE": "ANDHRA PRADESH"
  },
  "SCBL0036076": {
    "BANK": "STANDARD CHARTERED BANK",
    "IFSC": "SCBL0036076",
    "BRANCH": "ERNAKULAM",
    "ADDRESS": "HDFC HOUSE",
    "CONTACT": "2359086",
    "CITY": "ERNAKULAM",
    "DISTRICT": "ERNAKULAM",
    "STATE": "KERALA"
  },
  "SCBL0036077": {
    "BANK": "STANDARD CHARTERED BANK",
    "IFSC": "SCBL0036077",
    "BRANCH": "COIMBATORE",
    "ADDRESS": "509, D.B.ROAD",
    "CONTACT": "2550589",
    "CITY": "COIMBATORE",
    "DISTRICT": "COIMBOTORE",
    "STATE": "TAMIL NADU"
  },
  "SCBL0036078": {
    "BANK": "STANDARD CHARTERED BANK",
    "IFSC": "SCBL0036078",
    "BRANCH": "RAJAJI SALAI",
    "ADDRESS": "19,RAJAJI SALAI,",
    "CONTACT": "25349200",
    "CITY": "CHENNAI",
    "DISTRICT": "CHENNAI",
    "STATE": "TAMIL NADU"
  },
  "SCBL0036079": {
    "BANK": "STANDARD CHARTERED BANK",
    "IFSC": "SCBL0036079",
    "BRANCH": "HADDOWS ROAD",
    "ADDRESS": "GRINDLAYS GARDEN",
    "CONTACT": "28219666",
    "CITY": "CHENNAI",
    "DISTRICT": "CHENNAI",
    "STATE": "TAMIL NADU"
  },
  "SCBL0036080": {
    "BANK": "STANDARD CHARTERED BANK",
    "IFSC": "SCBL0036080",
    "BRANCH": "SORRENTO",
    "ADDRESS": "NO. 6, LATTICE BRIDGE ROAD",
    "CONTACT": "42027272",
    "CITY": "CHENNAI",
    "DISTRICT": "CHENNAI",
    "STATE": "TAMIL NADU"
  },
  "SCBL0036081": {
    "BANK": "STANDARD CHARTERED BANK",
    "IFSC": "SCBL0036081",
    "BRANCH": "SECUNDERABAD",
    "ADDRESS": "GROUND FLOOR, UNIT NO.2A&3",
    "CONTACT": "66907050",
    "CITY": "SECUNDERABAD",
    "DISTRICT": "HYDERABAD URBAN",
    "STATE": "ANDHRA PRADESH"
  },
  "SCBL0036082": {
    "BANK": "STANDARD CHARTERED BANK",
    "IFSC": "SCBL0036082",
    "BRANCH": "ERNAKULAM-GK ARCADE",
    "ADDRESS": "G K ARCADE, GROUND FLOOR,",
    "CONTACT": "2550589",
    "CITY": "ERNAKULAM",
    "DISTRICT": "ERNAKULAM",
    "STATE": "KERALA"
  },
  "SCBL0036083": {
    "BANK": "STANDARD CHARTERED BANK",
    "IFSC": "SCBL0036083",
    "BRANCH": "T NAGAR",
    "ADDRESS": "SAGAS AMAR COURT",
    "CONTACT": "28158707",
    "CITY": "CHENNAI",
    "DISTRICT": "CHENNAI",
    "STATE": "TAMIL NADU"
  },
  "SCBL0036084": {
    "BANK": "STANDARD CHARTERED BANK",
    "IFSC": "SCBL0036084",
    "BRANCH": "23-25 M G ROAD",
    "ADDRESS": "OPP. VSNL",
    "CONTACT": "22683301",
    "CITY": "MUMBAI",
    "DISTRICT": "GREATER BOMBAY",
    "STATE": "MAHARASHTRA"
  },
  "SCBL0036085": {
    "BANK": "STANDARD CHARTERED BANK",
    "IFSC": "SCBL0036085",
    "BRANCH": "CRESCENZO BUILDING",
    "ADDRESS": "CRESCENZO BUILDING",
    "CONTACT": "26757033",
    "CITY": "MUMBAI",
    "DISTRICT": "GREATER BOMBAY",
    "STATE": "MAHARASHTRA"
  },
  "SCBL0036086": {
    "BANK": "STANDARD CHARTERED BANK",
    "IFSC": "SCBL0036086",
    "BRANCH": "EXPRESS TOWERS",
    "ADDRESS": "1ST FLOOR, EXPRESS BUILDING",
    "CONTACT": "23308094",
    "CITY": "NEW DELHI",
    "DISTRICT": "NEW DELHI",
    "STATE": "DELHI"
  },
  "SCBL0036087": {
    "BANK": "STANDARD CHARTERED BANK",
    "IFSC": "SCBL0036087",
    "BRANCH": "GURUSADAY ROAD",
    "ADDRESS": "G-08, ATRIA,",
    "CONTACT": "22900768",
    "CITY": "KOLKATA",
    "DISTRICT": "KOLKATA",
    "STATE": "WEST BENGAL"
  },
  "SCBL0036088": {
    "BANK": "STANDARD CHARTERED BANK",
    "IFSC": "SCBL0036088",
    "BRANCH": "ANNA NAGAR",
    "ADDRESS": "NEWRY, PLOT NO.106, OLD DOOR NO.11,",
    "CONTACT": "66014444",
    "CITY": "CHENNAI",
    "DISTRICT": "CHENNAI",
    "STATE": "TAMIL NADU"
  },
  "SCBL0036089": {
    "BANK": "STANDARD CHARTERED BANK",
    "IFSC": "SCBL0036089",
    "BRANCH": "PRESTIGE POSEIDON",
    "ADDRESS": "G2-G3, PRESTIGE POSEIDON",
    "CONTACT": "41188952",
    "CITY": "BANGALORE",
    "DISTRICT": "BANGALORE URBAN",
    "STATE": "KARNATAKA"
  },
  "SCBL0036090": {
    "BANK": "STANDARD CHARTERED BANK",
    "IFSC": "SCBL0036090",
    "BRANCH": "JUBILEE HILLS",
    "ADDRESS": "#8-2-293/82/A/646/A, GROUND FLOOR,",
    "CONTACT": "39404444",
    "CITY": "HYDERABAD",
    "DISTRICT": "HYDERABAD URBAN",
    "STATE": "ANDHRA PRADESH"
  },
  "SCBL0036091": {
    "BANK": "STANDARD CHARTERED BANK",
    "IFSC": "SCBL0036091",
    "BRANCH": "KALYANI NAGAR",
    "ADDRESS": "B2 THE CEREBRUM IT PARK",
    "CONTACT": "66803800",
    "CITY": "PUNE",
    "DISTRICT": "PUNE",
    "STATE": "MAHARASHTRA"
  },
  "SCBL0036092": {
    "BANK": "STANDARD CHARTERED BANK",
    "IFSC": "SCBL0036092",
    "BRANCH": "MATHURA",
    "ADDRESS": "PACIFIC MALL,PLOT NO. C-1/B",
    "CONTACT": "3206014",
    "CITY": "MATHURA",
    "DISTRICT": "MATHURA",
    "STATE": "UTTAR PRADESH"
  },
  "SCBL0036093": {
    "BANK": "STANDARD CHARTERED BANK",
    "IFSC": "SCBL0036093",
    "BRANCH": "PRODDATUR",
    "ADDRESS": "GROUND FLOOR, MEGHANA MANSION,24/25",
    "CONTACT": "248841",
    "CITY": "PRODDATUR",
    "DISTRICT": "CUDDAPAH",
    "STATE": "ANDHRA PRADESH"
  },
  "SCBL0036094": {
    "BANK": "STANDARD CHARTERED BANK",
    "IFSC": "SCBL0036094",
    "BRANCH": "DEHRADUN",
    "ADDRESS": "KRISHNA TOWERS",
    "CONTACT": "3242061",
    "CITY": "DEHRADUN",
    "DISTRICT": "DEHRADUN",
    "STATE": "UTTARAKHAND"
  },
  "SCBL0036095": {
    "BANK": "STANDARD CHARTERED BANK",
    "IFSC": "SCBL0036095",
    "BRANCH": "SAHARANPUR",
    "ADDRESS": "MUNDARJA,NO. 262, DELHI",
    "CONTACT": "2764855",
    "CITY": "SAHARANPUR",
    "DISTRICT": "SAHARANPUR",
    "STATE": "UTTAR PRADESH"
  },
  "SCBL0036096": {
    "BANK": "STANDARD CHARTERED BANK",
    "IFSC": "SCBL0036096",
    "BRANCH": "UDAIPUR",
    "ADDRESS": "GROUND FLOOR,APEX SQUARE BANK STRET",
    "CONTACT": "9587797777",
    "CITY": "UDAIPUR",
    "DISTRICT": "UDAIPUR",
    "STATE": "RAJASTHAN"
  },
  "SCBL0036097": {
    "BANK": "STANDARD CHARTERED BANK",
    "IFSC": "SCBL0036097",
    "BRANCH": "JODHPUR",
    "ADDRESS": "GROUND FLOOR, PLOT NO. 839",
    "CONTACT": "2433878",
    "CITY": "JODHPUR",
    "DISTRICT": "JODHAPUR",
    "STATE": "RAJASTHAN"
  },
  "SCBL0036098": {
    "BANK": "STANDARD CHARTERED BANK",
    "IFSC": "SCBL0036098",
    "BRANCH": "CHHINDWARA",
    "ADDRESS": "SHARMA COMPLEX,PLOT NO.491,WARD NO.38,PARASIA ROAD,CHHINDWARA 480001.MADHYA PRADESH",
    "CONTACT": null,
    "CITY": "CHHINDWARA",
    "DISTRICT": "CHHINDWARA",
    "STATE": "MADHYA PRADESH"
  },
  "SCBL0036099": {
    "BANK": "STANDARD CHARTERED BANK",
    "IFSC": "SCBL0036099",
    "BRANCH": "TRIVANDRUM",
    "ADDRESS": "STANDARD CHARTERED BANK, GROUND & F",
    "CONTACT": "9847025257",
    "CITY": "TRIVANDRUM",
    "DISTRICT": "TRIVANDRUM",
    "STATE": "KERALA"
  },
  "SCBL0036100": {
    "BANK": "STANDARD CHARTERED BANK",
    "IFSC": "SCBL0036100",
    "BRANCH": "AGRA",
    "ADDRESS": "4, KRISHNA ENCLAVE",
    "CONTACT": "9760090441",
    "CITY": "AGRA",
    "DISTRICT": "AGRA",
    "STATE": "UTTAR PRADESH"
  },
  "SCBL0036101": {
    "BANK": "STANDARD CHARTERED BANK",
    "IFSC": "SCBL0036101",
    "BRANCH": "TEHSIL BAREILLY",
    "ADDRESS": "GROUND FLOOR, KHASRA NO - 356 & 357, VILLAGE MOHANPURA, PARGANA TEHSIL AND DISTRICT BAREILLY, UTTAR PRADESH",
    "CONTACT": "9557935666",
    "CITY": "BAREILLY",
    "DISTRICT": "BAREILLY",
    "STATE": "UTTAR PRADESH"
  }
}