{
  "SURY0000001": {
    "BANK": "Suryoday Small Finance Bank",
    "IFSC": "SURY0000001",
    "BRANCH": "Suryoday Small Finance Bank IMPS",
    "CENTRE": "NAVI MUMBAI",
    "DISTRICT": "NAVI MUMBAI",
    "STATE": "MAHARASHTRA",
    "ADDRESS": "UNIT NUMBER 302,SECTOR 11,201 IN PUJIT PLAZA BUILDING,NAVI MUMBAI",
    "CONTACT": null,
    "IMPS": true,
    "CITY": "MUMBAI",
    "UPI": true,
    "MICR": "400757001",
    "RTGS": true,
    "NEFT": true,
    "SWIFT": null,
    "ISO3166": "IN-MH"
  },
  "SURY0000011": {
    "BANK": "Suryoday Small Finance Bank",
    "IFSC": "SURY0000011",
    "MICR": "400757002",
    "BRANCH": "BELAPUR",
    "ADDRESS": "SHOP NUMBER1,HERMES ATRIUM,SECTOR 11,CBD BELAPUR,NAVI MUMBAI",
    "STATE": "MAHARASHTRA",
    "CONTACT": null,
    "UPI": true,
    "RTGS": true,
    "CITY": "NAVI MUMBAI",
    "CENTRE": "Thane",
    "DISTRICT": "Thane",
    "NEFT": true,
    "IMPS": true,
    "SWIFT": null,
    "ISO3166": "IN-MH"
  },
  "SURY0000012": {
    "BANK": "Suryoday Small Finance Bank",
    "IFSC": "SURY0000012",
    "MICR": "400757003",
    "BRANCH": "CHEMBUR",
    "ADDRESS": "SHOP NUMBER 1 A,SHRIPAL BUILDING,CHHAYA SOCIETY,S.T.ROAD,CHEMBUR NAKA,MUMBAI",
    "STATE": "MAHARASHTRA",
    "CONTACT": null,
    "UPI": true,
    "RTGS": true,
    "CITY": "MUMBAI",
    "CENTRE": "Mumbai",
    "DISTRICT": "Mumbai",
    "NEFT": true,
    "IMPS": true,
    "SWIFT": null,
    "ISO3166": "IN-MH"
  },
  "SURY0000013": {
    "BANK": "Suryoday Small Finance Bank",
    "IFSC": "SURY0000013",
    "MICR": "400757004",
    "BRANCH": "NERUL",
    "ADDRESS": "Shop Number 3,4,6,Ground Floor,NRI Shopping Center, Seawoods estaes, 56 / 58, Sector 54, Nerul, Navi Mumbai",
    "STATE": "MAHARASHTRA",
    "CONTACT": null,
    "UPI": true,
    "RTGS": true,
    "CITY": "NAVI MUMBAI",
    "CENTRE": "Thane",
    "DISTRICT": "Thane",
    "NEFT": true,
    "IMPS": true,
    "SWIFT": null,
    "ISO3166": "IN-MH"
  },
  "SURY0000014": {
    "BANK": "Suryoday Small Finance Bank",
    "IFSC": "SURY0000014",
    "MICR": "400757005",
    "BRANCH": "THANE",
    "ADDRESS": "G-1 X SHOPPING CENTER,FLOWER VALLEY CHS LTD,NEXT TO STATE BANK OF HYDERABAD,EASTERN EXPRESS HIGHWAY THANE( WEST),OPPOSITE VIVIANA MALL,MUMBAI",
    "STATE": "MAHARASHTRA",
    "CONTACT": null,
    "UPI": true,
    "RTGS": true,
    "CITY": "MUMBAI",
    "CENTRE": "Thane",
    "DISTRICT": "Thane",
    "NEFT": true,
    "IMPS": true,
    "SWIFT": null,
    "ISO3166": "IN-MH"
  },
  "SURY0000015": {
    "BANK": "Suryoday Small Finance Bank",
    "IFSC": "SURY0000015",
    "MICR": "411757002",
    "BRANCH": "KOTHRUD",
    "ADDRESS": "GROUND FLOOR,VIBHAS C.H.S LTD,KOTHRUD,PUNE",
    "STATE": "MAHARASHTRA",
    "CONTACT": null,
    "UPI": true,
    "RTGS": true,
    "CITY": "PUNE",
    "CENTRE": "Pune",
    "DISTRICT": "Pune",
    "NEFT": true,
    "IMPS": true,
    "SWIFT": null,
    "ISO3166": "IN-MH"
  },
  "SURY0000016": {
    "BANK": "Suryoday Small Finance Bank",
    "IFSC": "SURY0000016",
    "MICR": "411757003",
    "BRANCH": "CHINCHWAD",
    "ADDRESS": "SHOP NUMBER 5A,GROUND FLOOR,SAMEER PLAZA,GP-72,G BLOCK,MIDC,SAMBHAJI NAGAR,CHINCHWAD,PUNE",
    "STATE": "MAHARASHTRA",
    "CONTACT": null,
    "UPI": true,
    "RTGS": true,
    "CITY": "PUNE",
    "CENTRE": "Pune",
    "DISTRICT": "Pune",
    "NEFT": true,
    "IMPS": true,
    "SWIFT": null,
    "ISO3166": "IN-MH"
  },
  "SURY0000017": {
    "BANK": "Suryoday Small Finance Bank",
    "IFSC": "SURY0000017",
    "MICR": "411757004",
    "BRANCH": "SADASHIVPETH",
    "ADDRESS": "SHOP NUMER 9,AND 4,SUVIDHA SMITA APARTMENTS,SADASHIV PETH,PUNE",
    "STATE": "MAHARASHTRA",
    "CONTACT": null,
    "UPI": true,
    "RTGS": true,
    "CITY": "PUNE",
    "CENTRE": "Pune",
    "DISTRICT": "Pune",
    "NEFT": true,
    "IMPS": true,
    "SWIFT": null,
    "ISO3166": "IN-MH"
  },
  "SURY0000018": {
    "BANK": "Suryoday Small Finance Bank",
    "IFSC": "SURY0000018",
    "MICR": "380757001",
    "BRANCH": "NAVRANGPURA",
    "ADDRESS": "GROUND FLOOR SHOP,SAMARPAN BUILDING,NEAR SWASTIK CROSS ROAD,NEAR US PIZZA,NAVRANGPURA,AHMEDABAD",
    "STATE": "GUJARAT",
    "CONTACT": null,
    "UPI": true,
    "RTGS": true,
    "CITY": "AHMEDABAD",
    "CENTRE": "AHMEDABAD",
    "DISTRICT": "AHMEDABAD",
    "NEFT": true,
    "IMPS": true,
    "SWIFT": null,
    "ISO3166": "IN-GJ"
  },
  "SURY0000019": {
    "BANK": "Suryoday Small Finance Bank",
    "IFSC": "SURY0000019",
    "MICR": "452757001",
    "BRANCH": "NEW PALASIA",
    "ADDRESS": "GROUND FLOOR,PLOT NUMBER 4,SCHEME NUMBER 117,NEW PALASIA,56 DUKAN,INDORE",
    "STATE": "MADHYA PRADESH",
    "CONTACT": null,
    "UPI": true,
    "RTGS": true,
    "CITY": "INDORE",
    "CENTRE": "INDORE",
    "DISTRICT": "INDORE",
    "NEFT": true,
    "IMPS": true,
    "SWIFT": null,
    "ISO3166": "IN-MP"
  },
  "SURY0000020": {
    "BANK": "Suryoday Small Finance Bank",
    "IFSC": "SURY0000020",
    "MICR": "605757002",
    "BRANCH": "KAMRAJ NAGAR",
    "ADDRESS": "GROUND FLOOR,S J MODERN TOWER,AT NO.13,VALLALAR SALAI,KAMRAJ NAGAR,PUDUCHERRY",
    "STATE": "PUDUCHERRY",
    "CONTACT": null,
    "UPI": true,
    "RTGS": true,
    "CITY": "PUDUCHERRY",
    "CENTRE": "PUDUCHERRY",
    "DISTRICT": "PUDUCHERRY",
    "NEFT": true,
    "IMPS": true,
    "SWIFT": null,
    "ISO3166": "IN-PY"
  },
  "SURY0000021": {
    "BANK": "Suryoday Small Finance Bank",
    "IFSC": "SURY0000021",
    "MICR": "600757003",
    "BRANCH": "TAMBARAM",
    "ADDRESS": "NO.24/52,VENKATESAN STREET,TAMBARAM WEST,CHENNAI",
    "STATE": "TAMIL NADU",
    "CONTACT": null,
    "UPI": true,
    "RTGS": true,
    "CITY": "CHENNAI",
    "CENTRE": "CHENNAI",
    "DISTRICT": "CHENNAI",
    "NEFT": true,
    "IMPS": true,
    "SWIFT": null,
    "ISO3166": "IN-TN"
  },
  "SURY0000022": {
    "BANK": "Suryoday Small Finance Bank",
    "IFSC": "SURY0000022",
    "MICR": "641757002",
    "BRANCH": "PULLIYAKULAM ROAD",
    "ADDRESS": "PLOT NUMBER 642,SRI RAM APARTMENTS,GROUND FLOOR 5,6,LAXMI MILL JUNCTION,PULLIYAKULAM ROAD,COIMBATORE",
    "STATE": "TAMIL NADU",
    "CONTACT": null,
    "UPI": true,
    "RTGS": true,
    "CITY": "COIMBATORE",
    "CENTRE": "COIMBATORE",
    "DISTRICT": "COIMBATORE",
    "NEFT": true,
    "IMPS": true,
    "SWIFT": null,
    "ISO3166": "IN-TN"
  },
  "SURY0000023": {
    "BANK": "Suryoday Small Finance Bank",
    "IFSC": "SURY0000023",
    "MICR": "620757002",
    "BRANCH": "THILLAI NAGAR",
    "ADDRESS": "PREMISE NUMBER C 56,GROUND FLOOR,11TH CROSS ROAD,THILLAI NAGAR,MAIN ROAD,TIRUCHIIRAPPALLI",
    "STATE": "TAMIL NADU",
    "CONTACT": null,
    "UPI": true,
    "RTGS": true,
    "CITY": "TIRUCHIRAPALLI",
    "CENTRE": "TIRUCHIRAPALLI",
    "DISTRICT": "TIRUCHIRAPALLI",
    "NEFT": true,
    "IMPS": true,
    "SWIFT": null,
    "ISO3166": "IN-TN"
  },
  "SURY0000024": {
    "BANK": "Suryoday Small Finance Bank",
    "IFSC": "SURY0000024",
    "MICR": "751757002",
    "BRANCH": "LEWIS ROAD",
    "ADDRESS": "GROUND FLOOR,PLOT NO-2862/3734,LEWIS ROAD,BHUBANESHWAR",
    "STATE": "ODISHA",
    "CONTACT": null,
    "UPI": true,
    "RTGS": true,
    "CITY": "BHUBANESHWAR",
    "CENTRE": "BHUBANESHWAR",
    "DISTRICT": "BHUBANESHWAR",
    "NEFT": true,
    "IMPS": true,
    "SWIFT": null,
    "ISO3166": "IN-OR"
  },
  "SURY0000025": {
    "BANK": "Suryoday Small Finance Bank",
    "IFSC": "SURY0000025",
    "MICR": "600757002",
    "BRANCH": "T.NAGAR",
    "ADDRESS": "LHARMONIE,NO 30,BAZULLAH ROAD,T.NAGAR,CHENNAI",
    "STATE": "TAMIL NADU",
    "CONTACT": null,
    "UPI": true,
    "RTGS": true,
    "CITY": "CHENNAI",
    "CENTRE": "CHENNAI",
    "DISTRICT": "CHENNAI",
    "NEFT": true,
    "IMPS": true,
    "SWIFT": null,
    "ISO3166": "IN-TN"
  },
  "SURY0000026": {
    "BANK": "Suryoday Small Finance Bank",
    "IFSC": "SURY0000026",
    "MICR": "411757501",
    "BRANCH": "YEWALEWADI",
    "ADDRESS": "GROUND FLOOR,H.NO.814,FL-2,YEWALEWADI,OPPOSITE SINHAGAD COLLEGE,KONDWA PUNE -411048",
    "STATE": "MAHARASHTRA",
    "CONTACT": null,
    "UPI": true,
    "RTGS": true,
    "CITY": "PUNE",
    "CENTRE": "PUNE",
    "DISTRICT": "PUNE",
    "NEFT": true,
    "IMPS": true,
    "SWIFT": null,
    "ISO3166": "IN-MH"
  },
  "SURY0000027": {
    "BANK": "Suryoday Small Finance Bank",
    "IFSC": "SURY0000027",
    "MICR": "411757502",
    "BRANCH": "MAHALUNGE",
    "ADDRESS": "HOUSE NUMBER H 386,MHALUNGE BUS STOP,PUNE",
    "STATE": "MAHARASHTRA",
    "CONTACT": null,
    "UPI": true,
    "RTGS": true,
    "CITY": "PUNE",
    "CENTRE": "PUNE",
    "DISTRICT": "PUNE",
    "NEFT": true,
    "IMPS": true,
    "SWIFT": null,
    "ISO3166": "IN-MH"
  },
  "SURY0000028": {
    "BANK": "Suryoday Small Finance Bank",
    "IFSC": "SURY0000028",
    "MICR": "411757503",
    "BRANCH": "ALANDI",
    "ADDRESS": "HOUSE NUMBER 211, GROUND FLOOR CHARHOLI (KHURD), PUNE",
    "STATE": "MAHARASHTRA",
    "CONTACT": null,
    "UPI": true,
    "RTGS": true,
    "CITY": "PUNE",
    "CENTRE": "PUNE",
    "DISTRICT": "PUNE",
    "NEFT": true,
    "IMPS": true,
    "SWIFT": null,
    "ISO3166": "IN-MH"
  },
  "SURY0000031": {
    "BANK": "Suryoday Small Finance Bank",
    "IFSC": "SURY0000031",
    "MICR": "411757504",
    "BRANCH": "DATTAWADI",
    "ADDRESS": "GROUND FLOOR,PLOT NUMBER 2,123/2/2 DATTAWADI,OPPOSITE IMS COLLEGE,KASARSAI ROAD,TALUKA -MULSHI,NERE PUNE -412108",
    "STATE": "MAHARASHTRA",
    "CONTACT": null,
    "UPI": true,
    "RTGS": true,
    "CITY": "PUNE",
    "CENTRE": "PUNE",
    "DISTRICT": "PUNE",
    "NEFT": true,
    "IMPS": true,
    "SWIFT": null,
    "ISO3166": "IN-MH"
  },
  "SURY0000032": {
    "BANK": "Suryoday Small Finance Bank",
    "IFSC": "SURY0000032",
    "MICR": "400757502",
    "BRANCH": "HEDUTANE",
    "ADDRESS": "SHOP NUMBER 1,GROUND FLOOR,NEAR HANUMAN TEMPLE,HEDUTANE VILLAGE,TALUKA -KALYAN,DISTRICT -THANE",
    "STATE": "MAHARASHTRA",
    "CONTACT": null,
    "UPI": true,
    "RTGS": true,
    "CITY": "THANE",
    "CENTRE": "THANE",
    "DISTRICT": "THANE",
    "NEFT": true,
    "IMPS": true,
    "SWIFT": null,
    "ISO3166": "IN-MH"
  },
  "SURY0000033": {
    "BANK": "Suryoday Small Finance Bank",
    "IFSC": "SURY0000033",
    "MICR": "411757505",
    "BRANCH": "VARALE",
    "ADDRESS": "GROUND FLOOR, AT HOUSE NUMBER 829, VARALE, TAL. MVAL, PUNE",
    "STATE": "MAHARASHTRA",
    "CONTACT": null,
    "UPI": true,
    "RTGS": true,
    "CITY": "PUNE",
    "CENTRE": "PUNE",
    "DISTRICT": "PUNE",
    "NEFT": true,
    "IMPS": true,
    "SWIFT": null,
    "ISO3166": "IN-MH"
  },
  "SURY0000034": {
    "BANK": "Suryoday Small Finance Bank",
    "IFSC": "SURY0000034",
    "MICR": "411757506",
    "BRANCH": "DONAJE",
    "ADDRESS": "GROUND FLOOR, HOUSE NUMBER 099, DONAJE VILLAGE, PUNE",
    "STATE": "MAHARASHTRA",
    "CONTACT": null,
    "UPI": true,
    "RTGS": true,
    "CITY": "PUNE",
    "CENTRE": "PUNE",
    "DISTRICT": "PUNE",
    "NEFT": true,
    "IMPS": true,
    "SWIFT": null,
    "ISO3166": "IN-MH"
  },
  "SURY0000035": {
    "BANK": "Suryoday Small Finance Bank",
    "IFSC": "SURY0000035",
    "MICR": "400757504",
    "BRANCH": "SARAVALI",
    "ADDRESS": "SHOP NUMBER 2& 3,GROUND FLOOR,SUNDARA AAI PARK,GRAMPANCHAYAT HOUSE NO.778,SARAVALI VILLAGE,NEAR MIDC,TALUKA -BHIWANDI,THANE",
    "STATE": "MAHARASHTRA",
    "CONTACT": null,
    "UPI": true,
    "RTGS": true,
    "CITY": "THANE",
    "CENTRE": "THANE",
    "DISTRICT": "THANE",
    "NEFT": true,
    "IMPS": true,
    "SWIFT": null,
    "ISO3166": "IN-MH"
  },
  "SURY0000036": {
    "BANK": "Suryoday Small Finance Bank",
    "IFSC": "SURY0000036",
    "MICR": "400757503",
    "BRANCH": "KOLEGAON",
    "ADDRESS": "SHOP NUMBER 1,GROUND FLOOR,SARASWATI APARTMENT,KOLEGAON,TALUKA -KALYAN,DISTRICT -THANE",
    "STATE": "MAHARASHTRA",
    "CONTACT": null,
    "UPI": true,
    "RTGS": true,
    "CITY": "THANE",
    "CENTRE": "THANE",
    "DISTRICT": "THANE",
    "NEFT": true,
    "IMPS": true,
    "SWIFT": null,
    "ISO3166": "IN-MH"
  },
  "SURY0000037": {
    "BANK": "Suryoday Small Finance Bank",
    "IFSC": "SURY0000037",
    "MICR": "411757507",
    "BRANCH": "WADACHIWADI",
    "ADDRESS": "SURYODAY SMALL FINANCE BANK LTD., SHOP NO.1 & 2, GROUND FLOOR, GURUKRUPA APARTMENT, SURVEY NO.1/1A, 2B, WADACHIWADI, TAL HAVELI, PUNE",
    "STATE": "MAHARASHTRA",
    "CONTACT": null,
    "UPI": true,
    "RTGS": true,
    "CITY": "PUNE",
    "CENTRE": "PUNE",
    "DISTRICT": "PUNE",
    "NEFT": true,
    "IMPS": true,
    "SWIFT": null,
    "ISO3166": "IN-MH"
  },
  "SURY0000038": {
    "BANK": "Suryoday Small Finance Bank",
    "IFSC": "SURY0000038",
    "MICR": "600757004",
    "BRANCH": "NANGANALLUR",
    "ADDRESS": "54,1STMAINROAD,NANGANALLUR,CHENNAI,TAMILNADU600061",
    "STATE": "TAMIL NADU",
    "CONTACT": null,
    "UPI": true,
    "RTGS": true,
    "CITY": "CHENNAI",
    "CENTRE": "CHENNAI",
    "DISTRICT": "CHENNAI",
    "NEFT": true,
    "IMPS": true,
    "SWIFT": null,
    "ISO3166": "IN-TN"
  },
  "SURY0000039": {
    "BANK": "Suryoday Small Finance Bank",
    "IFSC": "SURY0000039",
    "MICR": "413757501",
    "BRANCH": "CHUNGI",
    "ADDRESS": "AT POST CHUNGI,NEAR MARATHI SCHOOL,TAL-AKKALKOT,DIST-SOLAPUR",
    "STATE": "MAHARASHTRA",
    "CONTACT": null,
    "UPI": true,
    "RTGS": true,
    "CITY": "SOLAPUR",
    "CENTRE": "SOLAPUR",
    "DISTRICT": "SOLAPUR",
    "NEFT": true,
    "IMPS": true,
    "SWIFT": null,
    "ISO3166": "IN-MH"
  },
  "SURY0000040": {
    "BANK": "Suryoday Small Finance Bank",
    "IFSC": "SURY0000040",
    "MICR": "413757502",
    "BRANCH": "KASARWADI",
    "ADDRESS": "AT-POST,KASARWADI,TAL-BARSHI,DIST-SOLAPUR",
    "STATE": "MAHARASHTRA",
    "CONTACT": null,
    "UPI": true,
    "RTGS": true,
    "CITY": "SOLAPUR",
    "CENTRE": "SOLAPUR",
    "DISTRICT": "SOLAPUR",
    "NEFT": true,
    "IMPS": true,
    "SWIFT": null,
    "ISO3166": "IN-MH"
  },
  "SURY0000041": {
    "BANK": "Suryoday Small Finance Bank",
    "IFSC": "SURY0000041",
    "MICR": "411757508",
    "BRANCH": "BHAWADI",
    "ADDRESS": "GAT NO.86,BHAWADI,DIST PUNE",
    "STATE": "MAHARASHTRA",
    "CONTACT": null,
    "UPI": true,
    "RTGS": true,
    "CITY": "PUNE",
    "CENTRE": "PUNE",
    "DISTRICT": "PUNE",
    "NEFT": true,
    "IMPS": true,
    "SWIFT": null,
    "ISO3166": "IN-MH"
  },
  "SURY0000042": {
    "BANK": "Suryoday Small Finance Bank",
    "IFSC": "SURY0000042",
    "MICR": "425757501",
    "BRANCH": "KANDARI",
    "ADDRESS": "PLOT NO 588,MAHAJAN WADA,KANDARI,TAL.BHUSAWAL DIST.JALGAON",
    "STATE": "MAHARASHTRA",
    "CONTACT": null,
    "UPI": true,
    "RTGS": true,
    "CITY": "JALGAON",
    "CENTRE": "JALGAON",
    "DISTRICT": "JALGAON",
    "NEFT": true,
    "IMPS": true,
    "SWIFT": null,
    "ISO3166": "IN-MH"
  },
  "SURY0000043": {
    "BANK": "Suryoday Small Finance Bank",
    "IFSC": "SURY0000043",
    "MICR": "425757502",
    "BRANCH": "PATONDA",
    "ADDRESS": "ERPTONDBUSSTOP,VK3ATPOSTPTONDTLCHLISGON,PINCODE-424102",
    "STATE": "MAHARASHTRA",
    "CONTACT": null,
    "UPI": true,
    "RTGS": true,
    "CITY": "JALGAON",
    "CENTRE": "JALGAON",
    "DISTRICT": "JALGAON",
    "NEFT": true,
    "IMPS": true,
    "SWIFT": null,
    "ISO3166": "IN-MH"
  },
  "SURY0000044": {
    "BANK": "Suryoday Small Finance Bank",
    "IFSC": "SURY0000044",
    "MICR": "424757001",
    "BRANCH": "MAHINDALE",
    "ADDRESS": "CHANDRAKANT HARI GOSAVI 48 JAWAHAR NAGAR SAKRI ROAD DHULE 424001",
    "STATE": "MAHARASHTRA",
    "CONTACT": null,
    "UPI": true,
    "RTGS": true,
    "CITY": "DHULE",
    "CENTRE": "DHULE",
    "DISTRICT": "DHULE",
    "NEFT": true,
    "IMPS": true,
    "SWIFT": null,
    "ISO3166": "IN-MH"
  },
  "SURY0000045": {
    "BANK": "Suryoday Small Finance Bank",
    "IFSC": "SURY0000045",
    "MICR": "411757509",
    "BRANCH": "KIRKITWADI",
    "ADDRESS": "SHOP NUMBER 04,SIDDHI HIGHTS,PUNE",
    "STATE": "MAHARASHTRA",
    "CONTACT": null,
    "UPI": true,
    "RTGS": true,
    "CITY": "PUNE",
    "CENTRE": "PUNE",
    "DISTRICT": "PUNE",
    "NEFT": true,
    "IMPS": true,
    "SWIFT": null,
    "ISO3166": "IN-MH"
  },
  "SURY0000046": {
    "BANK": "Suryoday Small Finance Bank",
    "IFSC": "SURY0000046",
    "MICR": "422757501",
    "BRANCH": "TAKALI VINCHUR",
    "ADDRESS": "KHADKMALEGAON ROAD,KHANDERO GALLI,TAKALI VINCHUR,TAL-LASALGAON DIST - NASHIK",
    "STATE": "MAHARASHTRA",
    "CONTACT": null,
    "UPI": true,
    "RTGS": true,
    "CITY": "NASHIK",
    "CENTRE": "NASHIK",
    "DISTRICT": "NASHIK",
    "NEFT": true,
    "IMPS": true,
    "SWIFT": null,
    "ISO3166": "IN-MH"
  },
  "SURY0000047": {
    "BANK": "Suryoday Small Finance Bank",
    "IFSC": "SURY0000047",
    "MICR": "424757102",
    "BRANCH": "JARGAON",
    "ADDRESS": "SHOP NO 3,PLOT NO 24,NEAR GAS GODAUN,JARGAON ROAD,PACHORA,JALGAON",
    "STATE": "MAHARASHTRA",
    "CONTACT": null,
    "UPI": true,
    "RTGS": true,
    "CITY": "JALGAON",
    "CENTRE": "JALGAON",
    "DISTRICT": "JALGAON",
    "NEFT": true,
    "IMPS": true,
    "SWIFT": null,
    "ISO3166": "IN-MH"
  },
  "SURY0000048": {
    "BANK": "Suryoday Small Finance Bank",
    "IFSC": "SURY0000048",
    "MICR": "413757503",
    "BRANCH": "GOPALPUR",
    "ADDRESS": "SHOP NO.11,AUDUMBAR PATIL VYAPARI SANKOOL,GOPALPUR,TAL PANDHARPUR,DIST SOLAPUR",
    "STATE": "MAHARASHTRA",
    "CONTACT": null,
    "UPI": true,
    "RTGS": true,
    "CITY": "SOLAPUR",
    "CENTRE": "SOLAPUR",
    "DISTRICT": "SOLAPUR",
    "NEFT": true,
    "IMPS": true,
    "SWIFT": null,
    "ISO3166": "IN-MH"
  },
  "SURY0000049": {
    "BANK": "Suryoday Small Finance Bank",
    "IFSC": "SURY0000049",
    "MICR": "422757502",
    "BRANCH": "BEHED",
    "ADDRESS": "PLOT NO 503 ROW HOUSE TAL - NIPHAD DIST -NASHIK MH BEHED PIN -422209",
    "STATE": "MAHARASHTRA",
    "CONTACT": null,
    "UPI": true,
    "RTGS": true,
    "CITY": "NASHIK",
    "CENTRE": "NASHIK",
    "DISTRICT": "NASHIK",
    "NEFT": true,
    "IMPS": true,
    "SWIFT": null,
    "ISO3166": "IN-MH"
  },
  "SURY0000050": {
    "BANK": "Suryoday Small Finance Bank",
    "IFSC": "SURY0000050",
    "MICR": "411757005",
    "BRANCH": "SADE SATRA NALI",
    "ADDRESS": "GHAR NO.4/887,SR.NO.203,GANESH NAGAR,NEAR GOGAWALE SUPER MARKET,SADE SATRA NALI,PUNE",
    "STATE": "MAHARASHTRA",
    "CONTACT": null,
    "UPI": true,
    "RTGS": true,
    "CITY": "PUNE",
    "CENTRE": "PUNE",
    "DISTRICT": "PUNE",
    "NEFT": true,
    "IMPS": true,
    "SWIFT": null,
    "ISO3166": "IN-MH"
  },
  "SURY0000051": {
    "BANK": "Suryoday Small Finance Bank",
    "IFSC": "SURY0000051",
    "MICR": "413757451",
    "BRANCH": "SANGRAM NAGAR",
    "ADDRESS": "SHOP NO-02,JAYSHREE SANKOOL,RENUKA COLONY,RATNAPURI 6,PLOT NO-15,SANGRAM NAGAR,AKLUJ,TAL.MALSHIRAS,DIST-SOLAPUR",
    "STATE": "MAHARASHTRA",
    "CONTACT": null,
    "UPI": true,
    "RTGS": true,
    "CITY": "SOLAPUR",
    "CENTRE": "SOLAPUR",
    "DISTRICT": "SOLAPUR",
    "NEFT": true,
    "IMPS": true,
    "SWIFT": null,
    "ISO3166": "IN-MH"
  },
  "SURY0000052": {
    "BANK": "Suryoday Small Finance Bank",
    "IFSC": "SURY0000052",
    "MICR": "411757510",
    "BRANCH": "TALERANWADI",
    "ADDRESS": ".O6,PATILWASTI,TALERANWADI,KESNANDROAD,WAGHOLI41227",
    "STATE": "MAHARASHTRA",
    "CONTACT": null,
    "UPI": true,
    "RTGS": true,
    "CITY": "PUNE",
    "CENTRE": "PUNE",
    "DISTRICT": "PUNE",
    "NEFT": true,
    "IMPS": true,
    "SWIFT": null,
    "ISO3166": "IN-MH"
  },
  "SURY0000053": {
    "BANK": "Suryoday Small Finance Bank",
    "IFSC": "SURY0000053",
    "MICR": "752757002",
    "BRANCH": "BALIANTA",
    "ADDRESS": "VILL/G.P - ANDILO,P.S-BALIANTA,DIST-KHURDA",
    "STATE": "ODISHA",
    "CONTACT": null,
    "UPI": true,
    "RTGS": true,
    "CITY": "KHURDA",
    "CENTRE": "KHURDA",
    "DISTRICT": "KHURDA",
    "NEFT": true,
    "IMPS": true,
    "SWIFT": null,
    "ISO3166": "IN-OR"
  },
  "SURY0000054": {
    "BANK": "Suryoday Small Finance Bank",
    "IFSC": "SURY0000054",
    "MICR": "766757003",
    "BRANCH": "PARAMANANDPUR",
    "ADDRESS": "1ST FLOOR,PARAMANANDPUR CHOWK,INFRONT OF MARUTI SHOWROOM,BHAWANIPATNA,KALAHANDI,ODISHA",
    "STATE": "ODISHA",
    "CONTACT": null,
    "UPI": true,
    "RTGS": true,
    "CITY": "KALAHANDI",
    "CENTRE": "KALAHANDI",
    "DISTRICT": "KALAHANDI",
    "NEFT": true,
    "IMPS": true,
    "SWIFT": null,
    "ISO3166": "IN-OR"
  },
  "SURY0000055": {
    "BANK": "Suryoday Small Finance Bank",
    "IFSC": "SURY0000055",
    "MICR": "754757002",
    "BRANCH": "GUNJARPUR",
    "ADDRESS": "AT-GUNJARPUR,P.O - BHOIRPUR,P.S-JAGATPUR,DIST-CUTTACK",
    "STATE": "ODISHA",
    "CONTACT": null,
    "UPI": true,
    "RTGS": true,
    "CITY": "CUTTACK",
    "CENTRE": "CUTTACK",
    "DISTRICT": "CUTTACK",
    "NEFT": true,
    "IMPS": true,
    "SWIFT": null,
    "ISO3166": "IN-OR"
  },
  "SURY0000056": {
    "BANK": "Suryoday Small Finance Bank",
    "IFSC": "SURY0000056",
    "MICR": "764757103",
    "BRANCH": "JEYPORE LR",
    "ADDRESS": "1ST FLOOR,ABOVE ANDHRA BANK,MAIN ROAD,JEPORE,KORAPUT",
    "STATE": "ODISHA",
    "CONTACT": null,
    "UPI": true,
    "RTGS": true,
    "CITY": "KORAPUT",
    "CENTRE": "KORAPUT",
    "DISTRICT": "KORAPUT",
    "NEFT": true,
    "IMPS": true,
    "SWIFT": null,
    "ISO3166": "IN-OR"
  },
  "SURY0000057": {
    "BANK": "Suryoday Small Finance Bank",
    "IFSC": "SURY0000057",
    "MICR": "751757005",
    "BRANCH": "TIKARAPADA",
    "ADDRESS": "AT-BASANTPUR,P.O-ITIPUR,VIA-BHUBANESWAR,ODISHA",
    "STATE": "ODISHA",
    "CONTACT": null,
    "UPI": true,
    "RTGS": true,
    "CITY": "KHURDA",
    "CENTRE": "KHURDA",
    "DISTRICT": "KHURDA",
    "NEFT": true,
    "IMPS": true,
    "SWIFT": null,
    "ISO3166": "IN-OR"
  },
  "SURY0000058": {
    "BANK": "Suryoday Small Finance Bank",
    "IFSC": "SURY0000058",
    "MICR": "759757103",
    "BRANCH": "KHALARI",
    "ADDRESS": "SURYODAY SMALL FINANCE BANK LIMITED,CHELIAPADA,P.O.- KHALARI,DIST.- ANGUL,PIN - 759132",
    "STATE": "ODISHA",
    "CONTACT": null,
    "UPI": true,
    "RTGS": true,
    "CITY": "ANGUL",
    "CENTRE": "ANGUL",
    "DISTRICT": "ANGUL",
    "NEFT": true,
    "IMPS": true,
    "SWIFT": null,
    "ISO3166": "IN-OR"
  },
  "SURY0000059": {
    "BANK": "Suryoday Small Finance Bank",
    "IFSC": "SURY0000059",
    "MICR": "760757003",
    "BRANCH": "SANAKHAJURIA",
    "ADDRESS": "SURYODAY SMALL FINANCE BANK LTD,PLOT NO - 84/1080/3823AT - SANAKHAJURIA,PO - FULTA,PS - GOSANINUAGAN,GANJAM,760003",
    "STATE": "ODISHA",
    "CONTACT": null,
    "UPI": true,
    "RTGS": true,
    "CITY": "GANJAM",
    "CENTRE": "GANJAM",
    "DISTRICT": "GANJAM",
    "NEFT": true,
    "IMPS": true,
    "SWIFT": null,
    "ISO3166": "IN-OR"
  },
  "SURY0000060": {
    "BANK": "Suryoday Small Finance Bank",
    "IFSC": "SURY0000060",
    "MICR": "752757010",
    "BRANCH": "JANAKADEIPUR",
    "ADDRESS": "SURYODAY SMALL FINANCE BANK LIMITED,C/O-DHIRENDRA KUMAR SWAIN,CHANDANPUR MARKET,JAGANNATH SADAK,CHANDANPUR,PURI - 752012",
    "STATE": "ODISHA",
    "CONTACT": null,
    "UPI": true,
    "RTGS": true,
    "CITY": "PURI",
    "CENTRE": "PURI",
    "DISTRICT": "PURI",
    "NEFT": true,
    "IMPS": true,
    "SWIFT": null,
    "ISO3166": "IN-OR"
  },
  "SURY0000061": {
    "BANK": "Suryoday Small Finance Bank",
    "IFSC": "SURY0000061",
    "MICR": "754757003",
    "BRANCH": "JHINKIRIA",
    "ADDRESS": "SURYODAY SMALL FINANCE BANK LIMITED,AT-BERHAMPUR,P.O.-JHINKIRIA,VIA-BENTAKAR,DIST.-CUTTACK,PIN - 754112",
    "STATE": "ODISHA",
    "CONTACT": null,
    "UPI": true,
    "RTGS": true,
    "CITY": "CUTTACK",
    "CENTRE": "CUTTACK",
    "DISTRICT": "CUTTACK",
    "NEFT": true,
    "IMPS": true,
    "SWIFT": null,
    "ISO3166": "IN-OR"
  },
  "SURY0000062": {
    "BANK": "Suryoday Small Finance Bank",
    "IFSC": "SURY0000062",
    "MICR": "762757103",
    "BRANCH": "KANTUANI",
    "ADDRESS": "ICHHAPUR,BADHIGAON,BOUDH,ODISHA,PIN - 762026",
    "STATE": "ODISHA",
    "CONTACT": null,
    "UPI": true,
    "RTGS": true,
    "CITY": "BOUDH",
    "CENTRE": "BOUDH",
    "DISTRICT": "BOUDH",
    "NEFT": true,
    "IMPS": true,
    "SWIFT": null,
    "ISO3166": "IN-OR"
  },
  "SURY0000063": {
    "BANK": "Suryoday Small Finance Bank",
    "IFSC": "SURY0000063",
    "MICR": "759757003",
    "BRANCH": "PANCHAKAHANIA",
    "ADDRESS": "PLOT NO.69,CALTEX SQUARE,NEAR NH 55-PANCHAKAHANIA,STATION ROAD,DHENKANAL R S,DHENKANAL - 759013,ODISHA",
    "STATE": "ODISHA",
    "CONTACT": null,
    "UPI": true,
    "RTGS": true,
    "CITY": "DHENKANAL",
    "CENTRE": "DHENKANAL",
    "DISTRICT": "DHENKANAL",
    "NEFT": true,
    "IMPS": true,
    "SWIFT": null,
    "ISO3166": "IN-OR"
  },
  "SURY0000064": {
    "BANK": "Suryoday Small Finance Bank",
    "IFSC": "SURY0000064",
    "MICR": "752757011",
    "BRANCH": "SAMANGA",
    "ADDRESS": "C/O - JYOTI PRAKASH MOHANTY,KHADIPADA CHHAK,P.O.- PURI SADAR,THANA - PURI SADAR,DIST.- PURI,PIN - 752002",
    "STATE": "ODISHA",
    "CONTACT": null,
    "UPI": true,
    "RTGS": true,
    "CITY": "PURI",
    "CENTRE": "PURI",
    "DISTRICT": "PURI",
    "NEFT": true,
    "IMPS": true,
    "SWIFT": null,
    "ISO3166": "IN-OR"
  },
  "SURY0000065": {
    "BANK": "Suryoday Small Finance Bank",
    "IFSC": "SURY0000065",
    "MICR": "752757012",
    "BRANCH": "SAMANGARA",
    "ADDRESS": "SAMANGARA GOPALPUR ROAD,BALIGUALI,GOPALPUR,PURI,752002",
    "STATE": "ODISHA",
    "CONTACT": null,
    "UPI": true,
    "RTGS": true,
    "CITY": "PURI",
    "CENTRE": "PURI",
    "DISTRICT": "PURI",
    "NEFT": true,
    "IMPS": true,
    "SWIFT": null,
    "ISO3166": "IN-OR"
  },
  "SURY0000066": {
    "BANK": "Suryoday Small Finance Bank",
    "IFSC": "SURY0000066",
    "MICR": "625757002",
    "BRANCH": "PUDUKULAM",
    "ADDRESS": "NO.7/43,KILANERI,SAMBAKUDI,MADURAI,VADIVELKARAI,TAMIL NADU - 625019",
    "STATE": "TAMIL NADU",
    "CONTACT": null,
    "UPI": true,
    "RTGS": true,
    "CITY": "MADURAI",
    "CENTRE": "MADURAI",
    "DISTRICT": "MADURAI",
    "NEFT": true,
    "IMPS": true,
    "SWIFT": null,
    "ISO3166": "IN-TN"
  },
  "SURY0000067": {
    "BANK": "Suryoday Small Finance Bank",
    "IFSC": "SURY0000067",
    "MICR": "636757003",
    "BRANCH": "ADIKARAPATTI",
    "ADDRESS": "NO 8/44,CUDDALORE MAIN ROAD,UDAYAPATTY ( PO),SALEM-636140",
    "STATE": "TAMIL NADU",
    "CONTACT": null,
    "UPI": true,
    "RTGS": true,
    "CITY": "SALEM",
    "CENTRE": "SALEM",
    "DISTRICT": "SALEM",
    "NEFT": true,
    "IMPS": true,
    "SWIFT": null,
    "ISO3166": "IN-TN"
  },
  "SURY0000068": {
    "BANK": "Suryoday Small Finance Bank",
    "IFSC": "SURY0000068",
    "MICR": "620757003",
    "BRANCH": "APPADURAI",
    "ADDRESS": "SURYODAY SMALL FINANCE BANK LTD.2/172,S3 VIRUCHAM COMPLEX,VALLUVAR NAGAR BUS STOP,LALKUDI MAIN ROAD,AKILANDAPURAM,THALAKUDI POST,APPADURAI,TIRUCHIRAPPALLI,TAMIL NADU -621216",
    "STATE": "TAMIL NADU",
    "CONTACT": null,
    "UPI": true,
    "RTGS": true,
    "CITY": "TIRUCHIRAPALLI",
    "CENTRE": "TIRUCHIRAPALLI",
    "DISTRICT": "TIRUCHIRAPALLI",
    "NEFT": true,
    "IMPS": true,
    "SWIFT": null,
    "ISO3166": "IN-TN"
  },
  "SURY0050011": {
    "BANK": "Suryoday Small Finance Bank",
    "IFSC": "SURY0050011",
    "MICR": "389757021",
    "BRANCH": "DEVGADH BARIA",
    "ADDRESS": "GROUND FLOOR,SHOP NO-G/3,SHIV PLAZA,DEVGADH BARIA,DAHOD,GUJARAT-389380",
    "STATE": "GUJARAT",
    "CONTACT": null,
    "UPI": true,
    "RTGS": true,
    "CITY": "DOHAD",
    "CENTRE": "DOHAD",
    "DISTRICT": "DOHAD",
    "NEFT": true,
    "IMPS": true,
    "SWIFT": null,
    "ISO3166": "IN-GJ"
  },
  "SURY0050012": {
    "BANK": "Suryoday Small Finance Bank",
    "IFSC": "SURY0050012",
    "MICR": "609757002",
    "BRANCH": "SEMBANARKOIL",
    "ADDRESS": "91C-6,7,8,SIVA COMMERCIAL BUILDING MELA MUKUTTU,PARASALUR,SEMBANARKOIL,NAGAPATTINAM,TAMIL NADU-609309",
    "STATE": "TAMIL NADU",
    "CONTACT": null,
    "UPI": true,
    "RTGS": true,
    "CITY": "NAGAPATTINAM",
    "CENTRE": "NAGAPATTINAM",
    "DISTRICT": "NAGAPATTINAM",
    "NEFT": true,
    "IMPS": true,
    "SWIFT": null,
    "ISO3166": "IN-TN"
  },
  "SURY0050013": {
    "BANK": "Suryoday Small Finance Bank",
    "IFSC": "SURY0050013",
    "MICR": "622757002",
    "BRANCH": "ARANTHANGI",
    "ADDRESS": "AA COMPLEX,NO 45A,OLD HOSPITAL ROAD,NEAR INDIAN BANK,ARATHANGI,PUDUKOTTAI,TAMILNADU-614616",
    "STATE": "TAMIL NADU",
    "CONTACT": null,
    "UPI": true,
    "RTGS": true,
    "CITY": "PUDUKKOTTAI",
    "CENTRE": "PUDUKKOTTAI",
    "DISTRICT": "PUDUKKOTTAI",
    "NEFT": true,
    "IMPS": true,
    "SWIFT": null,
    "ISO3166": "IN-TN"
  },
  "SURY0050014": {
    "BANK": "Suryoday Small Finance Bank",
    "IFSC": "SURY0050014",
    "MICR": "636757002",
    "BRANCH": "AATHUR",
    "ADDRESS": "O17,MARIMUTHU ROAD,MUTHU AGAR,EAR BY BUS STAND ( WEST),AATHUR,SALEM,TAMIL ADU 636102",
    "STATE": "TAMIL NADU",
    "CONTACT": null,
    "UPI": true,
    "RTGS": true,
    "CITY": "SALEM",
    "CENTRE": "SALEM",
    "DISTRICT": "SALEM",
    "NEFT": true,
    "IMPS": true,
    "SWIFT": null,
    "ISO3166": "IN-TN"
  },
  "SURY0050018": {
    "BANK": "Suryoday Small Finance Bank",
    "IFSC": "SURY0050018",
    "MICR": "613757002",
    "BRANCH": "THIRUVAIYUR",
    "ADDRESS": "PLOT NO.88,SARA READYMADE UPSTAIRS,RAHIM NAGAR,THIRUKATTUPALLI ROAD,THIRUVAIYARU THANJAVUR-613202",
    "STATE": "TAMIL NADU",
    "CONTACT": null,
    "UPI": true,
    "RTGS": true,
    "CITY": "THANJAVUR",
    "CENTRE": "THANJAVUR",
    "DISTRICT": "THANJAVUR",
    "NEFT": true,
    "IMPS": true,
    "SWIFT": null,
    "ISO3166": "IN-TN"
  },
  "SURY0050019": {
    "BANK": "Suryoday Small Finance Bank",
    "IFSC": "SURY0050019",
    "MICR": "614757002",
    "BRANCH": "MANNARGUDI",
    "ADDRESS": "3AESEELKIUPMGU-6.",
    "STATE": "TAMIL NADU",
    "CONTACT": null,
    "UPI": true,
    "RTGS": true,
    "CITY": "THIRUVARUR",
    "CENTRE": "THIRUVARUR",
    "DISTRICT": "THIRUVARUR",
    "NEFT": true,
    "IMPS": true,
    "SWIFT": null,
    "ISO3166": "IN-TN"
  },
  "SURY0050020": {
    "BANK": "Suryoday Small Finance Bank",
    "IFSC": "SURY0050020",
    "MICR": "614757202",
    "BRANCH": "THIRUTHARAIPOONDI",
    "ADDRESS": "36/1,MUTHUPETTAI ROAD,FIRST STREET,THIRUTHURAIPOONDI,THIUVARUR,TAMIL NADU-614713",
    "STATE": "TAMIL NADU",
    "CONTACT": null,
    "UPI": true,
    "RTGS": true,
    "CITY": "THIRUVARUR",
    "CENTRE": "THIRUVARUR",
    "DISTRICT": "THIRUVARUR",
    "NEFT": true,
    "IMPS": true,
    "SWIFT": null,
    "ISO3166": "IN-TN"
  },
  "SURY0050023": {
    "BANK": "Suryoday Small Finance Bank",
    "IFSC": "SURY0050023",
    "MICR": "631757102",
    "BRANCH": "ARAKKONAM",
    "ADDRESS": "HIG 66,TNHB,JOTHI NAGAR,ARAKKONAM,VELLORE,TAMIL NADU - 631003",
    "STATE": "TAMIL NADU",
    "CONTACT": null,
    "UPI": true,
    "RTGS": true,
    "CITY": "VELLORE",
    "CENTRE": "VELLORE",
    "DISTRICT": "VELLORE",
    "NEFT": true,
    "IMPS": true,
    "SWIFT": null,
    "ISO3166": "IN-TN"
  },
  "SURY0050024": {
    "BANK": "Suryoday Small Finance Bank",
    "IFSC": "SURY0050024",
    "MICR": "606757102",
    "BRANCH": "KALLAKURICHI",
    "ADDRESS": "K S.A COMPLEX,SANGARAPURAM MAIN ROAD,MAMANANDHAL,KALLAKUICHI - 606213",
    "STATE": "TAMIL NADU",
    "CONTACT": null,
    "UPI": true,
    "RTGS": true,
    "CITY": "VILLUPURAM",
    "CENTRE": "VILLUPURAM",
    "DISTRICT": "VILLUPURAM",
    "NEFT": true,
    "IMPS": true,
    "SWIFT": null,
    "ISO3166": "IN-TN"
  },
  "SURY0050027": {
    "BANK": "Suryoday Small Finance Bank",
    "IFSC": "SURY0050027",
    "MICR": "626757002",
    "BRANCH": "SIVAKASI",
    "ADDRESS": "NO.1351/9,GNANAGRI ROAD,NEAR ALLAHABAD BANK,SIVAKASI,VIRUDHU NAGAR,TAMIL NADU-626189",
    "STATE": "TAMIL NADU",
    "CONTACT": null,
    "UPI": true,
    "RTGS": true,
    "CITY": "VIRUDHUNAGAR",
    "CENTRE": "VIRUDHUNAGAR",
    "DISTRICT": "VIRUDHUNAGAR",
    "NEFT": true,
    "IMPS": true,
    "SWIFT": null,
    "ISO3166": "IN-TN"
  },
  "SURY0050080": {
    "BANK": "Suryoday Small Finance Bank",
    "IFSC": "SURY0050080",
    "MICR": "400757006",
    "BRANCH": "KALYAN",
    "ADDRESS": "GALA NO - 5& 15,SUNDER PLAZA,BAIL BAZAAR,KALYAN-SHILFATA ROAD,KALYAN,THANE,MAHARASHTRA 421301",
    "STATE": "MAHARASHTRA",
    "CONTACT": null,
    "UPI": true,
    "RTGS": true,
    "CITY": "KALYAN",
    "CENTRE": "THANE",
    "DISTRICT": "THANE",
    "NEFT": true,
    "IMPS": true,
    "SWIFT": null,
    "ISO3166": "IN-MH"
  },
  "SURY0050223": {
    "BANK": "Suryoday Small Finance Bank",
    "IFSC": "SURY0050223",
    "MICR": "400757007",
    "BRANCH": "TITWALA",
    "ADDRESS": "SHOP NO 1& 2,B WING,RAVINDRA REGENCY,BALYANI ROAD,MANDA EAST,TITWALA,MAHARASHTRA 421605",
    "STATE": "MAHARASHTRA",
    "CONTACT": null,
    "UPI": true,
    "RTGS": true,
    "CITY": "TITWALA",
    "CENTRE": "THANE",
    "DISTRICT": "THANE",
    "NEFT": true,
    "IMPS": true,
    "SWIFT": null,
    "ISO3166": "IN-MH"
  },
  "SURY0BK0000": {
    "BANK": "Suryoday Small Finance Bank",
    "IFSC": "SURY0BK0000",
    "MICR": null,
    "BRANCH": "CENTRAL BACK OFFICE",
    "ADDRESS": "UNIT NUMBER 302,SECTOR 11,201 IN PUJIT PLAZA BUILDING,NAVI MUMBAI",
    "STATE": "MAHARASHTRA",
    "CONTACT": null,
    "UPI": true,
    "RTGS": true,
    "CITY": "NAVI MUMBAI",
    "CENTRE": "THANE",
    "DISTRICT": "THANE",
    "NEFT": true,
    "IMPS": true,
    "SWIFT": null,
    "ISO3166": "IN-MH"
  },
  "SURY0HE0001": {
    "BANK": "Suryoday Small Finance Bank",
    "IFSC": "SURY0HE0001",
    "MICR": null,
    "BRANCH": "CORPORATE OFFICE",
    "ADDRESS": "1101 SHARDA TERRACES,PLOT 65 SECTOR 11,CBD BELAPUR,NAVI MUMBAI",
    "STATE": "MAHARASHTRA",
    "CONTACT": null,
    "UPI": true,
    "RTGS": true,
    "CITY": "NAVI MUMBAI",
    "CENTRE": "THANE",
    "DISTRICT": "THANE",
    "NEFT": true,
    "IMPS": true,
    "SWIFT": null,
    "ISO3166": "IN-MH"
  },
  "SURY0TR0002": {
    "BANK": "Suryoday Small Finance Bank",
    "IFSC": "SURY0TR0002",
    "MICR": null,
    "BRANCH": "TREASURY DEPARTMENT",
    "ADDRESS": "1101 SHARDA TERRACES,PLOT 65 SECTOR 11,CBD BELAPUR,NAVI MUMBAI",
    "STATE": "MAHARASHTRA",
    "CONTACT": null,
    "UPI": true,
    "RTGS": true,
    "CITY": "NAVI MUMBAI",
    "CENTRE": "THANE",
    "DISTRICT": "THANE",
    "NEFT": true,
    "IMPS": true,
    "SWIFT": null,
    "ISO3166": "IN-MH"
  }
}