{
  "TBSB0000001": {
    "BANK": "Thane Bharat Sahakari Bank",
    "IFSC": "TBSB0000001",
    "BRANCH": "Thane Bharat Sahakari Bank IMPS",
    "CENTRE": "THANE",
    "DISTRICT": "THANE",
    "STATE": "MAHARASHTRA",
    "ADDRESS": "SAHAYOG MANDIR, SAHYOG MANDIR PATH,GHANTALI THANE 400602",
    "CONTACT": "+912225447816",
    "IMPS": true,
    "CITY": "MUMBAI",
    "UPI": true,
    "MICR": null,
    "RTGS": true,
    "NEFT": true,
    "SWIFT": null,
    "ISO3166": "IN-MH"
  },
  "TBSB0000002": {
    "BANK": "Thane Bharat Sahakari Bank",
    "IFSC": "TBSB0000002",
    "MICR": "400525002",
    "BRANCH": "MAIN",
    "ADDRESS": "SHATATARAKA, BAJI PRABHU DESHPANDE MARG, THANE WEST 400602",
    "STATE": "MAHARASHTRA",
    "CONTACT": "+912225429432",
    "UPI": true,
    "RTGS": true,
    "CITY": "THANE",
    "CENTRE": "THANE",
    "DISTRICT": "THANE",
    "NEFT": true,
    "IMPS": true,
    "SWIFT": null,
    "ISO3166": "IN-MH"
  },
  "TBSB0000003": {
    "BANK": "Thane Bharat Sahakari Bank",
    "IFSC": "TBSB0000003",
    "MICR": "400525003",
    "BRANCH": "THANE EAST",
    "ADDRESS": "NAV-ASHIRWAD, NEAR DAULAT NAGAR, THANE EAST 400603",
    "STATE": "MAHARASHTRA",
    "CONTACT": "+912225323951",
    "UPI": true,
    "RTGS": true,
    "CITY": "THANE",
    "CENTRE": "THANE",
    "DISTRICT": "THANE",
    "NEFT": true,
    "IMPS": true,
    "SWIFT": null,
    "ISO3166": "IN-MH"
  },
  "TBSB0000004": {
    "BANK": "Thane Bharat Sahakari Bank",
    "IFSC": "TBSB0000004",
    "MICR": "400525004",
    "BRANCH": "POKHRAN",
    "ADDRESS": "Western India Wire Industries , Opp. Maitri Garden CHS., Pokhran Road no.2, Thane-400 606",
    "STATE": "MAHARASHTRA",
    "CONTACT": "+912221736262",
    "UPI": true,
    "RTGS": true,
    "CITY": "THANE",
    "CENTRE": "THANE",
    "DISTRICT": "THANE",
    "NEFT": true,
    "IMPS": true,
    "SWIFT": null,
    "ISO3166": "IN-MH"
  },
  "TBSB0000005": {
    "BANK": "Thane Bharat Sahakari Bank",
    "IFSC": "TBSB0000005",
    "MICR": "400525005",
    "BRANCH": "CHANDANWADI",
    "ADDRESS": "MAHESH DARSHAN, NEAR MAKHALI TALAO, OLD MUMBAI-AGRA ROAD, THANE 400601",
    "STATE": "MAHARASHTRA",
    "CONTACT": "+912225335237",
    "UPI": true,
    "RTGS": true,
    "CITY": "THANE",
    "CENTRE": "THANE",
    "DISTRICT": "THANE",
    "NEFT": true,
    "IMPS": true,
    "SWIFT": null,
    "ISO3166": "IN-MH"
  },
  "TBSB0000006": {
    "BANK": "Thane Bharat Sahakari Bank",
    "IFSC": "TBSB0000006",
    "MICR": "400525006",
    "BRANCH": "CHENDANI KOLIWADA",
    "ADDRESS": "KASHIRATNA BHAVAN, DATTA MANDIR ROAD, NEAR CIDCO BUS STOP, THANE 400601",
    "STATE": "MAHARASHTRA",
    "CONTACT": "+918657584240",
    "UPI": true,
    "RTGS": true,
    "CITY": "THANE",
    "CENTRE": "THANE",
    "DISTRICT": "THANE",
    "NEFT": true,
    "IMPS": true,
    "SWIFT": null,
    "ISO3166": "IN-MH"
  },
  "TBSB0000007": {
    "BANK": "Thane Bharat Sahakari Bank",
    "IFSC": "TBSB0000007",
    "MICR": "400525007",
    "BRANCH": "SHREE NAGAR",
    "ADDRESS": "SHREENAGAR COMMERCIAL COMPLEX, SHREENAGAR, THANE",
    "STATE": "MAHARASHTRA",
    "CONTACT": "+912225827963",
    "UPI": true,
    "RTGS": true,
    "CITY": "THANE",
    "CENTRE": "THANE",
    "DISTRICT": "THANE",
    "NEFT": true,
    "IMPS": true,
    "SWIFT": null,
    "ISO3166": "IN-MH"
  },
  "TBSB0000008": {
    "BANK": "Thane Bharat Sahakari Bank",
    "IFSC": "TBSB0000008",
    "MICR": "400525008",
    "BRANCH": "SHIVAI NAGAR",
    "ADDRESS": "PLOT NO-78, NEAR BUS STOP, SHIVAI NAGARPOKHARAN ROAD NO-1, THANE - W 400604",
    "STATE": "MAHARASHTRA",
    "CONTACT": "+918652277759",
    "UPI": true,
    "RTGS": true,
    "CITY": "THANE",
    "CENTRE": "THANE",
    "DISTRICT": "THANE",
    "NEFT": true,
    "IMPS": true,
    "SWIFT": null,
    "ISO3166": "IN-MH"
  },
  "TBSB0000009": {
    "BANK": "Thane Bharat Sahakari Bank",
    "IFSC": "TBSB0000009",
    "MICR": "400525009",
    "BRANCH": "KALYAN",
    "ADDRESS": "JEEVARSHREE, JAMUNBAUG COMPOUND, AGRA ROAD,SHIVAJI CHOWK KAYLAN-W-421 301",
    "STATE": "MAHARASHTRA",
    "CONTACT": "+912512305594",
    "UPI": true,
    "RTGS": true,
    "CITY": "THANE",
    "CENTRE": "KALYAN",
    "DISTRICT": "KALYAN",
    "NEFT": true,
    "IMPS": true,
    "SWIFT": null,
    "ISO3166": "IN-MH"
  },
  "TBSB0000010": {
    "BANK": "Thane Bharat Sahakari Bank",
    "IFSC": "TBSB0000010",
    "MICR": "400525010",
    "BRANCH": "MULUND",
    "ADDRESS": "KESHAV BHUVAN, M G ROAD, NEAR RAILWAY STATION,MULUND-WEST 400080",
    "STATE": "MAHARASHTRA",
    "CONTACT": "+919004582177",
    "UPI": true,
    "RTGS": true,
    "CITY": "MUMBAI",
    "CENTRE": "MUMBAI",
    "DISTRICT": "MUMBAI",
    "NEFT": true,
    "IMPS": true,
    "SWIFT": null,
    "ISO3166": "IN-MH"
  },
  "TBSB0000011": {
    "BANK": "Thane Bharat Sahakari Bank",
    "IFSC": "TBSB0000011",
    "MICR": "400525011",
    "BRANCH": "GHATKOPAR (EAST)",
    "ADDRESS": "SAFFIRE ARCHADE, NEAR SONAL SEJAL JEWELLERS, M G ROAD, GHATKOPAR-E 400077",
    "STATE": "MAHARASHTRA",
    "CONTACT": "+912221021565",
    "UPI": true,
    "RTGS": true,
    "CITY": "MUMBAI",
    "CENTRE": "MUMBAI",
    "DISTRICT": "MUMBAI",
    "NEFT": true,
    "IMPS": true,
    "SWIFT": null,
    "ISO3166": "IN-MH"
  },
  "TBSB0000012": {
    "BANK": "Thane Bharat Sahakari Bank",
    "IFSC": "TBSB0000012",
    "MICR": "400525012",
    "BRANCH": "RUTU PARK",
    "ADDRESS": "PARIJAT, RUTUPARK, NEAR VIRDHAVAN BUS STOP, THANE",
    "STATE": "MAHARASHTRA",
    "CONTACT": "+912225442363",
    "UPI": true,
    "RTGS": true,
    "CITY": "THANE",
    "CENTRE": "THANE",
    "DISTRICT": "THANE",
    "NEFT": true,
    "IMPS": true,
    "SWIFT": null,
    "ISO3166": "IN-MH"
  },
  "TBSB0000013": {
    "BANK": "Thane Bharat Sahakari Bank",
    "IFSC": "TBSB0000013",
    "MICR": "400525013",
    "BRANCH": "GHATKOPAR (WEST)",
    "ADDRESS": "HINDI HIGH SCHOOL, JHUN JHUNWALA COLLEGE COMPUS,SHREE LAXMINARAYAN PATH, GHATKOPAR WEST-400086",
    "STATE": "MAHARASHTRA",
    "CONTACT": "+912225120435",
    "UPI": true,
    "RTGS": true,
    "CITY": "MUMBAI",
    "CENTRE": "MUMBAI",
    "DISTRICT": "MUMBAI",
    "NEFT": true,
    "IMPS": true,
    "SWIFT": null,
    "ISO3166": "IN-MH"
  },
  "TBSB0000015": {
    "BANK": "Thane Bharat Sahakari Bank",
    "IFSC": "TBSB0000015",
    "MICR": "400525015",
    "BRANCH": "AIROLI",
    "ADDRESS": "SHOP NO-37 TO 40, H-WING, GURUDATTA COMPLEX CHS LTD., SECTOR-8A, AIROLI, NAVI MUMBAI - 400708",
    "STATE": "MAHARASHTRA",
    "CONTACT": "+912227690206",
    "UPI": true,
    "RTGS": true,
    "CITY": "THANE",
    "CENTRE": "NAVI MUMBAI",
    "DISTRICT": "NAVI MUMBAI",
    "NEFT": true,
    "IMPS": true,
    "SWIFT": null,
    "ISO3166": "IN-MH"
  },
  "TBSB0000016": {
    "BANK": "Thane Bharat Sahakari Bank",
    "IFSC": "TBSB0000016",
    "MICR": "400525016",
    "BRANCH": "GHODBUNDAR ROAD",
    "ADDRESS": "SIDDESHWAR ARCADE, OPP SURAJ WATER PARK, GHODBUNDER ROAD, THANE WEST",
    "STATE": "MAHARASHTRA",
    "CONTACT": "+912225972720",
    "UPI": true,
    "RTGS": true,
    "CITY": "THANE",
    "CENTRE": "THANE",
    "DISTRICT": "THANE",
    "NEFT": true,
    "IMPS": true,
    "SWIFT": null,
    "ISO3166": "IN-MH"
  },
  "TBSB0000017": {
    "BANK": "Thane Bharat Sahakari Bank",
    "IFSC": "TBSB0000017",
    "MICR": "400525017",
    "BRANCH": "LOKMANYA NAGAR",
    "ADDRESS": "Shop No 7 & 8,Ground floor,Happy Heights CHS, Yashodhan Nagar, Thane - West - 400 606.",
    "STATE": "MAHARASHTRA",
    "CONTACT": "+912225882772",
    "UPI": true,
    "RTGS": true,
    "CITY": "THANE",
    "CENTRE": "THANE",
    "DISTRICT": "THANE",
    "NEFT": true,
    "IMPS": true,
    "SWIFT": null,
    "ISO3166": "IN-MH"
  },
  "TBSB0000018": {
    "BANK": "Thane Bharat Sahakari Bank",
    "IFSC": "TBSB0000018",
    "MICR": "400525018",
    "BRANCH": "DOMBIVALI",
    "ADDRESS": "Shop No. 3,4 & 6, Ground Floor, Onkar Swaroop Society, Shahid Bhagat Singh Marg, Opp. Corporation Bank, Dombivli EAST",
    "STATE": "MAHARASHTRA",
    "CONTACT": "+912512439973",
    "UPI": true,
    "RTGS": true,
    "CITY": "THANE",
    "CENTRE": "DOMBIVALI",
    "DISTRICT": "DOMBIVALI",
    "NEFT": true,
    "IMPS": true,
    "SWIFT": null,
    "ISO3166": "IN-MH"
  },
  "TBSB0000019": {
    "BANK": "Thane Bharat Sahakari Bank",
    "IFSC": "TBSB0000019",
    "MICR": "400525019",
    "BRANCH": "BHANDUP",
    "ADDRESS": "Shop no. 3 , 6 , 7 , 31 Ground Floor , Sheetal CHS Ltd., S.P.S. Marg , Jangal Mangal Road , Bhandup West , Mumbai - 400 078.",
    "STATE": "MAHARASHTRA",
    "CONTACT": "+912225958301",
    "UPI": true,
    "RTGS": true,
    "CITY": "MUMBAI",
    "CENTRE": "MUMBAI",
    "DISTRICT": "MUMBAI",
    "NEFT": true,
    "IMPS": true,
    "SWIFT": null,
    "ISO3166": "IN-MH"
  },
  "TBSB0000020": {
    "BANK": "Thane Bharat Sahakari Bank",
    "IFSC": "TBSB0000020",
    "MICR": "400525020",
    "BRANCH": "DADAR",
    "ADDRESS": "Ground floor, CKP Hall, Ram Maruti Road, Near Shivaji Park Police Station, Dadar - West - Mumbai 400028",
    "STATE": "MAHARASHTRA",
    "CONTACT": "+912224308252",
    "UPI": true,
    "RTGS": true,
    "CITY": "MUMBAI",
    "CENTRE": "MUMBAI",
    "DISTRICT": "MUMBAI",
    "NEFT": true,
    "IMPS": true,
    "SWIFT": null,
    "ISO3166": "IN-MH"
  },
  "TBSB0000021": {
    "BANK": "Thane Bharat Sahakari Bank",
    "IFSC": "TBSB0000021",
    "MICR": "400525021",
    "BRANCH": "KALWA",
    "ADDRESS": "SHOP NO 7,8 AND 16,AMRUTDHAM CHS LTD, KALWA",
    "STATE": "MAHARASHTRA",
    "CONTACT": "+912225441388",
    "UPI": true,
    "RTGS": true,
    "CITY": "THANE",
    "CENTRE": "KALWA",
    "DISTRICT": "KALWA",
    "NEFT": true,
    "IMPS": true,
    "SWIFT": null,
    "ISO3166": "IN-MH"
  },
  "TBSB0000022": {
    "BANK": "Thane Bharat Sahakari Bank",
    "IFSC": "TBSB0000022",
    "MICR": "400525022",
    "BRANCH": "PANVEL",
    "ADDRESS": "SHREE BASAV-NILAYA, GR.FLOOR, PLOT NO-152,",
    "STATE": "MAHARASHTRA",
    "CONTACT": "+912227452206",
    "UPI": true,
    "RTGS": true,
    "CITY": "RAIGAD",
    "CENTRE": "PANVEL",
    "DISTRICT": "PANVEL",
    "NEFT": true,
    "IMPS": true,
    "SWIFT": null,
    "ISO3166": "IN-MH"
  },
  "TBSB0000023": {
    "BANK": "Thane Bharat Sahakari Bank",
    "IFSC": "TBSB0000023",
    "MICR": "400525023",
    "BRANCH": "BADLAPUR",
    "ADDRESS": "KADAMB BUNGLOW,SARVODAY NAGAR,BEHIND VAISHALI TALKIES,BADLAPUR WEST 421503",
    "STATE": "MAHARASHTRA",
    "CONTACT": "+912512674477",
    "UPI": true,
    "RTGS": true,
    "CITY": "THANE",
    "CENTRE": "BADLAPUR",
    "DISTRICT": "BADLAPUR",
    "NEFT": true,
    "IMPS": true,
    "SWIFT": null,
    "ISO3166": "IN-MH"
  },
  "TBSB0000024": {
    "BANK": "Thane Bharat Sahakari Bank",
    "IFSC": "TBSB0000024",
    "MICR": "411525002",
    "BRANCH": "SADASHIVPETH PUNE",
    "ADDRESS": "SADHYA,1503 1504,SADASHIVPETH,OFF TILAK ROAD,PUNE 411030",
    "STATE": "MAHARASHTRA",
    "CONTACT": "+912024475857",
    "UPI": true,
    "RTGS": true,
    "CITY": "PUNE",
    "CENTRE": "PUNE",
    "DISTRICT": "PUNE",
    "NEFT": true,
    "IMPS": true,
    "SWIFT": null,
    "ISO3166": "IN-MH"
  },
  "TBSB0000025": {
    "BANK": "Thane Bharat Sahakari Bank",
    "IFSC": "TBSB0000025",
    "MICR": "402525051",
    "BRANCH": "PEN",
    "ADDRESS": "RAMESHWAR VAIBHAV,CTS NO 1574, OPP SUN CITY BUILDING, PEN KHOPOLI ROAD, PIN CODE 402107",
    "STATE": "MAHARASHTRA",
    "CONTACT": "+912143252186",
    "UPI": true,
    "RTGS": true,
    "CITY": "RAIGAD",
    "CENTRE": "PEN",
    "DISTRICT": "PEN",
    "NEFT": true,
    "IMPS": true,
    "SWIFT": null,
    "ISO3166": "IN-MH"
  },
  "TBSB0000026": {
    "BANK": "Thane Bharat Sahakari Bank",
    "IFSC": "TBSB0000026",
    "MICR": "400525024",
    "BRANCH": "SHAHAPUR",
    "ADDRESS": "GALA NO 2-3, DEEP MOTI , HOUSE NO 642, OLD AGRA ROAD, SHAHAPUR, PIN CODE 421601",
    "STATE": "MAHARASHTRA",
    "CONTACT": "+912527271889",
    "UPI": true,
    "RTGS": true,
    "CITY": "THANE",
    "CENTRE": "SHAHAPUR",
    "DISTRICT": "SHAHAPUR",
    "NEFT": true,
    "IMPS": true,
    "SWIFT": null,
    "ISO3166": "IN-MH"
  },
  "TBSB0000027": {
    "BANK": "Thane Bharat Sahakari Bank",
    "IFSC": "TBSB0000027",
    "MICR": "400525025",
    "BRANCH": "KURLA EAST",
    "ADDRESS": "PLOT NO 229 TO 267, CTS NO 12/225 TO 12/233 PART GROUND FLOOR SHREE PRASAD CHS LTD NEHRU NAGAR KURLA (EAST) MUMBAI-400024",
    "STATE": "MAHARASHTRA",
    "CONTACT": "+912225220393",
    "UPI": true,
    "RTGS": true,
    "CITY": "MUMBAI",
    "CENTRE": "KURLA EAST",
    "DISTRICT": "KURLA EAST",
    "NEFT": true,
    "IMPS": true,
    "SWIFT": null,
    "ISO3166": "IN-MH"
  },
  "TBSB0000028": {
    "BANK": "Thane Bharat Sahakari Bank",
    "IFSC": "TBSB0000028",
    "MICR": "400525026",
    "BRANCH": "PALGHAR",
    "ADDRESS": "SURVEY NO 184, HOUSE NO-11, GROUND FLOOR, DHANANI COMPLEX, KACHERI ROAD, PALGHAR WEST -401404",
    "STATE": "MAHARASHTRA",
    "CONTACT": "+912525256700",
    "UPI": true,
    "RTGS": true,
    "CITY": "PALGHAR",
    "CENTRE": "PALGHAR",
    "DISTRICT": "PALGHAR",
    "NEFT": true,
    "IMPS": true,
    "SWIFT": null,
    "ISO3166": "IN-MH"
  },
  "TBSB0000029": {
    "BANK": "Thane Bharat Sahakari Bank",
    "IFSC": "TBSB0000029",
    "MICR": "400525027",
    "BRANCH": "KARJAT",
    "ADDRESS": "CTS NO.174/1415B, GROUND FLOOR, YASHWIN CHS LTD, KARJAT, DIST. RAIGAD-410201",
    "STATE": "MAHARASHTRA",
    "CONTACT": "+912148220281",
    "UPI": true,
    "RTGS": true,
    "CITY": "RAIGAD",
    "CENTRE": "KARJAT",
    "DISTRICT": "KARJAT",
    "NEFT": true,
    "IMPS": true,
    "SWIFT": null,
    "ISO3166": "IN-MH"
  },
  "TBSB0000030": {
    "BANK": "Thane Bharat Sahakari Bank",
    "IFSC": "TBSB0000030",
    "MICR": "400525028",
    "BRANCH": "THAKURLI",
    "ADDRESS": "SHOP NO. 17, 18 AND D1, NEW PRATHMESH NIWAS CO-OP HOUSING SOCIETY LTD., OLD SURVEY NO. 72, NEW SURVEY NO. 106, HISSA NO. 2, KANCHANGAON, THAKURLI EAST TAL. KALYAN, DIST, TAL.KALYAN, DIST.THANE- 421201",
    "STATE": "MAHARASHTRA",
    "CONTACT": "+912512421515",
    "UPI": true,
    "RTGS": true,
    "CITY": "THANE",
    "CENTRE": "THAKURLI",
    "DISTRICT": "THAKURLI",
    "NEFT": true,
    "IMPS": true,
    "SWIFT": null,
    "ISO3166": "IN-MH"
  },
  "TBSB0000031": {
    "BANK": "Thane Bharat Sahakari Bank",
    "IFSC": "TBSB0000031",
    "MICR": "411525003",
    "BRANCH": "CHAKAN",
    "ADDRESS": "SHOP NO 1 AND 8, PROPERTY NO. 1243, RENUKA ICON, AT SHRISHETRA MAHALUNGE (INGALE), CHAKAN, TAL. KHED, DIST. PUNE 410501",
    "STATE": "MAHARASHTRA",
    "CONTACT": "+918879401608",
    "UPI": true,
    "RTGS": true,
    "CITY": "PUNE",
    "CENTRE": "CHAKAN",
    "DISTRICT": "CHAKAN",
    "NEFT": true,
    "IMPS": true,
    "SWIFT": null,
    "ISO3166": "IN-MH"
  },
  "TBSB0000032": {
    "BANK": "Thane Bharat Sahakari Bank",
    "IFSC": "TBSB0000032",
    "MICR": "400525029",
    "BRANCH": "BALKUM",
    "ADDRESS": "SHOP NO. 1 AND 2, SHUBH VIHAR CO-OP HOUSING SOCIETY, LTD., DADLANI PARK ROAD, OPP. ASHOK NAGAR, NEAR RAHEJA COMPLEX, BALKUM, THANE WEST - 400 068",
    "STATE": "MAHARASHTRA",
    "CONTACT": "+912225400031",
    "UPI": true,
    "RTGS": true,
    "CITY": "THANE",
    "CENTRE": "THANE",
    "DISTRICT": "THANE",
    "NEFT": true,
    "IMPS": true,
    "SWIFT": null,
    "ISO3166": "IN-MH"
  },
  "TBSB0SERCEN": {
    "BANK": "Thane Bharat Sahakari Bank",
    "IFSC": "TBSB0SERCEN",
    "BRANCH": "BACK OFFICE",
    "ADDRESS": "SATYAM PREMISES, OPP NAUPADA TELEPHONE EXCHANGE, NAUPADA, THANE WEST 400602",
    "STATE": "MAHARASHTRA",
    "MICR": null,
    "CONTACT": "+912225404747",
    "UPI": true,
    "NEFT": true,
    "CITY": "THANE",
    "CENTRE": "THANE",
    "DISTRICT": "THANE",
    "RTGS": false,
    "IMPS": true,
    "SWIFT": null,
    "ISO3166": "IN-MH"
  }
}