{
  "TDCB0000001": {
    "BANK": "Thane District Central Co-operative Bank",
    "IFSC": "TDCB0000001",
    "BRANCH": "Thane District Central Co-operative Bank IMPS",
    "CENTRE": "THANE",
    "DISTRICT": "THANE",
    "STATE": "MAHARASHTRA",
    "ADDRESS": "SHIVAJI PATH, POST BOX 19,THANE (W), PIN 400601,",
    "CONTACT": "+912225333014",
    "IMPS": true,
    "CITY": "MUMBAI",
    "UPI": true,
    "MICR": null,
    "RTGS": true,
    "NEFT": true,
    "SWIFT": null,
    "ISO3166": "IN-MH"
  },
  "TDCB0000002": {
    "BANK": "Thane District Central Co-operative Bank",
    "IFSC": "TDCB0000002",
    "MICR": null,
    "BRANCH": "ARNALA",
    "ADDRESS": "NEAR ARNALA MACHHIMAR SOCIETY LTD, KILL ROAD,AT & POST-ARNALA, TALUKA- VASAI,  PIN-401304.",
    "STATE": "MAHARASHTRA",
    "CONTACT": "+912502587504",
    "UPI": true,
    "RTGS": true,
    "CITY": "ARNALA",
    "CENTRE": "THANE",
    "DISTRICT": "THANE",
    "NEFT": true,
    "IMPS": true,
    "SWIFT": null,
    "ISO3166": "IN-MH"
  },
  "TDCB0000003": {
    "BANK": "Thane District Central Co-operative Bank",
    "IFSC": "TDCB0000003",
    "MICR": "400524004",
    "BRANCH": "VASAI ROAD",
    "ADDRESS": "KUBER APARTMENT, GR. FLOOR, AMBADI ROAD,VASAI ROAD (W),POST-VASAI ROAD,TAL-VASAI,  PIN- 401202.",
    "STATE": "MAHARASHTRA",
    "CONTACT": "+912502342401",
    "UPI": true,
    "RTGS": true,
    "CITY": "VASAI",
    "CENTRE": "THANE",
    "DISTRICT": "THANE",
    "NEFT": true,
    "IMPS": true,
    "SWIFT": null,
    "ISO3166": "IN-MH"
  },
  "TDCB0000004": {
    "BANK": "Thane District Central Co-operative Bank",
    "IFSC": "TDCB0000004",
    "MICR": "400524037",
    "BRANCH": "CHANDIP",
    "ADDRESS": "AT & POST CHANDIP, SHIRSAD-VAJRESHWARI ROAD, TALUKA-VASAI, PIN -401303",
    "STATE": "MAHARASHTRA",
    "CONTACT": "+912502571222",
    "UPI": true,
    "RTGS": true,
    "CITY": "VASAI",
    "CENTRE": "THANE",
    "DISTRICT": "THANE",
    "NEFT": true,
    "IMPS": true,
    "SWIFT": null,
    "ISO3166": "IN-MH"
  },
  "TDCB0000005": {
    "BANK": "Thane District Central Co-operative Bank",
    "IFSC": "TDCB0000005",
    "MICR": "400524006",
    "BRANCH": "NAIGAON",
    "ADDRESS": "OM GURUPRASAD,1ST FLOOR, NAIGAON-W, TALUKA-VASAI,  PIN-401207",
    "STATE": "MAHARASHTRA",
    "CONTACT": "+912502300765",
    "UPI": true,
    "RTGS": true,
    "CITY": "VASAI",
    "CENTRE": "THANE",
    "DISTRICT": "THANE",
    "NEFT": true,
    "IMPS": true,
    "SWIFT": null,
    "ISO3166": "IN-MH"
  },
  "TDCB0000006": {
    "BANK": "Thane District Central Co-operative Bank",
    "IFSC": "TDCB0000006",
    "MICR": null,
    "BRANCH": "VIRAR",
    "ADDRESS": "SURYA DARSHAN,1ST FLOOR, VEER SAVARKAR MARG, VIRAR (E.) TALUKA-VASAI, PIN-401303",
    "STATE": "MAHARASHTRA",
    "CONTACT": "+912502527348",
    "UPI": true,
    "RTGS": true,
    "CITY": "VIRAR",
    "CENTRE": "THANE",
    "DISTRICT": "THANE",
    "NEFT": true,
    "IMPS": true,
    "SWIFT": null,
    "ISO3166": "IN-MH"
  },
  "TDCB0000007": {
    "BANK": "Thane District Central Co-operative Bank",
    "IFSC": "TDCB0000007",
    "MICR": "400524033",
    "BRANCH": "VATAR",
    "ADDRESS": "AT & POST-VATAR, TALUKA-VASAI,  PIN-401301",
    "STATE": "MAHARASHTRA",
    "CONTACT": "+912502587707",
    "UPI": true,
    "RTGS": true,
    "CITY": "VASAI",
    "CENTRE": "THANE",
    "DISTRICT": "THANE",
    "NEFT": true,
    "IMPS": true,
    "SWIFT": null,
    "ISO3166": "IN-MH"
  },
  "TDCB0000008": {
    "BANK": "Thane District Central Co-operative Bank",
    "IFSC": "TDCB0000008",
    "MICR": "400524003",
    "BRANCH": "NALASOPARA",
    "ADDRESS": "OM LAXMI CHEMBER, 1ST FLOOR,TULINJ, NALASOPARA-E , TALUKA-VASAI, PIN-401304",
    "STATE": "MAHARASHTRA",
    "CONTACT": "+912502432673",
    "UPI": true,
    "RTGS": true,
    "CITY": "NALLASOPARA",
    "CENTRE": "THANE",
    "DISTRICT": "THANE",
    "NEFT": true,
    "IMPS": true,
    "SWIFT": null,
    "ISO3166": "IN-MH"
  },
  "TDCB0000009": {
    "BANK": "Thane District Central Co-operative Bank",
    "IFSC": "TDCB0000009",
    "MICR": null,
    "BRANCH": "NIRMAL",
    "ADDRESS": "GAJANAN PRASAD BUILDING, AT & POST NIRMAL, TAL-VASAI,  PIN-401304",
    "STATE": "MAHARASHTRA",
    "CONTACT": "+912502470243",
    "UPI": true,
    "RTGS": true,
    "CITY": "NIRMAL",
    "CENTRE": "THANE",
    "DISTRICT": "THANE",
    "NEFT": true,
    "IMPS": true,
    "SWIFT": null,
    "ISO3166": "IN-MH"
  },
  "TDCB0000010": {
    "BANK": "Thane District Central Co-operative Bank",
    "IFSC": "TDCB0000010",
    "MICR": null,
    "BRANCH": "BHIWANDI",
    "ADDRESS": "CITY CENTER BUILDING, PRABHU ALI, MANDAI, TALUKA & POST BHIWANDI, PIN-421302",
    "STATE": "MAHARASHTRA",
    "CONTACT": "+912522250885",
    "UPI": true,
    "RTGS": true,
    "CITY": "BHIWANDI",
    "CENTRE": "THANE",
    "DISTRICT": "THANE",
    "NEFT": true,
    "IMPS": true,
    "SWIFT": null,
    "ISO3166": "IN-MH"
  },
  "TDCB0000011": {
    "BANK": "Thane District Central Co-operative Bank",
    "IFSC": "TDCB0000011",
    "MICR": "400524046",
    "BRANCH": "DUGADPHATA",
    "ADDRESS": "AT-DUGAD FATA,POST-DUGAD, TALUKA-BHIWANDI, PIN-421302",
    "STATE": "MAHARASHTRA",
    "CONTACT": "+912522288550",
    "UPI": true,
    "RTGS": true,
    "CITY": "BHIWANDI",
    "CENTRE": "THANE",
    "DISTRICT": "THANE",
    "NEFT": true,
    "IMPS": true,
    "SWIFT": null,
    "ISO3166": "IN-MH"
  },
  "TDCB0000012": {
    "BANK": "Thane District Central Co-operative Bank",
    "IFSC": "TDCB0000012",
    "MICR": "400524049",
    "BRANCH": "PADGHA",
    "ADDRESS": "WED APARTMENT,FIRST FLOOR,OPP LAXMI-NARAYAN BLDG,PADGHA-BHIWANDI RD AT & POST :PADGHA TAL:BHIWANDI DIST:THANE 421101",
    "STATE": "MAHARASHTRA",
    "CONTACT": "+912522268278",
    "UPI": true,
    "RTGS": true,
    "CITY": "PADGHA",
    "CENTRE": "THANE",
    "DISTRICT": "THANE",
    "NEFT": true,
    "IMPS": true,
    "SWIFT": null,
    "ISO3166": "IN-MH"
  },
  "TDCB0000013": {
    "BANK": "Thane District Central Co-operative Bank",
    "IFSC": "TDCB0000013",
    "MICR": "400524031",
    "BRANCH": "PURNA",
    "ADDRESS": "KONDU PATIL BUILDING, PURNESHWAR MANDIR ROAD, POST-KALHER, TALUKA -BHIWANDI, PIN-401302",
    "STATE": "MAHARASHTRA",
    "CONTACT": "+912522271800",
    "UPI": true,
    "RTGS": true,
    "CITY": "BHIWANDI",
    "CENTRE": "THANE",
    "DISTRICT": "THANE",
    "NEFT": true,
    "IMPS": true,
    "SWIFT": null,
    "ISO3166": "IN-MH"
  },
  "TDCB0000014": {
    "BANK": "Thane District Central Co-operative Bank",
    "IFSC": "TDCB0000014",
    "MICR": null,
    "BRANCH": "VAJRESHWARI",
    "ADDRESS": "CLASSIC ENTERPRIZES ,FIRST FLOOR,VASAI-AMBADI ROAD,AT& POST:VAJRESHWARI ,TAL:BHIWANDI.DIST THANE PIN:401204",
    "STATE": "MAHARASHTRA",
    "CONTACT": "+912522261235",
    "UPI": true,
    "RTGS": true,
    "CITY": "GANESHPURI",
    "CENTRE": "THANE",
    "DISTRICT": "THANE",
    "NEFT": true,
    "IMPS": true,
    "SWIFT": null,
    "ISO3166": "IN-MH"
  },
  "TDCB0000015": {
    "BANK": "Thane District Central Co-operative Bank",
    "IFSC": "TDCB0000015",
    "MICR": "400524030",
    "BRANCH": "KON",
    "ADDRESS": "AT & POST-KON, TALUKA-BHIWANDI, PIN-421311",
    "STATE": "MAHARASHTRA",
    "CONTACT": "+912522280575",
    "UPI": true,
    "RTGS": true,
    "CITY": "BHIWANDI",
    "CENTRE": "THANE",
    "DISTRICT": "THANE",
    "NEFT": true,
    "IMPS": true,
    "SWIFT": null,
    "ISO3166": "IN-MH"
  },
  "TDCB0000016": {
    "BANK": "Thane District Central Co-operative Bank",
    "IFSC": "TDCB0000016",
    "MICR": "400524034",
    "BRANCH": "KHARBAV",
    "ADDRESS": "AT & POST-KHARBAV, TALUKA-BHIWANDI, PIN-421302",
    "STATE": "MAHARASHTRA",
    "CONTACT": "+912522264310",
    "UPI": true,
    "RTGS": true,
    "CITY": "BHIWANDI",
    "CENTRE": "THANE",
    "DISTRICT": "THANE",
    "NEFT": true,
    "IMPS": true,
    "SWIFT": null,
    "ISO3166": "IN-MH"
  },
  "TDCB0000017": {
    "BANK": "Thane District Central Co-operative Bank",
    "IFSC": "TDCB0000017",
    "MICR": null,
    "BRANCH": "DAHANU",
    "ADDRESS": "AASTHA ABOD CO-OP.HOUSING SOC. LTD., GR.FLOOR,TALUKA-DAHANU, PIN-401601",
    "STATE": "MAHARASHTRA",
    "CONTACT": "+912528222308",
    "UPI": true,
    "RTGS": true,
    "CITY": "DAHANU",
    "CENTRE": "THANE",
    "DISTRICT": "THANE",
    "NEFT": true,
    "IMPS": true,
    "SWIFT": null,
    "ISO3166": "IN-MH"
  },
  "TDCB0000018": {
    "BANK": "Thane District Central Co-operative Bank",
    "IFSC": "TDCB0000018",
    "MICR": null,
    "BRANCH": "DAHANU ROAD",
    "ADDRESS": "OM DATTA NARAYAN BAG CO-OP. HOUSING SOC.LTD., GALA NO 8 & 11, NEAR POST OFFICE, DAHANU RD, TALUKA- DAHANU, PIN-401602",
    "STATE": "MAHARASHTRA",
    "CONTACT": "+912528222452",
    "UPI": true,
    "RTGS": true,
    "CITY": "DAHANU ROAD",
    "CENTRE": "THANE",
    "DISTRICT": "THANE",
    "NEFT": true,
    "IMPS": true,
    "SWIFT": null,
    "ISO3166": "IN-MH"
  },
  "TDCB0000019": {
    "BANK": "Thane District Central Co-operative Bank",
    "IFSC": "TDCB0000019",
    "MICR": null,
    "BRANCH": "BORDI",
    "ADDRESS": "BORDI BAZAR, POST-BORDI, TALUKA-DAHANU, PIN-401701",
    "STATE": "MAHARASHTRA",
    "CONTACT": "+912528254042",
    "UPI": true,
    "RTGS": true,
    "CITY": "BORDI",
    "CENTRE": "THANE",
    "DISTRICT": "THANE",
    "NEFT": true,
    "IMPS": true,
    "SWIFT": null,
    "ISO3166": "IN-MH"
  },
  "TDCB0000020": {
    "BANK": "Thane District Central Co-operative Bank",
    "IFSC": "TDCB0000020",
    "MICR": null,
    "BRANCH": "CHINCHANI",
    "ADDRESS": "GRAMPANCHAYAT BUILDING, 1ST FLOOR, AT & POST-CHINCHANI, TALUKA- DAHANU, PIN-401503",
    "STATE": "MAHARASHTRA",
    "CONTACT": "+912528242156",
    "UPI": true,
    "RTGS": true,
    "CITY": "DAHANU",
    "CENTRE": "THANE",
    "DISTRICT": "THANE",
    "NEFT": true,
    "IMPS": true,
    "SWIFT": null,
    "ISO3166": "IN-MH"
  },
  "TDCB0000021": {
    "BANK": "Thane District Central Co-operative Bank",
    "IFSC": "TDCB0000021",
    "MICR": null,
    "BRANCH": "KASA",
    "ADDRESS": "AT & POST-KASA, NEAR R.H.HOSPITAL, POST-KASA, TALUKA-DAHANU, PIN-401607",
    "STATE": "MAHARASHTRA",
    "CONTACT": "+912528264032",
    "UPI": true,
    "RTGS": true,
    "CITY": "DAHANU",
    "CENTRE": "THANE",
    "DISTRICT": "THANE",
    "NEFT": true,
    "IMPS": true,
    "SWIFT": null,
    "ISO3166": "IN-MH"
  },
  "TDCB0000022": {
    "BANK": "Thane District Central Co-operative Bank",
    "IFSC": "TDCB0000022",
    "MICR": null,
    "BRANCH": "VANGAON",
    "ADDRESS": "MOHAN APARTMENT, 1SR FLOOR, STATION RD. POST-VANGAON,TALUKA-DAHANU, PIN-401103",
    "STATE": "MAHARASHTRA",
    "CONTACT": "+912528244022",
    "UPI": true,
    "RTGS": true,
    "CITY": "VANGAON",
    "CENTRE": "THANE",
    "DISTRICT": "THANE",
    "NEFT": true,
    "IMPS": true,
    "SWIFT": null,
    "ISO3166": "IN-MH"
  },
  "TDCB0000023": {
    "BANK": "Thane District Central Co-operative Bank",
    "IFSC": "TDCB0000023",
    "MICR": null,
    "BRANCH": "JAWHAR",
    "ADDRESS": "CHHATRAPATI SHIVAJI PATH, AT & POST-JAWHAR, PIN-401603",
    "STATE": "MAHARASHTRA",
    "CONTACT": "+912520222424",
    "UPI": true,
    "RTGS": true,
    "CITY": "JAWHAR",
    "CENTRE": "THANE",
    "DISTRICT": "THANE",
    "NEFT": true,
    "IMPS": true,
    "SWIFT": null,
    "ISO3166": "IN-MH"
  },
  "TDCB0000024": {
    "BANK": "Thane District Central Co-operative Bank",
    "IFSC": "TDCB0000024",
    "MICR": null,
    "BRANCH": "VIKRAMGAD",
    "ADDRESS": "AT & POST-VIKRAMGAD, TALUKA-VIKRAMGAD, PIN-401605",
    "STATE": "MAHARASHTRA",
    "CONTACT": "+912520240024",
    "UPI": true,
    "RTGS": true,
    "CITY": "VIKRAMGAD",
    "CENTRE": "THANE",
    "DISTRICT": "THANE",
    "NEFT": true,
    "IMPS": true,
    "SWIFT": null,
    "ISO3166": "IN-MH"
  },
  "TDCB0000025": {
    "BANK": "Thane District Central Co-operative Bank",
    "IFSC": "TDCB0000025",
    "MICR": null,
    "BRANCH": "KALYAN",
    "ADDRESS": "SAI VIHAR BUILDING, NEW SHIVAJI PATH, TAL.KALYAN PIN CODE-421 301.",
    "STATE": "MAHARASHTRA",
    "CONTACT": "+912512315062",
    "UPI": true,
    "RTGS": true,
    "CITY": "KALYAN",
    "CENTRE": "THANE",
    "DISTRICT": "THANE",
    "NEFT": true,
    "IMPS": true,
    "SWIFT": null,
    "ISO3166": "IN-MH"
  },
  "TDCB0000026": {
    "BANK": "Thane District Central Co-operative Bank",
    "IFSC": "TDCB0000026",
    "MICR": "400524025",
    "BRANCH": "MANDA-TITWALA",
    "ADDRESS": "GANPATI MANDIR ROAD, SIDHRAJ APPT. MANDA-TITWALA(E),TAL.KALYAN  PIN CODE-421 605.",
    "STATE": "MAHARASHTRA",
    "CONTACT": "+912512381203",
    "UPI": true,
    "RTGS": true,
    "CITY": "KALYAN",
    "CENTRE": "THANE",
    "DISTRICT": "THANE",
    "NEFT": true,
    "IMPS": true,
    "SWIFT": null,
    "ISO3166": "IN-MH"
  },
  "TDCB0000027": {
    "BANK": "Thane District Central Co-operative Bank",
    "IFSC": "TDCB0000027",
    "MICR": "400524017",
    "BRANCH": "DOMBIVALI (W)",
    "ADDRESS": "M.G.ROAD,OM TRIMURTI BLDG, VISHNUNAGAR, TAL.KALYAN  PIN CODE-421 202.",
    "STATE": "MAHARASHTRA",
    "CONTACT": "+912512485979",
    "UPI": true,
    "RTGS": true,
    "CITY": "DOMBIVLI",
    "CENTRE": "THANE",
    "DISTRICT": "THANE",
    "NEFT": true,
    "IMPS": true,
    "SWIFT": null,
    "ISO3166": "IN-MH"
  },
  "TDCB0000028": {
    "BANK": "Thane District Central Co-operative Bank",
    "IFSC": "TDCB0000028",
    "MICR": "400524018",
    "BRANCH": "DOMBIVALI ( E )",
    "ADDRESS": "SHIVAJI UDYOG NAGAR, MANPADA ROAD,DOMBIVALI,  TAL.KALYAN, PIN CODE-421 201.",
    "STATE": "MAHARASHTRA",
    "CONTACT": "+912512448561",
    "UPI": true,
    "RTGS": true,
    "CITY": "DOMBIVLI",
    "CENTRE": "THANE",
    "DISTRICT": "THANE",
    "NEFT": true,
    "IMPS": true,
    "SWIFT": null,
    "ISO3166": "IN-MH"
  },
  "TDCB0000029": {
    "BANK": "Thane District Central Co-operative Bank",
    "IFSC": "TDCB0000029",
    "MICR": null,
    "BRANCH": "MURBAD",
    "ADDRESS": "MURBAD TAL. SHETKARI  SANGH LTD. MURBAD BUILDING, 1ST  FLOOR,  OPP. MARATHI SCHOOL , MAIN ROAD, TALUKA MURBAD, PIN-421402",
    "STATE": "MAHARASHTRA",
    "CONTACT": "+912524222238",
    "UPI": true,
    "RTGS": true,
    "CITY": "MURBAD",
    "CENTRE": "THANE",
    "DISTRICT": "THANE",
    "NEFT": true,
    "IMPS": true,
    "SWIFT": null,
    "ISO3166": "IN-MH"
  },
  "TDCB0000030": {
    "BANK": "Thane District Central Co-operative Bank",
    "IFSC": "TDCB0000030",
    "MICR": null,
    "BRANCH": "DHASAI",
    "ADDRESS": "AT.PO.DHASAI, TAL.MURBAD,  PIN CODE-421 402.",
    "STATE": "MAHARASHTRA",
    "CONTACT": "+912524244044",
    "UPI": true,
    "RTGS": true,
    "CITY": "MURBAD",
    "CENTRE": "THANE",
    "DISTRICT": "THANE",
    "NEFT": true,
    "IMPS": true,
    "SWIFT": null,
    "ISO3166": "IN-MH"
  },
  "TDCB0000031": {
    "BANK": "Thane District Central Co-operative Bank",
    "IFSC": "TDCB0000031",
    "MICR": null,
    "BRANCH": "SARALGAON",
    "ADDRESS": "SHREE KRUPA BUILDING,  KALYAN NAGAR ROAD, PO.SARALGAON, TAL.MURBAD,  PIN CODE-421 401.",
    "STATE": "MAHARASHTRA",
    "CONTACT": "+912524240175",
    "UPI": true,
    "RTGS": true,
    "CITY": "SARALGAON",
    "CENTRE": "THANE",
    "DISTRICT": "THANE",
    "NEFT": true,
    "IMPS": true,
    "SWIFT": null,
    "ISO3166": "IN-MH"
  },
  "TDCB0000032": {
    "BANK": "Thane District Central Co-operative Bank",
    "IFSC": "TDCB0000032",
    "MICR": "400524010",
    "BRANCH": "RAM MARUTI ROAD",
    "ADDRESS": "SHRUSTI PRIDE CHS LTD, FLAT NO. 102,RAM MARUTI ROAD, THANE (WEST) PIN CODE-400 602.",
    "STATE": "MAHARASHTRA",
    "CONTACT": "+912225402272",
    "UPI": true,
    "RTGS": true,
    "CITY": "THANE",
    "CENTRE": "THANE",
    "DISTRICT": "THANE",
    "NEFT": true,
    "IMPS": true,
    "SWIFT": null,
    "ISO3166": "IN-MH"
  },
  "TDCB0000033": {
    "BANK": "Thane District Central Co-operative Bank",
    "IFSC": "TDCB0000033",
    "MICR": "400524009",
    "BRANCH": "THANE TOWN",
    "ADDRESS": "CHHATRAPATI SHIVAJI PATH, P.O.NO.19, THANE (W) PIN CODE-400 601.",
    "STATE": "MAHARASHTRA",
    "CONTACT": "+912225363042",
    "UPI": true,
    "RTGS": true,
    "CITY": "THANE",
    "CENTRE": "THANE",
    "DISTRICT": "THANE",
    "NEFT": true,
    "IMPS": true,
    "SWIFT": null,
    "ISO3166": "IN-MH"
  },
  "TDCB0000034": {
    "BANK": "Thane District Central Co-operative Bank",
    "IFSC": "TDCB0000034",
    "MICR": "400524007",
    "BRANCH": "BHAYANDER",
    "ADDRESS": "SAHKAR JYOT, CROSS CORNER, 1ST FLOOR, NEAR MIRA   BHAYANDAR MAHANAGAR PALIKA, BHAYANDAR (W)",
    "STATE": "MAHARASHTRA",
    "CONTACT": "+91228192529",
    "UPI": true,
    "RTGS": true,
    "CITY": "MIRA-BHAYANDAR",
    "CENTRE": "THANE",
    "DISTRICT": "THANE",
    "NEFT": true,
    "IMPS": true,
    "SWIFT": null,
    "ISO3166": "IN-MH"
  },
  "TDCB0000035": {
    "BANK": "Thane District Central Co-operative Bank",
    "IFSC": "TDCB0000035",
    "MICR": "400524014",
    "BRANCH": "GHANSOLI",
    "ADDRESS": "OPP.NAVI MUMBAI MAHANAGAR PALIKA SCHOOL NO.31, PRABHAKAR PATIL CHAWL, THANE BELAPUR ROAD, GHANSOLI, PIN-400701",
    "STATE": "MAHARASHTRA",
    "CONTACT": "+912227692324",
    "UPI": true,
    "RTGS": true,
    "CITY": "THANE",
    "CENTRE": "THANE",
    "DISTRICT": "THANE",
    "NEFT": true,
    "IMPS": true,
    "SWIFT": null,
    "ISO3166": "IN-MH"
  },
  "TDCB0000036": {
    "BANK": "Thane District Central Co-operative Bank",
    "IFSC": "TDCB0000036",
    "MICR": "400524016",
    "BRANCH": "MUMBRA",
    "ADDRESS": "OPP.MUMBRA POLICE STATION, AT & POST MUMBRA.  PIN CODE-400 612",
    "STATE": "MAHARASHTRA",
    "CONTACT": "+912225462026",
    "UPI": true,
    "RTGS": true,
    "CITY": "THANE",
    "CENTRE": "THANE",
    "DISTRICT": "THANE",
    "NEFT": true,
    "IMPS": true,
    "SWIFT": null,
    "ISO3166": "IN-MH"
  },
  "TDCB0000037": {
    "BANK": "Thane District Central Co-operative Bank",
    "IFSC": "TDCB0000037",
    "MICR": "400524015",
    "BRANCH": "TURBHE",
    "ADDRESS": "APMC FRUIT MARKET, CENTRAL FACILITIES BUILDING., GROUND FLOOR, SECTOR   19, TURBHE,NAVI MUMBAI, PIN-400705",
    "STATE": "MAHARASHTRA",
    "CONTACT": "+912227832511",
    "UPI": true,
    "RTGS": true,
    "CITY": "THANE",
    "CENTRE": "THANE",
    "DISTRICT": "THANE",
    "NEFT": true,
    "IMPS": true,
    "SWIFT": null,
    "ISO3166": "IN-MH"
  },
  "TDCB0000038": {
    "BANK": "Thane District Central Co-operative Bank",
    "IFSC": "TDCB0000038",
    "MICR": "400524011",
    "BRANCH": "WAGLE ESTATE",
    "ADDRESS": "DHYAN HOUSE BUILDING, SHIVAJI NAGAR ROAD NO.3,WAGLE ESTATE, PIN CODE-400 604.",
    "STATE": "MAHARASHTRA",
    "CONTACT": "+9122400604",
    "UPI": true,
    "RTGS": true,
    "CITY": "THANE",
    "CENTRE": "THANE",
    "DISTRICT": "THANE",
    "NEFT": true,
    "IMPS": true,
    "SWIFT": null,
    "ISO3166": "IN-MH"
  },
  "TDCB0000039": {
    "BANK": "Thane District Central Co-operative Bank",
    "IFSC": "TDCB0000039",
    "MICR": "400524013",
    "BRANCH": "KALWA",
    "ADDRESS": "BHARTI CHEMBER, OLD BELAPUR ROAD, KALWA  PIN CODE-400 605.",
    "STATE": "MAHARASHTRA",
    "CONTACT": "+912225347314",
    "UPI": true,
    "RTGS": true,
    "CITY": "THANE",
    "CENTRE": "THANE",
    "DISTRICT": "THANE",
    "NEFT": true,
    "IMPS": true,
    "SWIFT": null,
    "ISO3166": "IN-MH"
  },
  "TDCB0000040": {
    "BANK": "Thane District Central Co-operative Bank",
    "IFSC": "TDCB0000040",
    "MICR": "400524012",
    "BRANCH": "KOPRI COLONY",
    "ADDRESS": "SAI TIRTH BUILDING, OFFICE NO. 1/12,  1ST FLOOR, B,WING, SIDDHARTH NAGAR,  KOPARI, THANE-E, PIN-400603",
    "STATE": "MAHARASHTRA",
    "CONTACT": "+912225320527",
    "UPI": true,
    "RTGS": true,
    "CITY": "THANE",
    "CENTRE": "THANE",
    "DISTRICT": "THANE",
    "NEFT": true,
    "IMPS": true,
    "SWIFT": null,
    "ISO3166": "IN-MH"
  },
  "TDCB0000041": {
    "BANK": "Thane District Central Co-operative Bank",
    "IFSC": "TDCB0000041",
    "MICR": "400524008",
    "BRANCH": "UTTAN",
    "ADDRESS": "SAGAR DARSHAN, UTTAN PALI ROAD, AT. POST.,UTTAN, PIN -401 106.",
    "STATE": "MAHARASHTRA",
    "CONTACT": "+912228450116",
    "UPI": true,
    "RTGS": true,
    "CITY": "MIRA-BHAYANDAR",
    "CENTRE": "THANE",
    "DISTRICT": "THANE",
    "NEFT": true,
    "IMPS": true,
    "SWIFT": null,
    "ISO3166": "IN-MH"
  },
  "TDCB0000042": {
    "BANK": "Thane District Central Co-operative Bank",
    "IFSC": "TDCB0000042",
    "MICR": "400524021",
    "BRANCH": "ULHASNAGAR - 4",
    "ADDRESS": "O T SECTION OPP.MALERIYA OFFICE ULHASNAGAR-4,DIST-THANE. PIN -421 004.",
    "STATE": "MAHARASHTRA",
    "CONTACT": "+91222581232",
    "UPI": true,
    "RTGS": true,
    "CITY": "ULHASNAGAR",
    "CENTRE": "THANE",
    "DISTRICT": "THANE",
    "NEFT": true,
    "IMPS": true,
    "SWIFT": null,
    "ISO3166": "IN-MH"
  },
  "TDCB0000043": {
    "BANK": "Thane District Central Co-operative Bank",
    "IFSC": "TDCB0000043",
    "MICR": "400524024",
    "BRANCH": "KULGAON",
    "ADDRESS": "SHIV TIRTH, NEAR RAILWAY STAION, TAL-AMBARNATH, PIN -421 503.",
    "STATE": "MAHARASHTRA",
    "CONTACT": "+912512690045",
    "UPI": true,
    "RTGS": true,
    "CITY": "ULHASNAGAR",
    "CENTRE": "THANE",
    "DISTRICT": "THANE",
    "NEFT": true,
    "IMPS": true,
    "SWIFT": null,
    "ISO3166": "IN-MH"
  },
  "TDCB0000044": {
    "BANK": "Thane District Central Co-operative Bank",
    "IFSC": "TDCB0000044",
    "MICR": "400524023",
    "BRANCH": "AMBERNATH",
    "ADDRESS": "SAI DATTA BUILDING  SURYODAY CHS.PLOT NO.   10,  NEAR STATE BANK, AMBARNATH ( EAST )  PIN-421 501.",
    "STATE": "MAHARASHTRA",
    "CONTACT": "+912512602050",
    "UPI": true,
    "RTGS": true,
    "CITY": "ULHASNAGAR",
    "CENTRE": "THANE",
    "DISTRICT": "THANE",
    "NEFT": true,
    "IMPS": true,
    "SWIFT": null,
    "ISO3166": "IN-MH"
  },
  "TDCB0000045": {
    "BANK": "Thane District Central Co-operative Bank",
    "IFSC": "TDCB0000045",
    "MICR": "400524022",
    "BRANCH": "ULHASNAGAR-3",
    "ADDRESS": "SHRI RAM NIWAS KALYAN AMBERNATH ROAD, ULHASNAGAR-3, PIN CODE-421 003.",
    "STATE": "MAHARASHTRA",
    "CONTACT": "+912512734229",
    "UPI": true,
    "RTGS": true,
    "CITY": "ULHASNAGAR",
    "CENTRE": "THANE",
    "DISTRICT": "THANE",
    "NEFT": true,
    "IMPS": true,
    "SWIFT": null,
    "ISO3166": "IN-MH"
  },
  "TDCB0000046": {
    "BANK": "Thane District Central Co-operative Bank",
    "IFSC": "TDCB0000046",
    "MICR": "400524040",
    "BRANCH": "VANGANI",
    "ADDRESS": "KALPANA KUNJ,VANGANI,TAL AMBARNATH,DIST THANE PIN CODE 421 503",
    "STATE": "MAHARASHTRA",
    "CONTACT": "+912512660404",
    "UPI": true,
    "RTGS": true,
    "CITY": "AMBARNATH",
    "CENTRE": "THANE",
    "DISTRICT": "THANE",
    "NEFT": true,
    "IMPS": true,
    "SWIFT": null,
    "ISO3166": "IN-MH"
  },
  "TDCB0000047": {
    "BANK": "Thane District Central Co-operative Bank",
    "IFSC": "TDCB0000047",
    "MICR": null,
    "BRANCH": "PALGHAR",
    "ADDRESS": "PALGHAR BRANCH KACHERI ROAD, CONGRESS BHAVAN, LST FLOOR, TAL.PALGHAR, PIN CODE-401 404.",
    "STATE": "MAHARASHTRA",
    "CONTACT": "+912525252029",
    "UPI": true,
    "RTGS": true,
    "CITY": "PALGHAR",
    "CENTRE": "THANE",
    "DISTRICT": "THANE",
    "NEFT": true,
    "IMPS": true,
    "SWIFT": null,
    "ISO3166": "IN-MH"
  },
  "TDCB0000048": {
    "BANK": "Thane District Central Co-operative Bank",
    "IFSC": "TDCB0000048",
    "MICR": null,
    "BRANCH": "BOISAR",
    "ADDRESS": "PARAS PLAZA BUILDING, NEAR BOISAR RAILY STATION",
    "STATE": "MAHARASHTRA",
    "CONTACT": null,
    "UPI": true,
    "RTGS": true,
    "CITY": "BOISAR",
    "CENTRE": "THANE",
    "DISTRICT": "THANE",
    "NEFT": true,
    "IMPS": true,
    "SWIFT": null,
    "ISO3166": "IN-MH"
  },
  "TDCB0000049": {
    "BANK": "Thane District Central Co-operative Bank",
    "IFSC": "TDCB0000049",
    "MICR": null,
    "BRANCH": "TARAPUR MIDC",
    "ADDRESS": "AT TARAPUR MIDC,GOGATE NAKA",
    "STATE": "MAHARASHTRA",
    "CONTACT": null,
    "UPI": true,
    "RTGS": true,
    "CITY": "TARAPUR MIDC",
    "CENTRE": "THANE",
    "DISTRICT": "THANE",
    "NEFT": true,
    "IMPS": true,
    "SWIFT": null,
    "ISO3166": "IN-MH"
  },
  "TDCB0000050": {
    "BANK": "Thane District Central Co-operative Bank",
    "IFSC": "TDCB0000050",
    "MICR": null,
    "BRANCH": "KELWA",
    "ADDRESS": "KELWA MARKET, PALGHAR (W), TALUKA-PALGHAR, PIN-401 401.",
    "STATE": "MAHARASHTRA",
    "CONTACT": "+912525222045",
    "UPI": true,
    "RTGS": true,
    "CITY": "KELWA",
    "CENTRE": "THANE",
    "DISTRICT": "THANE",
    "NEFT": true,
    "IMPS": true,
    "SWIFT": null,
    "ISO3166": "IN-MH"
  },
  "TDCB0000051": {
    "BANK": "Thane District Central Co-operative Bank",
    "IFSC": "TDCB0000051",
    "MICR": null,
    "BRANCH": "MANOR",
    "ADDRESS": "FAIMA BLDG., BEHIND S.T.STAND AT & POST-MANOR, TAL.PALGHAR  PIN-401 403.",
    "STATE": "MAHARASHTRA",
    "CONTACT": "+912525237032",
    "UPI": true,
    "RTGS": true,
    "CITY": "MANOR",
    "CENTRE": "THANE",
    "DISTRICT": "THANE",
    "NEFT": true,
    "IMPS": true,
    "SWIFT": null,
    "ISO3166": "IN-MH"
  },
  "TDCB0000052": {
    "BANK": "Thane District Central Co-operative Bank",
    "IFSC": "TDCB0000052",
    "MICR": "400524039",
    "BRANCH": "SAFALA",
    "ADDRESS": "GRAMPANCHAYAT BUILDING, AT- SAFALA-EAST, TALUKA-PALGHAR,PIN-401 102.",
    "STATE": "MAHARASHTRA",
    "CONTACT": "+912525230160",
    "UPI": true,
    "RTGS": true,
    "CITY": "PALGHAR",
    "CENTRE": "THANE",
    "DISTRICT": "THANE",
    "NEFT": true,
    "IMPS": true,
    "SWIFT": null,
    "ISO3166": "IN-MH"
  },
  "TDCB0000053": {
    "BANK": "Thane District Central Co-operative Bank",
    "IFSC": "TDCB0000053",
    "MICR": null,
    "BRANCH": "SATPATI",
    "ADDRESS": "NEAR RAM MANDIR STOP, AT & POST-SATPATI, TALUKA-PALGHAR, PIN-401 405.",
    "STATE": "MAHARASHTRA",
    "CONTACT": "+912525224040",
    "UPI": true,
    "RTGS": true,
    "CITY": "PALGHAR",
    "CENTRE": "THANE",
    "DISTRICT": "THANE",
    "NEFT": true,
    "IMPS": true,
    "SWIFT": null,
    "ISO3166": "IN-MH"
  },
  "TDCB0000054": {
    "BANK": "Thane District Central Co-operative Bank",
    "IFSC": "TDCB0000054",
    "MICR": null,
    "BRANCH": "TARAPUR",
    "ADDRESS": "1ST FLOOR, SAI DATTA POOJA BUILDING, TARAPUR VILLAGE, TAL-PALGHAR, DIST-THANE",
    "STATE": "MAHARASHTRA",
    "CONTACT": "+912525280016",
    "UPI": true,
    "RTGS": true,
    "CITY": "PALGHAR",
    "CENTRE": "THANE",
    "DISTRICT": "THANE",
    "NEFT": true,
    "IMPS": true,
    "SWIFT": null,
    "ISO3166": "IN-MH"
  },
  "TDCB0000055": {
    "BANK": "Thane District Central Co-operative Bank",
    "IFSC": "TDCB0000055",
    "MICR": null,
    "BRANCH": "SHAHAPUR",
    "ADDRESS": "SAI PLAZA BLDG, PANDIT NAKA, GOTHEGHAR  TALUKA.SHAHAPUR, PIN -421 601.",
    "STATE": "MAHARASHTRA",
    "CONTACT": "+912527272021",
    "UPI": true,
    "RTGS": true,
    "CITY": "SHAHAPUR",
    "CENTRE": "THANE",
    "DISTRICT": "THANE",
    "NEFT": true,
    "IMPS": true,
    "SWIFT": null,
    "ISO3166": "IN-MH"
  },
  "TDCB0000056": {
    "BANK": "Thane District Central Co-operative Bank",
    "IFSC": "TDCB0000056",
    "MICR": null,
    "BRANCH": "BHATSANAGAR",
    "ADDRESS": "BANK COLONY 3 B, BHATSANAGAR BAJAR PETH ROAD, AT..BHATSANAGAR, TAL.SHAHAPUR , PIN CODE-421 301.",
    "STATE": "MAHARASHTRA",
    "CONTACT": "+912527249585",
    "UPI": true,
    "RTGS": true,
    "CITY": "SHAHAPUR",
    "CENTRE": "THANE",
    "DISTRICT": "THANE",
    "NEFT": true,
    "IMPS": true,
    "SWIFT": null,
    "ISO3166": "IN-MH"
  },
  "TDCB0000057": {
    "BANK": "Thane District Central Co-operative Bank",
    "IFSC": "TDCB0000057",
    "MICR": null,
    "BRANCH": "DOLKHAMB",
    "ADDRESS": "AT & POST.DOLKHAMB,  TALUKA-SHAHAPUR,PIN 421 601",
    "STATE": "MAHARASHTRA",
    "CONTACT": "+912527234054",
    "UPI": true,
    "RTGS": true,
    "CITY": "SHAHAPUR",
    "CENTRE": "THANE",
    "DISTRICT": "THANE",
    "NEFT": true,
    "IMPS": true,
    "SWIFT": null,
    "ISO3166": "IN-MH"
  },
  "TDCB0000058": {
    "BANK": "Thane District Central Co-operative Bank",
    "IFSC": "TDCB0000058",
    "MICR": null,
    "BRANCH": "KASARA",
    "ADDRESS": "MALTI NIWAS, BAZAR PETH, MUMBAI NASIK ROAD, AT & PO.KASARA,  TALUKA-SHAHAPUR,  PIN -421 601.",
    "STATE": "MAHARASHTRA",
    "CONTACT": "+912527246069",
    "UPI": true,
    "RTGS": true,
    "CITY": "KASARA",
    "CENTRE": "THANE",
    "DISTRICT": "THANE",
    "NEFT": true,
    "IMPS": true,
    "SWIFT": null,
    "ISO3166": "IN-MH"
  },
  "TDCB0000059": {
    "BANK": "Thane District Central Co-operative Bank",
    "IFSC": "TDCB0000059",
    "MICR": null,
    "BRANCH": "KHARDI",
    "ADDRESS": "NEAR RAILWAY STATION, AT & POST-KHARDI, TALUKA-SHAHAPUR, PIN-421 304.",
    "STATE": "MAHARASHTRA",
    "CONTACT": "+912527244036",
    "UPI": true,
    "RTGS": true,
    "CITY": "KHARDI",
    "CENTRE": "THANE",
    "DISTRICT": "THANE",
    "NEFT": true,
    "IMPS": true,
    "SWIFT": null,
    "ISO3166": "IN-MH"
  },
  "TDCB0000060": {
    "BANK": "Thane District Central Co-operative Bank",
    "IFSC": "TDCB0000060",
    "MICR": null,
    "BRANCH": "KINHAVALI",
    "ADDRESS": "KINHAVALI VIBHAG SHETKARI BHAT GIRNI SOCIETY.BUILDING,SHAHAPUR SARALGAON ROAD,AT-KINHAVALI,POST-KINHAVALI, TALUKA-SHAHAPUR, PIN-421401",
    "STATE": "MAHARASHTRA",
    "CONTACT": "+912527232030",
    "UPI": true,
    "RTGS": true,
    "CITY": "KINHAVALI",
    "CENTRE": "THANE",
    "DISTRICT": "THANE",
    "NEFT": true,
    "IMPS": true,
    "SWIFT": null,
    "ISO3166": "IN-MH"
  },
  "TDCB0000061": {
    "BANK": "Thane District Central Co-operative Bank",
    "IFSC": "TDCB0000061",
    "MICR": "400524041",
    "BRANCH": "WASHIND",
    "ADDRESS": "OPP.KHATIVALI VASIND SEVA STY AT & POST-VASIND,TALUKA-SHAHAPUR DIST.THANE. PIN-421604",
    "STATE": "MAHARASHTRA",
    "CONTACT": "+912527220046",
    "UPI": true,
    "RTGS": true,
    "CITY": "WASHIND",
    "CENTRE": "THANE",
    "DISTRICT": "THANE",
    "NEFT": true,
    "IMPS": true,
    "SWIFT": null,
    "ISO3166": "IN-MH"
  },
  "TDCB0000062": {
    "BANK": "Thane District Central Co-operative Bank",
    "IFSC": "TDCB0000062",
    "MICR": null,
    "BRANCH": "SHENVA",
    "ADDRESS": "SHENAVA NAKA, KINHAVALI SHAHAPUR ROAD, AT & POST-SHENVA, TALUKA-SHAHAPUR,  PIN-421 601",
    "STATE": "MAHARASHTRA",
    "CONTACT": "+912527230088",
    "UPI": true,
    "RTGS": true,
    "CITY": "SHAHAPUR",
    "CENTRE": "THANE",
    "DISTRICT": "THANE",
    "NEFT": true,
    "IMPS": true,
    "SWIFT": null,
    "ISO3166": "IN-MH"
  },
  "TDCB0000063": {
    "BANK": "Thane District Central Co-operative Bank",
    "IFSC": "TDCB0000063",
    "MICR": null,
    "BRANCH": "WADA",
    "ADDRESS": "DAHE SOCIETY BUILDING, LST FLOOR, MAIN ROAD, OPP.KAILASH TALKIES  AT & POST.TALUKA-WADA, PIN-421303",
    "STATE": "MAHARASHTRA",
    "CONTACT": "+912526271416",
    "UPI": true,
    "RTGS": true,
    "CITY": "WADA",
    "CENTRE": "THANE",
    "DISTRICT": "THANE",
    "NEFT": true,
    "IMPS": true,
    "SWIFT": null,
    "ISO3166": "IN-MH"
  },
  "TDCB0000064": {
    "BANK": "Thane District Central Co-operative Bank",
    "IFSC": "TDCB0000064",
    "MICR": null,
    "BRANCH": "KUDUS",
    "ADDRESS": "AT & POST-KUDUS, TALUKA-WADA,  PIN CODE- 421 312",
    "STATE": "MAHARASHTRA",
    "CONTACT": "+912526220233",
    "UPI": true,
    "RTGS": true,
    "CITY": "KUDUS",
    "CENTRE": "THANE",
    "DISTRICT": "THANE",
    "NEFT": true,
    "IMPS": true,
    "SWIFT": null,
    "ISO3166": "IN-MH"
  },
  "TDCB0000065": {
    "BANK": "Thane District Central Co-operative Bank",
    "IFSC": "TDCB0000065",
    "MICR": null,
    "BRANCH": "KANCHAD",
    "ADDRESS": "AT & POST-KANCHAD, TAL.WADA,  DIST.THANE. PIN - 421 303.",
    "STATE": "MAHARASHTRA",
    "CONTACT": "+912526235633",
    "UPI": true,
    "RTGS": true,
    "CITY": "KANCHAD",
    "CENTRE": "THANE",
    "DISTRICT": "THANE",
    "NEFT": true,
    "IMPS": true,
    "SWIFT": null,
    "ISO3166": "IN-MH"
  },
  "TDCB0000066": {
    "BANK": "Thane District Central Co-operative Bank",
    "IFSC": "TDCB0000066",
    "MICR": null,
    "BRANCH": "TALASARI",
    "ADDRESS": "RAJPUT MALL, NATIONAL HIGHWAY NO. 8. AT.POST-TALUKA-TALASARI, DIST.THANE.PIN - 401 606.",
    "STATE": "MAHARASHTRA",
    "CONTACT": "+912529220034",
    "UPI": true,
    "RTGS": true,
    "CITY": "TALASARI",
    "CENTRE": "THANE",
    "DISTRICT": "THANE",
    "NEFT": true,
    "IMPS": true,
    "SWIFT": null,
    "ISO3166": "IN-MH"
  },
  "TDCB0000067": {
    "BANK": "Thane District Central Co-operative Bank",
    "IFSC": "TDCB0000067",
    "MICR": null,
    "BRANCH": "MOKHADA",
    "ADDRESS": "AT & POST-MOKHADA TALUKA-MOKHADA,PIN-401 604.",
    "STATE": "MAHARASHTRA",
    "CONTACT": "+912529256630",
    "UPI": true,
    "RTGS": true,
    "CITY": "MOKHADA",
    "CENTRE": "THANE",
    "DISTRICT": "THANE",
    "NEFT": true,
    "IMPS": true,
    "SWIFT": null,
    "ISO3166": "IN-MH"
  },
  "TDCB0000068": {
    "BANK": "Thane District Central Co-operative Bank",
    "IFSC": "TDCB0000068",
    "MICR": null,
    "BRANCH": "KHODALA",
    "ADDRESS": "AT &POST-KHODALA, TALUKA-MOKHADA,PIN-401 603.",
    "STATE": "MAHARASHTRA",
    "CONTACT": "+912529250073",
    "UPI": true,
    "RTGS": true,
    "CITY": "KHODALA",
    "CENTRE": "THANE",
    "DISTRICT": "THANE",
    "NEFT": true,
    "IMPS": true,
    "SWIFT": null,
    "ISO3166": "IN-MH"
  },
  "TDCB0000069": {
    "BANK": "Thane District Central Co-operative Bank",
    "IFSC": "TDCB0000069",
    "MICR": null,
    "BRANCH": "BADLAPUR",
    "ADDRESS": "HARSHAL  APARTMENT, 1 ST FLOOR,  NEAR TALATHI OFFI",
    "STATE": "MAHARASHTRA",
    "CONTACT": null,
    "UPI": true,
    "RTGS": true,
    "CITY": "BADLAPUR",
    "CENTRE": "THANE",
    "DISTRICT": "THANE",
    "NEFT": true,
    "IMPS": true,
    "SWIFT": null,
    "ISO3166": "IN-MH"
  },
  "TDCB0000070": {
    "BANK": "Thane District Central Co-operative Bank",
    "IFSC": "TDCB0000070",
    "MICR": null,
    "BRANCH": "DANDI",
    "ADDRESS": "KOPRAN MACHIMAR DANDI SANSTHA AT & POST-DANDI,TALU",
    "STATE": "MAHARASHTRA",
    "CONTACT": null,
    "UPI": true,
    "RTGS": true,
    "CITY": "DANDI",
    "CENTRE": "THANE",
    "DISTRICT": "THANE",
    "NEFT": true,
    "IMPS": true,
    "SWIFT": null,
    "ISO3166": "IN-MH"
  },
  "TDCB0000071": {
    "BANK": "Thane District Central Co-operative Bank",
    "IFSC": "TDCB0000071",
    "MICR": null,
    "BRANCH": "NAVAPUR",
    "ADDRESS": "NEAR GRAMPANCHAYAT OFFICE, AT & POST-NAVAPUR, TAL.PALGHAR, DIST.THANE. PIN-401 401.",
    "STATE": "MAHARASHTRA",
    "CONTACT": "+912525288321",
    "UPI": true,
    "RTGS": true,
    "CITY": "PALGHAR",
    "CENTRE": "THANE",
    "DISTRICT": "THANE",
    "NEFT": true,
    "IMPS": true,
    "SWIFT": null,
    "ISO3166": "IN-MH"
  },
  "TDCB0000072": {
    "BANK": "Thane District Central Co-operative Bank",
    "IFSC": "TDCB0000072",
    "MICR": null,
    "BRANCH": "VASAI",
    "ADDRESS": "OPP.S.T.STAND, BALKRISHNA APARTMENT, 1ST FLOOR, POST & TALUKA -VASAI,  PIN-401201",
    "STATE": "MAHARASHTRA",
    "CONTACT": "+912502322045",
    "UPI": true,
    "RTGS": true,
    "CITY": "VASAI",
    "CENTRE": "THANE",
    "DISTRICT": "THANE",
    "NEFT": true,
    "IMPS": true,
    "SWIFT": null,
    "ISO3166": "IN-MH"
  },
  "TDCB0000073": {
    "BANK": "Thane District Central Co-operative Bank",
    "IFSC": "TDCB0000073",
    "MICR": null,
    "BRANCH": "KHANIVALI",
    "ADDRESS": "AT & POST-KHANIVALI, TAL.WADA, DIST.THANE. PIN-401 204.",
    "STATE": "MAHARASHTRA",
    "CONTACT": "+912526237664",
    "UPI": true,
    "RTGS": true,
    "CITY": "KHANIVALI",
    "CENTRE": "THANE",
    "DISTRICT": "THANE",
    "NEFT": true,
    "IMPS": true,
    "SWIFT": null,
    "ISO3166": "IN-MH"
  },
  "TDCB0000074": {
    "BANK": "Thane District Central Co-operative Bank",
    "IFSC": "TDCB0000074",
    "MICR": "400524027",
    "BRANCH": "DHAMANKARNAKA",
    "ADDRESS": "31, DHAMANKAR PALACE BLDG. 1ST FLOOR, DHAMANKAR NAKA,TALUKA-BHIWANDI, PIN-421 302",
    "STATE": "MAHARASHTRA",
    "CONTACT": "+912522255387",
    "UPI": true,
    "RTGS": true,
    "CITY": "BHIWANDI",
    "CENTRE": "THANE",
    "DISTRICT": "THANE",
    "NEFT": true,
    "IMPS": true,
    "SWIFT": null,
    "ISO3166": "IN-MH"
  },
  "TDCB0000075": {
    "BANK": "Thane District Central Co-operative Bank",
    "IFSC": "TDCB0000075",
    "MICR": "400524020",
    "BRANCH": "KOLSEWADI (KALYAN)",
    "ADDRESS": "OM SHRADHA TOWER, TISGAON NAKA, KALYAN (EAST),DIST-THANE. PIN CODE-421 302.",
    "STATE": "MAHARASHTRA",
    "CONTACT": "+912512357694",
    "UPI": true,
    "RTGS": true,
    "CITY": "KALYAN",
    "CENTRE": "THANE",
    "DISTRICT": "THANE",
    "NEFT": true,
    "IMPS": true,
    "SWIFT": null,
    "ISO3166": "IN-MH"
  },
  "TDCB0000076": {
    "BANK": "Thane District Central Co-operative Bank",
    "IFSC": "TDCB0000076",
    "MICR": null,
    "BRANCH": "ATGAON",
    "ADDRESS": "AT & POST-ATGAON, TALUKA-SHAHAPUR, DIST.THANE.  PIN-421 301.",
    "STATE": "MAHARASHTRA",
    "CONTACT": "+912527240293",
    "UPI": true,
    "RTGS": true,
    "CITY": "ATGAON",
    "CENTRE": "THANE",
    "DISTRICT": "THANE",
    "NEFT": true,
    "IMPS": true,
    "SWIFT": null,
    "ISO3166": "IN-MH"
  },
  "TDCB0000077": {
    "BANK": "Thane District Central Co-operative Bank",
    "IFSC": "TDCB0000077",
    "MICR": null,
    "BRANCH": "TOKAWADE",
    "ADDRESS": "AT & POST-TOKAWADE,TALUKA-MURBAD, DIST.THANE. PIN-421 402.",
    "STATE": "MAHARASHTRA",
    "CONTACT": "+9125242420580",
    "UPI": true,
    "RTGS": true,
    "CITY": "MURBAD",
    "CENTRE": "THANE",
    "DISTRICT": "THANE",
    "NEFT": true,
    "IMPS": true,
    "SWIFT": null,
    "ISO3166": "IN-MH"
  },
  "TDCB0000078": {
    "BANK": "Thane District Central Co-operative Bank",
    "IFSC": "TDCB0000078",
    "MICR": null,
    "BRANCH": "SHIVALE EXT. COUNTER",
    "ADDRESS": "AT-GANDHI CAMP SHIVALE,TAL-MURBAD,PH-247097",
    "STATE": "MAHARASHTRA",
    "CONTACT": null,
    "UPI": true,
    "RTGS": true,
    "CITY": "SHIVALE EXT. COUNTER",
    "CENTRE": "THANE",
    "DISTRICT": "THANE",
    "NEFT": true,
    "IMPS": true,
    "SWIFT": null,
    "ISO3166": "IN-MH"
  },
  "TDCB0000079": {
    "BANK": "Thane District Central Co-operative Bank",
    "IFSC": "TDCB0000079",
    "MICR": "400524032",
    "BRANCH": "RAMBAUG (KALYAN)",
    "ADDRESS": "SHREYA PALACE, RAMBAUG LANE  4, KALYAN (W.) TALUKA-KALYAN,  PIN- 421301",
    "STATE": "MAHARASHTRA",
    "CONTACT": "+912512210185",
    "UPI": true,
    "RTGS": true,
    "CITY": "KALYAN",
    "CENTRE": "THANE",
    "DISTRICT": "THANE",
    "NEFT": true,
    "IMPS": true,
    "SWIFT": null,
    "ISO3166": "IN-MH"
  },
  "TDCB0000080": {
    "BANK": "Thane District Central Co-operative Bank",
    "IFSC": "TDCB0000080",
    "MICR": "400524035",
    "BRANCH": "MIRA ROAD",
    "ADDRESS": "ABID PATEL HOUSE, NEAR AMAR PALACE HOTEL,  NEAR A.P. INTERNATIONAL SCHOOL , MIRAGAON  NATIONAL HIGHWAY,  PIN-401 104.",
    "STATE": "MAHARASHTRA",
    "CONTACT": "+912228457707",
    "UPI": true,
    "RTGS": true,
    "CITY": "MIRA-BHAYANDAR",
    "CENTRE": "THANE",
    "DISTRICT": "THANE",
    "NEFT": true,
    "IMPS": true,
    "SWIFT": null,
    "ISO3166": "IN-MH"
  },
  "TDCB0000081": {
    "BANK": "Thane District Central Co-operative Bank",
    "IFSC": "TDCB0000081",
    "MICR": "400524036",
    "BRANCH": "Z.P.EXT. THANE",
    "ADDRESS": "ZILLA PARIZAD COMPOUND, 1ST FLOOR, THANE (W) , TALUKA-THANE. PIN  400 601",
    "STATE": "MAHARASHTRA",
    "CONTACT": "+912225337630",
    "UPI": true,
    "RTGS": true,
    "CITY": "THANE",
    "CENTRE": "THANE",
    "DISTRICT": "THANE",
    "NEFT": true,
    "IMPS": true,
    "SWIFT": null,
    "ISO3166": "IN-MH"
  },
  "TDCB0000082": {
    "BANK": "Thane District Central Co-operative Bank",
    "IFSC": "TDCB0000082",
    "MICR": "400524040",
    "BRANCH": "BADLAPUR BELAVALI EXT COUNTER",
    "ADDRESS": "JIJA MATA VIKRIKAR BHAVAN,DATTA CHOWK,BELAVALI BADLAPUR W PIN 421503",
    "STATE": "MAHARASHTRA",
    "CONTACT": "+912512673699",
    "UPI": true,
    "RTGS": true,
    "CITY": "BELVALI",
    "CENTRE": "THANE",
    "DISTRICT": "THANE",
    "NEFT": true,
    "IMPS": true,
    "SWIFT": null,
    "ISO3166": "IN-MH"
  },
  "TDCB0000083": {
    "BANK": "Thane District Central Co-operative Bank",
    "IFSC": "TDCB0000083",
    "MICR": null,
    "BRANCH": "NARIVALI EXT. COUNT.",
    "ADDRESS": "AT & POST   NARIVALI,  TALUKA- MURBAD,",
    "STATE": "MAHARASHTRA",
    "CONTACT": "+912524248020",
    "UPI": true,
    "RTGS": true,
    "CITY": "MURBAD",
    "CENTRE": "THANE",
    "DISTRICT": "THANE",
    "NEFT": true,
    "IMPS": true,
    "SWIFT": null,
    "ISO3166": "IN-MH"
  },
  "TDCB0000084": {
    "BANK": "Thane District Central Co-operative Bank",
    "IFSC": "TDCB0000084",
    "MICR": null,
    "BRANCH": "ANGAON",
    "ADDRESS": "AT &POST ANGAON, TALUKA- BHIWANDI, DIST. THANE, PIN- 421 302",
    "STATE": "MAHARASHTRA",
    "CONTACT": "+912522260044",
    "UPI": true,
    "RTGS": true,
    "CITY": "ANGAON",
    "CENTRE": "THANE",
    "DISTRICT": "THANE",
    "NEFT": true,
    "IMPS": true,
    "SWIFT": null,
    "ISO3166": "IN-MH"
  },
  "TDCB0000085": {
    "BANK": "Thane District Central Co-operative Bank",
    "IFSC": "TDCB0000085",
    "MICR": "400524053",
    "BRANCH": "LODHA HEAVEN (SHILPHATA)",
    "ADDRESS": "MUKTA RESIDENSY, B-2, 1ST FLOOR, NEAR KHIDKALESHWAR MANDIR,KALYAN   SHILFATA,TALUKA-THANE",
    "STATE": "MAHARASHTRA",
    "CONTACT": "+919224182032",
    "UPI": true,
    "RTGS": true,
    "CITY": "THANE",
    "CENTRE": "THANE",
    "DISTRICT": "THANE",
    "NEFT": true,
    "IMPS": true,
    "SWIFT": null,
    "ISO3166": "IN-MH"
  },
  "TDCB0000086": {
    "BANK": "Thane District Central Co-operative Bank",
    "IFSC": "TDCB0000086",
    "MICR": "400524052",
    "BRANCH": "DIVA STATION",
    "ADDRESS": "DHANRAJ RESIDENCY,DHANRAJ NAGAR,DIVA,THANE 400 612",
    "STATE": "MAHARASHTRA",
    "CONTACT": "+912225318380",
    "UPI": true,
    "RTGS": true,
    "CITY": "DIVA",
    "CENTRE": "THANE",
    "DISTRICT": "THANE",
    "NEFT": true,
    "IMPS": true,
    "SWIFT": null,
    "ISO3166": "IN-MH"
  },
  "TDCB0000087": {
    "BANK": "Thane District Central Co-operative Bank",
    "IFSC": "TDCB0000087",
    "MICR": null,
    "BRANCH": "KUNDE-MAMNOLI",
    "ADDRESS": "ROOM NO. 281, GR FLOOR, AT. MAMNOLI,",
    "STATE": "MAHARASHTRA",
    "CONTACT": null,
    "UPI": true,
    "RTGS": true,
    "CITY": "KUNDE-MAMNOLI",
    "CENTRE": "THANE",
    "DISTRICT": "THANE",
    "NEFT": true,
    "IMPS": true,
    "SWIFT": null,
    "ISO3166": "IN-MH"
  },
  "TDCB0000088": {
    "BANK": "Thane District Central Co-operative Bank",
    "IFSC": "TDCB0000088",
    "MICR": "400524051",
    "BRANCH": "MHARAL",
    "ADDRESS": "SHREE SWAMI-SAMARTH KRUPA BLDG.,NEAR GAONDEVI MANDIR,MHARAL GAON,POST:VARAP TAL:KALYAN DIST:THANE PIN 421301",
    "STATE": "MAHARASHTRA",
    "CONTACT": "+912521232021",
    "UPI": true,
    "RTGS": true,
    "CITY": "KALYAN",
    "CENTRE": "THANE",
    "DISTRICT": "THANE",
    "NEFT": true,
    "IMPS": true,
    "SWIFT": null,
    "ISO3166": "IN-MH"
  },
  "TDCB0000089": {
    "BANK": "Thane District Central Co-operative Bank",
    "IFSC": "TDCB0000089",
    "MICR": null,
    "BRANCH": "UDHAVA",
    "ADDRESS": "AT & POST-UDHAVA , TALUKA- TALASARI, DIST THANE PIN- 401 606",
    "STATE": "MAHARASHTRA",
    "CONTACT": null,
    "UPI": true,
    "RTGS": true,
    "CITY": "UDHAWA",
    "CENTRE": "THANE",
    "DISTRICT": "THANE",
    "NEFT": true,
    "IMPS": true,
    "SWIFT": null,
    "ISO3166": "IN-MH"
  },
  "TDCB0000090": {
    "BANK": "Thane District Central Co-operative Bank",
    "IFSC": "TDCB0000090",
    "MICR": "400524050",
    "BRANCH": "MANKOLI",
    "ADDRESS": "SHRI GANESH COMPLEX, A-1, 1ST FLOOR, ANJUR ROAD, AT. MANKOLI, POST. ANJUR, TALUKA-BHIWANDI, DIST-THANE",
    "STATE": "MAHARASHTRA",
    "CONTACT": "+919226745828",
    "UPI": true,
    "RTGS": true,
    "CITY": "BHIWANDI",
    "CENTRE": "THANE",
    "DISTRICT": "THANE",
    "NEFT": true,
    "IMPS": true,
    "SWIFT": null,
    "ISO3166": "IN-MH"
  },
  "TDCB0000091": {
    "BANK": "Thane District Central Co-operative Bank",
    "IFSC": "TDCB0000091",
    "MICR": null,
    "BRANCH": "DHAKTI DAHANU",
    "ADDRESS": "AT DHAKTI DAHANU,MITAN ALI, POST-DAHANU,TAL. DAHANU, DIST-THANE, PIN- 421 601",
    "STATE": "MAHARASHTRA",
    "CONTACT": "+912528247474",
    "UPI": true,
    "RTGS": true,
    "CITY": "DAHANU",
    "CENTRE": "THANE",
    "DISTRICT": "THANE",
    "NEFT": true,
    "IMPS": true,
    "SWIFT": null,
    "ISO3166": "IN-MH"
  },
  "TDCB0000092": {
    "BANK": "Thane District Central Co-operative Bank",
    "IFSC": "TDCB0000092",
    "MICR": null,
    "BRANCH": "MAHIM",
    "ADDRESS": "MAHIM VIVIDHA KARYAKARI,SAH.SOCIETY,MAHIM,AT AND POST MAHIM,TAL PALGHAR,DIST THANE",
    "STATE": "MAHARASHTRA",
    "CONTACT": "+912525220866",
    "UPI": true,
    "RTGS": true,
    "CITY": "MAHIM",
    "CENTRE": "THANE",
    "DISTRICT": "THANE",
    "NEFT": true,
    "IMPS": true,
    "SWIFT": null,
    "ISO3166": "IN-MH"
  },
  "TDCB0000093": {
    "BANK": "Thane District Central Co-operative Bank",
    "IFSC": "TDCB0000093",
    "MICR": null,
    "BRANCH": "AGHAI",
    "ADDRESS": "AGHAI AT & POST-AGHAI, TALUKA-SHAHAPUR, DIST-THANE",
    "STATE": "MAHARASHTRA",
    "CONTACT": null,
    "UPI": true,
    "RTGS": true,
    "CITY": "AGHAI",
    "CENTRE": "THANE",
    "DISTRICT": "THANE",
    "NEFT": true,
    "IMPS": true,
    "SWIFT": null,
    "ISO3166": "IN-MH"
  },
  "TDCB0000094": {
    "BANK": "Thane District Central Co-operative Bank",
    "IFSC": "TDCB0000094",
    "MICR": null,
    "BRANCH": "AALONDE",
    "ADDRESS": "AT & POST AALONDE, TAL- VIKRAMGAD, DIST THANE",
    "STATE": "MAHARASHTRA",
    "CONTACT": "+919764236712",
    "UPI": true,
    "RTGS": true,
    "CITY": "VIKRAMGAD",
    "CENTRE": "THANE",
    "DISTRICT": "THANE",
    "NEFT": true,
    "IMPS": true,
    "SWIFT": null,
    "ISO3166": "IN-MH"
  },
  "TDCB0000095": {
    "BANK": "Thane District Central Co-operative Bank",
    "IFSC": "TDCB0000095",
    "MICR": "400524058",
    "BRANCH": "ASANGAON",
    "ADDRESS": "PITASHRI,SHREE SWAMI SAMARTH,CHOWK,STATION ROAD,ASANGAON W,TAL SHAHAPUR,DIST THANE",
    "STATE": "MAHARASHTRA",
    "CONTACT": "+919270862260",
    "UPI": true,
    "RTGS": true,
    "CITY": "ASANGAON",
    "CENTRE": "THANE",
    "DISTRICT": "THANE",
    "NEFT": true,
    "IMPS": true,
    "SWIFT": null,
    "ISO3166": "IN-MH"
  },
  "TDCB0000096": {
    "BANK": "Thane District Central Co-operative Bank",
    "IFSC": "TDCB0000096",
    "MICR": "400524057",
    "BRANCH": "SANPADA",
    "ADDRESS": "SAI SANGAT BLDG,FIRST FLOOR,PLOT NO.4,SECTOR 3,SANPADA,NAVI MUMBAI 400705,022 27757911",
    "STATE": "MAHARASHTRA",
    "CONTACT": "+912227757911",
    "UPI": true,
    "RTGS": true,
    "CITY": "SANPADA",
    "CENTRE": "THANE",
    "DISTRICT": "THANE",
    "NEFT": true,
    "IMPS": true,
    "SWIFT": null,
    "ISO3166": "IN-MH"
  },
  "TDCB0000097": {
    "BANK": "Thane District Central Co-operative Bank",
    "IFSC": "TDCB0000097",
    "MICR": null,
    "BRANCH": "JAMSAR",
    "ADDRESS": "HOUSE NO.75, GROUND FLOOR, VILLAGE JAMASAR, TAL-JAWHAR, DIST-THANE.",
    "STATE": "MAHARASHTRA",
    "CONTACT": "+919403698313",
    "UPI": true,
    "RTGS": true,
    "CITY": "JAWHAR",
    "CENTRE": "THANE",
    "DISTRICT": "THANE",
    "NEFT": true,
    "IMPS": true,
    "SWIFT": null,
    "ISO3166": "IN-MH"
  },
  "TDCB0000098": {
    "BANK": "Thane District Central Co-operative Bank",
    "IFSC": "TDCB0000098",
    "MICR": null,
    "BRANCH": "NEWALI",
    "ADDRESS": "POST MANGRUL,TAL-AMERNATH",
    "STATE": "MAHARASHTRA",
    "CONTACT": null,
    "UPI": true,
    "RTGS": true,
    "CITY": "NEWALI NAKA",
    "CENTRE": "THANE",
    "DISTRICT": "THANE",
    "NEFT": true,
    "IMPS": true,
    "SWIFT": null,
    "ISO3166": "IN-MH"
  },
  "TDCB0000099": {
    "BANK": "Thane District Central Co-operative Bank",
    "IFSC": "TDCB0000099",
    "MICR": null,
    "BRANCH": "KHADAVALI",
    "ADDRESS": "MANGALMURTI APARTMENT, B-WING, FLAT NO.13 & 14, GROUND FLOOR, NEAR KHADAWALI STATION, KHADAWALI , (E),  TAL-KALYAN, DIST-THANE. PIN-431301",
    "STATE": "MAHARASHTRA",
    "CONTACT": "+912512370999",
    "UPI": true,
    "RTGS": true,
    "CITY": "KALYAN",
    "CENTRE": "THANE",
    "DISTRICT": "THANE",
    "NEFT": true,
    "IMPS": true,
    "SWIFT": null,
    "ISO3166": "IN-MH"
  },
  "TDCB0000100": {
    "BANK": "Thane District Central Co-operative Bank",
    "IFSC": "TDCB0000100",
    "MICR": "400524062",
    "BRANCH": "KOPARKHAIRANE",
    "ADDRESS": "MAYUR APARTMENT,SHOP NO 7,GROUND FLOOR,FLAT NO 18,KOPARKHAIRANE,NAVI MUMBAI,TAL BY DIST THANE",
    "STATE": "MAHARASHTRA",
    "CONTACT": "+912227542426",
    "UPI": true,
    "RTGS": true,
    "CITY": "KOPARKHAIRANE",
    "CENTRE": "THANE",
    "DISTRICT": "THANE",
    "NEFT": true,
    "IMPS": true,
    "SWIFT": null,
    "ISO3166": "IN-MH"
  },
  "TDCB0000101": {
    "BANK": "Thane District Central Co-operative Bank",
    "IFSC": "TDCB0000101",
    "MICR": null,
    "BRANCH": "GOVELI",
    "ADDRESS": "HOUSE NO.439, GROUND FLOOR, KALYAN-MURBAD ROAD, GOVELI, TAL-KALYAN, DIST-THANE. PIN 421301",
    "STATE": "MAHARASHTRA",
    "CONTACT": "+912512390949",
    "UPI": true,
    "RTGS": true,
    "CITY": "KALYAN",
    "CENTRE": "THANE",
    "DISTRICT": "THANE",
    "NEFT": true,
    "IMPS": true,
    "SWIFT": null,
    "ISO3166": "IN-MH"
  },
  "TDCB0000102": {
    "BANK": "Thane District Central Co-operative Bank",
    "IFSC": "TDCB0000102",
    "MICR": "400524061",
    "BRANCH": "VARTAK NAGAR",
    "ADDRESS": "GITANJALI NIWAS-1', GROUND FLOOR,SHOP NO. 1 & 2, YASHODHAN NAGAR, MTNL, WARD NO.4, LOKMANYANAGAR, PADA NO.2, THANE (W).",
    "STATE": "MAHARASHTRA",
    "CONTACT": "+912225882369",
    "UPI": true,
    "RTGS": true,
    "CITY": "THANE",
    "CENTRE": "THANE",
    "DISTRICT": "THANE",
    "NEFT": true,
    "IMPS": true,
    "SWIFT": null,
    "ISO3166": "IN-MH"
  },
  "TDCB0000103": {
    "BANK": "Thane District Central Co-operative Bank",
    "IFSC": "TDCB0000103",
    "MICR": "400524531",
    "BRANCH": "SHENDRUN",
    "ADDRESS": "HOUSE NO 744, GROUND FLOOR, AT SHENDRUN, POST-LENAD (KHU.),TAL-SHAHAPUR, DIST-THANE, PIN-421601",
    "STATE": "MAHARASHTRA",
    "CONTACT": "+919260276292",
    "UPI": true,
    "RTGS": true,
    "CITY": "SHAHAPUR",
    "CENTRE": "THANE",
    "DISTRICT": "THANE",
    "NEFT": true,
    "IMPS": true,
    "SWIFT": null,
    "ISO3166": "IN-MH"
  },
  "TDCB0000104": {
    "BANK": "Thane District Central Co-operative Bank",
    "IFSC": "TDCB0000104",
    "MICR": "400524532",
    "BRANCH": "DAHISAR",
    "ADDRESS": "HOUSE NO 349, 1ST FLOOR, AT PIMPARI DAHISAR,MUMBRA-PANVEL ROAD, TAL-DIST-THANE, PIN 400612",
    "STATE": "MAHARASHTRA",
    "CONTACT": "+917718967730",
    "UPI": true,
    "RTGS": true,
    "CITY": "THANE",
    "CENTRE": "THANE",
    "DISTRICT": "THANE",
    "NEFT": true,
    "IMPS": true,
    "SWIFT": null,
    "ISO3166": "IN-MH"
  },
  "TDCB0000105": {
    "BANK": "Thane District Central Co-operative Bank",
    "IFSC": "TDCB0000105",
    "MICR": "400524533",
    "BRANCH": "AMBADI",
    "ADDRESS": "HOUSE NO 127(B), GROUND FLOOR, AMBADI NAKA, AMBADI, POST-DIGHASHI, TAL-BHIWANDI, DIST-THANE, PIN 421302",
    "STATE": "MAHARASHTRA",
    "CONTACT": "+919112434955",
    "UPI": true,
    "RTGS": true,
    "CITY": "BHIWANDI",
    "CENTRE": "THANE",
    "DISTRICT": "THANE",
    "NEFT": true,
    "IMPS": true,
    "SWIFT": null,
    "ISO3166": "IN-MH"
  },
  "TDCB0000106": {
    "BANK": "Thane District Central Co-operative Bank",
    "IFSC": "TDCB0000106",
    "MICR": "400524534",
    "BRANCH": "MHASA",
    "ADDRESS": "HOUSE NO 333(11)B 333(155), ZUNJARRAO COMPLEX,1ST FLOOR,AT & POST-MHASA, TAL- MURBAD, DIST-THANE, PIN-421401",
    "STATE": "MAHARASHTRA",
    "CONTACT": "+917038276677",
    "UPI": true,
    "RTGS": true,
    "CITY": "MURBAD",
    "CENTRE": "THANE",
    "DISTRICT": "THANE",
    "NEFT": true,
    "IMPS": true,
    "SWIFT": null,
    "ISO3166": "IN-MH"
  },
  "TDCB0000107": {
    "BANK": "Thane District Central Co-operative Bank",
    "IFSC": "TDCB0000107",
    "MICR": "400524535",
    "BRANCH": "EDVAN",
    "ADDRESS": "HOUSE NO 700, GROUND FLOOR, SHRI RAM MADIR SABHAGRUH, EDVAN, TAL & DIST-PALGHAR, PIN 401404",
    "STATE": "MAHARASHTRA",
    "CONTACT": "+919730165440",
    "UPI": true,
    "RTGS": true,
    "CITY": "PALGHAR",
    "CENTRE": "PALGHAR",
    "DISTRICT": "PALGHAR",
    "NEFT": true,
    "IMPS": true,
    "SWIFT": null,
    "ISO3166": "IN-MH"
  },
  "TDCB0000108": {
    "BANK": "Thane District Central Co-operative Bank",
    "IFSC": "TDCB0000108",
    "MICR": "400524536",
    "BRANCH": "AMGAON",
    "ADDRESS": "HOUSE NO 623, GR. FLOOR, AMAGAON, TAL-TALASARI, DIST-THANE PIN 401606",
    "STATE": "MAHARASHTRA",
    "CONTACT": "+912225397846",
    "UPI": true,
    "RTGS": true,
    "CITY": "TALASARI",
    "CENTRE": "PALGHAR",
    "DISTRICT": "PALGHAR",
    "NEFT": true,
    "IMPS": true,
    "SWIFT": null,
    "ISO3166": "IN-MH"
  },
  "TDCB0000109": {
    "BANK": "Thane District Central Co-operative Bank",
    "IFSC": "TDCB0000109",
    "MICR": "400524537",
    "BRANCH": "SAIWAN",
    "ADDRESS": "HOUSE NO 1087, GR. FLOOR, AT SAIWAN , TAL DAHANU DIST-PALGHAR PIN 401602",
    "STATE": "MAHARASHTRA",
    "CONTACT": "+912225397846",
    "UPI": true,
    "RTGS": true,
    "CITY": "DAHANU",
    "CENTRE": "PALGHAR",
    "DISTRICT": "PALGHAR",
    "NEFT": true,
    "IMPS": true,
    "SWIFT": null,
    "ISO3166": "IN-MH"
  },
  "TDCB0000110": {
    "BANK": "Thane District Central Co-operative Bank",
    "IFSC": "TDCB0000110",
    "MICR": "400524538",
    "BRANCH": "PACHMARG",
    "ADDRESS": "HOUSE NO 660/B, MADHUBAN APARTMENT, IST FLOOR,AT KUDAN, TAL & DIST- PALGHAR 401501",
    "STATE": "MAHARASHTRA",
    "CONTACT": "+912225397846",
    "UPI": true,
    "RTGS": true,
    "CITY": "PALGHAR",
    "CENTRE": "PALGHAR",
    "DISTRICT": "PALGHAR",
    "NEFT": true,
    "IMPS": true,
    "SWIFT": null,
    "ISO3166": "IN-MH"
  },
  "TDCB0000111": {
    "BANK": "Thane District Central Co-operative Bank",
    "IFSC": "TDCB0000111",
    "MICR": "400524066",
    "BRANCH": "VIRAR W",
    "ADDRESS": "BLDG NO 2, 1ST FLOOR, SARVE NO 265,GAVTHAN AREA VIRAR (W) TAL VASAI, PALGHAR 401303",
    "STATE": "MAHARASHTRA",
    "CONTACT": "+912225397846",
    "UPI": true,
    "RTGS": true,
    "CITY": "VASAI",
    "CENTRE": "PALGHAR",
    "DISTRICT": "PALGHAR",
    "NEFT": true,
    "IMPS": true,
    "SWIFT": null,
    "ISO3166": "IN-MH"
  },
  "TDCB0000112": {
    "BANK": "Thane District Central Co-operative Bank",
    "IFSC": "TDCB0000112",
    "MICR": "400524067",
    "BRANCH": "KAMAN",
    "ADDRESS": "HOUSE NO 1878, 1ST FLOOR, AT POST KAMAN, TAL-VASAI, DIST-PALGHAR 401208",
    "STATE": "MAHARASHTRA",
    "CONTACT": "+912225397846",
    "UPI": true,
    "RTGS": true,
    "CITY": "VASAI",
    "CENTRE": "PALGHAR",
    "DISTRICT": "PALGHAR",
    "NEFT": true,
    "IMPS": true,
    "SWIFT": null,
    "ISO3166": "IN-MH"
  },
  "TDCB0000113": {
    "BANK": "Thane District Central Co-operative Bank",
    "IFSC": "TDCB0000113",
    "MICR": null,
    "BRANCH": "SHIRISHPADA",
    "ADDRESS": "HOUSE NO 756 SHIRISHPADA, POST KONE, TAL WADA DIST-PALGHAR PIN 421303",
    "STATE": "MAHARASHTRA",
    "CONTACT": "+912225397846",
    "UPI": true,
    "RTGS": true,
    "CITY": "SHIRISHPADA",
    "CENTRE": "PALGHAR",
    "DISTRICT": "PALGHAR",
    "NEFT": true,
    "IMPS": true,
    "SWIFT": null,
    "ISO3166": "IN-MH"
  },
  "TDCB0000114": {
    "BANK": "Thane District Central Co-operative Bank",
    "IFSC": "TDCB0000114",
    "MICR": "400524068",
    "BRANCH": "KALHER",
    "ADDRESS": "SHOP-16,17,18,19,1ST FLOOR,HIRA ARCADE,KALHER,TAL-BHIWANDI,THAN-421302",
    "STATE": "MAHARASHTRA",
    "CONTACT": "+912221582015",
    "UPI": true,
    "RTGS": true,
    "CITY": "BHIWANDI",
    "CENTRE": "THANE",
    "DISTRICT": "THANE",
    "NEFT": true,
    "IMPS": true,
    "SWIFT": null,
    "ISO3166": "IN-MH"
  },
  "TDCB0000115": {
    "BANK": "Thane District Central Co-operative Bank",
    "IFSC": "TDCB0000115",
    "MICR": "400524069",
    "BRANCH": "YASHWANT NAGAR MORCHA",
    "ADDRESS": "HOUSE NO,GR FLOOR,NEAR TAHASILDAR OFFICE,YASHWANT NAGAR-MORCHA,JAWHAR,PALGHAR,401603",
    "STATE": "MAHARASHTRA",
    "CONTACT": "+912221582016",
    "UPI": true,
    "RTGS": true,
    "CITY": "JAWHAR",
    "CENTRE": "PALGHAR",
    "DISTRICT": "PALGHAR",
    "NEFT": true,
    "IMPS": true,
    "SWIFT": null,
    "ISO3166": "IN-MH"
  },
  "TDCB0000116": {
    "BANK": "Thane District Central Co-operative Bank",
    "IFSC": "TDCB0000116",
    "MICR": "400524070",
    "BRANCH": "THE THANE DISTRICT CENTRAL COOP BANK",
    "ADDRESS": "OFFICE NO 105 FIRST FLOOR ASHAR ENCLAVE KOLSHET ROAD THANE 400607",
    "STATE": "MAHARASHTRA",
    "CONTACT": "+9122685162233",
    "UPI": true,
    "RTGS": true,
    "CITY": "THANE",
    "CENTRE": "THANE",
    "DISTRICT": "THANE",
    "NEFT": true,
    "IMPS": true,
    "SWIFT": null,
    "ISO3166": "IN-MH"
  },
  "TDCB0000117": {
    "BANK": "Thane District Central Co-operative Bank",
    "IFSC": "TDCB0000117",
    "MICR": "400524071",
    "BRANCH": "THE THANE DISTRICT CENTRAL COOP BANK",
    "ADDRESS": "OFFICE NO 102 FIRST FLOOR A WING NEW VEGAS PLAZA CHS OWLA GHODBUNDER ROAD THANE 400615",
    "STATE": "MAHARASHTRA",
    "CONTACT": "+9122685162233",
    "UPI": true,
    "RTGS": true,
    "CITY": "THANE",
    "CENTRE": "THANE",
    "DISTRICT": "THANE",
    "NEFT": true,
    "IMPS": true,
    "SWIFT": null,
    "ISO3166": "IN-MH"
  },
  "TDCB0000118": {
    "BANK": "Thane District Central Co-operative Bank",
    "IFSC": "TDCB0000118",
    "MICR": "401524003",
    "BRANCH": "NAGZARI",
    "ADDRESS": "HOUSE NO 299 A GROUND FLOOR POST NAGZARI TAL & DIST PALGHAR 401405",
    "STATE": "MAHARASHTRA",
    "CONTACT": "+9122685162233",
    "UPI": true,
    "RTGS": true,
    "CITY": "PALGHAR",
    "CENTRE": "BOISAR",
    "DISTRICT": "BOISAR",
    "NEFT": true,
    "IMPS": true,
    "SWIFT": null,
    "ISO3166": "IN-MH"
  },
  "TDCB0000119": {
    "BANK": "Thane District Central Co-operative Bank",
    "IFSC": "TDCB0000119",
    "MICR": "400524072",
    "BRANCH": "CHANGYACHA PADA",
    "ADDRESS": "HOUSE NO 1050 FIRST FLOOR GRAMPANCHAYAT AT KHARADE SAKADBHAV ROAD CHANGYACHA PADA POST KHARADE TAL SHAHAPUR 421601",
    "STATE": "MAHARASHTRA",
    "CONTACT": "+9122685162233",
    "UPI": true,
    "RTGS": true,
    "CITY": "THANE",
    "CENTRE": "SHAHAPUR",
    "DISTRICT": "SHAHAPUR",
    "NEFT": true,
    "IMPS": true,
    "SWIFT": null,
    "ISO3166": "IN-MH"
  }
}