{
  "TJSB0000001": {
    "BANK": "TJSB SAHAKARI BANK LTD",
    "IFSC": "TJSB0000001",
    "BRANCH": "RTGS-HO",
    "ADDRESS": "MADHUKAR BHAVAN, ROAD NO.16, WAGLE ESTATE,THANE(W)-400604.",
    "CONTACT": "25838500",
    "CITY": "THANE",
    "DISTRICT": "THANE",
    "STATE": "MAHARASHTRA"
  },
  "TJSB0000002": {
    "BANK": "TJSB SAHAKARI BANK LTD",
    "IFSC": "TJSB0000002",
    "BRANCH": "MAIN BRANCH",
    "ADDRESS": "MADHUMALATI, VEER SAVARKAR PATH, THANE(W)-400604",
    "CONTACT": "25340916",
    "CITY": "THANE",
    "DISTRICT": "THANE",
    "STATE": "MAHARASHTRA"
  },
  "TJSB0000003": {
    "BANK": "TJSB SAHAKARI BANK LTD",
    "IFSC": "TJSB0000003",
    "BRANCH": "NAUPADA BRANCH",
    "ADDRESS": "ANANT LAXMI CHAMBERS, SHIVAJI NAGAR, OFF GOKHALE ROAD, THANE(W)-400602",
    "CONTACT": "25403354",
    "CITY": "THANE",
    "DISTRICT": "THANE",
    "STATE": "MAHARASHTRA"
  },
  "TJSB0000004": {
    "BANK": "TJSB SAHAKARI BANK LTD",
    "IFSC": "TJSB0000004",
    "BRANCH": "WAGLE ESTATE BRANCH",
    "ADDRESS": "SHOP NO.10 & 11, TIP TOP PLAZA, L.B.S.ROAD, WAGLE ESTATE, THANE(W)-400602",
    "CONTACT": "25821442",
    "CITY": "THANE",
    "DISTRICT": "THANE",
    "STATE": "MAHARASHTRA"
  },
  "TJSB0000005": {
    "BANK": "TJSB SAHAKARI BANK LTD",
    "IFSC": "TJSB0000005",
    "BRANCH": "RABODI K'VILLA BRANCH",
    "ADDRESS": "79 K'VILLA, RABODI, NEAR HOLY CROSS HIGH SCHOOL, THANE(W)-400601",
    "CONTACT": "25344247",
    "CITY": "THANE",
    "DISTRICT": "THANE",
    "STATE": "MAHARASHTRA"
  },
  "TJSB0000006": {
    "BANK": "TJSB SAHAKARI BANK LTD",
    "IFSC": "TJSB0000006",
    "BRANCH": "THANE (EAST) BRANCH",
    "ADDRESS": "BHIVARA BHAVAN, TILAK NAGAR, THANE(E)-400603",
    "CONTACT": "25324330",
    "CITY": "THANE",
    "DISTRICT": "THANE",
    "STATE": "MAHARASHTRA"
  },
  "TJSB0000007": {
    "BANK": "TJSB SAHAKARI BANK LTD",
    "IFSC": "TJSB0000007",
    "BRANCH": "VARTAK NAGAR BRANCH",
    "ADDRESS": "LAXMI INDUSTRIAL COMPLEX, VARTAK NAGAR NAKA, THANE(W)-400606",
    "CONTACT": "25856507",
    "CITY": "THANE",
    "DISTRICT": "THANE",
    "STATE": "MAHARASHTRA"
  },
  "TJSB0000008": {
    "BANK": "TJSB SAHAKARI BANK LTD",
    "IFSC": "TJSB0000008",
    "BRANCH": "PANCHPAKHADI BRANCH",
    "ADDRESS": "VEERUL, NEAR TMC, PANCH PAKHADI, THANE(W)-400602",
    "CONTACT": "25362011",
    "CITY": "THANE",
    "DISTRICT": "THANE",
    "STATE": "MAHARASHTRA"
  },
  "TJSB0000009": {
    "BANK": "TJSB SAHAKARI BANK LTD",
    "IFSC": "TJSB0000009",
    "BRANCH": "KHOPAT BRANCH",
    "ADDRESS": "GOLDEN HEAVENS APT., NEAR PRATAP CINEMA, POKHRAN RD. NO.1, THANE(W)-400601",
    "CONTACT": "25472766",
    "CITY": "THANE",
    "DISTRICT": "THANE",
    "STATE": "MAHARASHTRA"
  },
  "TJSB0000010": {
    "BANK": "TJSB SAHAKARI BANK LTD",
    "IFSC": "TJSB0000010",
    "BRANCH": "AIROLI BRANCH",
    "ADDRESS": "DATTATRAY MAHARAJ SOCIETY, PLOT NO.6, SECTOR 8, AIROLI, NAVI MUMBAI-400705",
    "CONTACT": "27695551",
    "CITY": "NEW BOMBAY",
    "DISTRICT": "THANE",
    "STATE": "MAHARASHTRA"
  },
  "TJSB0000011": {
    "BANK": "TJSB SAHAKARI BANK LTD",
    "IFSC": "TJSB0000011",
    "BRANCH": "SHREE NAGAR BRANCH",
    "ADDRESS": "SHREENAGAR HOUSING COMPLEX, MARKET BUILDING, SHREENAGAR, THANE(W)-400604",
    "CONTACT": "25833949",
    "CITY": "THANE",
    "DISTRICT": "THANE",
    "STATE": "MAHARASHTRA"
  },
  "TJSB0000012": {
    "BANK": "TJSB SAHAKARI BANK LTD",
    "IFSC": "TJSB0000012",
    "BRANCH": "VASHI BRANCH",
    "ADDRESS": "1, APSARA BLDG., PLOT NO.51, SEC .17, VASHI, NAVI MUMBAI-400703",
    "CONTACT": "27894143",
    "CITY": "NEW BOMBAY",
    "DISTRICT": "THANE",
    "STATE": "MAHARASHTRA"
  },
  "TJSB0000013": {
    "BANK": "TJSB SAHAKARI BANK LTD",
    "IFSC": "TJSB0000013",
    "BRANCH": "MULUND(W) BRANCH",
    "ADDRESS": "MARUTI ASHISH, OFF J.N ROAD, OPP APNA BAZAR, MULUND(W)-400080",
    "CONTACT": "25690019",
    "CITY": "MUMBAI",
    "DISTRICT": "GREATER BOMBAY",
    "STATE": "MAHARASHTRA"
  },
  "TJSB0000014": {
    "BANK": "TJSB SAHAKARI BANK LTD",
    "IFSC": "TJSB0000014",
    "BRANCH": "KALWA BRANCH",
    "ADDRESS": "JAGRUTI APARTMENT, SHIVAJI CHOWK, KALWA NAKA, KALWA(W)-400605",
    "CONTACT": "25304954",
    "CITY": "THANE",
    "DISTRICT": "THANE",
    "STATE": "MAHARASHTRA"
  },
  "TJSB0000015": {
    "BANK": "TJSB SAHAKARI BANK LTD",
    "IFSC": "TJSB0000015",
    "BRANCH": "GHATKOPAR BRANCH",
    "ADDRESS": "ARIHANT DARSHAN', JUNCTION OF TILAK ROAD & HINGWALA LANE, GHATKOPAR(E),MUMBAI-400077",
    "CONTACT": "25119597",
    "CITY": "MUMBAI",
    "DISTRICT": "GREATER BOMBAY",
    "STATE": "MAHARASHTRA"
  },
  "TJSB0000016": {
    "BANK": "TJSB SAHAKARI BANK LTD",
    "IFSC": "TJSB0000016",
    "BRANCH": "SHARANPUR ROAD NASHIK BRANCH",
    "ADDRESS": "2, 'SUYOJIT SANKUL', NEAR RAJIV GANDHI BHAVAN, SHARANPUR ROAD,NASHIK-422002",
    "CONTACT": "2575856",
    "CITY": "NASHIK",
    "DISTRICT": "NASHIK",
    "STATE": "MAHARASHTRA"
  },
  "TJSB0000017": {
    "BANK": "TJSB SAHAKARI BANK LTD",
    "IFSC": "TJSB0000017",
    "BRANCH": "DECCAN GYMKHANA BRANCH",
    "ADDRESS": "1264/1, WRANGLER PARANJPE ROAD, JANGALI MAHARAJ ROAD, DECCAN GYMKHANA, PUNE-411004",
    "CONTACT": "25536316",
    "CITY": "PUNE",
    "DISTRICT": "PUNE",
    "STATE": "MAHARASHTRA"
  },
  "TJSB0000018": {
    "BANK": "TJSB SAHAKARI BANK LTD",
    "IFSC": "TJSB0000018",
    "BRANCH": "SADASHIVPETH BRANCH",
    "ADDRESS": "GROUND FLOOR, AT PUNE VIDYARTHI GRIHA PREMISES, NEAR KHAJINA VIHIR, 1786 SADASHIV PETH, PUNE- 411030",
    "CONTACT": "24447771",
    "CITY": "PUNE",
    "DISTRICT": "PUNE",
    "STATE": "MAHARASHTRA"
  },
  "TJSB0000019": {
    "BANK": "TJSB SAHAKARI BANK LTD",
    "IFSC": "TJSB0000019",
    "BRANCH": "VILE PARLE BRANCH",
    "ADDRESS": "VISHWANATH BHAVAN, CORNER OF P.M.ROAD AND NEHRU ROAD, VILE-PARLE(E), MUMBAI-400057",
    "CONTACT": "26165323",
    "CITY": "MUMBAI",
    "DISTRICT": "GREATER BOMBAY",
    "STATE": "MAHARASHTRA"
  },
  "TJSB0000020": {
    "BANK": "TJSB SAHAKARI BANK LTD",
    "IFSC": "TJSB0000020",
    "BRANCH": "DOMBIVALI(E) BRANCH",
    "ADDRESS": "GROUND FLOOR, SHRIDHAR NIWAS, DR.RAJENDRA PRASAD ROAD, DOMBIVALI EAST-421201",
    "CONTACT": "2860388",
    "CITY": "DOMBIVLI",
    "DISTRICT": "THANE",
    "STATE": "MAHARASHTRA"
  },
  "TJSB0000021": {
    "BANK": "TJSB SAHAKARI BANK LTD",
    "IFSC": "TJSB0000021",
    "BRANCH": "GANGAPUR ROAD BRANCH",
    "ADDRESS": "1-3, GROUND FLOOR, NAV-RACHANA VIDYALAYA COMPLEX, SAVARKAR NAGAR, GANGAPUR ROAD, NASHIK-422013",
    "CONTACT": "2340007",
    "CITY": "NASHIK",
    "DISTRICT": "NASHIK",
    "STATE": "MAHARASHTRA"
  },
  "TJSB0000022": {
    "BANK": "TJSB SAHAKARI BANK LTD",
    "IFSC": "TJSB0000022",
    "BRANCH": "GHODBUNDER ROAD BRANCH",
    "ADDRESS": "GALA NO.1-4, BLDG. NO.1, GREEN ACRES, PHASE 2, OFF GHODBUNDER ROAD, KAVESAR, THANE-400607",
    "CONTACT": "25971231",
    "CITY": "THANE",
    "DISTRICT": "THANE",
    "STATE": "MAHARASHTRA"
  },
  "TJSB0000023": {
    "BANK": "TJSB SAHAKARI BANK LTD",
    "IFSC": "TJSB0000023",
    "BRANCH": "GOREGAON(E) BRANCH",
    "ADDRESS": "MASKAR HOUSE, NAIK WADI, OPP. HERITAGE HOTEL, AAREY ROAD, GOREGAON(E), MUMBAI-400063",
    "CONTACT": "29275012",
    "CITY": "MUMBAI",
    "DISTRICT": "GREATER BOMBAY",
    "STATE": "MAHARASHTRA"
  },
  "TJSB0000024": {
    "BANK": "TJSB SAHAKARI BANK LTD",
    "IFSC": "TJSB0000024",
    "BRANCH": "BORIVALI(W) BRANCH",
    "ADDRESS": "MAHAVIDEH, CHANDAVARKAR RD., NR SHAMAPRASAD MUKHERJEE UDYAN, BORIVALI(W), MUMBAI-400092",
    "CONTACT": "28922239",
    "CITY": "MUMBAI",
    "DISTRICT": "GREATER BOMBAY",
    "STATE": "MAHARASHTRA"
  },
  "TJSB0000025": {
    "BANK": "TJSB SAHAKARI BANK LTD",
    "IFSC": "TJSB0000025",
    "BRANCH": "NARHE",
    "ADDRESS": "SINHGAD TECHNICAL EDUCATION SOCIETY, NARHE CAMPUS, 49/2A 53/2 A.P NARHE, PUNE-411041",
    "CONTACT": "24391188",
    "CITY": "NARHE",
    "DISTRICT": "PUNE",
    "STATE": "MAHARASHTRA"
  },
  "TJSB0000028": {
    "BANK": "TJSB SAHAKARI BANK LTD",
    "IFSC": "TJSB0000028",
    "BRANCH": "YERWADA BRANCH",
    "ADDRESS": "PLOT NO.10-A, KASTURBA HOUSING SOCIETY, VISHRANTWADI, ALANDI ROAD, YERAWADA, PUNE-411015",
    "CONTACT": "26693782",
    "CITY": "PUNE",
    "DISTRICT": "PUNE",
    "STATE": "MAHARASHTRA"
  },
  "TJSB0000029": {
    "BANK": "TJSB SAHAKARI BANK LTD",
    "IFSC": "TJSB0000029",
    "BRANCH": "AALANDI BRANCH",
    "ADDRESS": "DHANANJAY, MARKET ROAD, OPP. JALARAM MANDIR, ALANDI DEVACHI, TAL. KHED, DIST. PUNE ┬û 421105",
    "CONTACT": "232074",
    "CITY": "ALANDI",
    "DISTRICT": "PUNE",
    "STATE": "MAHARASHTRA"
  },
  "TJSB0000031": {
    "BANK": "TJSB SAHAKARI BANK LTD",
    "IFSC": "TJSB0000031",
    "BRANCH": "CHINCHWAD BRANCH",
    "ADDRESS": "F M CITY CENTRE,  GROUND  FLOOR , PUNE MUMBAI ROAD, CHINCHWAD STATION, PUNE-411019",
    "CONTACT": "27477081",
    "CITY": "PIMPRI CHINCHWAD",
    "DISTRICT": "PUNE",
    "STATE": "MAHARASHTRA"
  },
  "TJSB0000032": {
    "BANK": "TJSB SAHAKARI BANK LTD",
    "IFSC": "TJSB0000032",
    "BRANCH": "DEHU ROAD BRANCH",
    "ADDRESS": "THOMAS BAZAR, KIWALE, DEHUROAD, PUNE-412101",
    "CONTACT": "27671039",
    "CITY": "DEHU ROAD",
    "DISTRICT": "PUNE",
    "STATE": "MAHARASHTRA"
  },
  "TJSB0000034": {
    "BANK": "TJSB SAHAKARI BANK LTD",
    "IFSC": "TJSB0000034",
    "BRANCH": "BHOSARI BRANCH",
    "ADDRESS": "680/1,GAVHANE INDUSTRIAL ESTATE, LANDEWADI, BHOSARI,  PUNE-411026",
    "CONTACT": "27129676",
    "CITY": "PIMPRI CHINCHWAD",
    "DISTRICT": "PUNE",
    "STATE": "MAHARASHTRA"
  },
  "TJSB0000035": {
    "BANK": "TJSB SAHAKARI BANK LTD",
    "IFSC": "TJSB0000035",
    "BRANCH": "PIMPRI BRANCH",
    "ADDRESS": "PLOT N0. 119, CITY SURVEY NO. 1467, OPP. TO JAIHIND SCHOOL, JAMTANI CHOWK, PIMPRI, PUNE-411017",
    "CONTACT": "27451325",
    "CITY": "PIMPRI CHINCHWAD",
    "DISTRICT": "PUNE",
    "STATE": "MAHARASHTRA"
  },
  "TJSB0000036": {
    "BANK": "TJSB SAHAKARI BANK LTD",
    "IFSC": "TJSB0000036",
    "BRANCH": "MARKET YARD BRANCH",
    "ADDRESS": "692 / 693, CHAPALKAR CENTRE, CHAPALKAR COLONY, MARKET YARD ROAD, PUNE-411037",
    "CONTACT": "24273626",
    "CITY": "PUNE",
    "DISTRICT": "PUNE",
    "STATE": "MAHARASHTRA"
  },
  "TJSB0000037": {
    "BANK": "TJSB SAHAKARI BANK LTD",
    "IFSC": "TJSB0000037",
    "BRANCH": "CHAKAN BRANCH",
    "ADDRESS": "HRISHIKESH CHAMBERS, CHAKAN - TALEGAON ROAD, CHAKAN, TALUKA KHED, PUNE - 410 501",
    "CONTACT": "252494",
    "CITY": "CHAKAN",
    "DISTRICT": "PUNE",
    "STATE": "MAHARASHTRA"
  },
  "TJSB0000038": {
    "BANK": "TJSB SAHAKARI BANK LTD",
    "IFSC": "TJSB0000038",
    "BRANCH": "THERGAON BRANCH",
    "ADDRESS": "ATHARVA, CTS 4565, RATNADEEP COLONY, WAKAD ROAD, NEAR DANGE CHOWK, THERGAON, PUNE-411033",
    "CONTACT": "27272312",
    "CITY": "PIMPRI CHINCHWAD",
    "DISTRICT": "PUNE",
    "STATE": "MAHARASHTRA"
  },
  "TJSB0000040": {
    "BANK": "TJSB SAHAKARI BANK LTD",
    "IFSC": "TJSB0000040",
    "BRANCH": "NIGDI BRANCH",
    "ADDRESS": "SECTOR 27/A, PLOT NO. 449, OPP. ASHOKA BUS STOP, PRADHIKARAN, NIGDI, PUNE- 411 044",
    "CONTACT": "27650366",
    "CITY": "NIGDI",
    "DISTRICT": "PUNE",
    "STATE": "MAHARASHTRA"
  },
  "TJSB0000042": {
    "BANK": "TJSB SAHAKARI BANK LTD",
    "IFSC": "TJSB0000042",
    "BRANCH": "MASULKAR COLONY BRANCH",
    "ADDRESS": "HB 3, SHOP NO.304, AJMERA HOUSING COMPLEX, PIMPARI, PUNE-411018",
    "CONTACT": "27469135",
    "CITY": "PIMPRI CHINCHWAD",
    "DISTRICT": "PUNE",
    "STATE": "MAHARASHTRA"
  },
  "TJSB0000044": {
    "BANK": "TJSB SAHAKARI BANK LTD",
    "IFSC": "TJSB0000044",
    "BRANCH": "SAMBHAJI NAGAR BRANCH",
    "ADDRESS": "PLOT NO.-G/P-83, \"G\" BLOCK, PIMPRI INDUSTRIAL AREA,VILLAGE AKURDI, OPP. ROTARY CLUB, SAMBHAJI NAGAR, PUNE 411019",
    "CONTACT": "27469132",
    "CITY": "PIMPRI CHINCHWAD",
    "DISTRICT": "PUNE",
    "STATE": "MAHARASHTRA"
  },
  "TJSB0000045": {
    "BANK": "TJSB SAHAKARI BANK LTD",
    "IFSC": "TJSB0000045",
    "BRANCH": "AMBAD BRANCH",
    "ADDRESS": "KESHAR PLAZA, KMATWADE SHIVAR, AMBAD, NASHIK-422010",
    "CONTACT": "2374352",
    "CITY": "NASHIK",
    "DISTRICT": "NASHIK",
    "STATE": "MAHARASHTRA"
  },
  "TJSB0000046": {
    "BANK": "TJSB SAHAKARI BANK LTD",
    "IFSC": "TJSB0000046",
    "BRANCH": "POKHARAN ROAD NO.2 BRANCH",
    "ADDRESS": "SHOP NO.G/8, GROUND FLOOR, EMERALD PLAZA, BLOCK NO.4, HIRANANDANI MEADOWS, CHITALSAR, MANPADA, THANE WEST-400610",
    "CONTACT": "21715060",
    "CITY": "THANE",
    "DISTRICT": "THANE",
    "STATE": "MAHARASHTRA"
  },
  "TJSB0000047": {
    "BANK": "TJSB SAHAKARI BANK LTD",
    "IFSC": "TJSB0000047",
    "BRANCH": "BHIWANDI BRANCH",
    "ADDRESS": "SHOP NO.9,10 &11, GR. FLOOR, JANGID COMPLEX, ANJUR PHATA, KAMATGHAR, BHIWANDI, PIN-421302",
    "CONTACT": "262216",
    "CITY": "BHIWANDI",
    "DISTRICT": "THANE",
    "STATE": "MAHARASHTRA"
  },
  "TJSB0000048": {
    "BANK": "TJSB SAHAKARI BANK LTD",
    "IFSC": "TJSB0000048",
    "BRANCH": "CHEMBUR BRANCH",
    "ADDRESS": "1, ANIRUDH, BUILDING NO. 27, BHARAT KHAND CO.OP. HOUSING SOCIETY, TILAK NAGAR, CHEMBUR, MUMBAI-400089",
    "CONTACT": "25272735",
    "CITY": "MUMBAI",
    "DISTRICT": "GREATER BOMBAY",
    "STATE": "MAHARASHTRA"
  },
  "TJSB0000049": {
    "BANK": "TJSB SAHAKARI BANK LTD",
    "IFSC": "TJSB0000049",
    "BRANCH": "NEW PANVEL BRANCH",
    "ADDRESS": "2, GROUND FLOOR, RIDDHI SIDDHI RESIDENCY CHS, SECTOR 3, NEW PANVEL-410206",
    "CONTACT": "27467088",
    "CITY": "PANVEL",
    "DISTRICT": "RAIGAD",
    "STATE": "MAHARASHTRA"
  },
  "TJSB0000050": {
    "BANK": "TJSB SAHAKARI BANK LTD",
    "IFSC": "TJSB0000050",
    "BRANCH": "INDIRA NAGAR BRANCH",
    "ADDRESS": "1, JP AVENUE, OPP. ATMAVISHWAS CHS, PATHARDI ROAD, INDIRA NAGAR, NASHIK-422009",
    "CONTACT": "2323701",
    "CITY": "NASHIK",
    "DISTRICT": "NASIK",
    "STATE": "MAHARASHTRA"
  },
  "TJSB0000051": {
    "BANK": "TJSB SAHAKARI BANK LTD",
    "IFSC": "TJSB0000051",
    "BRANCH": "CHARKOP BRANCH",
    "ADDRESS": "SHOP NO.1 TO 6, PLOT NO.135, RDP-7, CHARKOP MITASU CHS, SECTOR 6, CHARKOP, KANDIVALI(W), MUMBAI-400067",
    "CONTACT": "28672080",
    "CITY": "MUMBAI",
    "DISTRICT": "GREATER BOMBAY",
    "STATE": "MAHARASHTRA"
  },
  "TJSB0000052": {
    "BANK": "TJSB SAHAKARI BANK LTD",
    "IFSC": "TJSB0000052",
    "BRANCH": "AMBARNATH BRANCH",
    "ADDRESS": "SIVSADAN, HOUSE NO.681, WARD NO.6, C T S NO.4940,4943, VILLAGE AMBARNATH, SHIVAJI CHOWK, DIST: THANE",
    "CONTACT": "2604259",
    "CITY": "THANE",
    "DISTRICT": "THANE",
    "STATE": "MAHARASHTRA"
  },
  "TJSB0000053": {
    "BANK": "TJSB SAHAKARI BANK LTD",
    "IFSC": "TJSB0000053",
    "BRANCH": "BHANDUP BRANCH",
    "ADDRESS": "SHOP NO.1,2 & B3, SHAKTI SHOPPING ARCHADE CHS, LBS MARG, BHANDUP(W), MUMBAI-400078",
    "CONTACT": "25965513",
    "CITY": "MUMBAI",
    "DISTRICT": "GREATER BOMBAY",
    "STATE": "MAHARASHTRA"
  },
  "TJSB0000054": {
    "BANK": "TJSB SAHAKARI BANK LTD",
    "IFSC": "TJSB0000054",
    "BRANCH": "MIRA ROAD BRANCH",
    "ADDRESS": "OSTWAL ORBIT, VILLAGE NAVGHAR,MIRA-BHAYANDER ROAD,MIRA ROAD (EAST)-401 107",
    "CONTACT": "28105663",
    "CITY": "MIRA-BHAYANDAR",
    "DISTRICT": "THANE",
    "STATE": "MAHARASHTRA"
  },
  "TJSB0000055": {
    "BANK": "TJSB SAHAKARI BANK LTD",
    "IFSC": "TJSB0000055",
    "BRANCH": "SATARA BRANCH",
    "ADDRESS": "1&2, LAHOTI COMPLEX, KARANJE, RADHIKA ROAD, SATARA-415001",
    "CONTACT": "230153",
    "CITY": "SATARA",
    "DISTRICT": "SATARA",
    "STATE": "MAHARASHTRA"
  },
  "TJSB0000056": {
    "BANK": "TJSB SAHAKARI BANK LTD",
    "IFSC": "TJSB0000056",
    "BRANCH": "WANAWADI BRANCH",
    "ADDRESS": "SHOP NO.9, S.NO.11, A-WING, KENT EXCLUSIVE, SHIVAKAR ROAD, WANAWADI, PUNE-411 040",
    "CONTACT": "26861262",
    "CITY": "HADAPSAR",
    "DISTRICT": "PUNE",
    "STATE": "MAHARASHTRA"
  },
  "TJSB0000057": {
    "BANK": "TJSB SAHAKARI BANK LTD",
    "IFSC": "TJSB0000057",
    "BRANCH": "KOTHRUD BRANCH",
    "ADDRESS": "B-JUNCTION, BEHIND KARVE STATUE, KOTHRUD PUNE- 411039",
    "CONTACT": "25397020",
    "CITY": "PUNE",
    "DISTRICT": "PUNE",
    "STATE": "MAHARASHTRA"
  },
  "TJSB0000058": {
    "BANK": "TJSB SAHAKARI BANK LTD",
    "IFSC": "TJSB0000058",
    "BRANCH": "KALYAN BRANCH",
    "ADDRESS": "SHREYA PALACE, SHOP NO.4 TO 7, SANTOSHI MATA MANDIR ROAD, KALYAN(W), PIN-421301",
    "CONTACT": "2204345",
    "CITY": "KALYAN",
    "DISTRICT": "THANE",
    "STATE": "MAHARASHTRA"
  },
  "TJSB0000059": {
    "BANK": "TJSB SAHAKARI BANK LTD",
    "IFSC": "TJSB0000059",
    "BRANCH": "BADLAPUR BRANCH",
    "ADDRESS": "SAVITA NIWAS, BAZAR PETH ROAD, KULGAON, BADLAPUR(W), THANE-421503",
    "CONTACT": "2672121",
    "CITY": "KALYAN",
    "DISTRICT": "THANE",
    "STATE": "MAHARASHTRA"
  },
  "TJSB0000070": {
    "BANK": "TJSB SAHAKARI BANK LTD",
    "IFSC": "TJSB0000070",
    "BRANCH": "RAVIVAR KARANJA BRANCH",
    "ADDRESS": "YEOLA HOUSE,RAVIVAR KARANJA NASHIK 422001.",
    "CONTACT": "2310521",
    "CITY": "NASHIK",
    "DISTRICT": "NASIK",
    "STATE": "MAHARASHTRA"
  },
  "TJSB0000071": {
    "BANK": "TJSB SAHAKARI BANK LTD",
    "IFSC": "TJSB0000071",
    "BRANCH": "ANDHERI(EAST) BRANCH",
    "ADDRESS": "AJAY MITTAL INDUSTRIAL PREMISES CO.OP. SOC. LTD, C T S NO. 1637, VILLAGE MAROL,ANDHERI-KURLA ROAD ANDHERI(E), MUMBAI-400059",
    "CONTACT": "28590136",
    "CITY": "MUMBAI",
    "DISTRICT": "GREATER BOMBAY",
    "STATE": "MAHARASHTRA"
  },
  "TJSB0000072": {
    "BANK": "TJSB SAHAKARI BANK LTD",
    "IFSC": "TJSB0000072",
    "BRANCH": "VASHI SECTOR 12 BRANCH",
    "ADDRESS": "SHOP NO.8, MAHAVIR RATAN, SECTOR NO.12, VASHI, NAVI MUMBAI-400703",
    "CONTACT": "27889021",
    "CITY": "NEW BOMBAY",
    "DISTRICT": "THANE",
    "STATE": "MAHARASHTRA"
  },
  "TJSB0000073": {
    "BANK": "TJSB SAHAKARI BANK LTD",
    "IFSC": "TJSB0000073",
    "BRANCH": "PATLIPADA BRANCH",
    "ADDRESS": "E/4, RUTU TOWERS, OPP. COMMISSIONER BUNGLOW, PATLIPADA, GHODBUNDER ROAD, THANE(W), PIN: 400607",
    "CONTACT": "25861497",
    "CITY": "THANE",
    "DISTRICT": "THANE",
    "STATE": "MAHARASHTRA"
  },
  "TJSB0000074": {
    "BANK": "TJSB SAHAKARI BANK LTD",
    "IFSC": "TJSB0000074",
    "BRANCH": "MAPUSA BRANCH",
    "ADDRESS": "SHOP NO.S1 & C1, BLOCK \"A\", CHANDRANATH APTS. CHS LTD.OPP. POLICE STN, MAPUSA, BARDEZ, GOA-403507",
    "CONTACT": "2250520",
    "CITY": "MAPUSA",
    "DISTRICT": "NORTH GOA",
    "STATE": "GOA"
  },
  "TJSB0000075": {
    "BANK": "TJSB SAHAKARI BANK LTD",
    "IFSC": "TJSB0000075",
    "BRANCH": "KASARWADAVALI BRANCH",
    "ADDRESS": "SHOP NO.1, PARSHWANATH GALAXY, GHODBUNDER ROAD, KASAEWADAVALI,THANE, PIN-400607",
    "CONTACT": "25977940",
    "CITY": "THANE",
    "DISTRICT": "THANE",
    "STATE": "MAHARASHTRA"
  },
  "TJSB0000076": {
    "BANK": "TJSB SAHAKARI BANK LTD",
    "IFSC": "TJSB0000076",
    "BRANCH": "BELGAUM BRANCH",
    "ADDRESS": "GR.FLOOR, ANANDI SHANKAR HERITAGE, KALI AMBARI, COLLEGE ROAD, BELGAUM, KARNATAKA,PIN-590001",
    "CONTACT": "2464145",
    "CITY": "BELGAUM",
    "DISTRICT": "BELGAUM",
    "STATE": "KARNATAKA"
  },
  "TJSB0000077": {
    "BANK": "TJSB SAHAKARI BANK LTD",
    "IFSC": "TJSB0000077",
    "BRANCH": "AURANGABAD BRANCH",
    "ADDRESS": "SHOP 5/5/28,SAI SQUARE,NEAR USMANPURA BUS STOP,STATION ROAD, KRANTI CHOWK, AURANGABAD-431 005",
    "CONTACT": "2344347",
    "CITY": "AURANGABAD",
    "DISTRICT": "AURANGABAD",
    "STATE": "MAHARASHTRA"
  },
  "TJSB0000078": {
    "BANK": "TJSB SAHAKARI BANK LTD",
    "IFSC": "TJSB0000078",
    "BRANCH": "DADAR BRANCH",
    "ADDRESS": "4, SAPANA BLDG. GROUND FLOOR, NEAR PORTUGEEZ CHURCH,DADAR (WEST),MUMBAI-400028",
    "CONTACT": "24383136",
    "CITY": "MUMBAI",
    "DISTRICT": "GREATER BOMBAY",
    "STATE": "MAHARASHTRA"
  },
  "TJSB0000079": {
    "BANK": "TJSB SAHAKARI BANK LTD",
    "IFSC": "TJSB0000079",
    "BRANCH": "LATUR BRANCH",
    "ADDRESS": "MITKARI NIWAS, NANDI STOP, AUSA ROAD, LATUR, PIN-413531",
    "CONTACT": "255611",
    "CITY": "AUSA",
    "DISTRICT": "LATUR",
    "STATE": "MAHARASHTRA"
  },
  "TJSB0000080": {
    "BANK": "TJSB SAHAKARI BANK LTD",
    "IFSC": "TJSB0000080",
    "BRANCH": "KOLHAPUR BRANCH",
    "ADDRESS": "GROUND FLOOR, JADUBAN PLAZA,SHAHAPURI, KOLHAPUR CITY, KOLHAPUR, PIN-416001",
    "CONTACT": "2531219",
    "CITY": "KOLHAPUR",
    "DISTRICT": "KOLHAPUR",
    "STATE": "MAHARASHTRA"
  },
  "TJSB0000081": {
    "BANK": "TJSB SAHAKARI BANK LTD",
    "IFSC": "TJSB0000081",
    "BRANCH": "SINHGAD ROAD BRANCH",
    "ADDRESS": "PLOT NO.17A, SHRI SADGURU GRUH RACHANA MARYADIT, SURVEY NO.16/5/1, SINHGAD ROAD, HINGANE KHURD, PUNE-411051",
    "CONTACT": "24351655",
    "CITY": "HINGNE KHURD",
    "DISTRICT": "PUNE",
    "STATE": "MAHARASHTRA"
  },
  "TJSB0000082": {
    "BANK": "TJSB SAHAKARI BANK LTD",
    "IFSC": "TJSB0000082",
    "BRANCH": "NAGPUR BRANCH",
    "ADDRESS": "SHREE RADHE,MAIN(WARDHA ROAD), RAMDAS PETH, ADJACENT TO SHREEE VARDHAN COMPLEX, NAGPUR-440100",
    "CONTACT": "2456022",
    "CITY": "NAGPUR",
    "DISTRICT": "NAGPUR",
    "STATE": "MAHARASHTRA"
  },
  "TJSB0000083": {
    "BANK": "TJSB SAHAKARI BANK LTD",
    "IFSC": "TJSB0000083",
    "BRANCH": "RABALE BRANCH",
    "ADDRESS": "P-81, RABALE MIDC, THANE BELAPUR ROAD, RABALE, NAVI MUMBAI-400701",
    "CONTACT": "27605578",
    "CITY": "NEW BOMBAY",
    "DISTRICT": "THANE",
    "STATE": "MAHARASHTRA"
  },
  "TJSB0000084": {
    "BANK": "TJSB SAHAKARI BANK LTD",
    "IFSC": "TJSB0000084",
    "BRANCH": "DHANKAWADI BRANCH",
    "ADDRESS": "ELLORA PALACE 1, BALAJI NAGAR, PUNE SATARA ROAD, DHANKAWADI, PUNE-411043",
    "CONTACT": "24370064",
    "CITY": "DHANKAWADI",
    "DISTRICT": "PUNE",
    "STATE": "MAHARASHTRA"
  },
  "TJSB0000085": {
    "BANK": "TJSB SAHAKARI BANK LTD",
    "IFSC": "TJSB0000085",
    "BRANCH": "CHIPLUN BRANCH",
    "ADDRESS": "SHOP NO.3,4,5,6 SHREE SAI KESHAVRAJ PLAZA, GROUND FLOOR, OPP. SANE GURUJI UDYAN, CHIPLUN KARAD ROAD, CHIPLUN-415605",
    "CONTACT": "250811",
    "CITY": "CHIPLUN",
    "DISTRICT": "RATNAGIRI",
    "STATE": "MAHARASHTRA"
  },
  "TJSB0000086": {
    "BANK": "TJSB SAHAKARI BANK LTD",
    "IFSC": "TJSB0000086",
    "BRANCH": "JALNA BRANCH",
    "ADDRESS": "GALA NO.34 B, NEW MONDHA, BUS STAND ROAD, JALNA-421203",
    "CONTACT": "243022",
    "CITY": "JALNA",
    "DISTRICT": "JALNA",
    "STATE": "MAHARASHTRA"
  },
  "TJSB0000087": {
    "BANK": "TJSB SAHAKARI BANK LTD",
    "IFSC": "TJSB0000087",
    "BRANCH": "SANGLI BRANCH",
    "ADDRESS": "SHOP NO.1,2,3,4 SIDDHIVINAYAK MANDMARK, PUSHPARAJ CHOWK, MIRAJ ROAD, SANGLI-416416",
    "CONTACT": "2321323",
    "CITY": "SANGLI-MIRAJ-KUPWAD",
    "DISTRICT": "SANGLI",
    "STATE": "MAHARASHTRA"
  },
  "TJSB0000088": {
    "BANK": "TJSB SAHAKARI BANK LTD",
    "IFSC": "TJSB0000088",
    "BRANCH": "KHADAKPADA-KALYAN BRANCH",
    "ADDRESS": "SHOP NO.17 TO 21,SHREE SWAMI PRASAD, BUILDING NO.33,SHELAR PARK,KHADAKPADA CHOWK<KALYAN(W), PIN-421301",
    "CONTACT": "2232600",
    "CITY": "KALYAN",
    "DISTRICT": "THANE",
    "STATE": "MAHARASHTRA"
  },
  "TJSB0000089": {
    "BANK": "TJSB SAHAKARI BANK LTD",
    "IFSC": "TJSB0000089",
    "BRANCH": "CHANDIVALI BRANCH",
    "ADDRESS": "SINHGAD INSTITUTE BUILDING, MHADA COLONY, CHANDIVALI GAON, MUMBAI-400072",
    "CONTACT": "88577115",
    "CITY": "MUMBAI",
    "DISTRICT": "GREATER BOMBAY",
    "STATE": "MAHARASHTRA"
  },
  "TJSB0000090": {
    "BANK": "TJSB SAHAKARI BANK LTD",
    "IFSC": "TJSB0000090",
    "BRANCH": "BOISAR BRANCH",
    "ADDRESS": "HARMONY PLAZA, SHOP NO.58, 156 TO 158, BOISAR TARAPUR ROAD, BOISAR TARAPUR ROAD, BOISAR-401501",
    "CONTACT": "266038",
    "CITY": "BOISAR",
    "DISTRICT": "THANE",
    "STATE": "MAHARASHTRA"
  },
  "TJSB0000091": {
    "BANK": "TJSB SAHAKARI BANK LTD",
    "IFSC": "TJSB0000091",
    "BRANCH": "KUDUS BRANCH",
    "ADDRESS": "SHOP NO.SF4, SF5, SF8 & SF9, 1ST FLR, UTSAV COMM. COMPLEX, AT KUDUS NAKA, OPP. TALATHI OFFICE, TAL WADA, THANE.",
    "CONTACT": "220222",
    "CITY": "KUDUS",
    "DISTRICT": "THANE",
    "STATE": "MAHARASHTRA"
  },
  "TJSB0000092": {
    "BANK": "TJSB SAHAKARI BANK LTD",
    "IFSC": "TJSB0000092",
    "BRANCH": "PONDA BRANCH",
    "ADDRESS": "SHOP. NO.29,30,31,32,33,34 & 35 , RAJ KRISHNA TOWER, SHANTI NAGAR, PONDA , GOA-403401.",
    "CONTACT": "2311288",
    "CITY": "PONDA",
    "DISTRICT": "NORTH GOA",
    "STATE": "GOA"
  },
  "TJSB0000093": {
    "BANK": "TJSB SAHAKARI BANK LTD",
    "IFSC": "TJSB0000093",
    "BRANCH": "MADGAON BRANCH",
    "ADDRESS": "SHOP NO.7 & 8 PACHECO'S LOTUS CITY CENTRE, BEHIND POLICE STATION, COMBA, MARGAON, GOA-403601",
    "CONTACT": "2710179",
    "CITY": "MARGAO",
    "DISTRICT": "SOUTH GOA",
    "STATE": "GOA"
  },
  "TJSB0000094": {
    "BANK": "TJSB SAHAKARI BANK LTD",
    "IFSC": "TJSB0000094",
    "BRANCH": "MAHATMANAGAR-NASHIK BRANCH",
    "ADDRESS": "SHOP NO.1, GAYATRI APT., NEAR ABB CIRCLE, OPP..KESRI TOURS & TRAVELS, MAHATMA NAGAR, NASHIK-422007.",
    "CONTACT": "2363833",
    "CITY": "NASHIK",
    "DISTRICT": "NASIK",
    "STATE": "MAHARASHTRA"
  },
  "TJSB0000095": {
    "BANK": "TJSB SAHAKARI BANK LTD",
    "IFSC": "TJSB0000095",
    "BRANCH": "PEN BRANCH",
    "ADDRESS": "SHOP NO.31,32,3 & 06, GROUND FLOOR, RAIGAD BAZAR BUILDING, DHARAMTAR ROAD, DIST.RAIGAD, PEN-402107",
    "CONTACT": "254043",
    "CITY": "PEN",
    "DISTRICT": "RAIGAD",
    "STATE": "MAHARASHTRA"
  },
  "TJSB0000096": {
    "BANK": "TJSB SAHAKARI BANK LTD",
    "IFSC": "TJSB0000096",
    "BRANCH": "AKOLA BRANCH",
    "ADDRESS": "NAZUL PLOT NO.9, STREET NO.66, LRT COLLEGE ROAD,RATANLAL PLOT, AKOLA, PIN-444001",
    "CONTACT": "2450736",
    "CITY": "AKOLA",
    "DISTRICT": "AKOLA",
    "STATE": "MAHARASHTRA"
  },
  "TJSB0000097": {
    "BANK": "TJSB SAHAKARI BANK LTD",
    "IFSC": "TJSB0000097",
    "BRANCH": "SOLAPUR BRANCH",
    "ADDRESS": "165, GROUND FLOOR, GANESH CHAMBERS, RAILWAY LINES, SAT RASTA, SOLAPUR-413001",
    "CONTACT": "2315631",
    "CITY": "SOLAPUR",
    "DISTRICT": "SOLAPUR",
    "STATE": "MAHARASHTRA"
  },
  "TJSB0000098": {
    "BANK": "TJSB SAHAKARI BANK LTD",
    "IFSC": "TJSB0000098",
    "BRANCH": "SURAT BRANCH",
    "ADDRESS": "G-1/A, ITC BUILDING, MAJURA GATE CROSSING, RING ROAD, SURAT-395002",
    "CONTACT": "2460172",
    "CITY": "SURAT",
    "DISTRICT": "SURAT",
    "STATE": "GUJARAT"
  },
  "TJSB0000099": {
    "BANK": "TJSB SAHAKARI BANK LTD",
    "IFSC": "TJSB0000099",
    "BRANCH": "VADODARA BRANCH",
    "ADDRESS": "GROUND FLOOR, RIYA PLEX, 80 URMI SOCIETY, BPC ROAD, VADODARA-390007",
    "CONTACT": "2353502",
    "CITY": "VADODARA",
    "DISTRICT": "VADODARA",
    "STATE": "GUJARAT"
  },
  "TJSB0000100": {
    "BANK": "TJSB SAHAKARI BANK LTD",
    "IFSC": "TJSB0000100",
    "BRANCH": "AHEMDABAD BRANCH",
    "ADDRESS": "SHOP NO.4 & 5, GROUND FLOOR, OPP. BANK OF BARODA, NEAR CENTRAL MALL, AHEMDABAD-380015",
    "CONTACT": "26467120",
    "CITY": "AHMEDABAD",
    "DISTRICT": "AHMADABAD",
    "STATE": "GUJARAT"
  },
  "TJSB0000101": {
    "BANK": "TJSB SAHAKARI BANK LTD",
    "IFSC": "TJSB0000101",
    "BRANCH": "BENGALURU BRANCH",
    "ADDRESS": "ALOKA MANSION  NO.19, 3RD BLOCK, 10th B MAIN ROAD, JAYANAGAR, BENGLURU-560011",
    "CONTACT": "22450017",
    "CITY": "BANGALORE",
    "DISTRICT": "BANGALORE URBAN",
    "STATE": "KARNATAKA"
  },
  "TJSB0000103": {
    "BANK": "TJSB SAHAKARI BANK LTD",
    "IFSC": "TJSB0000103",
    "BRANCH": "LOUISWADI BRANCH",
    "ADDRESS": "SHOP NO.2,3,4 & 5, RATNA UMED RESIDENCY, PIPELINE ROAD, LOUISWADI, THANE(WEST)-400604",
    "CONTACT": "25825616",
    "CITY": "THANE",
    "DISTRICT": "THANE",
    "STATE": "MAHARASHTRA"
  },
  "TJSB0000104": {
    "BANK": "TJSB SAHAKARI BANK LTD",
    "IFSC": "TJSB0000104",
    "BRANCH": "DOMBIVLI WEST",
    "ADDRESS": "F BY 1,JAI SHRUTI APTS,M.G.ROAD,NEAR SBI,DOMBIVLI WEST,DIST THANE,PIN 421202",
    "CONTACT": "2480840",
    "CITY": "DOMBIVLI",
    "DISTRICT": "THANE",
    "STATE": "MAHARASHTRA"
  },
  "TJSB0000105": {
    "BANK": "TJSB SAHAKARI BANK LTD",
    "IFSC": "TJSB0000105",
    "BRANCH": "SHAHAPUR",
    "ADDRESS": "SHOP NO.4 AND 5,LAXMI COMPLEX,GANGA ROAD,SHAHAPUR,DIST THANE,PIN 421601",
    "CONTACT": null,
    "CITY": "SHAHAPUR",
    "DISTRICT": "THANE",
    "STATE": "MAHARASHTRA"
  },
  "TJSB0000106": {
    "BANK": "TJSB SAHAKARI BANK LTD",
    "IFSC": "TJSB0000106",
    "BRANCH": "MULUND EAST",
    "ADDRESS": "SHOP NO.1 4,SAI AMBIKA,OPP.L T ROAD EXTENSION,HANUMAN CHOWK,MULUND EAST,MUMBAI 400081",
    "CONTACT": "21636167",
    "CITY": "MUMBAI",
    "DISTRICT": "GREATER BOMBAY",
    "STATE": "MAHARASHTRA"
  },
  "TJSB0000107": {
    "BANK": "TJSB SAHAKARI BANK LTD",
    "IFSC": "TJSB0000107",
    "BRANCH": "PANAJI",
    "ADDRESS": "001,GROUND FLOOR,NOVA GOA BUILDING,DR.ATMARAM BORKAR ROAD,PANAJI,GOA 403001",
    "CONTACT": "2426822",
    "CITY": "PANAJI",
    "DISTRICT": "NORTH GOA",
    "STATE": "GOA"
  },
  "TJSB0000108": {
    "BANK": "TJSB SAHAKARI BANK LTD",
    "IFSC": "TJSB0000108",
    "BRANCH": "ULHASNAGAR 3",
    "ADDRESS": "GROUND FLOOR,ANAND MAHAL,BLOCK NO.C 32 119,ULHASNAGAR 3,DISTTHANE 421003",
    "CONTACT": "2712286",
    "CITY": "ULHASNAGAR",
    "DISTRICT": "THANE",
    "STATE": "MAHARASHTRA"
  },
  "TJSB0000109": {
    "BANK": "TJSB SAHAKARI BANK LTD",
    "IFSC": "TJSB0000109",
    "BRANCH": "HUBLI",
    "ADDRESS": "GROUND FLOOR,TIRUMALA TRADE CENTRE,NEELIGIN ROAD,TRAFFIC ISLAND,HUBLI 580029",
    "CONTACT": null,
    "CITY": "HUBLI DHARWAD",
    "DISTRICT": "DHARWAD",
    "STATE": "KARNATAKA"
  },
  "TJSB0000110": {
    "BANK": "TJSB SAHAKARI BANK LIMITED",
    "IFSC": "TJSB0000110",
    "BRANCH": "KARVE NAGAR BRANCH",
    "ADDRESS": "29,1 KRISHNAI COMPLEX, SAHAWAS CORNER, KARVE NAGAR, PUNE 411052",
    "CONTACT": "25440088",
    "CITY": "PUNE",
    "DISTRICT": "PUNE",
    "STATE": "MAHARASHTRA"
  },
  "TJSB0000111": {
    "BANK": "TJSB SAHAKARI BANK LTD",
    "IFSC": "TJSB0000111",
    "BRANCH": "RAJKOT",
    "ADDRESS": "SHOP NO.4,5,6,BUSINESS BAY,ROYAL PARK,STREET NO.6,KALAWAD ROAD,RAJKOT,GUJARAT 360001",
    "CONTACT": null,
    "CITY": "RAJKOT",
    "DISTRICT": "RAJKOT",
    "STATE": "GUJARAT"
  },
  "TJSB0000112": {
    "BANK": "TJSB SAHAKARI BANK LTD",
    "IFSC": "TJSB0000112",
    "BRANCH": "RTM SURAT",
    "ADDRESS": "SHOP NO.4,SHRI RAGHUNANDAN TEXTILE MARKET,RING ROAD,SURAT,GUJRAT 395002",
    "CONTACT": null,
    "CITY": "SURAT",
    "DISTRICT": "SURAT",
    "STATE": "GUJARAT"
  },
  "TJSB0000113": {
    "BANK": "TJSB SAHAKARI BANK LIMITED",
    "IFSC": "TJSB0000113",
    "BRANCH": "AHMEDNAGAR",
    "ADDRESS": "SHOP NO.186 1, GROUND FLOOR, SAI MIDAS TOUCH, NAGAR MANMAD ROAD, SAVEDI, AHMEDNAGAR 414003",
    "CONTACT": "2422100",
    "CITY": "AHMADNAGAR",
    "DISTRICT": "AHMADNAGAR",
    "STATE": "MAHARASHTRA"
  },
  "TJSB0000114": {
    "BANK": "TJSB SAHAKARI BANK LIMITED",
    "IFSC": "TJSB0000114",
    "BRANCH": "NANDED",
    "ADDRESS": "G 8,9,10,11 SANMAN PRESTIGE,STATION ROAD,NEAR ZILLA PARISHAD OFFICE, NANDED 431601",
    "CONTACT": "233122",
    "CITY": "NANDED",
    "DISTRICT": "NANDED",
    "STATE": "MAHARASHTRA"
  },
  "TJSB0000115": {
    "BANK": "TJSB SAHAKARI BANK LIMITED",
    "IFSC": "TJSB0000115",
    "BRANCH": "RAJAJINAGAR",
    "ADDRESS": "PROPERTY NO.6,1ST MAIN,1ST BLOCK,WARD NO.14, RAJAJI NAGAR,DR.RAJKUMAR ROAD, BANGALORE EAST 560010",
    "CONTACT": "23121755",
    "CITY": "BANGALORE",
    "DISTRICT": "BANGALORE URBAN",
    "STATE": "KARNATAKA"
  },
  "TJSB0000116": {
    "BANK": "TJSB SAHAKARI BANK LIMITED",
    "IFSC": "TJSB0000116",
    "BRANCH": "PARIJAT NAGAR",
    "ADDRESS": "SHOP NO.2B, PLOT NO.23, GROUND FLOOR, YASH HEIGHTS,PARIJAT NAGAR,N4 CIDCO,AURANGABAD 431005",
    "CONTACT": "2451954",
    "CITY": "AURANGABAD",
    "DISTRICT": "AURANGABAD",
    "STATE": "MAHARASHTRA"
  },
  "TJSB0000117": {
    "BANK": "TJSB SAHAKARI BANK LIMITED",
    "IFSC": "TJSB0000117",
    "BRANCH": "CENTRAL AVENUE ROAD",
    "ADDRESS": "ZADE BHAVAN, BHAIYYAJI ZADE MARG,CHHAPRU NAGAR SQUARE, CENTRAL AVENUE ROAD, NAGPUR 440008",
    "CONTACT": "2775057",
    "CITY": "NAGPUR",
    "DISTRICT": "NAGPUR",
    "STATE": "MAHARASHTRA"
  },
  "TJSB0000118": {
    "BANK": "TJSB SAHAKARI BANK LIMITED",
    "IFSC": "TJSB0000118",
    "BRANCH": "PRAHLADNAGAR",
    "ADDRESS": "10,11,12 GR FLOOR, THE GRAND MONARCH COMPLEX, PRAHLADNAGAR ROAD, SATELLITE, AHMEDABAD 380015",
    "CONTACT": "26765290",
    "CITY": "AHMEDABAD",
    "DISTRICT": "AHMADABAD",
    "STATE": "GUJARAT"
  },
  "TJSB0000119": {
    "BANK": "TJSB SAHAKARI BANK LIMITED",
    "IFSC": "TJSB0000119",
    "BRANCH": "ICHALKARANJI",
    "ADDRESS": "AMI RANG 11 111 , OPPOSITE JAIN MANDIR, MAIN ROAD, ICHALKARANJI 416115",
    "CONTACT": "2439596",
    "CITY": "ICHALKARANJI",
    "DISTRICT": "KOLHAPUR",
    "STATE": "MAHARASHTRA"
  },
  "TJSB0000120": {
    "BANK": "TJSB SAHAKARI BANK LIMITED",
    "IFSC": "TJSB0000120",
    "BRANCH": "AMRAVATI",
    "ADDRESS": "GROUND FLOOR, KRISHNARPAN SANKUL, OPP.DASARA MAIDAN, BADNERA ROAD, AMRAVATI-444605.",
    "CONTACT": null,
    "CITY": "AMRAVATI",
    "DISTRICT": "AMRAVATI",
    "STATE": "MAHARASHTRA"
  },
  "TJSB0000121": {
    "BANK": "TJSB SAHAKARI BANK LIMITED",
    "IFSC": "TJSB0000121",
    "BRANCH": "DHOKALI",
    "ADDRESS": "SHOP NO.11,12, OFFICE NO.13,BUILDING NO.9 K27, HIGHLAND PARK, DHOKALI, THANE WEST PIN 400607",
    "CONTACT": "25382100",
    "CITY": "THANE",
    "DISTRICT": "THANE",
    "STATE": "MAHARASHTRA"
  },
  "TJSB0000122": {
    "BANK": "TJSB SAHAKARI BANK LIMITED",
    "IFSC": "TJSB0000122",
    "BRANCH": "TARABAI PARK",
    "ADDRESS": "GROUND FLOOR, NUCLEUS MALL, CITY SURVEY NO.239/A-1, TARABAI PARK, KOLHAPUR-416003",
    "CONTACT": "2527444",
    "CITY": "KOLHAPUR",
    "DISTRICT": "KOLHAPUR",
    "STATE": "MAHARASHTRA"
  },
  "TJSB0000124": {
    "BANK": "TJSB SAHAKARI BANK LIMITED",
    "IFSC": "TJSB0000124",
    "BRANCH": "VIKHROLI WEST",
    "ADDRESS": "PREMISES NO.42, E WING, BUILDING NO.2, VEER SAVARKAR MARG, VIKHROLI WEST, MUMBAI-400079",
    "CONTACT": "25188588",
    "CITY": "MUMBAI",
    "DISTRICT": "GREATER BOMBAY",
    "STATE": "MAHARASHTRA"
  },
  "TJSB0000125": {
    "BANK": "TJSB SAHAKARI BANK LIMITED",
    "IFSC": "TJSB0000125",
    "BRANCH": "DAHISAR EAST",
    "ADDRESS": "SADGURU HEIGHT-I, SHOP NO.1, CTS NO.2488,2488/1 TO 14.2490.2491 & 2492(B), SHIV VALLABH ROAD, DAHISAR EAST, MUMBAI-400068",
    "CONTACT": "28965997",
    "CITY": "MUMBAI",
    "DISTRICT": "GREATER BOMBAY",
    "STATE": "MAHARASHTRA"
  },
  "TJSB0000126": {
    "BANK": "TJSB SAHAKARI BANK LIMITED",
    "IFSC": "TJSB0000126",
    "BRANCH": "SHUKRAWAR PETH",
    "ADDRESS": "SATHE CHAMBERS, GROUND & MAZZANINE FLOOR SHOWROOM, SATHE & CO. PVT. LTD., 678 SHUKRAWAR PETH, SHIVAJI ROAD, PUNE- 411002",
    "CONTACT": "23331677",
    "CITY": "PUNE",
    "DISTRICT": "PUNE",
    "STATE": "MAHARASHTRA"
  },
  "TJSB0000127": {
    "BANK": "TJSB SAHAKARI BANK LIMITED",
    "IFSC": "TJSB0000127",
    "BRANCH": "MANJALPUR",
    "ADDRESS": "4,5,6 GROUND FLOOR, KISHAN ATRIA, NEAR TULSIDHAM CHAR RASTA, MANJALPUR, VADODARA, GUJARAT-390011",
    "CONTACT": "2634700",
    "CITY": "VADODARA",
    "DISTRICT": "VADODARA",
    "STATE": "GUJARAT"
  },
  "TJSB0000128": {
    "BANK": "TJSB SAHAKARI BANK LIMITED",
    "IFSC": "TJSB0000128",
    "BRANCH": "TITWALA",
    "ADDRESS": "SHOP NO.6 & 7, REGENCY SARVAM, GUPTA ESTATE, NEAR TITWALA STATION, GANPATI MANDIR ROAD, TITWALA(EAST)-421605",
    "CONTACT": null,
    "CITY": "THANE",
    "DISTRICT": "THANE",
    "STATE": "MAHARASHTRA"
  },
  "TJSB0000129": {
    "BANK": "TJSB SAHAKARI BANK LIMITED",
    "IFSC": "TJSB0000129",
    "BRANCH": "MUMBRA",
    "ADDRESS": "SHOP NO.6-9, VIRANI BUSINESS CENTRE, OPP. BHARAT GEARS LTD., KAUSA MUMBRA, DIST. THANE-400612",
    "CONTACT": null,
    "CITY": "THANE",
    "DISTRICT": "THANE",
    "STATE": "MAHARASHTRA"
  },
  "TJSB0000130": {
    "BANK": "TJSB SAHAKARI BANK LIMITED",
    "IFSC": "TJSB0000130",
    "BRANCH": "BELAVALI BADAPUR",
    "ADDRESS": "SHOP NO.9,10,11,12 & 13, SAWANT PLAZA, DATTA CHOWK,BELAVALI, BADLAPUR(WEST)-421503",
    "CONTACT": null,
    "CITY": "THANE",
    "DISTRICT": "THANE",
    "STATE": "MAHARASHTRA"
  },
  "TJSB0000131": {
    "BANK": "TJSB SAHAKARI BANK LIMITED",
    "IFSC": "TJSB0000131",
    "BRANCH": "VAPI",
    "ADDRESS": "HARI SADAN, SHOP NO.1 TO 6, DHARAMSI PARK, KOPARCHI ROAD, VAPI, GUJRAT-396195",
    "CONTACT": null,
    "CITY": "VAPI",
    "DISTRICT": "VALSAD",
    "STATE": "GUJARAT"
  },
  "TJSB0000132": {
    "BANK": "TJSB SAHAKARI BANK LIMITED",
    "IFSC": "TJSB0000132",
    "BRANCH": "SINNAR",
    "ADDRESS": "SHOP NO.12, MANIKRAO KOKATE DESTINATION NO.1, NEAR SINNAR BUS STAND, SINNAR, NASHIK-422103",
    "CONTACT": null,
    "CITY": "SINNAR",
    "DISTRICT": "NASIK",
    "STATE": "MAHARASHTRA"
  },
  "TJSB0000133": {
    "BANK": "TJSB SAHAKARI BANK LIMITED",
    "IFSC": "TJSB0000133",
    "BRANCH": "NALASOPARA",
    "ADDRESS": "SHOP NO. 13 AND 14, GROUND FLOOR, NIKHIL HERITAGE, ACHOLE ROAD, NALASOPARA(EAST), DIST PALGHAR-401209",
    "CONTACT": null,
    "CITY": "NALLASOPARA",
    "DISTRICT": "PALGHAR",
    "STATE": "MAHARASHTRA"
  },
  "TJSB0000134": {
    "BANK": "TJSB SAHAKARI BANK LIMITED",
    "IFSC": "TJSB0000134",
    "BRANCH": "VIRAR WEST",
    "ADDRESS": "SHOP NO.04, GROUND FLOOR, KINGSTON COURT, 100 FT. ROAD, VIRAR(WEST), DIST-PALGHAR 401303",
    "CONTACT": null,
    "CITY": "VIRAR",
    "DISTRICT": "PALGHAR",
    "STATE": "MAHARASHTRA"
  },
  "TJSB0000135": {
    "BANK": "TJSB SAHAKARI BANK LIMITED",
    "IFSC": "TJSB0000135",
    "BRANCH": "PALGHAR WEST",
    "ADDRESS": "PUSHPAKUNJ, DEVISAHAY ROAD, PALGHAR(WEST), DIST-PALGHAR 401404.",
    "CONTACT": null,
    "CITY": "PALGHAR",
    "DISTRICT": "PALGHAR",
    "STATE": "MAHARASHTRA"
  },
  "TJSB0000136": {
    "BANK": "TJSB SAHAKARI BANK LIMITED",
    "IFSC": "TJSB0000136",
    "BRANCH": "MORBI",
    "ADDRESS": "GROUND FLOOR, IMPERIAL PLAZA, SARALA ROAD, OPP. SARDAR BAUG, MORBI, GUJARAT-363641",
    "CONTACT": null,
    "CITY": "MORBI",
    "DISTRICT": "RAJKOT",
    "STATE": "GUJARAT"
  },
  "TJSB0000137": {
    "BANK": "TJSB SAHAKARI BANK LIMITED",
    "IFSC": "TJSB0000137",
    "BRANCH": "SANPADA",
    "ADDRESS": "GROUND FLOOR, VIVEKANAND SANKUL, PLOT NO.6, SECTOR 4, SANPADA, NAVI MUMBAI-400705.",
    "CONTACT": null,
    "CITY": "NAVI MUMBAI",
    "DISTRICT": "NAVI MUMBAI",
    "STATE": "MAHARASHTRA"
  },
  "TJSB0000138": {
    "BANK": "TJSB SAHAKARI BANK LIMITED",
    "IFSC": "TJSB0000138",
    "BRANCH": "SENAPATI BAPAT ROAD, PUNE",
    "ADDRESS": "CTS NO.967/2, F.P.NO.397/2, SHOWROOM NO.5, SUNIT CAPITAL, KANCHANBAN B, SENAPATI BAPAT ROAD, PUNE 411016.",
    "CONTACT": null,
    "CITY": "PUNE",
    "DISTRICT": "PUNE",
    "STATE": "MAHARASHTRA"
  },
  "TJSB0000139": {
    "BANK": "TJSB SAHAKARI BANK LIMITED",
    "IFSC": "TJSB0000139",
    "BRANCH": "RAVET",
    "ADDRESS": "GROUND & MEZZANINE FLOOR, OFFICE NO.1,2 AND 3, PATIL PLAZA, D.Y.PATIL COLLEGE ROAD, DR.AMBEDKAR CHOWK, RAVET, PUNE-412101",
    "CONTACT": null,
    "CITY": "PUNE",
    "DISTRICT": "PUNE",
    "STATE": "MAHARASHTRA"
  },
  "TJSB0000140": {
    "BANK": "TJSB SAHAKARI BANK LIMITED",
    "IFSC": "TJSB0000140",
    "BRANCH": "VASCO-DA-GAMA",
    "ADDRESS": "GROUND FLOOR, JOSHI BUILDING, F.L.GOMES ROAD, VASCO-DA-GAMA, GOA-403802",
    "CONTACT": null,
    "CITY": "VASCO-DA-GAMA",
    "DISTRICT": "SOUTH GOA",
    "STATE": "GOA"
  },
  "TJSB0000141": {
    "BANK": "TJSB SAHAKARI BANK LIMITED",
    "IFSC": "TJSB0000141",
    "BRANCH": "KARWAR",
    "ADDRESS": "EFFIE BUILDING, H-52, 523/1, PIKLE ROAD, KARWAR, KARNATAKA-581301",
    "CONTACT": null,
    "CITY": "KARWAR",
    "DISTRICT": "UTTAR KANNAD",
    "STATE": "KARNATAKA"
  },
  "TJSB0000143": {
    "BANK": "TJSB SAHAKARI BANK LIMITED",
    "IFSC": "TJSB0000143",
    "BRANCH": "KAMOTHE",
    "ADDRESS": "GROUND FLOOR, SHOP NO.19,20 & 21, BHAGWATI HERITAGE, SECTOR 21, KAMOTHE, NAVI MUMBAI-410209.",
    "CONTACT": null,
    "CITY": "NAVI MUMBAI",
    "DISTRICT": "RAIGAD",
    "STATE": "MAHARASHTRA"
  },
  "TJSB0000144": {
    "BANK": "TJSB SAHAKARI BANK LIMITED",
    "IFSC": "TJSB0000144",
    "BRANCH": "PURNA NAKA",
    "ADDRESS": "GROUND FLOOR, GALA NO.2,2A & 1, OM SAI RESIDENCY, PURNA NAKA, BHIWANDI, THANE-421302",
    "CONTACT": null,
    "CITY": "BHIWANDI",
    "DISTRICT": "THANE",
    "STATE": "MAHARASHTRA"
  },
  "TJSB0000145": {
    "BANK": "TJSB SAHAKARI BANK LIMITED",
    "IFSC": "TJSB0000145",
    "BRANCH": "KHAREGAON, KALWA",
    "ADDRESS": "GROUND FLOOR, SHOP NO.02, KESHAV HEIGHT, 90 FT. ROAD, KHAREGAON, KALWA(WEST), THANE-400605",
    "CONTACT": null,
    "CITY": "THANE",
    "DISTRICT": "THANE",
    "STATE": "MAHARASHTRA"
  },
  "TJSB0000146": {
    "BANK": "TJSB SAHAKARI BANK LIMITED",
    "IFSC": "TJSB0000146",
    "BRANCH": "GANDHIDHAM",
    "ADDRESS": "GROUND FLOOR, PLOT NO.02, SECTOR-9, BHAGWATI ARCADE, GANDHIDHAM, GUJARAT-370201",
    "CONTACT": null,
    "CITY": "GANDHIDHAM",
    "DISTRICT": "KUTCH",
    "STATE": "GUJARAT"
  },
  "TJSB0000147": {
    "BANK": "TJSB SAHAKARI BANK LIMITED",
    "IFSC": "TJSB0000147",
    "BRANCH": "MAJIWADA THANE",
    "ADDRESS": "GROUND FLOOR, A WING, PARMESHWARI PARADISE CHS LTD. MAJIWADA, THANE(WEST)-400601",
    "CONTACT": null,
    "CITY": "THANE",
    "DISTRICT": "THANE",
    "STATE": "MAHARASHTRA"
  },
  "TJSB0000148": {
    "BANK": "TJSB SAHAKARI BANK LIMITED",
    "IFSC": "TJSB0000148",
    "BRANCH": "NASHIK ROAD",
    "ADDRESS": "SHOP NO.1 TO 4, DNYANESHWAR BHAVAN, M.G.ROAD, NASHIK ROAD, NASHIK-422101",
    "CONTACT": null,
    "CITY": "NASHIK",
    "DISTRICT": "NASIK",
    "STATE": "MAHARASHTRA"
  },
  "TJSB0000149": {
    "BANK": "TJSB SAHAKARI BANK LIMITED",
    "IFSC": "TJSB0000149",
    "BRANCH": "BORIVALI EAST",
    "ADDRESS": "SHOP NO.2 &3, PARAS BUSINESS CENTRE, BORIVALI(EAST), MUMBAI-400066",
    "CONTACT": null,
    "CITY": "MUMBAI",
    "DISTRICT": "GREATER BOMBAY",
    "STATE": "MAHARASHTRA"
  },
  "TJSB0000150": {
    "BANK": "TJSB SAHAKARI BANK LIMITED",
    "IFSC": "TJSB0000150",
    "BRANCH": "VARACHHA MAIN ROAD",
    "ADDRESS": "UNIT NO.G/5-B, MANGALDEEP COMPLEX, HIRABAUG CIRCLE, VARACHHA MAIN ROAD, SURAT-395006",
    "CONTACT": null,
    "CITY": "SURAT",
    "DISTRICT": "SURAT",
    "STATE": "GUJARAT"
  },
  "TJSB0000151": {
    "BANK": "TJSB SAHAKARI BANK LIMITED",
    "IFSC": "TJSB0000151",
    "BRANCH": "PIMPLE GURAV",
    "ADDRESS": "SHOP NO.2, GROUND FLOOR, KATE CENTRAL, SURVEY NO.48/1/1 & 48/2/1, KATE PURAM CHOWK, PIMPLE GURAV, PUNE-411061",
    "CONTACT": null,
    "CITY": "PIMPRI CHINCHWAD",
    "DISTRICT": "PUNE",
    "STATE": "MAHARASHTRA"
  },
  "TJSB0000153": {
    "BANK": "TJSB SAHAKARI BANK LIMITED",
    "IFSC": "TJSB0000153",
    "BRANCH": "KARAD",
    "ADDRESS": "PLOT NO. 370/2, 234/38 BHATTAD COMPLEX, DATTA CHOWK, SHANIWAR PETH, KARAD, DIST-SATARA 415110",
    "CONTACT": null,
    "CITY": "KARAD",
    "DISTRICT": "SATARA",
    "STATE": "MAHARASHTRA"
  },
  "TJSB0000154": {
    "BANK": "TJSB SAHAKARI BANK LIMITED",
    "IFSC": "TJSB0000154",
    "BRANCH": "INDIRA NAGAR, BENGALURU",
    "ADDRESS": "131, SRIKRUPA, 10TH CROSS, CMH ROAD, ST STAGE, INDIRA NAGAR, BENGALURU-560038",
    "CONTACT": null,
    "CITY": "BANGALORE URBAN",
    "DISTRICT": "BANGALORE",
    "STATE": "KARNATAKA"
  },
  "TJSB0000155": {
    "BANK": "TJSB SAHAKARI BANK LIMITED",
    "IFSC": "TJSB0000155",
    "BRANCH": "RAM MARUTI ROAD",
    "ADDRESS": "GROUND FLOOR, PEOPLE EDUCATION SOCIETY BUILDING, RAM MARUTI ROAD, NAUPADA, THANE(WEST)-400602",
    "CONTACT": null,
    "CITY": "THANE",
    "DISTRICT": "THANE",
    "STATE": "MAHARASHTRA"
  },
  "TJSB0000156": {
    "BANK": "TJSB SAHAKARI BANK LIMITED",
    "IFSC": "TJSB0000156",
    "BRANCH": "INDORE BRANCH",
    "ADDRESS": "DHARSHAN MALL, UG5 & UG6, PLOT NO.15/2, RACE COURSE ROAD, INDORE-452001",
    "CONTACT": null,
    "CITY": "INDORE",
    "DISTRICT": "INDORE",
    "STATE": "MADHYA PRADESH"
  }
}