{
  "TNSC0000001": {
    "BANK": "Tamilnadu State Apex Co-operative Bank",
    "IFSC": "TNSC0000001",
    "MICR": "600091001",
    "BRANCH": "HEADOFFICE",
    "ADDRESS": "233,N.S.C BOSE ROAD CHENNAI 600001",
    "STATE": "TAMIL NADU",
    "CONTACT": "+914425340973",
    "UPI": false,
    "RTGS": true,
    "CITY": "CHENNAI",
    "CENTRE": "CHENNAI",
    "DISTRICT": "CHENNAI",
    "NEFT": true,
    "IMPS": true,
    "SWIFT": null,
    "ISO3166": "IN-TN"
  },
  "TNSC0010000": {
    "BANK": "Coimbatore District Central Co-operative Bank",
    "IFSC": "TNSC0010000",
    "BRANCH": "Coimbatore District Central Co-operative Bank IMPS",
    "CENTRE": "COIMBATORE",
    "DISTRICT": "COIMBATORE",
    "STATE": "MAHARASHTRA",
    "ADDRESS": "80,BANK ROAD,COIMBATORE - 641018",
    "CONTACT": "+914222302447",
    "IMPS": true,
    "CITY": "MUMBAI",
    "UPI": false,
    "MICR": "641464002",
    "RTGS": true,
    "NEFT": true,
    "SWIFT": null,
    "ISO3166": "IN-MH"
  },
  "TNSC0010100": {
    "BANK": "Dharmapuri District Central Co-operative Bank",
    "IFSC": "TNSC0010100",
    "BRANCH": "Dharmapuri District Central Co-operative Bank IMPS",
    "CENTRE": "DHARMAPURI",
    "DISTRICT": "DHARMAPURI",
    "STATE": "MAHARASHTRA",
    "ADDRESS": "81/10H,NETHAJI BYE-PASS ROAD,DHARMAPURI-636 701",
    "CONTACT": "+914342260051",
    "IMPS": true,
    "CITY": "MUMBAI",
    "UPI": false,
    "MICR": "636800002",
    "RTGS": true,
    "NEFT": true,
    "SWIFT": null,
    "ISO3166": "IN-MH"
  },
  "TNSC0010200": {
    "BANK": "Kancheepuram Central Co-operative Bank",
    "IFSC": "TNSC0010200",
    "BRANCH": "Kancheepuram Central Co-operative Bank IMPS",
    "CENTRE": "KANCHIPURAM",
    "DISTRICT": "KANCHIPURAM",
    "STATE": "MAHARASHTRA",
    "ADDRESS": "15-G,SHEIKPET NORTH STREET,KANCHIPURAM-631 501",
    "CONTACT": "+914427222296",
    "IMPS": true,
    "CITY": "MUMBAI",
    "UPI": false,
    "MICR": "600091276",
    "RTGS": true,
    "NEFT": true,
    "SWIFT": null,
    "ISO3166": "IN-MH"
  },
  "TNSC0010300": {
    "BANK": "Kanyakumari District Central Co-operative Bank",
    "IFSC": "TNSC0010300",
    "BRANCH": "Kanyakumari District Central Co-operative Bank IMPS",
    "CENTRE": "KANYAKUMARI",
    "DISTRICT": "KANYAKUMARI",
    "STATE": "MAHARASHTRA",
    "ADDRESS": "ALEXANDER PRESS ROAD,NAGERCOIL-629001",
    "CONTACT": "+914652233384",
    "IMPS": true,
    "CITY": "MUMBAI",
    "UPI": false,
    "MICR": "629800002",
    "RTGS": true,
    "NEFT": true,
    "SWIFT": null,
    "ISO3166": "IN-MH"
  },
  "TNSC0010400": {
    "BANK": "Kumbakonam Central Co-operative Bank",
    "IFSC": "TNSC0010400",
    "BRANCH": "Kumbakonam Central Co-operative Bank IMPS",
    "CENTRE": "THANJAVUR",
    "DISTRICT": "THANJAVUR",
    "STATE": "MAHARASHTRA",
    "ADDRESS": "2,T.S.R.BIG STREET,KUMBAKONAM-612 001",
    "CONTACT": "+914352430073",
    "IMPS": true,
    "CITY": "MUMBAI",
    "UPI": false,
    "MICR": "612800002",
    "RTGS": true,
    "NEFT": true,
    "SWIFT": null,
    "ISO3166": "IN-MH"
  },
  "TNSC0010500": {
    "BANK": "Chennai Central Co-operative Bank",
    "IFSC": "TNSC0010500",
    "BRANCH": "Chennai Central Co-operative Bank IMPS",
    "CENTRE": "CHENNAI",
    "DISTRICT": "CHENNAI",
    "STATE": "MAHARASHTRA",
    "ADDRESS": "215,PRAKASAM SALAI,CHENNAI - 600 108",
    "CONTACT": "+914423458708",
    "IMPS": true,
    "CITY": "MUMBAI",
    "UPI": false,
    "MICR": "600092002",
    "RTGS": true,
    "NEFT": true,
    "SWIFT": null,
    "ISO3166": "IN-MH"
  },
  "TNSC0010600": {
    "BANK": "Madurai District Central Co-operative Bank",
    "IFSC": "TNSC0010600",
    "BRANCH": "Madurai District Central Co-operative Bank IMPS",
    "CENTRE": "MADURAI",
    "DISTRICT": "MADURAI",
    "STATE": "MAHARASHTRA",
    "ADDRESS": "187,NORTH VELI STREET,MADURAI - 625 001",
    "CONTACT": "+914522342051",
    "IMPS": true,
    "CITY": "MUMBAI",
    "UPI": false,
    "MICR": "625306002",
    "RTGS": true,
    "NEFT": true,
    "SWIFT": null,
    "ISO3166": "IN-MH"
  },
  "TNSC0010700": {
    "BANK": "Nilgiris District Central Co-operative Bank",
    "IFSC": "TNSC0010700",
    "BRANCH": "Nilgiris District Central Co-operative Bank IMPS",
    "CENTRE": "NILGIRIS",
    "DISTRICT": "NILGIRIS",
    "STATE": "MAHARASHTRA",
    "ADDRESS": "CHARRING CROSS,UDHAGAMANDALAM-643 001",
    "CONTACT": "+914232443978",
    "IMPS": true,
    "CITY": "MUMBAI",
    "UPI": false,
    "MICR": "643800002",
    "RTGS": true,
    "NEFT": true,
    "SWIFT": null,
    "ISO3166": "IN-MH"
  },
  "TNSC0010800": {
    "BANK": "Erode District Central Co-operative Bank",
    "IFSC": "TNSC0010800",
    "BRANCH": "Erode District Central Co-operative Bank IMPS",
    "CENTRE": "ERODE",
    "DISTRICT": "ERODE",
    "STATE": "MAHARASHTRA",
    "ADDRESS": "BHAVANI MAIN ROAD,ERODE - 638 003",
    "CONTACT": "+914242213401",
    "IMPS": true,
    "CITY": "MUMBAI",
    "UPI": false,
    "MICR": "638572002",
    "RTGS": true,
    "NEFT": true,
    "SWIFT": null,
    "ISO3166": "IN-MH"
  },
  "TNSC0010900": {
    "BANK": "Pudukottai District Central Co-operative Bank",
    "IFSC": "TNSC0010900",
    "BRANCH": "Pudukottai District Central Co-operative Bank IMPS",
    "CENTRE": "PUDUKKOTTAI",
    "DISTRICT": "PUDUKKOTTAI",
    "STATE": "MAHARASHTRA",
    "ADDRESS": "834-836,EAST MAIN STREET,PUDUKKOTTAI-622 001",
    "CONTACT": "+914322222389",
    "IMPS": true,
    "CITY": "MUMBAI",
    "UPI": false,
    "MICR": "622800002",
    "RTGS": true,
    "NEFT": true,
    "SWIFT": null,
    "ISO3166": "IN-MH"
  },
  "TNSC0011000": {
    "BANK": "Ramanathapuram District Central Co-operative Bank",
    "IFSC": "TNSC0011000",
    "BRANCH": "Ramanathapuram District Central Co-operative Bank IMPS",
    "CENTRE": "RAMANATHAPURAM",
    "DISTRICT": "RAMANATHAPURAM",
    "STATE": "MAHARASHTRA",
    "ADDRESS": "265-E,VANDIKARA STREET,RAMANATHAPURAM-623 501",
    "CONTACT": "+914567220149",
    "IMPS": true,
    "CITY": "MUMBAI",
    "UPI": false,
    "MICR": "623800002",
    "RTGS": true,
    "NEFT": true,
    "SWIFT": null,
    "ISO3166": "IN-MH"
  },
  "TNSC0011100": {
    "BANK": "Salem District Central Co-operative Bank",
    "IFSC": "TNSC0011100",
    "BRANCH": "Salem District Central Co-operative Bank IMPS",
    "CENTRE": "SALEM",
    "DISTRICT": "SALEM",
    "STATE": "MAHARASHTRA",
    "ADDRESS": "153/65-A,CHERRY ROAD,SALEM - 636 001",
    "CONTACT": "+914272451761",
    "IMPS": true,
    "CITY": "MUMBAI",
    "UPI": false,
    "MICR": "636624002",
    "RTGS": true,
    "NEFT": true,
    "SWIFT": null,
    "ISO3166": "IN-MH"
  },
  "TNSC0011200": {
    "BANK": "Cuddalore District Central Co-operative Bank",
    "IFSC": "TNSC0011200",
    "BRANCH": "Cuddalore District Central Co-operative Bank IMPS",
    "CENTRE": "CUDDALORE",
    "DISTRICT": "CUDDALORE",
    "STATE": "MAHARASHTRA",
    "ADDRESS": "BEACH ROAD,CUDDALORE - 607 001",
    "CONTACT": "+914142295911",
    "IMPS": true,
    "CITY": "MUMBAI",
    "UPI": false,
    "MICR": "607816002",
    "RTGS": true,
    "NEFT": true,
    "SWIFT": null,
    "ISO3166": "IN-MH"
  },
  "TNSC0011300": {
    "BANK": "Thanjavur Central Co-operative Bank",
    "IFSC": "TNSC0011300",
    "BRANCH": "Thanjavur Central Co-operative Bank IMPS",
    "CENTRE": "THANJAVUR",
    "DISTRICT": "THANJAVUR",
    "STATE": "MAHARASHTRA",
    "ADDRESS": "331,MELA VEETHI,THANJAVUR - 613 009",
    "CONTACT": "+914362223322",
    "IMPS": true,
    "CITY": "MUMBAI",
    "UPI": false,
    "MICR": "613800002",
    "RTGS": true,
    "NEFT": true,
    "SWIFT": null,
    "ISO3166": "IN-MH"
  },
  "TNSC0011400": {
    "BANK": "Tiruchirapalli Dist. Cent Co-operative Bank",
    "IFSC": "TNSC0011400",
    "BRANCH": "Tiruchirapalli Dist. Cent Co-operative Bank IMPS",
    "CENTRE": "TIRUCHIRAPALLI",
    "DISTRICT": "TIRUCHIRAPALLI",
    "STATE": "MAHARASHTRA",
    "ADDRESS": "NO.1,FORT STATION ROAD,TEPPAKULAM,TIRUCHIRAPALLI-620002",
    "CONTACT": "+914312702441",
    "IMPS": true,
    "CITY": "MUMBAI",
    "UPI": false,
    "MICR": "620547002",
    "RTGS": true,
    "NEFT": true,
    "SWIFT": null,
    "ISO3166": "IN-MH"
  },
  "TNSC0011500": {
    "BANK": "Tirunelveli District Central Co-operative Bank",
    "IFSC": "TNSC0011500",
    "BRANCH": "Tirunelveli District Central Co-operative Bank IMPS",
    "CENTRE": "TIRUNELVELI",
    "DISTRICT": "TIRUNELVELI",
    "STATE": "MAHARASHTRA",
    "ADDRESS": "TRIVANDRUM ROAD,VANNARPET,TIRUNELVELI - 627003",
    "CONTACT": "+914622500281",
    "IMPS": true,
    "CITY": "MUMBAI",
    "UPI": false,
    "MICR": "627803002",
    "RTGS": true,
    "NEFT": true,
    "SWIFT": null,
    "ISO3166": "IN-MH"
  },
  "TNSC0011600": {
    "BANK": "Vellore District Central Co-operative Bank",
    "IFSC": "TNSC0011600",
    "BRANCH": "Vellore District Central Co-operative Bank IMPS",
    "CENTRE": "VELLORE",
    "DISTRICT": "VELLORE",
    "STATE": "MAHARASHTRA",
    "ADDRESS": "NO.3,OFFICERS LINE,VELLORE - 632 001",
    "CONTACT": "+914162220522",
    "IMPS": true,
    "CITY": "MUMBAI",
    "UPI": false,
    "MICR": "632800002",
    "RTGS": true,
    "NEFT": true,
    "SWIFT": null,
    "ISO3166": "IN-MH"
  },
  "TNSC0011700": {
    "BANK": "Dindigul Central Co-operative Bank",
    "IFSC": "TNSC0011700",
    "BRANCH": "Dindigul Central Co-operative Bank IMPS",
    "CENTRE": "DINDIGUL",
    "DISTRICT": "DINDIGUL",
    "STATE": "MAHARASHTRA",
    "ADDRESS": "COOP.NAGAR,TIRUCHI ROAD,DINDIGUL - 624 005",
    "CONTACT": "+914512433153",
    "IMPS": true,
    "CITY": "MUMBAI",
    "UPI": false,
    "MICR": "625800001",
    "RTGS": true,
    "NEFT": true,
    "SWIFT": null,
    "ISO3166": "IN-MH"
  },
  "TNSC0011800": {
    "BANK": "Virudhunagar District Central Co-operative Bank",
    "IFSC": "TNSC0011800",
    "BRANCH": "Virudhunagar District Central Co-operative Bank IMPS",
    "CENTRE": "VIRUDHUNAGAR",
    "DISTRICT": "VIRUDHUNAGAR",
    "STATE": "MAHARASHTRA",
    "ADDRESS": "104/1,MADURAI ROAD,VIRUDHUNAGAR - 626 001",
    "CONTACT": "+914562245815",
    "IMPS": true,
    "CITY": "MUMBAI",
    "UPI": false,
    "MICR": "626800002",
    "RTGS": true,
    "NEFT": true,
    "SWIFT": null,
    "ISO3166": "IN-MH"
  },
  "TNSC0011900": {
    "BANK": "Sivagangai District Central Co-operative Bank",
    "IFSC": "TNSC0011900",
    "BRANCH": "Sivagangai District Central Co-operative Bank IMPS",
    "CENTRE": "SIVAGANGAI",
    "DISTRICT": "SIVAGANGAI",
    "STATE": "MAHARASHTRA",
    "ADDRESS": "163,GANDHI STREET,SIVAGANGAI - 630 561",
    "CONTACT": "+914575240645",
    "IMPS": true,
    "CITY": "MUMBAI",
    "UPI": false,
    "MICR": "630800002",
    "RTGS": true,
    "NEFT": true,
    "SWIFT": null,
    "ISO3166": "IN-MH"
  },
  "TNSC0012000": {
    "BANK": "Thiruvannamalai District Central Co-operative Bank",
    "IFSC": "TNSC0012000",
    "BRANCH": "Thiruvannamalai District Central Co-operative Bank IMPS",
    "CENTRE": "TIRUVANNAMALAI",
    "DISTRICT": "TIRUVANNAMALAI",
    "STATE": "MAHARASHTRA",
    "ADDRESS": "9,6TH STREET,GANDHI NAGAR,TIRUVANNAMALAI - 606 601",
    "CONTACT": "+914175224331",
    "IMPS": true,
    "CITY": "MUMBAI",
    "UPI": false,
    "MICR": "606800002",
    "RTGS": true,
    "NEFT": true,
    "SWIFT": null,
    "ISO3166": "IN-MH"
  },
  "TNSC0012100": {
    "BANK": "Thoothukudi District Central Co-operative Bank",
    "IFSC": "TNSC0012100",
    "BRANCH": "Thoothukudi District Central Co-operative Bank IMPS",
    "CENTRE": "THOOTHUKUDI",
    "DISTRICT": "THOOTHUKUDI",
    "STATE": "MAHARASHTRA",
    "ADDRESS": "109/5D,ETTAYAPURAM ROAD,POLEPETTAI,THOOTHUKUDI-628002",
    "CONTACT": "+914612347604",
    "IMPS": true,
    "CITY": "MUMBAI",
    "UPI": false,
    "MICR": "627805002",
    "RTGS": true,
    "NEFT": true,
    "SWIFT": null,
    "ISO3166": "IN-MH"
  },
  "TNSC0012200": {
    "BANK": "Villupuram District Central Co-operative Bank",
    "IFSC": "TNSC0012200",
    "BRANCH": "Villupuram District Central Co-operative Bank IMPS",
    "CENTRE": "VILLUPURAM",
    "DISTRICT": "VILLUPURAM",
    "STATE": "MAHARASHTRA",
    "ADDRESS": "2,HOSPITAL ROAD,VILLUPURAM-605 602",
    "CONTACT": "+914146224803",
    "IMPS": true,
    "CITY": "MUMBAI",
    "UPI": false,
    "MICR": "605800002",
    "RTGS": true,
    "NEFT": true,
    "SWIFT": null,
    "ISO3166": "IN-MH"
  },
  "TNSC0015000": {
    "BANK": "Tamilnadu Industrial Co-operative Bank",
    "IFSC": "TNSC0015000",
    "BRANCH": "Tamilnadu Industrial Co-operative Bank IMPS",
    "CENTRE": "CHENNAI",
    "DISTRICT": "CHENNAI",
    "STATE": "MAHARASHTRA",
    "ADDRESS": "36,SOUTH CANAL BANK ROAD RAJAANNAMALAIPURAM MANDAVELIPAKKAM CHENNAI - 600028",
    "CONTACT": "+914424951509",
    "IMPS": true,
    "CITY": "MUMBAI",
    "UPI": false,
    "MICR": "600411001",
    "RTGS": true,
    "NEFT": true,
    "SWIFT": null,
    "ISO3166": "IN-MH"
  },
  "TNSC0099999": {
    "BANK": "Tamilnadu State Apex Co-operative Bank",
    "IFSC": "TNSC0099999",
    "BRANCH": "Tamilnadu State Apex Co-operative Bank IMPS",
    "CENTRE": "CHENNAI",
    "DISTRICT": "CHENNAI",
    "STATE": "MAHARASHTRA",
    "ADDRESS": "233,N.S.C BOSE ROAD CHENNAI 600001",
    "CONTACT": "+914425340973",
    "IMPS": true,
    "CITY": "MUMBAI",
    "UPI": false,
    "MICR": "600091001",
    "RTGS": true,
    "NEFT": true,
    "SWIFT": null,
    "ISO3166": "IN-MH"
  },
  "TNSC0160101": {
    "BANK": "Pondicherry State Co-operative Bank",
    "IFSC": "TNSC0160101",
    "BRANCH": "Pondicherry State Co-operative Bank IMPS",
    "CENTRE": "PUDUCHERRY",
    "DISTRICT": "PUDUCHERRY",
    "STATE": "MAHARASHTRA",
    "ADDRESS": "204,EAST COAST ROAD,OLANDAIKEERAPALAYAM,MUDALIARPET POST,PUDUCHERRY - 605 004",
    "CONTACT": "+914132285303",
    "IMPS": true,
    "CITY": "MUMBAI",
    "UPI": false,
    "MICR": "605632001",
    "RTGS": true,
    "NEFT": true,
    "SWIFT": null,
    "ISO3166": "IN-MH"
  },
  "TNSC0NEFTSC": {
    "BANK": "Tamilnadu State Apex Co-operative Bank",
    "IFSC": "TNSC0NEFTSC",
    "MICR": "600091001",
    "BRANCH": "NEFT SERVICE CENTRE",
    "ADDRESS": "OLD NO  233, NEW NO 4 N.S.C BOSE ROAD, CHENNAI 600001",
    "STATE": "TAMIL NADU",
    "CONTACT": "+914425332354",
    "UPI": false,
    "RTGS": true,
    "CITY": "CHENNAI",
    "CENTRE": "CHENNAI",
    "DISTRICT": "CHENNAI",
    "NEFT": false,
    "IMPS": true,
    "SWIFT": null,
    "ISO3166": "IN-TN"
  }
}