{
  "UPCB0000001": {
    "BANK": "Uttar Pradesh Co-operative Bank",
    "IFSC": "UPCB0000001",
    "BRANCH": "Uttar Pradesh Co-operative Bank IMPS",
    "CENTRE": "LUCKNOW",
    "DISTRICT": "LUCKNOW",
    "STATE": "MAHARASHTRA",
    "ADDRESS": "2, M. G. MARG",
    "CONTACT": "+915224151200",
    "IMPS": true,
    "CITY": "MUMBAI",
    "UPI": false,
    "MICR": null,
    "RTGS": true,
    "NEFT": false,
    "SWIFT": null,
    "ISO3166": "IN-MH"
  },
  "UPCB0000002": {
    "BANK": "Uttar Pradesh Co-operative Bank",
    "IFSC": "UPCB0000002",
    "MICR": "226185013",
    "BRANCH": "VIDHAN SABHA MARG",
    "ADDRESS": "14, VIDHAN SABHA MARG,",
    "STATE": "UTTAR PRADESH",
    "CONTACT": "+915222629257",
    "UPI": false,
    "RTGS": true,
    "CITY": "LUCKNOW",
    "CENTRE": "LUCKNOW",
    "DISTRICT": "LUCKNOW",
    "NEFT": true,
    "IMPS": true,
    "SWIFT": null,
    "ISO3166": "IN-UP"
  },
  "UPCB0000003": {
    "BANK": "Uttar Pradesh Co-operative Bank",
    "IFSC": "UPCB0000003",
    "MICR": "226185003",
    "BRANCH": "ALAMBAGH BRANCH",
    "ADDRESS": "SINGAR NAGAR ALAMBAGH,",
    "STATE": "UTTAR PRADESH",
    "CONTACT": "+915222456410",
    "UPI": false,
    "RTGS": true,
    "CITY": "LUCKNOW",
    "CENTRE": "LUCKNOW",
    "DISTRICT": "LUCKNOW",
    "NEFT": true,
    "IMPS": true,
    "SWIFT": null,
    "ISO3166": "IN-UP"
  },
  "UPCB0000004": {
    "BANK": "Uttar Pradesh Co-operative Bank",
    "IFSC": "UPCB0000004",
    "MICR": "226185004",
    "BRANCH": "ALIGANJ BRANCH",
    "ADDRESS": "C-46,SECTOR-G ALIGANJ,",
    "STATE": "UTTAR PRADESH",
    "CONTACT": "+915222321431",
    "UPI": false,
    "RTGS": true,
    "CITY": "LUCKNOW",
    "CENTRE": "LUCKNOW",
    "DISTRICT": "LUCKNOW",
    "NEFT": true,
    "IMPS": true,
    "SWIFT": null,
    "ISO3166": "IN-UP"
  },
  "UPCB0000005": {
    "BANK": "Uttar Pradesh Co-operative Bank",
    "IFSC": "UPCB0000005",
    "MICR": "226185005",
    "BRANCH": "AMINABAD BRANCH",
    "ADDRESS": "173/33,B.N.VERMA ROAD AMINABAD,",
    "STATE": "UTTAR PRADESH",
    "CONTACT": "+915222615346",
    "UPI": false,
    "RTGS": true,
    "CITY": "LUCKNOW",
    "CENTRE": "LUCKNOW",
    "DISTRICT": "LUCKNOW",
    "NEFT": true,
    "IMPS": true,
    "SWIFT": null,
    "ISO3166": "IN-UP"
  },
  "UPCB0000006": {
    "BANK": "Uttar Pradesh Co-operative Bank",
    "IFSC": "UPCB0000006",
    "MICR": "226185006",
    "BRANCH": "JNDC BRANCH",
    "ADDRESS": "JNDC COLLEGE,",
    "STATE": "UTTAR PRADESH",
    "CONTACT": "+915222630969",
    "UPI": false,
    "RTGS": true,
    "CITY": "LUCKNOW",
    "CENTRE": "LUCKNOW",
    "DISTRICT": "LUCKNOW",
    "NEFT": true,
    "IMPS": true,
    "SWIFT": null,
    "ISO3166": "IN-UP"
  },
  "UPCB0000007": {
    "BANK": "Uttar Pradesh Co-operative Bank",
    "IFSC": "UPCB0000007",
    "MICR": "226185007",
    "BRANCH": "NADAN MAHAL",
    "ADDRESS": "NADAN MAHAL ROAD,",
    "STATE": "UTTAR PRADESH",
    "CONTACT": "+915222269377",
    "UPI": false,
    "RTGS": true,
    "CITY": "LUCKNOW",
    "CENTRE": "LUCKNOW",
    "DISTRICT": "LUCKNOW",
    "NEFT": true,
    "IMPS": true,
    "SWIFT": null,
    "ISO3166": "IN-UP"
  },
  "UPCB0000008": {
    "BANK": "Uttar Pradesh Co-operative Bank",
    "IFSC": "UPCB0000008",
    "MICR": "226185008",
    "BRANCH": "NAKA HINDOLA - LUCKNOW",
    "ADDRESS": "1- MADHO TOWER NAKA HINDOLA,",
    "STATE": "UTTAR PRADESH",
    "CONTACT": "+915222691860",
    "UPI": false,
    "RTGS": true,
    "CITY": "LUCKNOW",
    "CENTRE": "LUCKNOW",
    "DISTRICT": "LUCKNOW",
    "NEFT": true,
    "IMPS": true,
    "SWIFT": null,
    "ISO3166": "IN-UP"
  },
  "UPCB0000009": {
    "BANK": "Uttar Pradesh Co-operative Bank",
    "IFSC": "UPCB0000009",
    "MICR": "226185009",
    "BRANCH": "NIRALA-NAGAR",
    "ADDRESS": "FIRST FLOOR SINHA MARKET,NIRALA NAGAR,",
    "STATE": "UTTAR PRADESH",
    "CONTACT": "+915222787158",
    "UPI": false,
    "RTGS": true,
    "CITY": "LUCKNOW",
    "CENTRE": "LUCKNOW",
    "DISTRICT": "LUCKNOW",
    "NEFT": true,
    "IMPS": true,
    "SWIFT": null,
    "ISO3166": "IN-UP"
  },
  "UPCB0000010": {
    "BANK": "Uttar Pradesh Co-operative Bank",
    "IFSC": "UPCB0000010",
    "MICR": "226185010",
    "BRANCH": "RAM SAGAR MISHRA NAGAR",
    "ADDRESS": "A-40 INDIRA NAGAR,",
    "STATE": "UTTAR PRADESH",
    "CONTACT": "+915222346747",
    "UPI": false,
    "RTGS": true,
    "CITY": "LUCKNOW",
    "CENTRE": "LUCKNOW",
    "DISTRICT": "LUCKNOW",
    "NEFT": true,
    "IMPS": true,
    "SWIFT": null,
    "ISO3166": "IN-UP"
  },
  "UPCB0000011": {
    "BANK": "Uttar Pradesh Co-operative Bank",
    "IFSC": "UPCB0000011",
    "MICR": "226185011",
    "BRANCH": "SADAR BAZAR",
    "ADDRESS": "630,MAHAVEER PRASAD ROAD SADAR,",
    "STATE": "UTTAR PRADESH",
    "CONTACT": "+915222480765",
    "UPI": false,
    "RTGS": true,
    "CITY": "LUCKNOW",
    "CENTRE": "LUCKNOW",
    "DISTRICT": "LUCKNOW",
    "NEFT": true,
    "IMPS": true,
    "SWIFT": null,
    "ISO3166": "IN-UP"
  },
  "UPCB0000012": {
    "BANK": "Uttar Pradesh Co-operative Bank",
    "IFSC": "UPCB0000012",
    "MICR": "226185012",
    "BRANCH": "TALKATORA",
    "ADDRESS": "45/17,46/17 B BLOCK RAJAJIPURAM TALKATORA,",
    "STATE": "UTTAR PRADESH",
    "CONTACT": "+915222661708",
    "UPI": false,
    "RTGS": true,
    "CITY": "LUCKNOW",
    "CENTRE": "LUCKNOW",
    "DISTRICT": "LUCKNOW",
    "NEFT": true,
    "IMPS": true,
    "SWIFT": null,
    "ISO3166": "IN-UP"
  },
  "UPCB0000013": {
    "BANK": "Uttar Pradesh Co-operative Bank",
    "IFSC": "UPCB0000013",
    "MICR": "208185005",
    "BRANCH": "CHRIST CHURCH",
    "ADDRESS": "CHRIST CHURCH COLLEGE,",
    "STATE": "UTTAR PRADESH",
    "CONTACT": "+915122367317",
    "UPI": false,
    "RTGS": true,
    "CITY": "KANPUR",
    "CENTRE": "KANPUR",
    "DISTRICT": "KANPUR",
    "NEFT": true,
    "IMPS": true,
    "SWIFT": null,
    "ISO3166": "IN-UP"
  },
  "UPCB0000014": {
    "BANK": "Uttar Pradesh Co-operative Bank",
    "IFSC": "UPCB0000014",
    "MICR": "208185002",
    "BRANCH": "DAV KANPUR",
    "ADDRESS": "CIVIL LINES DAV COLLEGE,",
    "STATE": "UTTAR PRADESH",
    "CONTACT": "+915122305341",
    "UPI": false,
    "RTGS": true,
    "CITY": "KANPUR",
    "CENTRE": "KANPUR",
    "DISTRICT": "KANPUR",
    "NEFT": true,
    "IMPS": true,
    "SWIFT": null,
    "ISO3166": "IN-UP"
  },
  "UPCB0000015": {
    "BANK": "Uttar Pradesh Co-operative Bank",
    "IFSC": "UPCB0000015",
    "MICR": "208185004",
    "BRANCH": "BIRHANA BRANCH",
    "ADDRESS": "24/107,BIRHANA ROAD,",
    "STATE": "UTTAR PRADESH",
    "CONTACT": "+915122369540",
    "UPI": false,
    "RTGS": true,
    "CITY": "KANPUR",
    "CENTRE": "KANPUR",
    "DISTRICT": "KANPUR",
    "NEFT": true,
    "IMPS": true,
    "SWIFT": null,
    "ISO3166": "IN-UP"
  },
  "UPCB0000016": {
    "BANK": "Uttar Pradesh Co-operative Bank",
    "IFSC": "UPCB0000016",
    "MICR": "208185003",
    "BRANCH": "NAVEEN MARKET KANPUR",
    "ADDRESS": "70/71 PARADE NAVEEN MARKET,",
    "STATE": "UTTAR PRADESH",
    "CONTACT": "+915122304863",
    "UPI": false,
    "RTGS": true,
    "CITY": "KANPUR",
    "CENTRE": "KANPUR",
    "DISTRICT": "KANPUR",
    "NEFT": true,
    "IMPS": true,
    "SWIFT": null,
    "ISO3166": "IN-UP"
  },
  "UPCB0000017": {
    "BANK": "Uttar Pradesh Co-operative Bank",
    "IFSC": "UPCB0000017",
    "MICR": "208185006",
    "BRANCH": "MOTIJHEEL BRANCH",
    "ADDRESS": "111A/325 ASHOK NAGAR MOTIJHEEL,",
    "STATE": "UTTAR PRADESH",
    "CONTACT": "+915122525188",
    "UPI": false,
    "RTGS": true,
    "CITY": "KANPUR",
    "CENTRE": "KANPUR",
    "DISTRICT": "KANPUR",
    "NEFT": true,
    "IMPS": true,
    "SWIFT": null,
    "ISO3166": "IN-UP"
  },
  "UPCB0000018": {
    "BANK": "Uttar Pradesh Co-operative Bank",
    "IFSC": "UPCB0000018",
    "MICR": "208185007",
    "BRANCH": "GOVINDNAGAR KANPUR",
    "ADDRESS": "124/7 N , MISHRA MARKET,",
    "STATE": "UTTAR PRADESH",
    "CONTACT": "+915122654267",
    "UPI": false,
    "RTGS": true,
    "CITY": "KANPUR",
    "CENTRE": "KANPUR",
    "DISTRICT": "KANPUR",
    "NEFT": true,
    "IMPS": true,
    "SWIFT": null,
    "ISO3166": "IN-UP"
  },
  "UPCB0000019": {
    "BANK": "Uttar Pradesh Co-operative Bank",
    "IFSC": "UPCB0000019",
    "MICR": "208185008",
    "BRANCH": "SARVODAYA NAGAR",
    "ADDRESS": "SARVODAYA NAGAR,",
    "STATE": "UTTAR PRADESH",
    "CONTACT": "+915122218597",
    "UPI": false,
    "RTGS": true,
    "CITY": "KANPUR",
    "CENTRE": "KANPUR",
    "DISTRICT": "KANPUR",
    "NEFT": true,
    "IMPS": true,
    "SWIFT": null,
    "ISO3166": "IN-UP"
  },
  "UPCB0000020": {
    "BANK": "Uttar Pradesh Co-operative Bank",
    "IFSC": "UPCB0000020",
    "MICR": "261185002",
    "BRANCH": "SITAPUR BRANCH",
    "ADDRESS": "TRANSPORT CHAURAHA SITAPUR",
    "STATE": "UTTAR PRADESH",
    "CONTACT": "+915862242253",
    "UPI": false,
    "RTGS": true,
    "CITY": "SITAPUR",
    "CENTRE": "SITAPUR",
    "DISTRICT": "SITAPUR",
    "NEFT": true,
    "IMPS": true,
    "SWIFT": null,
    "ISO3166": "IN-UP"
  },
  "UPCB0000021": {
    "BANK": "Uttar Pradesh Co-operative Bank",
    "IFSC": "UPCB0000021",
    "MICR": "243185002",
    "BRANCH": "BAREILLY BRANCH",
    "ADDRESS": "95 A CIVIL LINE BAREILLY",
    "STATE": "UTTAR PRADESH",
    "CONTACT": "+915812573482",
    "UPI": false,
    "RTGS": true,
    "CITY": "BAREILLY",
    "CENTRE": "BAREILLY",
    "DISTRICT": "BAREILLY",
    "NEFT": true,
    "IMPS": true,
    "SWIFT": null,
    "ISO3166": "IN-UP"
  },
  "UPCB0000022": {
    "BANK": "Uttar Pradesh Co-operative Bank",
    "IFSC": "UPCB0000022",
    "MICR": "282185002",
    "BRANCH": "AGRA BRANCH",
    "ADDRESS": "BELANGANJ,",
    "STATE": "UTTAR PRADESH",
    "CONTACT": "+915622622263",
    "UPI": false,
    "RTGS": true,
    "CITY": "AGRA",
    "CENTRE": "AGRA",
    "DISTRICT": "AGRA",
    "NEFT": true,
    "IMPS": true,
    "SWIFT": null,
    "ISO3166": "IN-UP"
  },
  "UPCB0000023": {
    "BANK": "Uttar Pradesh Co-operative Bank",
    "IFSC": "UPCB0000023",
    "MICR": "110185002",
    "BRANCH": "GHAZIABAD",
    "ADDRESS": "E-23 NEW ARYA NAGAR GHAZIABAD",
    "STATE": "UTTAR PRADESH",
    "CONTACT": "+911202781403",
    "UPI": false,
    "RTGS": true,
    "CITY": "GHAZIABAD",
    "CENTRE": "GHAZIABAD",
    "DISTRICT": "GHAZIABAD",
    "NEFT": true,
    "IMPS": true,
    "SWIFT": null,
    "ISO3166": "IN-UP"
  },
  "UPCB0000024": {
    "BANK": "Uttar Pradesh Co-operative Bank",
    "IFSC": "UPCB0000024",
    "MICR": "224185002",
    "BRANCH": "FAIZABAD BRANCH",
    "ADDRESS": "BAJAJA BAZAR,",
    "STATE": "UTTAR PRADESH",
    "CONTACT": "+915278222112",
    "UPI": false,
    "RTGS": true,
    "CITY": "FAIZABAD",
    "CENTRE": "FAIZABAD",
    "DISTRICT": "FAIZABAD",
    "NEFT": true,
    "IMPS": true,
    "SWIFT": null,
    "ISO3166": "IN-UP"
  },
  "UPCB0000025": {
    "BANK": "Uttar Pradesh Co-operative Bank",
    "IFSC": "UPCB0000025",
    "MICR": "271185102",
    "BRANCH": "GONDA BRANCH",
    "ADDRESS": "LALA CHHOTEY LAL KA HATA,STATION ROAD",
    "STATE": "UTTAR PRADESH",
    "CONTACT": "+915262228390",
    "UPI": false,
    "RTGS": true,
    "CITY": "GONDA",
    "CENTRE": "GONDA",
    "DISTRICT": "GONDA",
    "NEFT": true,
    "IMPS": true,
    "SWIFT": null,
    "ISO3166": "IN-UP"
  },
  "UPCB0000026": {
    "BANK": "Uttar Pradesh Co-operative Bank",
    "IFSC": "UPCB0000026",
    "MICR": "221185002",
    "BRANCH": "VARANASI BRANCH",
    "ADDRESS": "D-47/179,LUXA ROAD,",
    "STATE": "UTTAR PRADESH",
    "CONTACT": "+915422401707",
    "UPI": false,
    "RTGS": true,
    "CITY": "VARANASI",
    "CENTRE": "VARANASI",
    "DISTRICT": "VARANASI",
    "NEFT": true,
    "IMPS": true,
    "SWIFT": null,
    "ISO3166": "IN-UP"
  },
  "UPCB0000027": {
    "BANK": "Uttar Pradesh Co-operative Bank",
    "IFSC": "UPCB0000027",
    "MICR": "276185002",
    "BRANCH": "SATHIAON BRANCH",
    "ADDRESS": "STATION ROAD SATHION AZAMGARH",
    "STATE": "UTTAR PRADESH",
    "CONTACT": "+915462272311",
    "UPI": false,
    "RTGS": true,
    "CITY": "AZAMGARH",
    "CENTRE": "AZAMGARH",
    "DISTRICT": "AZAMGARH",
    "NEFT": true,
    "IMPS": true,
    "SWIFT": null,
    "ISO3166": "IN-UP"
  },
  "UPCB0000031": {
    "BANK": "Uttar Pradesh Co-operative Bank",
    "IFSC": "UPCB0000031",
    "MICR": "212185001",
    "BRANCH": "FATEHPUR",
    "ADDRESS": "GOPAL NAGAR, OLD G.T. ROAD, NEAR SHANI DEV MANDIR, FATEHPUR, UTTAR PRADESH, 212601",
    "STATE": "UTTAR PRADESH",
    "CONTACT": null,
    "UPI": false,
    "RTGS": true,
    "CITY": "FATEHPUR",
    "CENTRE": "FATEHPUR",
    "DISTRICT": "FATEHPUR",
    "NEFT": true,
    "IMPS": true,
    "SWIFT": null,
    "ISO3166": "IN-UP"
  },
  "UPCB0000032": {
    "BANK": "Uttar Pradesh Co-operative Bank",
    "IFSC": "UPCB0000032",
    "MICR": "281185002",
    "BRANCH": "MATHURA",
    "ADDRESS": "3 MANAS NAGAR, MAHOLI ROAD, MATHURA, UTTAR PRADESH, 281001",
    "STATE": "UTTAR PRADESH",
    "CONTACT": null,
    "UPI": false,
    "RTGS": true,
    "CITY": "MATHURA",
    "CENTRE": "MATHURA",
    "DISTRICT": "MATHURA",
    "NEFT": true,
    "IMPS": true,
    "SWIFT": null,
    "ISO3166": "IN-UP"
  },
  "UPCB0000033": {
    "BANK": "Uttar Pradesh Co-operative Bank",
    "IFSC": "UPCB0000033",
    "MICR": "110185003",
    "BRANCH": "GAUTAMBUDH NAGAR",
    "ADDRESS": "KHASRA NO-68, GROUND FLOOR, NEAR SDA BLOCK,VILLAGE SADARPUR, SECTOR 45, GAUTAM BUDDH NAGAR, NOIDA, UTTAR PRADESH, 201301",
    "STATE": "UTTAR PRADESH",
    "CONTACT": null,
    "UPI": false,
    "RTGS": true,
    "CITY": "GAUTAMBUDH NAGAR",
    "CENTRE": "GAUTAMBUDH NAGAR",
    "DISTRICT": "GAUTAMBUDH NAGAR",
    "NEFT": true,
    "IMPS": true,
    "SWIFT": null,
    "ISO3166": "IN-UP"
  },
  "UPCB0000034": {
    "BANK": "Uttar Pradesh Co-operative Bank",
    "IFSC": "UPCB0000034",
    "MICR": "209185004",
    "BRANCH": "AKABARPUR KANPUR DEHAT",
    "ADDRESS": "N. H. 2 - AADHU MODH, KANHIYA NAGAR, AKBARPUR, KANPUR DEHATH, KANPUR, UTTAR PRADESH, 209101",
    "STATE": "UTTAR PRADESH",
    "CONTACT": null,
    "UPI": false,
    "RTGS": true,
    "CITY": "KANPUR DEHAT",
    "CENTRE": "KANPUR DEHAT",
    "DISTRICT": "KANPUR DEHAT",
    "NEFT": true,
    "IMPS": true,
    "SWIFT": null,
    "ISO3166": "IN-UP"
  },
  "UPCB0000035": {
    "BANK": "Uttar Pradesh Co-operative Bank",
    "IFSC": "UPCB0000035",
    "MICR": "209185005",
    "BRANCH": "KANNAUJ",
    "ADDRESS": "91/A, AKBARPUR, SARAIGHAG, TIRWA CROSSING, SARAIMIRA, KANNAUJ, UTTAR PRADESH, 209727",
    "STATE": "UTTAR PRADESH",
    "CONTACT": null,
    "UPI": false,
    "RTGS": true,
    "CITY": "KANNAUJ",
    "CENTRE": "KANNAUJ",
    "DISTRICT": "KANNAUJ",
    "NEFT": true,
    "IMPS": true,
    "SWIFT": null,
    "ISO3166": "IN-UP"
  },
  "UPCB0000036": {
    "BANK": "Uttar Pradesh Co-operative Bank",
    "IFSC": "UPCB0000036",
    "MICR": "244185006",
    "BRANCH": "SAMBHAL",
    "ADDRESS": "NEAR BHARAT GAS OFFICE, NARAYAN TOLA, BAHJOI DISTRICT, SAMBHAL, UTTAR PRADESH, 244410",
    "STATE": "UTTAR PRADESH",
    "CONTACT": null,
    "UPI": false,
    "RTGS": true,
    "CITY": "SAMBHAL",
    "CENTRE": "SAMBHAL",
    "DISTRICT": "SAMBHAL",
    "NEFT": true,
    "IMPS": true,
    "SWIFT": null,
    "ISO3166": "IN-UP"
  },
  "UPCB0000037": {
    "BANK": "Uttar Pradesh Co-operative Bank",
    "IFSC": "UPCB0000037",
    "MICR": "244185007",
    "BRANCH": "AMROHA JYOTIBAPHULE NAGAR",
    "ADDRESS": "MOHALLA DANISH, MANDAN ROAD, OPPOSITE H.P. PETROL PUMP, NEAR T.P. NAGAR CHAURAHA, AMROHA, UTTAR PRADESH, 244221",
    "STATE": "UTTAR PRADESH",
    "CONTACT": null,
    "UPI": false,
    "RTGS": true,
    "CITY": "AMROHA",
    "CENTRE": "JYOTIBAPHULE NAGAR",
    "DISTRICT": "JYOTIBAPHULE NAGAR",
    "NEFT": true,
    "IMPS": true,
    "SWIFT": null,
    "ISO3166": "IN-UP"
  },
  "UPCB0000038": {
    "BANK": "Uttar Pradesh Co-operative Bank",
    "IFSC": "UPCB0000038",
    "MICR": "245185008",
    "BRANCH": "HAPUR",
    "ADDRESS": "V3AS SQUARE, K.N. 95/2 DASHMESH NAGAR, MEERUT ROAD, HAPUR, UTTAR PRADESH, 245101",
    "STATE": "UTTAR PRADESH",
    "CONTACT": null,
    "UPI": false,
    "RTGS": true,
    "CITY": "HAPUR",
    "CENTRE": "HAPUR",
    "DISTRICT": "HAPUR",
    "NEFT": true,
    "IMPS": true,
    "SWIFT": null,
    "ISO3166": "IN-UP"
  },
  "UPCB0000039": {
    "BANK": "Uttar Pradesh Co-operative Bank",
    "IFSC": "UPCB0000039",
    "MICR": "224185009",
    "BRANCH": "AKABARPUR AMBEDKAR NAGAR",
    "ADDRESS": "809, NASIRPUR BARWA, ZILA VIDAYALAYA, OPPOSITE NIRIKSHAK KARYALAYA, AKBARPUR AZAMGARH ROAD, AKBARPUR, AMBEDKARNAGAR, FAIZABAD, UTTAR PRADESH, 224122",
    "STATE": "UTTAR PRADESH",
    "CONTACT": null,
    "UPI": false,
    "RTGS": true,
    "CITY": "AMBEDKAR NAGAR",
    "CENTRE": "AMBEDKAR NAGAR",
    "DISTRICT": "AMBEDKAR NAGAR",
    "NEFT": true,
    "IMPS": true,
    "SWIFT": null,
    "ISO3166": "IN-UP"
  },
  "UPCB0000040": {
    "BANK": "Uttar Pradesh Co-operative Bank",
    "IFSC": "UPCB0000040",
    "MICR": "227185010",
    "BRANCH": "AMETHI",
    "ADDRESS": "438, KATRALALGANJ, TEHSEEL GAURIGANJ,  AMETHI, UTTAR PRADESH, 227409",
    "STATE": "UTTAR PRADESH",
    "CONTACT": null,
    "UPI": false,
    "RTGS": true,
    "CITY": "AMETHI",
    "CENTRE": "AMETHI",
    "DISTRICT": "AMETHI",
    "NEFT": true,
    "IMPS": true,
    "SWIFT": null,
    "ISO3166": "IN-UP"
  },
  "UPCB0000041": {
    "BANK": "Uttar Pradesh Co-operative Bank",
    "IFSC": "UPCB0000041",
    "MICR": "273185011",
    "BRANCH": "GORAKHPUR",
    "ADDRESS": "388, MEDICAL COLLEGE ROAD, BASHARATPUR, GORAKHPUR, UTTAR PRADESH, 273004",
    "STATE": "UTTAR PRADESH",
    "CONTACT": null,
    "UPI": false,
    "RTGS": true,
    "CITY": "GORAKHPUR",
    "CENTRE": "GORAKHPUR",
    "DISTRICT": "GORAKHPUR",
    "NEFT": true,
    "IMPS": true,
    "SWIFT": null,
    "ISO3166": "IN-UP"
  },
  "UPCB0000042": {
    "BANK": "Uttar Pradesh Co-operative Bank",
    "IFSC": "UPCB0000042",
    "MICR": "273185012",
    "BRANCH": "MAHARAJGANJ",
    "ADDRESS": "971, HAMID NAGAR, BANK ROAD, POST AND DISTT. MAHARAJGANJ, UTTAR PRADESH, 273303",
    "STATE": "UTTAR PRADESH",
    "CONTACT": null,
    "UPI": false,
    "RTGS": true,
    "CITY": "MAHARAJGANJ",
    "CENTRE": "MAHARAJGANJ",
    "DISTRICT": "MAHARAJGANJ",
    "NEFT": true,
    "IMPS": true,
    "SWIFT": null,
    "ISO3166": "IN-UP"
  },
  "UPCB0000043": {
    "BANK": "Uttar Pradesh Co-operative Bank",
    "IFSC": "UPCB0000043",
    "MICR": "206185013",
    "BRANCH": "AURAIYA",
    "ADDRESS": "78, IN FRONT OF ZILA UDYOG DOODHIYA KHEDA, DIBIYAPUR ROAD, AURAIYA, UTTAR PRADESH, 206122",
    "STATE": "UTTAR PRADESH",
    "CONTACT": null,
    "UPI": false,
    "RTGS": true,
    "CITY": "AURAIYA",
    "CENTRE": "AURAIYA",
    "DISTRICT": "AURAIYA",
    "NEFT": true,
    "IMPS": true,
    "SWIFT": null,
    "ISO3166": "IN-UP"
  },
  "UPCB0000100": {
    "BANK": "Uttar Pradesh Co-operative Bank",
    "IFSC": "UPCB0000100",
    "MICR": "226185001",
    "BRANCH": "HEAD OFFICE",
    "ADDRESS": "2, M. G. MARG,",
    "STATE": "UTTAR PRADESH",
    "CONTACT": "+9152241512000",
    "UPI": false,
    "RTGS": true,
    "CITY": "LUCKNOW",
    "CENTRE": "LUCKNOW",
    "DISTRICT": "LUCKNOW",
    "NEFT": true,
    "IMPS": true,
    "SWIFT": null,
    "ISO3166": "IN-UP"
  },
  "UPCB000MAIN": {
    "BANK": "Uttar Pradesh Co-operative Bank",
    "IFSC": "UPCB000MAIN",
    "MICR": null,
    "BRANCH": "MAIN BRANCH",
    "ADDRESS": "2, M. G. MARG,",
    "STATE": "UTTAR PRADESH",
    "CONTACT": "+915222623269",
    "UPI": false,
    "RTGS": true,
    "CITY": "LUCKNOW",
    "CENTRE": "LUCKNOW",
    "DISTRICT": "LUCKNOW",
    "NEFT": true,
    "IMPS": true,
    "SWIFT": null,
    "ISO3166": "IN-UP"
  },
  "UPCB00AGDCB": {
    "BANK": "Uttar Pradesh Co-operative Bank",
    "IFSC": "UPCB00AGDCB",
    "MICR": null,
    "BRANCH": "THE DISTRICT CO-OPERATIVE BANK LTD AGRA",
    "ADDRESS": "71, M G ROAD , AGRA 282002",
    "STATE": "UTTAR PRADESH",
    "CONTACT": null,
    "UPI": false,
    "RTGS": true,
    "CITY": "AGRA",
    "CENTRE": "AGRA",
    "DISTRICT": "AGRA",
    "NEFT": true,
    "IMPS": true,
    "SWIFT": null,
    "ISO3166": "IN-UP"
  },
  "UPCB00ALDCB": {
    "BANK": "Uttar Pradesh Co-operative Bank",
    "IFSC": "UPCB00ALDCB",
    "MICR": null,
    "BRANCH": "ALLAHABAD DISTRICT COOPERATIVE BANK LTD.",
    "ADDRESS": "ALLAHABAD DISTRICT COOPERATIVE BANK LTD.CHOWK 211003",
    "STATE": "UTTAR PRADESH",
    "CONTACT": "+917705023704",
    "UPI": false,
    "RTGS": true,
    "CITY": "ALLAHABAD",
    "CENTRE": "ALLAHABAD",
    "DISTRICT": "ALLAHABAD",
    "NEFT": true,
    "IMPS": true,
    "SWIFT": null,
    "ISO3166": "IN-UP"
  },
  "UPCB00AZSBL": {
    "BANK": "Uttar Pradesh Co-operative Bank",
    "IFSC": "UPCB00AZSBL",
    "MICR": null,
    "BRANCH": "ALIGARH ZILLA SAHAKARI BANK LTD",
    "ADDRESS": "HEAD OFFICE SARAI NAWAB ALIGARH PIN 202001",
    "STATE": "UTTAR PRADESH",
    "CONTACT": null,
    "UPI": false,
    "RTGS": true,
    "CITY": "ALIGARH",
    "CENTRE": "ALIGARH",
    "DISTRICT": "ALIGARH",
    "NEFT": true,
    "IMPS": true,
    "SWIFT": null,
    "ISO3166": "IN-UP"
  },
  "UPCB00BAHDC": {
    "BANK": "Uttar Pradesh Co-operative Bank",
    "IFSC": "UPCB00BAHDC",
    "MICR": null,
    "BRANCH": "BAHRAICH DISTRICT CO-OPERATIVE BANK LTD",
    "ADDRESS": "NEAR BUS STAND MOHALLA AKABERPURA BAHRAICH",
    "STATE": "UTTAR PRADESH",
    "CONTACT": "+919454553212",
    "UPI": false,
    "RTGS": true,
    "CITY": "BAHRAICH",
    "CENTRE": "BAHRAICH",
    "DISTRICT": "BAHRAICH",
    "NEFT": true,
    "IMPS": true,
    "SWIFT": null,
    "ISO3166": "IN-UP"
  },
  "UPCB00BBDCB": {
    "BANK": "Uttar Pradesh Co-operative Bank",
    "IFSC": "UPCB00BBDCB",
    "MICR": null,
    "BRANCH": "THE DISTRICT COOPERATIVE BANK LTD, BARABANKI",
    "ADDRESS": "CIVIL LINES,FAIZABAD ROAD,BARABANKI 225001",
    "STATE": "UTTAR PRADESH",
    "CONTACT": null,
    "UPI": false,
    "RTGS": true,
    "CITY": "BARA BANKI",
    "CENTRE": "BARA BANKI",
    "DISTRICT": "BARA BANKI",
    "NEFT": true,
    "IMPS": true,
    "SWIFT": null,
    "ISO3166": "IN-UP"
  },
  "UPCB00BDCBL": {
    "BANK": "Uttar Pradesh Co-operative Bank",
    "IFSC": "UPCB00BDCBL",
    "MICR": null,
    "BRANCH": "BANDA DISTRICT CO-OPERATIVE BANK LTD",
    "ADDRESS": "H.O. SAHAKARI BHAVAN, HEAD POST OFFICE, CIVIL LINES, DISTRICT BANDA BANDA 210 001,UTTAR PRADESH",
    "STATE": "UTTAR PRADESH",
    "CONTACT": null,
    "UPI": false,
    "RTGS": true,
    "CITY": "BANDA",
    "CENTRE": "BANDA",
    "DISTRICT": "BANDA",
    "NEFT": true,
    "IMPS": true,
    "SWIFT": null,
    "ISO3166": "IN-UP"
  },
  "UPCB00BDCCB": {
    "BANK": "Uttar Pradesh Co-operative Bank",
    "IFSC": "UPCB00BDCCB",
    "MICR": null,
    "BRANCH": "BASTI ZILA SAHKARI BANK LTD. BASTI",
    "ADDRESS": "BASTI ZILA SAHKARI BANK LTD.BASTI,BRANCH BASTI SADAR",
    "STATE": "UTTAR PRADESH",
    "CONTACT": "+919519046131",
    "UPI": false,
    "RTGS": true,
    "CITY": "BASTI",
    "CENTRE": "BASTI",
    "DISTRICT": "BASTI",
    "NEFT": true,
    "IMPS": true,
    "SWIFT": null,
    "ISO3166": "IN-UP"
  },
  "UPCB00BIJNR": {
    "BANK": "Uttar Pradesh Co-operative Bank",
    "IFSC": "UPCB00BIJNR",
    "MICR": null,
    "BRANCH": "DISTRICT CO-OPERATIVE BANK BIJNOR",
    "ADDRESS": "HO CIVIL LINES II BIJNOR 246701",
    "STATE": "UTTAR PRADESH",
    "CONTACT": null,
    "UPI": false,
    "RTGS": true,
    "CITY": "BIJNOR",
    "CENTRE": "BIJNOR",
    "DISTRICT": "BIJNOR",
    "NEFT": true,
    "IMPS": true,
    "SWIFT": null,
    "ISO3166": "IN-UP"
  },
  "UPCB00BULND": {
    "BANK": "Uttar Pradesh Co-operative Bank",
    "IFSC": "UPCB00BULND",
    "MICR": null,
    "BRANCH": "ZILA SAHKARI BANK LTD BULANDSHAHR",
    "ADDRESS": "MOTI BAGH BULANDSHAHAR 203001",
    "STATE": "UTTAR PRADESH",
    "CONTACT": null,
    "UPI": false,
    "RTGS": true,
    "CITY": "BULANDSHAHR",
    "CENTRE": "BULANDSHAHR",
    "DISTRICT": "BULANDSHAHR",
    "NEFT": true,
    "IMPS": true,
    "SWIFT": null,
    "ISO3166": "IN-UP"
  },
  "UPCB00DCBLB": {
    "BANK": "Uttar Pradesh Co-operative Bank",
    "IFSC": "UPCB00DCBLB",
    "MICR": null,
    "BRANCH": "DISTRICT CO OPERATIVE BANK LTD BALLIA",
    "ADDRESS": "TOWNHALL KASIM BAZAR BALLIA U.P. 277001",
    "STATE": "UTTAR PRADESH",
    "CONTACT": "+919410251386",
    "UPI": false,
    "RTGS": true,
    "CITY": "BALIA",
    "CENTRE": "BALIA",
    "DISTRICT": "BALIA",
    "NEFT": true,
    "IMPS": true,
    "SWIFT": null,
    "ISO3166": "IN-UP"
  },
  "UPCB00DCBLS": {
    "BANK": "Uttar Pradesh Co-operative Bank",
    "IFSC": "UPCB00DCBLS",
    "MICR": null,
    "BRANCH": "DISTRICT COOPERATIVE BANK LTD, SAHARANPUR",
    "ADDRESS": "HEAD OFFICE, RAILWAY ROAD, SAHARANPUR 247001",
    "STATE": "UTTAR PRADESH",
    "CONTACT": null,
    "UPI": false,
    "RTGS": true,
    "CITY": "SAHARANPUR",
    "CENTRE": "SAHARANPUR",
    "DISTRICT": "SAHARANPUR",
    "NEFT": true,
    "IMPS": true,
    "SWIFT": null,
    "ISO3166": "IN-UP"
  },
  "UPCB00DCCBG": {
    "BANK": "Uttar Pradesh Co-operative Bank",
    "IFSC": "UPCB00DCCBG",
    "MICR": "273861030",
    "BRANCH": "ZILA SAHKARI BANK LTD. GORAKHPUR",
    "ADDRESS": "COLLAGE ROAD",
    "STATE": "UTTAR PRADESH",
    "CONTACT": "+919411465077",
    "UPI": false,
    "RTGS": true,
    "CITY": "GORAKHPUR",
    "CENTRE": "GORAKHPUR",
    "DISTRICT": "GORAKHPUR",
    "NEFT": true,
    "IMPS": true,
    "SWIFT": null,
    "ISO3166": "IN-UP"
  },
  "UPCB00DCCBS": {
    "BANK": "Uttar Pradesh Co-operative Bank",
    "IFSC": "UPCB00DCCBS",
    "MICR": null,
    "BRANCH": "THE DISTRICT COOPERATIVE BANK SULTANPUR",
    "ADDRESS": "CIVIL LINE SULTANPUR",
    "STATE": "UTTAR PRADESH",
    "CONTACT": "+919451292232",
    "UPI": false,
    "RTGS": true,
    "CITY": "SULTANPUR",
    "CENTRE": "SULTANPUR",
    "DISTRICT": "SULTANPUR",
    "NEFT": true,
    "IMPS": true,
    "SWIFT": null,
    "ISO3166": "IN-UP"
  },
  "UPCB00DKDCB": {
    "BANK": "Uttar Pradesh Co-operative Bank",
    "IFSC": "UPCB00DKDCB",
    "MICR": null,
    "BRANCH": "DEORIA KASIA DISTRICT CO OPERATIVE BANK LTD",
    "ADDRESS": "NEAR OLD BUS STAND CIVIL LINES DEORIA 274001",
    "STATE": "UTTAR PRADESH",
    "CONTACT": "+918896839315",
    "UPI": false,
    "RTGS": true,
    "CITY": "DEORIA",
    "CENTRE": "DEORIA",
    "DISTRICT": "DEORIA",
    "NEFT": true,
    "IMPS": true,
    "SWIFT": null,
    "ISO3166": "IN-UP"
  },
  "UPCB00ETAWH": {
    "BANK": "Uttar Pradesh Co-operative Bank",
    "IFSC": "UPCB00ETAWH",
    "MICR": null,
    "BRANCH": "ETAWAH DISTRICT CO-OPERATIVE BANK LTD",
    "ADDRESS": "KUTCHERY ROAD,NAURANGABAD,ETAWAH",
    "STATE": "UTTAR PRADESH",
    "CONTACT": null,
    "UPI": false,
    "RTGS": true,
    "CITY": "ETAWAH",
    "CENTRE": "ETAWAH",
    "DISTRICT": "ETAWAH",
    "NEFT": true,
    "IMPS": true,
    "SWIFT": null,
    "ISO3166": "IN-UP"
  },
  "UPCB00ETDCB": {
    "BANK": "Uttar Pradesh Co-operative Bank",
    "IFSC": "UPCB00ETDCB",
    "MICR": null,
    "BRANCH": "ETAH DISTRICT COOPERATIVE BANK LTD",
    "ADDRESS": "POST OFFICE CIVIL LINES, KUCTERY ROAD, ETAH 207001",
    "STATE": "UTTAR PRADESH",
    "CONTACT": null,
    "UPI": false,
    "RTGS": true,
    "CITY": "ETAH",
    "CENTRE": "ETAH",
    "DISTRICT": "ETAH",
    "NEFT": true,
    "IMPS": true,
    "SWIFT": null,
    "ISO3166": "IN-UP"
  },
  "UPCB00FDCBL": {
    "BANK": "Uttar Pradesh Co-operative Bank",
    "IFSC": "UPCB00FDCBL",
    "MICR": null,
    "BRANCH": "THE DISTRICT COOPERATIVE BANK LTD, FARUKKHABAD",
    "ADDRESS": "OPP.RRC GROUND,KANPUR ROAD,FATEHGARH FARRUKHABAD 209601",
    "STATE": "UTTAR PRADESH",
    "CONTACT": null,
    "UPI": false,
    "RTGS": true,
    "CITY": "FARRUKHABAD FATEHGARH",
    "CENTRE": "FARRUKHABAD FATEHGARH",
    "DISTRICT": "FARRUKHABAD FATEHGARH",
    "NEFT": true,
    "IMPS": true,
    "SWIFT": null,
    "ISO3166": "IN-UP"
  },
  "UPCB00FDCCB": {
    "BANK": "Uttar Pradesh Co-operative Bank",
    "IFSC": "UPCB00FDCCB",
    "MICR": null,
    "BRANCH": "DISTRICT CO-OPERATIVE BANK LTD, FAIZABAD",
    "ADDRESS": "DISTRICT CO OPERATIVE BANK LTD, FAIZABAD, COURT COMPOUND FAZABAD PIN 224001",
    "STATE": "UTTAR PRADESH",
    "CONTACT": "+917379127000",
    "UPI": false,
    "RTGS": true,
    "CITY": "FAIZABAD",
    "CENTRE": "FAIZABAD",
    "DISTRICT": "FAIZABAD",
    "NEFT": true,
    "IMPS": true,
    "SWIFT": null,
    "ISO3166": "IN-UP"
  },
  "UPCB00FDCCL": {
    "BANK": "Uttar Pradesh Co-operative Bank",
    "IFSC": "UPCB00FDCCL",
    "MICR": null,
    "BRANCH": "FATEHPUR DISTRICT COOPERATIVE BANK",
    "ADDRESS": "SHADIPUR FATEHPUR",
    "STATE": "UTTAR PRADESH",
    "CONTACT": "+919129169111",
    "UPI": false,
    "RTGS": true,
    "CITY": "FATEHPUR",
    "CENTRE": "FATEHPUR",
    "DISTRICT": "FATEHPUR",
    "NEFT": true,
    "IMPS": true,
    "SWIFT": null,
    "ISO3166": "IN-UP"
  },
  "UPCB00FZSBL": {
    "BANK": "Uttar Pradesh Co-operative Bank",
    "IFSC": "UPCB00FZSBL",
    "MICR": null,
    "BRANCH": "FIROZABAD DISTRICT CENTRAL COOPERATIVE BANK LTD.",
    "ADDRESS": "H. O. COOPERATIVE BANK BUILDING, NH 2 P. O. DABARI , NEAR C. M. O. OFFICE FIROZABAD 283203",
    "STATE": "UTTAR PRADESH",
    "CONTACT": null,
    "UPI": false,
    "RTGS": true,
    "CITY": "FIROZABAD",
    "CENTRE": "FIROZABAD",
    "DISTRICT": "FIROZABAD",
    "NEFT": true,
    "IMPS": true,
    "SWIFT": null,
    "ISO3166": "IN-UP"
  },
  "UPCB00GZSBL": {
    "BANK": "Uttar Pradesh Co-operative Bank",
    "IFSC": "UPCB00GZSBL",
    "MICR": null,
    "BRANCH": "ZILA SAHAKARI BANK LTD GHAZIABAD",
    "ADDRESS": "ZILA SAHAKARI BANK LTD,RAJ NAGAR EXT. GHAZIABAD",
    "STATE": "UTTAR PRADESH",
    "CONTACT": null,
    "UPI": false,
    "RTGS": true,
    "CITY": "GHAZIABAD",
    "CENTRE": "GHAZIABAD",
    "DISTRICT": "GHAZIABAD",
    "NEFT": true,
    "IMPS": true,
    "SWIFT": null,
    "ISO3166": "IN-UP"
  },
  "UPCB00HDCBL": {
    "BANK": "Uttar Pradesh Co-operative Bank",
    "IFSC": "UPCB00HDCBL",
    "MICR": null,
    "BRANCH": "HARDOI DISTT. CO-OPERATIVE BANK LTD.-HARDOI",
    "ADDRESS": "HARDOI DISTT.CO OPERATIVE BANK LTD.1 HARDOI NEW CIVIL LINES HARDOI 241001",
    "STATE": "UTTAR PRADESH",
    "CONTACT": "+919450385791",
    "UPI": false,
    "RTGS": true,
    "CITY": "HARDOI",
    "CENTRE": "HARDOI",
    "DISTRICT": "HARDOI",
    "NEFT": true,
    "IMPS": true,
    "SWIFT": null,
    "ISO3166": "IN-UP"
  },
  "UPCB00HDCCB": {
    "BANK": "Uttar Pradesh Co-operative Bank",
    "IFSC": "UPCB00HDCCB",
    "MICR": null,
    "BRANCH": "HAMIRPUR DISTRICT CO OPERATIVE BANK LTD MAHOBA",
    "ADDRESS": "RATH ROAD MAHOBA, DISTRICT MAHOBA,(U.P) 210427",
    "STATE": "UTTAR PRADESH",
    "CONTACT": null,
    "UPI": false,
    "RTGS": true,
    "CITY": "MAHOBA",
    "CENTRE": "MAHOBA",
    "DISTRICT": "MAHOBA",
    "NEFT": true,
    "IMPS": true,
    "SWIFT": null,
    "ISO3166": "IN-UP"
  },
  "UPCB00JDCBL": {
    "BANK": "Uttar Pradesh Co-operative Bank",
    "IFSC": "UPCB00JDCBL",
    "MICR": null,
    "BRANCH": "JALAUN DISTRICT CO-OPERATIVE BANK LTD",
    "ADDRESS": "JALAUN STATION RAOD ORAI 285001",
    "STATE": "UTTAR PRADESH",
    "CONTACT": null,
    "UPI": false,
    "RTGS": true,
    "CITY": "JALAUN",
    "CENTRE": "JALAUN",
    "DISTRICT": "JALAUN",
    "NEFT": true,
    "IMPS": true,
    "SWIFT": null,
    "ISO3166": "IN-UP"
  },
  "UPCB00KHIRI": {
    "BANK": "Uttar Pradesh Co-operative Bank",
    "IFSC": "UPCB00KHIRI",
    "MICR": null,
    "BRANCH": "DIST. COOP BANK LTD, LAKHIMPUR KHIRI",
    "ADDRESS": "CIVIL LINES, LAKHIMPUR KHIRI 262701",
    "STATE": "UTTAR PRADESH",
    "CONTACT": null,
    "UPI": false,
    "RTGS": true,
    "CITY": "LAKHIMPUR KHERI",
    "CENTRE": "LAKHIMPUR KHERI",
    "DISTRICT": "LAKHIMPUR KHERI",
    "NEFT": true,
    "IMPS": true,
    "SWIFT": null,
    "ISO3166": "IN-UP"
  },
  "UPCB00KZSBL": {
    "BANK": "Uttar Pradesh Co-operative Bank",
    "IFSC": "UPCB00KZSBL",
    "MICR": null,
    "BRANCH": "KANPUR ZILLA SAHAKARI BANK LTD",
    "ADDRESS": "30 D ,O ,BLOCK ALOO MANDI ,KIDWAI NAGAR ,KANPUR 208011",
    "STATE": "UTTAR PRADESH",
    "CONTACT": null,
    "UPI": false,
    "RTGS": true,
    "CITY": "KANPUR",
    "CENTRE": "KANPUR",
    "DISTRICT": "KANPUR",
    "NEFT": true,
    "IMPS": true,
    "SWIFT": null,
    "ISO3166": "IN-UP"
  },
  "UPCB00LDCBL": {
    "BANK": "Uttar Pradesh Co-operative Bank",
    "IFSC": "UPCB00LDCBL",
    "MICR": null,
    "BRANCH": "THE DISTRICT COOPERATIVE BANK LTD, LALITPUR",
    "ADDRESS": "NEAR ELITE CHORAHA, JHANSI ROAD, LALITPUR",
    "STATE": "UTTAR PRADESH",
    "CONTACT": null,
    "UPI": false,
    "RTGS": true,
    "CITY": "LALITPUR",
    "CENTRE": "LALITPUR",
    "DISTRICT": "LALITPUR",
    "NEFT": true,
    "IMPS": true,
    "SWIFT": null,
    "ISO3166": "IN-UP"
  },
  "UPCB00MDCCB": {
    "BANK": "Uttar Pradesh Co-operative Bank",
    "IFSC": "UPCB00MDCCB",
    "MICR": null,
    "BRANCH": "THE DISTRICT COOPERATIVE BANK LTD, MAINPURI",
    "ADDRESS": "COURT ROAD, MAINPURI(U.P) 285001",
    "STATE": "UTTAR PRADESH",
    "CONTACT": null,
    "UPI": false,
    "RTGS": true,
    "CITY": "MAINPURI",
    "CENTRE": "MAINPURI",
    "DISTRICT": "MAINPURI",
    "NEFT": true,
    "IMPS": true,
    "SWIFT": null,
    "ISO3166": "IN-UP"
  },
  "UPCB00MERUT": {
    "BANK": "Uttar Pradesh Co-operative Bank",
    "IFSC": "UPCB00MERUT",
    "MICR": null,
    "BRANCH": "ZILA SAHKARI BANK LTD MEERUT",
    "ADDRESS": "WESTERN KUTCHERY ROAD, MEERUT 25001",
    "STATE": "UTTAR PRADESH",
    "CONTACT": null,
    "UPI": false,
    "RTGS": true,
    "CITY": "MEERUT",
    "CENTRE": "MEERUT",
    "DISTRICT": "MEERUT",
    "NEFT": true,
    "IMPS": true,
    "SWIFT": null,
    "ISO3166": "IN-UP"
  },
  "UPCB00MIRZA": {
    "BANK": "Uttar Pradesh Co-operative Bank",
    "IFSC": "UPCB00MIRZA",
    "MICR": null,
    "BRANCH": "ZILA SAHKARI BANK LTD MIRZAPUR",
    "ADDRESS": "PRADHAN KARYALAYA, COLLECTORATE COMPOUND,MIRZAPUR 231001",
    "STATE": "UTTAR PRADESH",
    "CONTACT": null,
    "UPI": false,
    "RTGS": true,
    "CITY": "MIRZAPUR",
    "CENTRE": "MIRZAPUR",
    "DISTRICT": "MIRZAPUR",
    "NEFT": true,
    "IMPS": true,
    "SWIFT": null,
    "ISO3166": "IN-UP"
  },
  "UPCB00MORAD": {
    "BANK": "Uttar Pradesh Co-operative Bank",
    "IFSC": "UPCB00MORAD",
    "MICR": null,
    "BRANCH": "DISTRICT CO-OPERATIVE BANK MORADABAD",
    "ADDRESS": "NEAR BALAJI MANDIR,COURT ROAD, MORADABAD 244001",
    "STATE": "UTTAR PRADESH",
    "CONTACT": null,
    "UPI": false,
    "RTGS": true,
    "CITY": "MORADABAD",
    "CENTRE": "MORADABAD",
    "DISTRICT": "MORADABAD",
    "NEFT": true,
    "IMPS": true,
    "SWIFT": null,
    "ISO3166": "IN-UP"
  },
  "UPCB00MUZAF": {
    "BANK": "Uttar Pradesh Co-operative Bank",
    "IFSC": "UPCB00MUZAF",
    "MICR": null,
    "BRANCH": "ZILA SAHKARI BANK LTD MUZAFFARNAGAR",
    "ADDRESS": "COURT ROAD, MUZAFFARNAGAR 251001",
    "STATE": "UTTAR PRADESH",
    "CONTACT": null,
    "UPI": false,
    "RTGS": true,
    "CITY": "MUZAFFARNAGAR",
    "CENTRE": "MUZAFFARNAGAR",
    "DISTRICT": "MUZAFFARNAGAR",
    "NEFT": true,
    "IMPS": true,
    "SWIFT": null,
    "ISO3166": "IN-UP"
  },
  "UPCB00MZSBL": {
    "BANK": "Uttar Pradesh Co-operative Bank",
    "IFSC": "UPCB00MZSBL",
    "MICR": null,
    "BRANCH": "MATHURA ZILLA SAHAKARI BANK LTD.",
    "ADDRESS": "DAMPIER NAGAR NEAR BHAGAT SINGH PARK, MATHURA 281001",
    "STATE": "UTTAR PRADESH",
    "CONTACT": null,
    "UPI": false,
    "RTGS": true,
    "CITY": "MATHURA",
    "CENTRE": "MATHURA",
    "DISTRICT": "MATHURA",
    "NEFT": true,
    "IMPS": true,
    "SWIFT": null,
    "ISO3166": "IN-UP"
  },
  "UPCB00NMCBL": {
    "BANK": "Uttar Pradesh Co-operative Bank",
    "IFSC": "UPCB00NMCBL",
    "MICR": null,
    "BRANCH": "NATIONAL MARCANTILE COOP BANK LTD",
    "ADDRESS": "27/4A BN ROAD KAISARBAGH LUCKNOW",
    "STATE": "UTTAR PRADESH",
    "CONTACT": "+919532898035",
    "UPI": false,
    "RTGS": true,
    "CITY": "LUCKNOW",
    "CENTRE": "LUCKNOW",
    "DISTRICT": "LUCKNOW",
    "NEFT": true,
    "IMPS": true,
    "SWIFT": null,
    "ISO3166": "IN-UP"
  },
  "UPCB00PDCBL": {
    "BANK": "Uttar Pradesh Co-operative Bank",
    "IFSC": "UPCB00PDCBL",
    "MICR": null,
    "BRANCH": "PILIBHIT DISTRICT CO-OPERATIVE BANK LTD",
    "ADDRESS": "REGIONAL OFIICE NEAR CHATARI CHAURAHA PILIBHIT 2627001",
    "STATE": "UTTAR PRADESH",
    "CONTACT": null,
    "UPI": false,
    "RTGS": true,
    "CITY": "PILIBHIT",
    "CENTRE": "PILIBHIT",
    "DISTRICT": "PILIBHIT",
    "NEFT": true,
    "IMPS": true,
    "SWIFT": null,
    "ISO3166": "IN-UP"
  },
  "UPCB00PRDCB": {
    "BANK": "Uttar Pradesh Co-operative Bank",
    "IFSC": "UPCB00PRDCB",
    "MICR": null,
    "BRANCH": "THE DISTRICT COOPERATIVE BANK LTD, PRATAPGARGH",
    "ADDRESS": "RAJPAL TANKI , PRATAPGARH ,(UP) 230001",
    "STATE": "UTTAR PRADESH",
    "CONTACT": null,
    "UPI": false,
    "RTGS": true,
    "CITY": "PRATAPGARH",
    "CENTRE": "PRATAPGARH",
    "DISTRICT": "PRATAPGARH",
    "NEFT": true,
    "IMPS": true,
    "SWIFT": null,
    "ISO3166": "IN-UP"
  },
  "UPCB00RAMPR": {
    "BANK": "Uttar Pradesh Co-operative Bank",
    "IFSC": "UPCB00RAMPR",
    "MICR": null,
    "BRANCH": "RAMPUR ZILA SAHAKARI BANK LTD",
    "ADDRESS": "CIVIL LINES, RAMPUR 244901",
    "STATE": "UTTAR PRADESH",
    "CONTACT": null,
    "UPI": false,
    "RTGS": true,
    "CITY": "RAMPUR",
    "CENTRE": "RAMPUR",
    "DISTRICT": "RAMPUR",
    "NEFT": true,
    "IMPS": true,
    "SWIFT": null,
    "ISO3166": "IN-UP"
  },
  "UPCB00RBDCB": {
    "BANK": "Uttar Pradesh Co-operative Bank",
    "IFSC": "UPCB00RBDCB",
    "MICR": null,
    "BRANCH": "RAE BARELI DISTRICT COOPERATIVE BANK LTD",
    "ADDRESS": "RAE BARELI COOP BANK BUILDING, IST FLOOR, H.P.O. KAIPERGANJ, GHANTAGHAR, KUTCHERY RD. RAE BARELI 229 001",
    "STATE": "UTTAR PRADESH",
    "CONTACT": null,
    "UPI": false,
    "RTGS": true,
    "CITY": "RAE BARELI",
    "CENTRE": "RAE BARELI",
    "DISTRICT": "RAE BARELI",
    "NEFT": true,
    "IMPS": true,
    "SWIFT": null,
    "ISO3166": "IN-UP"
  },
  "UPCB00SJDCB": {
    "BANK": "Uttar Pradesh Co-operative Bank",
    "IFSC": "UPCB00SJDCB",
    "MICR": null,
    "BRANCH": "SHAHJAHANPUR DISTRICT CENTRAL CO-OPERATIVE BANK LTD.",
    "ADDRESS": "PRADHAN KARYALA, CIVIL LINES, NEAR KUCHHERY, SHAHJAHANPUR 242001",
    "STATE": "UTTAR PRADESH",
    "CONTACT": null,
    "UPI": false,
    "RTGS": true,
    "CITY": "SHAHJAHANPUR",
    "CENTRE": "SHAHJAHANPUR",
    "DISTRICT": "SHAHJAHANPUR",
    "NEFT": true,
    "IMPS": true,
    "SWIFT": null,
    "ISO3166": "IN-UP"
  },
  "UPCB00UDCCB": {
    "BANK": "Uttar Pradesh Co-operative Bank",
    "IFSC": "UPCB00UDCCB",
    "MICR": null,
    "BRANCH": "THE DISTRICT COOPERATIVE BANK LTD, UNNAO",
    "ADDRESS": "DHAWAN ROAD UNNAO,(U.P) 209801",
    "STATE": "UTTAR PRADESH",
    "CONTACT": null,
    "UPI": false,
    "RTGS": true,
    "CITY": "UNNAO",
    "CENTRE": "UNNAO",
    "DISTRICT": "UNNAO",
    "NEFT": true,
    "IMPS": true,
    "SWIFT": null,
    "ISO3166": "IN-UP"
  },
  "UPCB00VDCBL": {
    "BANK": "Uttar Pradesh Co-operative Bank",
    "IFSC": "UPCB00VDCBL",
    "MICR": null,
    "BRANCH": "DISTRICT COOPERATIVE BANK LTD,VARANASI",
    "ADDRESS": "DISTRICT COOPERATIVE BANK LTD,VARANASI TELIYABAGH , VARANASI",
    "STATE": "UTTAR PRADESH",
    "CONTACT": "+915422203261",
    "UPI": false,
    "RTGS": true,
    "CITY": "VARANASI",
    "CENTRE": "VARANASI",
    "DISTRICT": "VARANASI",
    "NEFT": true,
    "IMPS": true,
    "SWIFT": null,
    "ISO3166": "IN-UP"
  },
  "UPCB00ZSBBU": {
    "BANK": "Uttar Pradesh Co-operative Bank",
    "IFSC": "UPCB00ZSBBU",
    "MICR": null,
    "BRANCH": "ZILA SAHKARI BANK LTD BUDAUN",
    "ADDRESS": "SAHAKARI BANK BHAWAN FIRST FLOOR STATION ROAD CIVIL LINE BUDAUN 243601",
    "STATE": "UTTAR PRADESH",
    "CONTACT": "+919411815573",
    "UPI": false,
    "RTGS": true,
    "CITY": "BADAUN",
    "CENTRE": "BADAUN",
    "DISTRICT": "BADAUN",
    "NEFT": true,
    "IMPS": true,
    "SWIFT": null,
    "ISO3166": "IN-UP"
  },
  "UPCB00ZSBJR": {
    "BANK": "Uttar Pradesh Co-operative Bank",
    "IFSC": "UPCB00ZSBJR",
    "MICR": null,
    "BRANCH": "ZILA SAHKARI BANK LTD, JAUNPUR",
    "ADDRESS": "COLLECTORATE COMPOUND,JAUNPUR",
    "STATE": "UTTAR PRADESH",
    "CONTACT": "+919412405584",
    "UPI": false,
    "RTGS": true,
    "CITY": "JAUNPUR",
    "CENTRE": "JAUNPUR",
    "DISTRICT": "JAUNPUR",
    "NEFT": true,
    "IMPS": true,
    "SWIFT": null,
    "ISO3166": "IN-UP"
  },
  "UPCB00ZSBLA": {
    "BANK": "Uttar Pradesh Co-operative Bank",
    "IFSC": "UPCB00ZSBLA",
    "MICR": null,
    "BRANCH": "ZILA SAHKARI BANK LTD, AZAMGARH",
    "ADDRESS": "NEAR NAGAR PALIKA,CIVIL LINES,AZAMGARH 276001",
    "STATE": "UTTAR PRADESH",
    "CONTACT": "+919451869390",
    "UPI": false,
    "RTGS": true,
    "CITY": "AZAMGARH",
    "CENTRE": "AZAMGARH",
    "DISTRICT": "AZAMGARH",
    "NEFT": true,
    "IMPS": true,
    "SWIFT": null,
    "ISO3166": "IN-UP"
  },
  "UPCB00ZSBLB": {
    "BANK": "Uttar Pradesh Co-operative Bank",
    "IFSC": "UPCB00ZSBLB",
    "MICR": null,
    "BRANCH": "ZILA SAHAKARI BANK LTD, BAREILLY",
    "ADDRESS": "SHAHJAHANPUR ROAD, GANGAPUR, BAREILLY 243005",
    "STATE": "UTTAR PRADESH",
    "CONTACT": null,
    "UPI": false,
    "RTGS": true,
    "CITY": "BAREILLY",
    "CENTRE": "BAREILLY",
    "DISTRICT": "BAREILLY",
    "NEFT": true,
    "IMPS": true,
    "SWIFT": null,
    "ISO3166": "IN-UP"
  },
  "UPCB00ZSBLG": {
    "BANK": "Uttar Pradesh Co-operative Bank",
    "IFSC": "UPCB00ZSBLG",
    "MICR": null,
    "BRANCH": "ZILA SAHKARI BANK LTD, GHAZIPUR",
    "ADDRESS": "NEAR KACHERA,GHAZIPUR 233001",
    "STATE": "UTTAR PRADESH",
    "CONTACT": "+919415627238",
    "UPI": false,
    "RTGS": true,
    "CITY": "GHAZIPUR",
    "CENTRE": "GHAZIPUR",
    "DISTRICT": "GHAZIPUR",
    "NEFT": true,
    "IMPS": true,
    "SWIFT": null,
    "ISO3166": "IN-UP"
  },
  "UPCB00ZSBLJ": {
    "BANK": "Uttar Pradesh Co-operative Bank",
    "IFSC": "UPCB00ZSBLJ",
    "MICR": null,
    "BRANCH": "ZILA SAHKARI BANK LTD, JHANSI",
    "ADDRESS": "156/1 CIVIL LINES JHANSI (U.P) 284001",
    "STATE": "UTTAR PRADESH",
    "CONTACT": null,
    "UPI": false,
    "RTGS": true,
    "CITY": "JHANSI",
    "CENTRE": "JHANSI",
    "DISTRICT": "JHANSI",
    "NEFT": true,
    "IMPS": true,
    "SWIFT": null,
    "ISO3166": "IN-UP"
  },
  "UPCB00ZSBLL": {
    "BANK": "Uttar Pradesh Co-operative Bank",
    "IFSC": "UPCB00ZSBLL",
    "MICR": null,
    "BRANCH": "ZILA SAHKARI BANK LTD LUCKNOW",
    "ADDRESS": "JAGDISH BUILDING HAZRATGANJ LUCKNOW 226001",
    "STATE": "UTTAR PRADESH",
    "CONTACT": "+918756400205",
    "UPI": false,
    "RTGS": true,
    "CITY": "LUCKNOW",
    "CENTRE": "LUCKNOW",
    "DISTRICT": "LUCKNOW",
    "NEFT": true,
    "IMPS": true,
    "SWIFT": null,
    "ISO3166": "IN-UP"
  },
  "UPCB00ZSBLS": {
    "BANK": "Uttar Pradesh Co-operative Bank",
    "IFSC": "UPCB00ZSBLS",
    "MICR": null,
    "BRANCH": "ZILA SAHKARI BANK LTD SITAPUR",
    "ADDRESS": "2 MALL ROAD, BEGUM BAGH, SITAPUR 261001",
    "STATE": "UTTAR PRADESH",
    "CONTACT": "+918874205632",
    "UPI": false,
    "RTGS": true,
    "CITY": "SITAPUR",
    "CENTRE": "SITAPUR",
    "DISTRICT": "SITAPUR",
    "NEFT": true,
    "IMPS": true,
    "SWIFT": null,
    "ISO3166": "IN-UP"
  },
  "UPCB00ZSBSN": {
    "BANK": "Uttar Pradesh Co-operative Bank",
    "IFSC": "UPCB00ZSBSN",
    "MICR": null,
    "BRANCH": "ZILA SAHKARI BANK LTD SIDDHARTHNAGAR",
    "ADDRESS": "BANK ROAD TETRI BAZAR SIDDHARTHNAGAR UP",
    "STATE": "UTTAR PRADESH",
    "CONTACT": "+917398680286",
    "UPI": false,
    "RTGS": true,
    "CITY": "NAUGARH",
    "CENTRE": "NAUGARH",
    "DISTRICT": "NAUGARH",
    "NEFT": true,
    "IMPS": true,
    "SWIFT": null,
    "ISO3166": "IN-UP"
  },
  "UPCB00ZSMAU": {
    "BANK": "Uttar Pradesh Co-operative Bank",
    "IFSC": "UPCB00ZSMAU",
    "MICR": null,
    "BRANCH": "ZILA SAHAKARI BANK LTD MAU",
    "ADDRESS": "ZILA SAHAKARI BANK LTD, 275, INDIRA COMPLEX, 2ND FLOOR, SAHADATPURA, MAU 275001",
    "STATE": "UTTAR PRADESH",
    "CONTACT": null,
    "UPI": false,
    "RTGS": true,
    "CITY": "SAHADATPURA",
    "CENTRE": "SAHADATPURA",
    "DISTRICT": "SAHADATPURA",
    "NEFT": true,
    "IMPS": true,
    "SWIFT": null,
    "ISO3166": "IN-UP"
  }
}