{
  "UTKS0001001": {
    "BANK": "UTKARSH SMALL FINANCE BANK",
    "IFSC": "UTKS0001001",
    "BRANCH": "ASHOK VIHAR",
    "ADDRESS": "1ST FLR PL NO 107 108 HOUSE NO SA 37 BY 20 RLG COMPLEX VASUDEV NAGAR PAHARIA VARANASI 221007",
    "CONTACT": "7752802002",
    "CITY": "VARANASI",
    "DISTRICT": "VARANASI",
    "STATE": "UTTAR PRADESH"
  },
  "UTKS0001002": {
    "BANK": "UTKARSH SMALL FINANCE BANK",
    "IFSC": "UTKS0001002",
    "BRANCH": "SIGRA",
    "ADDRESS": "CAREOFMSPUSHPASINGHD56BY1561RAJANSAHINAGAROPPOSITESAGUNSWEETSDISTVARANASI221010",
    "CONTACT": "7897075586",
    "CITY": "VARANASI",
    "DISTRICT": "VARANASI",
    "STATE": "UTTAR PRADESH"
  },
  "UTKS0001003": {
    "BANK": "UTKARSH SMALL FINANCE BANK",
    "IFSC": "UTKS0001003",
    "BRANCH": "HARAHUA",
    "ADDRESS": "CARE OF NANHERAM MAURYA SON OF JAGERAM MAURYA VILL KOIRAJPUR POST HARAHUA DIST VARANASI 221202",
    "CONTACT": "9794843382",
    "CITY": "VARANASI",
    "DISTRICT": "VARANASI",
    "STATE": "UTTAR PRADESH"
  },
  "UTKS0001004": {
    "BANK": "UTKARSH SMALL FINANCE BANK",
    "IFSC": "UTKS0001004",
    "BRANCH": "JANSA",
    "ADDRESS": "MR.ANIL GIRI,BHADOHI ROAD JANSA BAZAR DIST-VARANASI PIN-221405",
    "CONTACT": "9794843392",
    "CITY": "VARANASI",
    "DISTRICT": "VARANASI",
    "STATE": "UTTAR PRADESH"
  },
  "UTKS0001005": {
    "BANK": "UTKARSH SMALL FINANCE BANK",
    "IFSC": "UTKS0001005",
    "BRANCH": "SINDHORA",
    "ADDRESS": "VILLAGE- SINDHORA, PARAGANA- KOLASLA, TEHSIL-PINDRA, DISTRICT- VARANASI, STATE- UTTAR PRADESH, PIN CODE- 221208",
    "CONTACT": "7752802050",
    "CITY": "VARANASI",
    "DISTRICT": "VARANASI",
    "STATE": "UTTAR PRADESH"
  },
  "UTKS0001006": {
    "BANK": "UTKARSH SMALL FINANCE BANK",
    "IFSC": "UTKS0001006",
    "BRANCH": "CHANDWAK",
    "ADDRESS": "ARAZI NO.- 47,MAUZA-MANIYAREPUR,PARAGANA - KERAKAT,TAHSIL-KERAKAT,CHANDAVAK,DIST - JAUNPUR,E FI-CODE-2221 29",
    "CONTACT": "7457929624",
    "CITY": "JAUNPUR",
    "DISTRICT": "JAUNPUR",
    "STATE": "UTTAR PRADESH"
  },
  "UTKS0001007": {
    "BANK": "UTKARSH SMALL FINANCE BANK",
    "IFSC": "UTKS0001007",
    "BRANCH": "PERMANATPUR",
    "ADDRESS": "ARAZI NO.108/81/1,AREA 1875 SQ.FT,MAUZA - UMARPUR,HARIBANDHANPUR,PARAGANA - HAVELI,TEHSIL - SADAR,PARMANATHPUR,DISTRICT - JUANPUR,STATE - UTTAR PRADESH,PIN CODE-222002",
    "CONTACT": "7318016335",
    "CITY": "JAUNPUR",
    "DISTRICT": "JAUNPUR",
    "STATE": "UTTAR PRADESH"
  },
  "UTKS0001008": {
    "BANK": "UTKARSH SMALL FINANCE BANK",
    "IFSC": "UTKS0001008",
    "BRANCH": "HANUMANGANJ",
    "ADDRESS": "ARAZI NO.- 121,VILLAGE - PATTI GHEENA OR LALAPUR,PARAGANA - JHUSI,TEHSIL - PHOOLPUR,DISTRICT - ALLAHABAD,PIN CODE - 221505",
    "CONTACT": "7607999431",
    "CITY": "ALLAHABAD",
    "DISTRICT": "ALLAHABAD",
    "STATE": "UTTAR PRADESH"
  },
  "UTKS0001011": {
    "BANK": "UTKARSH SMALL FINANCE BANK",
    "IFSC": "UTKS0001011",
    "BRANCH": "ALOPIBAGH",
    "ADDRESS": "GROUND FLOOR,HOUSE NO.47/8,ALOPIBAGH,DISTRICT - ALLAHABAD,STATE - UTTAR PRADESH,PIN CODE - 211006",
    "CONTACT": "7457951203",
    "CITY": "ALLAHABAD",
    "DISTRICT": "ALLAHABAD",
    "STATE": "UTTAR PRADESH"
  },
  "UTKS0001012": {
    "BANK": "UTKARSH SMALL FINANCE BANK",
    "IFSC": "UTKS0001012",
    "BRANCH": "JALALPUR",
    "ADDRESS": "NO - 53,VILLAGE - SUNDARPUR,PARAGANA - HAVELI,TEHSIL - CHUNAR,POST - JAMUHAR,JAMUI,DISTRICT - MIRZAPUR,STATE - UTTAR PRADESH,PIN CODE-231301",
    "CONTACT": "8853098625",
    "CITY": "MIRZAPUR",
    "DISTRICT": "MIRZAPUR",
    "STATE": "UTTAR PRADESH"
  },
  "UTKS0001014": {
    "BANK": "UTKARSH SMALL FINANCE BANK",
    "IFSC": "UTKS0001014",
    "BRANCH": "AURAI",
    "ADDRESS": "ARAZI NO - 107,VILLAGE - AURAI,TALUKA - ASNAO,TEHSIL - AURAI,DISTRICT - SANT RAVIDAS NAGAR,BHADOHI,STATE - UTTAR PRADESH,PIN CODE - 221301",
    "CONTACT": "7080103842",
    "CITY": "MIRZAPUR",
    "DISTRICT": "MIRZAPUR",
    "STATE": "UTTAR PRADESH"
  },
  "UTKS0001015": {
    "BANK": "UTKARSH SMALL FINANCE BANK",
    "IFSC": "UTKS0001015",
    "BRANCH": "GAUHANIA",
    "ADDRESS": "ARAZI NO - 428 GA,MAUZA - GAUHANIYA,ARAILL,TEHSIL - BARA,DISTRICT - ALLAHABAD,STATE - UTTAR PRADESH,PIN CODE - 212107",
    "CONTACT": "7607999340",
    "CITY": "ALLAHABAD",
    "DISTRICT": "ALLAHABAD",
    "STATE": "UTTAR PRADESH"
  },
  "UTKS0001016": {
    "BANK": "UTKARSH SMALL FINANCE BANK",
    "IFSC": "UTKS0001016",
    "BRANCH": "KARCHHANA",
    "ADDRESS": "GROUND FLOOR,ARAZI NO.214,AREA - 080 HECTARE,AND ARAZI NO.215,AREA - 0.130 HECTATE,MAUZA - HINDUPUR,PARAGANA - ARAIL,TAHSIL - KARCHHANA,DISTRICT - ALLAHABAD,PIN CODE-212301",
    "CONTACT": "9794839611",
    "CITY": "ALLAHABAD",
    "DISTRICT": "ALLAHABAD",
    "STATE": "UTTAR PRADESH"
  },
  "UTKS0001017": {
    "BANK": "UTKARSH SMALL FINANCE BANK",
    "IFSC": "UTKS0001017",
    "BRANCH": "KASIMABAD",
    "ADDRESS": "MAUZA - SONVARSHA URF KASIMABAD,PARAGANA - JAHARABAD,TAHSIL - KASIMABAD,DISTRICT-GHAZIPUR - STATE - UTTAR PRADESH,PIN CODE-233230",
    "CONTACT": "7897994722",
    "CITY": "GHAZIPUR",
    "DISTRICT": "GHAZIPUR",
    "STATE": "UTTAR PRADESH"
  },
  "UTKS0001019": {
    "BANK": "UTKARSH SMALL FINANCE BANK",
    "IFSC": "UTKS0001019",
    "BRANCH": "MACHHLISHAHAR",
    "ADDRESS": "MAUZA- GHISUA KHAS, PARAGANA- GHISUA, TAHSIL- MACHHALI SHAHAR, DISTRICT- JAUNPUR, STATE- UTTAR PRADESH, PIN CODE- 222143",
    "CONTACT": "7897994727",
    "CITY": "JAUNPUR",
    "DISTRICT": "JAUNPUR",
    "STATE": "UTTAR PRADESH"
  },
  "UTKS0001020": {
    "BANK": "UTKARSH SMALL FINANCE BANK",
    "IFSC": "UTKS0001020",
    "BRANCH": "SULTANPUR",
    "ADDRESS": "C/O UNITED ASSOCIATE PAYAGIPUR,SULTANPUR UP PIN CODE 228001",
    "CONTACT": "8953183761",
    "CITY": "SULTANPUR",
    "DISTRICT": "SULTANPUR",
    "STATE": "UTTAR PRADESH"
  },
  "UTKS0001021": {
    "BANK": "UTKARSH SMALL FINANCE BANK",
    "IFSC": "UTKS0001021",
    "BRANCH": "NANDGANJ",
    "ADDRESS": "GROUND FLOOR, , MAUZA- BARAHPUR, (SAIDPUR), TEHSIL- SAIDPUR, DISTRICT- GHAZIPUR, STATE- UTTAR PRADESH, PIN CODE- 233302",
    "CONTACT": "9794839907",
    "CITY": "GHAZIPUR",
    "DISTRICT": "GHAZIPUR",
    "STATE": "UTTAR PRADESH"
  },
  "UTKS0001022": {
    "BANK": "UTKARSH SMALL FINANCE BANK",
    "IFSC": "UTKS0001022",
    "BRANCH": "CHAUBEYPUR",
    "ADDRESS": "MAUZA - BARSADHA,PARGANA - KATEHAR,TEHSIL-SADAR,DISTRICT - VARANASI,STATE - UTTAR PRADESH,PIN CODE-221104",
    "CONTACT": "7752802009",
    "CITY": "VARANASI",
    "DISTRICT": "VARANASI",
    "STATE": "UTTAR PRADESH"
  },
  "UTKS0001023": {
    "BANK": "UTKARSH SMALL FINANCE BANK",
    "IFSC": "UTKS0001023",
    "BRANCH": "JAMUI",
    "ADDRESS": "NO.- 53,VILLAGE - SUNDARPUR,PARAGANA - HAVELI,TEHSIL - CHUNAR,POST - JAMUHAR,JAMUI,DISTRICT - MIRZAPUR,STATE - UTTAR PRADESH,PIN CODE-231301",
    "CONTACT": "9794839903",
    "CITY": "MIRZAPUR",
    "DISTRICT": "MIRZAPUR",
    "STATE": "UTTAR PRADESH"
  },
  "UTKS0001024": {
    "BANK": "UTKARSH SMALL FINANCE BANK",
    "IFSC": "UTKS0001024",
    "BRANCH": "LAMBHUA",
    "ADDRESS": "FIRST FLOOR,ARAZI NO.691,AREA NO.4 VISWA OF 0.054 HEC.MAUZA - LAMBHUA,PARAGANA - CHANDA,TAHSIL - LAMBHUA,DISTRICT - SULTANPUR,UTTAR PRADESH,PIN CODE - 222302",
    "CONTACT": "9956010932",
    "CITY": "SULTANPUR",
    "DISTRICT": "SULTANPUR",
    "STATE": "UTTAR PRADESH"
  },
  "UTKS0001025": {
    "BANK": "UTKARSH SMALL FINANCE BANK",
    "IFSC": "UTKS0001025",
    "BRANCH": "GIRDHARGANJ, GORAKHPUR",
    "ADDRESS": "PLOT NO-294,FMAHADEJHARKHANDIYJANAUNDERUHUSINGANDDEVELPMENTAUTHRITY,GRDHARGANJBAZAR,DERIARAD,DISTRICT-GRAKHPUR,INCDE-273008",
    "CONTACT": "7317514153",
    "CITY": "GORAKHPUR",
    "DISTRICT": "GORAKHPUR",
    "STATE": "UTTAR PRADESH"
  },
  "UTKS0001026": {
    "BANK": "UTKARSH SMALL FINANCE BANK",
    "IFSC": "UTKS0001026",
    "BRANCH": "CHAURI CHAURA",
    "ADDRESS": "VILL-CHAURA, PARAGANA-HAVELI, POST- CHAURI CHAURA, NEAR THANA \u0013 CHAURI CHAURA MEN ROAD DIST- GORAKHPUR, UP PIN CODE 273201",
    "CONTACT": "7607999327",
    "CITY": "GORAKHPUR",
    "DISTRICT": "GORAKHPUR",
    "STATE": "UTTAR PRADESH"
  },
  "UTKS0001027": {
    "BANK": "UTKARSH SMALL FINANCE BANK",
    "IFSC": "UTKS0001027",
    "BRANCH": "CHAURI",
    "ADDRESS": "PLOT NO-520,VILLAGE-MANIKPUR,ARAGANA-BHADHI,TALUKA-ASNA,TEHSIL-BHADHI,DISTRICT-SANTRAVIDASNAGAR,BHADHI,STATE-UTTARRADESH,INCDE-221402",
    "CONTACT": "9794861580",
    "CITY": "SANT RAVIDAS NAGAR, BHADOHI",
    "DISTRICT": "SANT RAVIDAS NAGAR, BHADOHI",
    "STATE": "UTTAR PRADESH"
  },
  "UTKS0001028": {
    "BANK": "UTKARSH SMALL FINANCE BANK",
    "IFSC": "UTKS0001028",
    "BRANCH": "HANDIA",
    "ADDRESS": "C/O MRS.AYASHA BEGAM,FIRST FLOOR,WARD - 2,VILL - BHAIRAPUR,THANA HANDIA,TAHSIL - HANDIA,DIST-ALLAHABAD PIN-221503",
    "CONTACT": "7525039769",
    "CITY": "ALLAHABAD",
    "DISTRICT": "ALLAHABAD",
    "STATE": "UTTAR PRADESH"
  },
  "UTKS0001029": {
    "BANK": "UTKARSH SMALL FINANCE BANK",
    "IFSC": "UTKS0001029",
    "BRANCH": "SAIDPUR",
    "ADDRESS": "YADAV CHAK,BHETRI MOD SAIDPUR GHAZIPUR UP PIN CODE-233304",
    "CONTACT": "8173001128",
    "CITY": "SAIDPUR",
    "DISTRICT": "GHAZIPUR",
    "STATE": "UTTAR PRADESH"
  },
  "UTKS0001030": {
    "BANK": "UTKARSH SMALL FINANCE BANK",
    "IFSC": "UTKS0001030",
    "BRANCH": "CHAKIA",
    "ADDRESS": "ARAZI NO.30,NEAR BHARDWAJ CLINIC,WARD NO - 7,VILLAGE - DIREHU,PARAGANA-KERAMNGRAOUR,TEHSIL - CHAKIA,DISTRICT - CHANDAULI,STATE - UTTAR PRADESH,PIN CODE - 232103",
    "CONTACT": "9519203666",
    "CITY": "CHANDAULI",
    "DISTRICT": "CHANDAULI",
    "STATE": "UTTAR PRADESH"
  },
  "UTKS0001031": {
    "BANK": "UTKARSH SMALL FINANCE BANK",
    "IFSC": "UTKS0001031",
    "BRANCH": "CHANDAULI",
    "ADDRESS": "WARD NO-14,VILLAGE - JASURI,PARAGANA-MAJHWAR,TEHSIL - CHANDAULI,DISTRICT - CHANDAULI,STATE - UTTAR PRADESH,PIN CODE - 232104",
    "CONTACT": "8340745165",
    "CITY": "CHANDAULI",
    "DISTRICT": "CHANDAULI",
    "STATE": "UTTAR PRADESH"
  },
  "UTKS0001033": {
    "BANK": "UTKARSH SMALL FINANCE BANK",
    "IFSC": "UTKS0001033",
    "BRANCH": "PIPRAICH",
    "ADDRESS": "WORD NO.10 VIJAY CHAUK PIPRAICH GORAKHPUR,273152",
    "CONTACT": "9102999474",
    "CITY": "GORAKHPUR",
    "DISTRICT": "GORAKHPUR",
    "STATE": "UTTAR PRADESH"
  },
  "UTKS0001035": {
    "BANK": "UTKARSH SMALL FINANCE BANK",
    "IFSC": "UTKS0001035",
    "BRANCH": "NAUPEDWA",
    "ADDRESS": "PLOT NO.- 182,VILLAGE - MOHAMMADPUR CHAK ENGLISH,PARAGANA - RARI,TEHSIL - SADAR,DISTRICT - JAUNPUR,STATE - UTTAR PRADESH,PIN CODE - 222109",
    "CONTACT": "8853098384",
    "CITY": "JAUNPUR",
    "DISTRICT": "JAUNPUR",
    "STATE": "UTTAR PRADESH"
  },
  "UTKS0001036": {
    "BANK": "UTKARSH SMALL FINANCE BANK",
    "IFSC": "UTKS0001036",
    "BRANCH": "KADIPUR",
    "ADDRESS": "NH-54,NARAYANPARA,KADIPUR,DIST - SULTANPUR UP PIN CODE - 228145",
    "CONTACT": "7897078568",
    "CITY": "SULTANPUR",
    "DISTRICT": "SULTANPUR",
    "STATE": "UTTAR PRADESH"
  },
  "UTKS0001037": {
    "BANK": "UTKARSH SMALL FINANCE BANK",
    "IFSC": "UTKS0001037",
    "BRANCH": "ETWA PUTLIGARH",
    "ADDRESS": "C/OMR.SHYAMDEVMAURYACHAUBEGHAT,NEARINCOMETAXOFFICEPOST-PUTLIGHAR,DIST-MIRZAPUR,PINCODE231001",
    "CONTACT": "7607999355",
    "CITY": "MIRZAPUR",
    "DISTRICT": "MIRZAPUR",
    "STATE": "UTTAR PRADESH"
  },
  "UTKS0001039": {
    "BANK": "UTKARSH SMALL FINANCE BANK",
    "IFSC": "UTKS0001039",
    "BRANCH": "NARAYANPUR",
    "ADDRESS": "ARAZI NO.- 317& 318,MAUZA - JAMALPUR,BARAIPUR,PARAGANA - BHUILEE,TEHSIL - CHUNAR,DISTRICT - MIRZAPUR,STATE - UTTAR PRADESH,PIN CODE - 231305",
    "CONTACT": "7607770840",
    "CITY": "MIRZAPUR",
    "DISTRICT": "MIRZAPUR",
    "STATE": "UTTAR PRADESH"
  },
  "UTKS0001041": {
    "BANK": "UTKARSH SMALL FINANCE BANK",
    "IFSC": "UTKS0001041",
    "BRANCH": "KOIRAUNA",
    "ADDRESS": "C/O SHIVANAND PANDEY,FIRST FLOOR,VILL-KHEDOPUR,THANA-KOIRAUNA,NEAR PETROL PUMP KSK,DIST - BHADOHI,PIN CODE - 221309",
    "CONTACT": "9794843391",
    "CITY": "GYANPUR",
    "DISTRICT": "HDH",
    "STATE": "UTTAR PRADESH"
  },
  "UTKS0001042": {
    "BANK": "UTKARSH SMALL FINANCE BANK",
    "IFSC": "UTKS0001042",
    "BRANCH": "KUREBHAR",
    "ADDRESS": "GROUND FLOOR,ARAZI NO.238,SIDDHI GANESHPUR,PARAGANA - BAROUSA,TAHSIL - SADAR,DISTRICT - SULTANPUR,STATE - UTTAR PRADESH,PIN CODE - 228151",
    "CONTACT": "9956017646",
    "CITY": "SULTANPUR",
    "DISTRICT": "SULTANPUR",
    "STATE": "UTTAR PRADESH"
  },
  "UTKS0001043": {
    "BANK": "UTKARSH SMALL FINANCE BANK",
    "IFSC": "UTKS0001043",
    "BRANCH": "KAURIRAM",
    "ADDRESS": "GROUND FLOOR,ARAZI NO.37 MIN,VILLAGE - BALUA BUJURG,PARAGANA - BHAUWAPAR,TEHSIL - BANSGAON,DISTRICT - GORAKHPUR,PIN CODE - 273413",
    "CONTACT": "9984717072",
    "CITY": "GORAKHPUR",
    "DISTRICT": "GORAKHPUR",
    "STATE": "UTTAR PRADESH"
  },
  "UTKS0001044": {
    "BANK": "UTKARSH SMALL FINANCE BANK",
    "IFSC": "UTKS0001044",
    "BRANCH": "BEHEA",
    "ADDRESS": "FIRST FLOOR, UMRAOGANJ, RAJABAZAR, NEAR POWER HOUSE P.S. BIHIYA, DISTRICT BHOJPUR BIHAR 802152",
    "CONTACT": "9102997985",
    "CITY": "BEHEA",
    "DISTRICT": "BHOJPUR",
    "STATE": "BIHAR",
    "RTGS": true
  },
  "UTKS0001046": {
    "BANK": "UTKARSH SMALL FINANCE BANK",
    "IFSC": "UTKS0001046",
    "BRANCH": "DANAPUR",
    "ADDRESS": "GOLA ROAD NEAR AXIS BANK DANAPUR PATNA 801503",
    "CONTACT": "7091593532",
    "CITY": "PATNA",
    "DISTRICT": "PATNA",
    "STATE": "BIHAR",
    "RTGS": true
  },
  "UTKS0001047": {
    "BANK": "UTKARSH SMALL FINANCE BANK",
    "IFSC": "UTKS0001047",
    "BRANCH": "ARRAH",
    "ADDRESS": "JAIN COLLEGE,PURVI GET NORTH COMPLEX,THANA - NAWADA,DIST-BHOJPUR BIHAR PIN CODE - 802301",
    "CONTACT": "7091599435",
    "CITY": "ARRAH",
    "DISTRICT": "BHOJPUR",
    "STATE": "BIHAR",
    "RTGS": true
  },
  "UTKS0001049": {
    "BANK": "UTKARSH SMALL FINANCE BANK",
    "IFSC": "UTKS0001049",
    "BRANCH": "KHUTAHAN",
    "ADDRESS": "CHAK NO - 1965-I,PLOT NO - 1647/8/2 VILLAGE - PILKICHHA,PARAGANA - ANGULI,TEHSIL - SHAHGANJ,ALLAHABAD ROAD,KHUTHAN,DISTRICT - JAUNPUR,STATE-UP,PIN CODE - 223104",
    "CONTACT": "9794843365",
    "CITY": "JAUNPUR",
    "DISTRICT": "JAUNPUR",
    "STATE": "UTTAR PRADESH"
  },
  "UTKS0001050": {
    "BANK": "UTKARSH SMALL FINANCE BANK",
    "IFSC": "UTKS0001050",
    "BRANCH": "MEHNAGAR",
    "ADDRESS": "C/O MR.ASHOK PANDEY WARD N.8,JWAHAR NAGAR,HOUS NO.189 MEHNAGAR,AZAMGARH-276204",
    "CONTACT": "9794839614",
    "CITY": "AZAMGARH",
    "DISTRICT": "AZAMGARH",
    "STATE": "UTTAR PRADESH"
  },
  "UTKS0001051": {
    "BANK": "UTKARSH SMALL FINANCE BANK",
    "IFSC": "UTKS0001051",
    "BRANCH": "DEORIA",
    "ADDRESS": "GROUND FLOOR H.NO 392,WARD NO 23,GORAKHPUR ROAD UTTAR PRADESH 274001",
    "CONTACT": "8756702468",
    "CITY": "DEORIA",
    "DISTRICT": "DEORIA",
    "STATE": "UTTAR PRADESH"
  },
  "UTKS0001052": {
    "BANK": "UTKARSH SMALL FINANCE BANK",
    "IFSC": "UTKS0001052",
    "BRANCH": "BIHTA",
    "ADDRESS": "GR FLR MANOJ SINGH NEAR DURGA MANDIR PITAMBAR NAGAR NH 30 POST BIHTA THANA BIHTA PATNA 801103",
    "CONTACT": "7091599439",
    "CITY": "PATNA",
    "DISTRICT": "PATNA",
    "STATE": "BIHAR",
    "RTGS": true
  },
  "UTKS0001054": {
    "BANK": "UTKARSH SMALL FINANCE BANK",
    "IFSC": "UTKS0001054",
    "BRANCH": "JAMALPUR",
    "ADDRESS": "MOHALLA - MAZUA SIKANDARPUR,PARAGANA-BHUALI,TAHSIL - CHUNAR,DISTRICT - MIRZAPUR,STATE - UTTAR PRADESH,PIN - 231302",
    "CONTACT": "7752802010",
    "CITY": "MIRZAPUR",
    "DISTRICT": "MIRZAPUR",
    "STATE": "UTTAR PRADESH"
  },
  "UTKS0001055": {
    "BANK": "UTKARSH SMALL FINANCE BANK",
    "IFSC": "UTKS0001055",
    "BRANCH": "BARHAJ",
    "ADDRESS": "WARD WEST WARD NO.- 21,POST-BARAHAJ,DISTRICT-DEORIA,UTTAR PRADESH,PIN CODE-274601",
    "CONTACT": "7318250367",
    "CITY": "DEORIA",
    "DISTRICT": "DEORIA",
    "STATE": "UTTAR PRADESH"
  },
  "UTKS0001057": {
    "BANK": "UTKARSH SMALL FINANCE BANK",
    "IFSC": "UTKS0001057",
    "BRANCH": "BUXAR",
    "ADDRESS": "FIRST FLOOR, MAIN ROAD, GOLAMBER CHOWK, BUXAR, BIHAR 802101",
    "CONTACT": "7766915450",
    "CITY": "BUXAR",
    "DISTRICT": "BUXAR",
    "STATE": "BIHAR",
    "RTGS": true
  },
  "UTKS0001061": {
    "BANK": "UTKARSH SMALL FINANCE BANK",
    "IFSC": "UTKS0001061",
    "BRANCH": "KUDRA",
    "ADDRESS": "FIRST FLOOR,MAUZA SAKARI,ANCHAL KUDRA,DISTRICT KAIMUR,(BHABUA),BIHAR,PIN CODE-821108",
    "CONTACT": "7260812131",
    "CITY": "KAIMUR",
    "DISTRICT": "KAIMUR",
    "STATE": "BIHAR",
    "RTGS": true
  },
  "UTKS0001062": {
    "BANK": "UTKARSH SMALL FINANCE BANK",
    "IFSC": "UTKS0001062",
    "BRANCH": "BABURA",
    "ADDRESS": "KHATA NO - 9,KHESARA NO - 495,VILLAGE - BABURA,ANCHAL - BHABUA,P.S - BHABUA,WARD NO - 14,NEAR MASZID,BHABHUA,DIST - KAIMOOR,BIHAR,PIN CODE-821101",
    "CONTACT": "7766913455",
    "CITY": "KAIMOOR",
    "DISTRICT": "KAIMOOR",
    "STATE": "BIHAR",
    "RTGS": true
  },
  "UTKS0001064": {
    "BANK": "UTKARSH SMALL FINANCE BANK",
    "IFSC": "UTKS0001064",
    "BRANCH": "RAMGARH BR",
    "ADDRESS": "C/O-JITENDRA TIWARI VILL,POST,-RAMGARH, NEAR MADHYA BIHAR GRAMIN BANK, DISTT- KAIMUR, STATE-BIHAR, PIN CODE-821110",
    "CONTACT": "7355242991",
    "CITY": "KAIMOOR",
    "DISTRICT": "KAIMOOR",
    "STATE": "JHARKHAND",
    "RTGS": true
  },
  "UTKS0001066": {
    "BANK": "UTKARSH SMALL FINANCE BANK",
    "IFSC": "UTKS0001066",
    "BRANCH": "HATA",
    "ADDRESS": "ARAZI NO9,GEWGHNTH,PRGNSHT,TEHSHT,BGHNTHCHURH,H28,HT,DSTRCTKUSHNGR,STTEUP,PNCODE27203",
    "CONTACT": "7380450969",
    "CITY": "KUSHINAGAR",
    "DISTRICT": "KUSHINAGAR",
    "STATE": "UTTAR PRADESH"
  },
  "UTKS0001067": {
    "BANK": "UTKARSH SMALL FINANCE BANK",
    "IFSC": "UTKS0001067",
    "BRANCH": "MEJA ROAD",
    "ADDRESS": "PANDEY MARKET,PATEL CHAURAHA MEJA ROAD,ALLAHABAD UP PIN CODE-212302",
    "CONTACT": "8756702477",
    "CITY": "ALLAHABAD TICO TOWN",
    "DISTRICT": "ALLAHABAD",
    "STATE": "UTTAR PRADESH"
  },
  "UTKS0001068": {
    "BANK": "UTKARSH SMALL FINANCE BANK",
    "IFSC": "UTKS0001068",
    "BRANCH": "MANAURI",
    "ADDRESS": "C/O DEO NARAYAN PATHAK,VIL - PURAMUSTI,THANA-PURAMUFTI,MANAURI ROAD ALLAHABAD UP PIC CODE-212208",
    "CONTACT": "7897095049",
    "CITY": "ALLAHABAD",
    "DISTRICT": "ALLAHABAD",
    "STATE": "UTTAR PRADESH"
  },
  "UTKS0001070": {
    "BANK": "UTKARSH SMALL FINANCE BANK",
    "IFSC": "UTKS0001070",
    "BRANCH": "KOCHAS",
    "ADDRESS": "C/O OMPRAKASH SINGH,AT - BALAJI NAGAR,SASARAM ROAD,OPP - MAHENDRA TRACKTER AGENCY KOCHASPO&PS - KOCHAS,DIS-ROHTAS PIN CODE 821109",
    "CONTACT": "7766913452",
    "CITY": "KOCHAS",
    "DISTRICT": "ROHTAS",
    "STATE": "BIHAR",
    "RTGS": true
  },
  "UTKS0001071": {
    "BANK": "UTKARSH SMALL FINANCE BANK",
    "IFSC": "UTKS0001071",
    "BRANCH": "CHHAPRA",
    "ADDRESS": "WARD NO.30,HAL NO.- 03,CIRCLE NO.26,MAUZA - SHYAMCHAK,P.S.- BHAGWAN BAZAR,DISTRICT - SARAN,STATE - BIHAR,PIN CODE - 841301",
    "CONTACT": "9102999375",
    "CITY": "SARAN",
    "DISTRICT": "SARAN",
    "STATE": "BIHAR",
    "RTGS": true
  },
  "UTKS0001075": {
    "BANK": "UTKARSH SMALL FINANCE BANK",
    "IFSC": "UTKS0001075",
    "BRANCH": "BHARWARI",
    "ADDRESS": "WARD NO.10,INDIRA NAGAR,NAYA BAZAR,BHARWARI,DISTRICT - KAUSHAMBI,STATE - UTTAR PRADESH,PIN CODE 212201",
    "CONTACT": "7607999335",
    "CITY": "KAUSHAMBI",
    "DISTRICT": "KAUSHAMBI",
    "STATE": "UTTAR PRADESH"
  },
  "UTKS0001076": {
    "BANK": "UTKARSH SMALL FINANCE BANK",
    "IFSC": "UTKS0001076",
    "BRANCH": "BHATANI",
    "ADDRESS": "GROUND FLOOR,PLOT NO-840 VILLAGE,HATWANKAHANI,TAPPA - BHATANI PARAGANA - SALEMPUR MAJHAULI,TEHSIL - SALEMPUR,DISTRICT - DEORIA,STATE-UTTAR PRADESH PIN CODE-274701",
    "CONTACT": "8433272724",
    "CITY": "DEORIA",
    "DISTRICT": "DEORIA",
    "STATE": "UTTAR PRADESH"
  },
  "UTKS0001077": {
    "BANK": "UTKARSH SMALL FINANCE BANK",
    "IFSC": "UTKS0001077",
    "BRANCH": "SAHJANWA",
    "ADDRESS": "C/O MR.JHINKU PRASAD YADAVN,H-28,NEAR FISHKING PETROL PUMP,PIPRA,SAHAJNWA,GORAKHPUR UP PIN CODE-273209",
    "CONTACT": "7054202418",
    "CITY": "GORAKHPUR",
    "DISTRICT": "GORAKHPUR",
    "STATE": "UTTAR PRADESH"
  },
  "UTKS0001078": {
    "BANK": "UTKARSH SMALL FINANCE BANK",
    "IFSC": "UTKS0001078",
    "BRANCH": "PANCHKOSI",
    "ADDRESS": "1ST FLOOR SA20 BY 206 H 2 1 CHANDRA CHARMUHANI ASHAPUR WARD SARNATH,VARANASI 221007",
    "CONTACT": "8756399760",
    "CITY": "VARANASI",
    "DISTRICT": "VARANASI",
    "STATE": "UTTAR PRADESH"
  },
  "UTKS0001080": {
    "BANK": "UTKARSH SMALL FINANCE BANK",
    "IFSC": "UTKS0001080",
    "BRANCH": "JAGJEETPUR",
    "ADDRESS": "VILL-DEVPUR,MUSTAHKAM,PARAGANA JWALAPUR,TEH.AND DISTRICT - HARIDWAR,STATE - UTTARAKHAND PIN CODE-249408",
    "CONTACT": "8756702474",
    "CITY": "HARIDWAR",
    "DISTRICT": "HARIDWAR",
    "STATE": "UTTARAKHAND"
  },
  "UTKS0001081": {
    "BANK": "UTKARSH SMALL FINANCE BANK",
    "IFSC": "UTKS0001081",
    "BRANCH": "BIHSARA",
    "ADDRESS": "ARAZI NO.948 KHA,AREA 13 BISWA 1 DHOOR,MAUZA - VIHSADA KALAN,PARAGANA - KANTIT,TEHSIL - SADAR,DISTRICT - MIRZAPUR,STATE - UTTAR PRADESH,PIN CODE-231303",
    "CONTACT": "7607999353",
    "CITY": "MIRZAPUR",
    "DISTRICT": "MIRZAPUR",
    "STATE": "UTTAR PRADESH"
  },
  "UTKS0001082": {
    "BANK": "UTKARSH SMALL FINANCE BANK",
    "IFSC": "UTKS0001082",
    "BRANCH": "MAIHAR",
    "ADDRESS": "MAUZA - HARMANPUR,WARD NO.- 24,TEHSIL - MAIHAR,DISTRICT - SATNA,STATE - MADHYA PRADESH,PIN CODE - 486771,KHESARA NO.- 67/2",
    "CONTACT": "7999505447",
    "CITY": "SATNA",
    "DISTRICT": "SATNA",
    "STATE": "MADHYA PRADESH"
  },
  "UTKS0001086": {
    "BANK": "UTKARSH SMALL FINANCE BANK",
    "IFSC": "UTKS0001086",
    "BRANCH": "SILHAURI",
    "ADDRESS": "GROUND FLOOR,CHHAPRA MADHAURA,MAIN ROAD,SILHAURI,DIST-SARAN,BIHAR 841418",
    "CONTACT": "7766915175",
    "CITY": "CHAPRA",
    "DISTRICT": "SARAN",
    "STATE": "BIHAR",
    "RTGS": true
  },
  "UTKS0001087": {
    "BANK": "UTKARSH SMALL FINANCE BANK",
    "IFSC": "UTKS0001087",
    "BRANCH": "ROORKEE",
    "ADDRESS": "ABADI KHESARA NO- 446,DOUBL FPHK B PUBLC SCHOOL VLLG MOHNPU MOHMMDPU ROOK THSL ROOK DST HDW STT U PN COD 27667",
    "CONTACT": "7080304889",
    "CITY": "HARIDWAR",
    "DISTRICT": "HARIDWAR",
    "STATE": "UTTARAKHAND"
  },
  "UTKS0001091": {
    "BANK": "UTKARSH SMALL FINANCE BANK",
    "IFSC": "UTKS0001091",
    "BRANCH": "HARBERTPUR",
    "ADDRESS": "KHESRA NO-1363/2,VILLAG-DHAKANIANDMPI-106,WADNO-02,NAGAPALIKAPAIDHADHBTPU,THSIL-VIKASNAGA,DISTICT-DHADUN,STAT-U,PINCOD-248142",
    "CONTACT": "9519410485",
    "CITY": "DEHRADUN",
    "DISTRICT": "DEHRADUN",
    "STATE": "UTTARAKHAND"
  },
  "UTKS0001092": {
    "BANK": "UTKARSH SMALL FINANCE BANK",
    "IFSC": "UTKS0001092",
    "BRANCH": "BANGRA",
    "ADDRESS": "UDFVEUBTHMKSIN8110",
    "CONTACT": "7766915456",
    "CITY": "CHAPRA",
    "DISTRICT": "SARAN",
    "STATE": "BIHAR",
    "RTGS": true
  },
  "UTKS0001094": {
    "BANK": "UTKARSH SMALL FINANCE BANK",
    "IFSC": "UTKS0001094",
    "BRANCH": "GEETA VATIKA",
    "ADDRESS": "ARAZI NO - 1426 MIN,MAUZA - BASHARATPUR,PARAGANA - HAVELI,KHAJANCHI CHOWK,FATMA BYPASS ROAD,GEETA VATIKA,DISTRICT - GORAKHPUR,STATE-UP,PIN CODE - 273003",
    "CONTACT": "7080701453",
    "CITY": "GORAKHPUR",
    "DISTRICT": "GORAKHPUR",
    "STATE": "UTTAR PRADESH"
  },
  "UTKS0001097": {
    "BANK": "UTKARSH SMALL FINANCE BANK",
    "IFSC": "UTKS0001097",
    "BRANCH": "BHATPARRANI",
    "ADDRESS": "GROUND FLOOR,ARAZI NO.- 522 MIN,VILLAGE - KEHUNIYA,TAHSIL - BHATPAR,RANI,PARAGANA - SALEMPUR ( MAJHAULI ) DISTRICT - DEORIA,UTTAR PRADESH,PIN CODE - 274702",
    "CONTACT": "9519562974",
    "CITY": "DEORIA",
    "DISTRICT": "DEORIA",
    "STATE": "UTTAR PRADESH"
  },
  "UTKS0001099": {
    "BANK": "UTKARSH SMALL FINANCE BANK",
    "IFSC": "UTKS0001099",
    "BRANCH": "UMRAHA",
    "ADDRESS": "CARE OF MR BAL JI PRASADA VILLAGE UMARAHA MARKET POST UMARAHA VARANASI 221007",
    "CONTACT": "7897299731",
    "CITY": "VARANASI",
    "DISTRICT": "VARANASI",
    "STATE": "UTTAR PRADESH"
  },
  "UTKS0001100": {
    "BANK": "UTKARSH SMALL FINANCE BANK",
    "IFSC": "UTKS0001100",
    "BRANCH": "PARASA",
    "ADDRESS": "BHOLA SINGH COMPLEX,HOSPITAL ROAD,VILLAGE - SHANKARDEEH,THANA - PARASA,DISTRICT - SARAN,STATE - BIHAR,PINC CODE-841219",
    "CONTACT": "7781002422",
    "CITY": "SARAN",
    "DISTRICT": "SARAN",
    "STATE": "BIHAR",
    "RTGS": true
  },
  "UTKS0001103": {
    "BANK": "UTKARSH SMALL FINANCE BANK",
    "IFSC": "UTKS0001103",
    "BRANCH": "MAUGANJ",
    "ADDRESS": "VILLAGE-GHUREHATA KALA - 258,PAT.HALKA NO.- GHUREHATA 37,R.I.C.- MAUGANJ,TEHSIL - REWA,DISTRICT - REWA,STATE - MADHYA PRADESH,PIN CODE - 486331",
    "CONTACT": "7869801587",
    "CITY": "REWA",
    "DISTRICT": "REWA",
    "STATE": "MADHYA PRADESH"
  },
  "UTKS0001104": {
    "BANK": "UTKARSH SMALL FINANCE BANK",
    "IFSC": "UTKS0001104",
    "BRANCH": "TARWARA MOD, SIWAN",
    "ADDRESS": "MAUZA - DAUDPUR,P.S - SIWAN,DISTRICT - SIWAN,STATE - BIHAR,PIN CODE-841226,KHATA NO - 10/1,KHESARA NO - 158,THANA NO - 115,TAUZI NO - 755",
    "CONTACT": "7091599467",
    "CITY": "SIWAN",
    "DISTRICT": "SIWAN",
    "STATE": "BIHAR",
    "RTGS": true
  },
  "UTKS0001106": {
    "BANK": "UTKARSH SMALL FINANCE BANK",
    "IFSC": "UTKS0001106",
    "BRANCH": "SAHSON",
    "ADDRESS": "GROUND FLOOR,PLOT NO.167,MAUZA SAHSON,POST - SAHSON,PARAGANA - JHUSI,TAHSIL - PHOOLPUR DISTRICT - ALLAHABAD,STATE - UTTAR PRADESH,PIN CODE-221507",
    "CONTACT": "7752902446",
    "CITY": "ALLAHABAD",
    "DISTRICT": "ALLAHABAD",
    "STATE": "UTTAR PRADESH"
  },
  "UTKS0001107": {
    "BANK": "UTKARSH SMALL FINANCE BANK",
    "IFSC": "UTKS0001107",
    "BRANCH": "GHUTANI",
    "ADDRESS": "GROUND FLOOR,MAUZA-GHUTANI,PARAGANA - CHAUPAR,P.S.- GHUTANI,DISTRICT -SIWAN,STATE - BIHAR",
    "CONTACT": "7091599290",
    "CITY": "SIWAN, STATE- BIHAR",
    "DISTRICT": "SIWAN, STATE- BIHAR",
    "STATE": "BIHAR",
    "RTGS": true
  },
  "UTKS0001109": {
    "BANK": "UTKARSH SMALL FINANCE BANK",
    "IFSC": "UTKS0001109",
    "BRANCH": "KAKARMATTA",
    "ADDRESS": "CAREOFDRRKSINGHN10BY72E25NEWCOLONYKAKARMATTA221004",
    "CONTACT": "8756702489",
    "CITY": "VARANASI",
    "DISTRICT": "VARANASI",
    "STATE": "UTTAR PRADESH"
  },
  "UTKS0001111": {
    "BANK": "UTKARSH SMALL FINANCE BANK",
    "IFSC": "UTKS0001111",
    "BRANCH": "CHHUTAMALPUR",
    "ADDRESS": "VILLAGE - FATEHPUR BHADO,PARAGANA - HARORA,TEHSIL - BEHAT,NEAR DEHRADUN ROAD,PHATEHPUR,DIST - SHARANPUR,STATE - UTTAR PRADESH,PIN CODE-247886,KHASRA NO.- 645",
    "CONTACT": "7080701492",
    "CITY": "SHAHARANPUR",
    "DISTRICT": "SHAHARANPUR",
    "STATE": "BIHAR",
    "RTGS": true
  },
  "UTKS0001112": {
    "BANK": "UTKARSH SMALL FINANCE BANK",
    "IFSC": "UTKS0001112",
    "BRANCH": "DEURIYA",
    "ADDRESS": "VILLAGE-DEORIA,DEORIA,MAHARAJGANJ,DISTRICT - SIWAN,BIHAR,PIN CODE-841238,TAUZI NO - 1630,THANA NO.- 153,KHATA NO - 343",
    "CONTACT": "7766913475",
    "CITY": "SIWAN",
    "DISTRICT": "SIWAN",
    "STATE": "BIHAR",
    "RTGS": true
  },
  "UTKS0001115": {
    "BANK": "UTKARSH SMALL FINANCE BANK",
    "IFSC": "UTKS0001115",
    "BRANCH": "KARAWAL NAGAR",
    "ADDRESS": "CARE OF VIMLA DEVI U BY 23 A 20 FOOTAD ROAD F4 LOK VIHAR SHLV VIHAR KARAWAL NAGAR NEW DELHI 110094",
    "CONTACT": "9650085773",
    "CITY": "DELHI",
    "DISTRICT": "DELHI",
    "STATE": "DELHI",
    "RTGS": true
  },
  "UTKS0001117": {
    "BANK": "UTKARSH SMALL FINANCE BANK",
    "IFSC": "UTKS0001117",
    "BRANCH": "PAONTA SAHIB",
    "ADDRESS": "WARD NO.13,HOUSE NO.22,OLD 4 UP SAMPADA SHAMSHERPUR,PAONTA SAHIB,DISTRICT -SIRMAUR,STATE -HIMANCHAL PRADESH,PIN CODE -173025",
    "CONTACT": "7833054721",
    "CITY": "SIRMAUR",
    "DISTRICT": "SIRMAUR",
    "STATE": "HIMACHAL PRADESH",
    "RTGS": true
  },
  "UTKS0001125": {
    "BANK": "UTKARSH SMALL FINANCE BANK",
    "IFSC": "UTKS0001125",
    "BRANCH": "LAKSAR",
    "ADDRESS": "KHASARA NO.274 M,WARD NO.06 SIMALI UNDER MUNICIPALITY LAKSAR,PARAGANA - MANGLAUR,TEHSIL - LAKSAR,DISTRICT - HARIDWAR,STATE - UTTRAKHAND,PIN CODE - 247663",
    "CONTACT": "7525024067",
    "CITY": "HARIDWAR",
    "DISTRICT": "HARIDWAR",
    "STATE": "UTTARAKHAND"
  },
  "UTKS0001126": {
    "BANK": "UTKARSH SMALL FINANCE BANK",
    "IFSC": "UTKS0001126",
    "BRANCH": "SIKANDARPUR",
    "ADDRESS": "C/O SMT TARA DEVI MELAKE MOHLLA POST SIKANDARPUR DIS BALLIA 277303",
    "CONTACT": "7459810909",
    "CITY": "BALLIA",
    "DISTRICT": "BALLIA",
    "STATE": "UTTAR PRADESH"
  },
  "UTKS0001127": {
    "BANK": "UTKARSH SMALL FINANCE BANK",
    "IFSC": "UTKS0001127",
    "BRANCH": "BHORE",
    "ADDRESS": "MAUZA - BHORE,THANA - BHORE,DISTRICT-GOPALGANJ,BIHAR,PIN CODE-841426",
    "CONTACT": "7541817421",
    "CITY": "GOPALGANJ",
    "DISTRICT": "GOPALGANJ",
    "STATE": "BIHAR",
    "RTGS": true
  },
  "UTKS0001128": {
    "BANK": "UTKARSH SMALL FINANCE BANK",
    "IFSC": "UTKS0001128",
    "BRANCH": "CHAHANIA",
    "ADDRESS": "ARAZI NO.396/3,AREA 10 AERE I.E.1078 S.Q.I.E.100.18 SQ.METER,VILLAGE - KHANDWARI,PARAGANA - MAHUWARI,TEHSIL - SAKALDIHA,DISTRICT - CHANDAULI STATE - UTTAR PRADESH,PIN CODE-232109",
    "CONTACT": "9519203726",
    "CITY": "CHANDAULI",
    "DISTRICT": "CHANDAULI",
    "STATE": "UTTAR PRADESH"
  },
  "UTKS0001129": {
    "BANK": "UTKARSH SMALL FINANCE BANK",
    "IFSC": "UTKS0001129",
    "BRANCH": "MIRZAPUR",
    "ADDRESS": "VILLAGE - MIRZAPUR,PARAGANA - DANGASHI,P.S-BARAULI,DISTRICT - GOPALGANJ,STATE - BIHAR,PIN CODE-841405,KHATA NO - 26,KHESARA NO - 50,THANA NO - 427,TAUZI NO - 2199",
    "CONTACT": "7542035180",
    "CITY": "GOPALGANJ",
    "DISTRICT": "GOPALGANJ",
    "STATE": "BIHAR",
    "RTGS": true
  },
  "UTKS0001130": {
    "BANK": "UTKARSH SMALL FINANCE BANK",
    "IFSC": "UTKS0001130",
    "BRANCH": "TAMKUHI ROAD",
    "ADDRESS": "KHOTA NO-1095&1100,MUZ-PKDIYPURBPTTI,TPP-MEHDWL,PRGN-SINDHUWJOVN,TEHSIL-TMKUHIRJ,DISTRICT-USHINGRSTTE-UP,PINCODE-274406",
    "CONTACT": "7080302944",
    "CITY": "KUSHINAGAR",
    "DISTRICT": "KUSHINAGAR",
    "STATE": "UTTAR PRADESH"
  },
  "UTKS0001136": {
    "BANK": "UTKARSH SMALL FINANCE BANK",
    "IFSC": "UTKS0001136",
    "BRANCH": "KATANI",
    "ADDRESS": "WARD NO.- 16,DURGA CHAUK MAUZA RAFI AHMAD KIDWAI,KHIRAHANI,DIST - KATANI,MP,PIN CODE-483501",
    "CONTACT": "7869801741",
    "CITY": "KATANI",
    "DISTRICT": "KATANI",
    "STATE": "MADHYA PRADESH"
  },
  "UTKS0001137": {
    "BANK": "UTKARSH SMALL FINANCE BANK",
    "IFSC": "UTKS0001137",
    "BRANCH": "ARERAJ",
    "ADDRESS": "VILLAGE - YOGIYAD JANERAWA,P.S - GOBINDGANJ,ARERAJ,DIST - EAST CHAMPARAN,STATE - BIHAR - 845411,KHATA NO-240,KHESARA NO - 1121,THANA NO - 103,TAUZI NO - 951",
    "CONTACT": "7541811472",
    "CITY": "EAST CHAMPARAN",
    "DISTRICT": "EAST CHAMPARAN",
    "STATE": "BIHAR",
    "RTGS": true
  },
  "UTKS0001138": {
    "BANK": "UTKARSH SMALL FINANCE BANK",
    "IFSC": "UTKS0001138",
    "BRANCH": "BARA CHAKIA",
    "ADDRESS": "MR.SUNIL KUMAR SINGH,NEAR STATE BANK OLD MOTIHARI ROAD CHAKIYA DIS PRUVI CHAMPARAN 845412",
    "CONTACT": "7541811577",
    "CITY": "BARA CHAKIA",
    "DISTRICT": "CHAMPARAN",
    "STATE": "BIHAR",
    "RTGS": true
  },
  "UTKS0001144": {
    "BANK": "UTKARSH SMALL FINANCE BANK",
    "IFSC": "UTKS0001144",
    "BRANCH": "NANDANVAN",
    "ADDRESS": "SHREE G S PALACE FLAT NO.201 GOPAL KRISHNA NAGAR WATHODA PANDHAN ROAD NAGPUR 440009",
    "CONTACT": "7722024906",
    "CITY": "NAGPUR",
    "DISTRICT": "NAGPUR",
    "STATE": "MAHARASHTRA"
  },
  "UTKS0001147": {
    "BANK": "UTKARSH SMALL FINANCE BANK",
    "IFSC": "UTKS0001147",
    "BRANCH": "MANKAPUR",
    "ADDRESS": "LAXMI PLAZA,MANKAPUR SQUARE,SAONER ROAD DISTRICT-NAGPUR,STATE-MAHARASHTRA, PIN CODE-440030",
    "CONTACT": "7722024931",
    "CITY": "NAGPUR",
    "DISTRICT": "NAGPUR",
    "STATE": "MAHARASHTRA"
  },
  "UTKS0001149": {
    "BANK": "UTKARSH SMALL FINANCE BANK",
    "IFSC": "UTKS0001149",
    "BRANCH": "BETTIAH",
    "ADDRESS": "VILL - CHHAWANI BETTIAH,PARAGANA - MAJHAUA,P.S BETTIAH,DISTRICT - WEST CHAMPARAN,STATE - BIHAR,PIN CODE-845455,KHATA NO - 205,KHESARA NO - 195/5-6,THANA NO - 127",
    "CONTACT": "7463886597",
    "CITY": "WEST CHAMPARAN",
    "DISTRICT": "WEST CHAMPARAN",
    "STATE": "BIHAR",
    "RTGS": true
  },
  "UTKS0001151": {
    "BANK": "UTKARSH SMALL FINANCE BANK",
    "IFSC": "UTKS0001151",
    "BRANCH": "KAPTANGANJ",
    "ADDRESS": "ARAZI KHATA NO.- 00318,VILLAGE - BASAHIYA OR KAPTANGANJ,DISTRICT - KUSHINAGAR,STATE - UTTAR PRADESH,PIN CODE - 279301",
    "CONTACT": "8853099892",
    "CITY": "PADRAUNA",
    "DISTRICT": "KUSHINAGAR",
    "STATE": "UTTAR PRADESH"
  },
  "UTKS0001152": {
    "BANK": "UTKARSH SMALL FINANCE BANK",
    "IFSC": "UTKS0001152",
    "BRANCH": "CHANPATIYA",
    "ADDRESS": "MAUZA - TIKULIYA,THANA - CHANPATIYA,SUB REGISTRY - BETTIAH,DISTRICT - WEST CHAMPARAN,BIHAR,PIN CODE-845449",
    "CONTACT": "7033694282",
    "CITY": "WEST CHAMPARAN",
    "DISTRICT": "WEST CHAMPARAN",
    "STATE": "BIHAR",
    "RTGS": true
  },
  "UTKS0001153": {
    "BANK": "UTKARSH SMALL FINANCE BANK",
    "IFSC": "UTKS0001153",
    "BRANCH": "PADRAUNA",
    "ADDRESS": "ARAZI-3430,MUZ-PDRUN,WRDCHHWN,TPP-PKD,GNGRN,TEHSL-PDRUN,DSTRCT-KUSHNGR,STTE-UTTRPRDESH,PNCODE-274304",
    "CONTACT": "7460050369",
    "CITY": "KUSHINAGAR",
    "DISTRICT": "KUSHINAGAR",
    "STATE": "UTTAR PRADESH"
  },
  "UTKS0001154": {
    "BANK": "UTKARSH SMALL FINANCE BANK",
    "IFSC": "UTKS0001154",
    "BRANCH": "BADHALGANJ",
    "ADDRESS": "240 NARAHARPUR,BARAHALGANJ,DISTRICT GORAKHPUR,UP,PIN CODE-273402",
    "CONTACT": "7525016186",
    "CITY": "GORAKHPUR",
    "DISTRICT": "GORAKHPUR",
    "STATE": "UTTAR PRADESH"
  },
  "UTKS0001155": {
    "BANK": "UTKARSH SMALL FINANCE BANK",
    "IFSC": "UTKS0001155",
    "BRANCH": "GARHA JABALPUR",
    "ADDRESS": "VILLAGE- CHAWANPUR, P.C. NO. 04, R.N.M. JABALPUR-1,MOHALLA- GULAUA CHOWK, GARHA ROAD, POST-INDA GHANDHI WARD, TAHSIL AND DISTRICT- JABALPUR STATE- MADHYA PRADESH, PIN CODE 482003",
    "CONTACT": "7024147503",
    "CITY": "JABALPUR",
    "DISTRICT": "JABALPUR",
    "STATE": "MADHYA PRADESH"
  },
  "UTKS0001156": {
    "BANK": "UTKARSH SMALL FINANCE BANK",
    "IFSC": "UTKS0001156",
    "BRANCH": "RAMTEK",
    "ADDRESS": "C/O MR.RAMESH PANDURANGJI SUNWANI,HOUS NO.482,WARD NO.2,BHAGYASHREE COLONY,MAUDA ROAD,RAMTEK MH,PIN-441406",
    "CONTACT": "7722024937",
    "CITY": "RAMTEK",
    "DISTRICT": "NAGPUR",
    "STATE": "MAHARASHTRA"
  },
  "UTKS0001157": {
    "BANK": "UTKARSH SMALL FINANCE BANK",
    "IFSC": "UTKS0001157",
    "BRANCH": "KHALILABAD",
    "ADDRESS": "KHATA NO - 394,ARAZI NO - 1573,MAUZA - KHALILABAD,TAPPA - DAKHIN HAVELI,PARAGANA - MAGAHAR PURAB,TEHSIL - KHALILABAD,DISTRICT - SANTKABIR NAGAR,STATE-UP,PIN CODE-272175",
    "CONTACT": "8756399715",
    "CITY": "SANTKABIR NAGAR",
    "DISTRICT": "SANTKABIR NAGAR",
    "STATE": "UTTAR PRADESH"
  },
  "UTKS0001158": {
    "BANK": "UTKARSH SMALL FINANCE BANK",
    "IFSC": "UTKS0001158",
    "BRANCH": "SHERGHATI",
    "ADDRESS": "MAUZA -SHERGHATI,P.S.SHERGHATI,DIST - GAYA,STATE - BIHAR,PIN CODE - 824211,KHATA NO - 748,KHESARA NO - 1729,THANA NO - 762,TAUZI NO - 6947",
    "CONTACT": "7763802927",
    "CITY": "GAYA",
    "DISTRICT": "GAYA",
    "STATE": "BIHAR",
    "RTGS": true
  },
  "UTKS0001160": {
    "BANK": "UTKARSH SMALL FINANCE BANK",
    "IFSC": "UTKS0001160",
    "BRANCH": "NARKATIYAGANJ",
    "ADDRESS": "C/O GANESH PRASAD WARD NO -11 NAYA TOLA PRAKASH NAGAR NARKATIYAGANJ, DISTT \u0013 WEST CHAMPARAN, BIHAR.",
    "CONTACT": "9523095867",
    "CITY": "WEST CHAMPARAN",
    "DISTRICT": "WEST CHAMPARAN",
    "STATE": "BIHAR",
    "RTGS": true
  },
  "UTKS0001161": {
    "BANK": "UTKARSH SMALL FINANCE BANK",
    "IFSC": "UTKS0001161",
    "BRANCH": "GOH",
    "ADDRESS": "MAUZA - GOH,P.S- GOH,PARAGANA - GOH, DISTRICT- AURANGABAD,BIHAR,PIN CODE-844203,KHATA NO- 603,KHESARA NO- 1800& 1801,THANA NO- 194,TAUZI NO.- 4964",
    "CONTACT": "8873224286",
    "CITY": "AURANGABAD",
    "DISTRICT": "AURANGABAD",
    "STATE": "BIHAR",
    "RTGS": true
  },
  "UTKS0001164": {
    "BANK": "UTKARSH SMALL FINANCE BANK",
    "IFSC": "UTKS0001164",
    "BRANCH": "MOTIPUR",
    "ADDRESS": "VILLAGE - SINGAILA,PARAGANA - BISHARA,P.S - MOTIPUR,VARURAJ ROAD,MOTIPUR DIST - MUZAFFARPUR,BIHAR,PIN CODE - 843111,KHATA NO - 49,KHESARA NO - 235,THANA NO - 224",
    "CONTACT": "7541817410",
    "CITY": "MUZAFFARPUR",
    "DISTRICT": "MUZAFFARPUR",
    "STATE": "BIHAR",
    "RTGS": true
  },
  "UTKS0001165": {
    "BANK": "UTKARSH SMALL FINANCE BANK",
    "IFSC": "UTKS0001165",
    "BRANCH": "RAFIGANJ",
    "ADDRESS": "C/O DILIP KUMAR -ABDULPUR BABUGANJ PO,PS- RAFIGANJ, DISTT\u0013 AURANGABAD, STATE- BIHAR, PIN-824125",
    "CONTACT": "9801853311",
    "CITY": "AURANGABAD",
    "DISTRICT": "AURANGABAD",
    "STATE": "BIHAR",
    "RTGS": true
  },
  "UTKS0001166": {
    "BANK": "UTKARSH SMALL FINANCE BANK",
    "IFSC": "UTKS0001166",
    "BRANCH": "PANAGAR",
    "ADDRESS": "MAUZA - PANAGAR,P.S.PANAGAR,DISTRICT - JABALPUR,N.B.- 212,HALKA NO.- 11,MANDAL - PANAGAR,TEHSIL - PANAGAR,DISTRICT - JABALPUR,STATE - MADHYA PRADESH,PIN CODE - 483220",
    "CONTACT": "7869801745",
    "CITY": "JABALPUR",
    "DISTRICT": "JABALPUR",
    "STATE": "MADHYA PRADESH"
  },
  "UTKS0001169": {
    "BANK": "UTKARSH SMALL FINANCE BANK",
    "IFSC": "UTKS0001169",
    "BRANCH": "DUDAHI",
    "ADDRESS": "FIRST FLOOR,VILLAGE - PADRAUNA MADURAHI,TAPPA - RAMPUR ROGTA,PARAGANA - SIDHUWA JOVANA,TEHSIL - TAMKUHIRAJ,DISTRICT - KUSHINAGAR,STATE - UTTAR PRADESH,PIN CODE-274302",
    "CONTACT": "7459810926",
    "CITY": "KUSHINAGAR",
    "DISTRICT": "KUSHINAGAR",
    "STATE": "UTTAR PRADESH"
  },
  "UTKS0001170": {
    "BANK": "UTKARSH SMALL FINANCE BANK",
    "IFSC": "UTKS0001170",
    "BRANCH": "BANK ROAD",
    "ADDRESS": "LAND KHATA NO - 83 OLD AND NEW 206,MAUZA - SALEMPUR,BELHARIYA,BALEBAN ROAD,PARGANA - SANAUT,P S -TEKARI,DISTRICT - GAYA,STATE - BIHAR,PIN CODE-824236",
    "CONTACT": "7763802914",
    "CITY": "GAYA",
    "DISTRICT": "GAYA",
    "STATE": "BIHAR",
    "RTGS": true
  },
  "UTKS0001172": {
    "BANK": "UTKARSH SMALL FINANCE BANK",
    "IFSC": "UTKS0001172",
    "BRANCH": "URWA BAZAAR",
    "ADDRESS": "Plot No 448, Village Urwa Bazar, Tappa Kurmaut, Paragana Dhuriyapar, District Gorakhpur, State Uttar Pradesh, Pin code 273407",
    "CONTACT": "7525016200",
    "CITY": "GORAKHPUR",
    "DISTRICT": "GORAKHPUR",
    "STATE": "UTTAR PRADESH"
  },
  "UTKS0001177": {
    "BANK": "UTKARSH SMALL FINANCE BANK",
    "IFSC": "UTKS0001177",
    "BRANCH": "RAMPURA",
    "ADDRESS": "VILLAGE- RAMPURA, TEHSIL- RUDRAPUR, DISTRICT- UDHAM SINGH NAGAR, STATE- UTTRAKHAND, KHESARA NO.- 28/2 MIN",
    "CONTACT": "7080701477",
    "CITY": "RUDRAPUR",
    "DISTRICT": "UTTRAKHAND",
    "STATE": "UTTARAKHAND"
  },
  "UTKS0001178": {
    "BANK": "UTKARSH SMALL FINANCE BANK",
    "IFSC": "UTKS0001178",
    "BRANCH": "SISWA BAZAR",
    "ADDRESS": "PLOT NO - 479 KHA,VILL- KOTHIBHAR NAGAR KSHETRA,PARAGANA -TILPUR,TEHSIL - NICHLAUL,JAISWAL NAGAR,KOTHIBHAR THANA,SISWA BAZAR,DIST-MAHARAJGANJ,UP,PIN CODE-273163",
    "CONTACT": "7897348097",
    "CITY": "MAHARAJGANJ",
    "DISTRICT": "MAHARAJGANJ",
    "STATE": "UTTAR PRADESH"
  },
  "UTKS0001180": {
    "BANK": "UTKARSH SMALL FINANCE BANK",
    "IFSC": "UTKS0001180",
    "BRANCH": "BASTI",
    "ADDRESS": "FIRST FLOOR,MURLIJOT,ANSAR COLONY,AKPANGI,PURANI BASTI,DIST -BASTI UTTAR PRADESH -272002",
    "CONTACT": "9839714243",
    "CITY": "BASTI",
    "DISTRICT": "BASTI",
    "STATE": "UTTAR PRADESH"
  },
  "UTKS0001181": {
    "BANK": "UTKARSH SMALL FINANCE BANK",
    "IFSC": "UTKS0001181",
    "BRANCH": "SONIPAT",
    "ADDRESS": "HOUSE NO.710/29,MAHLANA ROAD,MALVIYA NAGAR,GALI NO.2,MAHLANA ROAD,DISTRICT - SONIPATH,HARYANA,PIN CODE 131001",
    "CONTACT": "7082912597",
    "CITY": "SONIPAT",
    "DISTRICT": "SONIPAT",
    "STATE": "HARYANA",
    "RTGS": true
  },
  "UTKS0001183": {
    "BANK": "UTKARSH SMALL FINANCE BANK",
    "IFSC": "UTKS0001183",
    "BRANCH": "HINGNA",
    "ADDRESS": "FLOT NO.1/C ADM,KHATA NO.135,HOUSE NO.433/2,WARD NO.4,BHOSLEWADI BUS STOP,KAWDAS ROAD,HINGA DIST - NAGPUR,MAHARASHTRA -441110",
    "CONTACT": "7722024943",
    "CITY": "NAGPUR",
    "DISTRICT": "NAGPUR",
    "STATE": "MAHARASHTRA"
  },
  "UTKS0001193": {
    "BANK": "UTKARSH SMALL FINANCE BANK",
    "IFSC": "UTKS0001193",
    "BRANCH": "DILDARNAGAR",
    "ADDRESS": "OLD ARAZI NO. 881/2 NEW ARAZI NO. 2016 KHA, MAUZA- USHIYA ( TOWN AREA), PARAGANA-JAMANIA, TEHSIL- SEWRAI, DISTRICT- GHAZIPUR, STATE- UTTAR PRADESH, PIN CODE-232326",
    "CONTACT": "7390050202",
    "CITY": "GHAZIPUR",
    "DISTRICT": "GHAZIPUR",
    "STATE": "UTTAR PRADESH"
  },
  "UTKS0001194": {
    "BANK": "UTKARSH SMALL FINANCE BANK",
    "IFSC": "UTKS0001194",
    "BRANCH": "GYANBABU CHOWK",
    "ADDRESS": "GROUND FLOOR,MAUZA - MOTIHARI KOLHUARWA,THANA - MOTIHARI,DISTRICT - EAST CHAMPARAN,BIHAR",
    "CONTACT": "7280027163",
    "CITY": "EAST CHAMPARAN",
    "DISTRICT": "EAST CHAMPARAN",
    "STATE": "BIHAR",
    "RTGS": true
  },
  "UTKS0001196": {
    "BANK": "UTKARSH SMALL FINANCE BANK",
    "IFSC": "UTKS0001196",
    "BRANCH": "MANPUR",
    "ADDRESS": "C/O-JITENDRA KUMAR SINGH,MULLAHA-SIDHARATHPURI COLONY,STREET NO-1,POST-MANPUR,PLOICE STATION MOFASIL,DISTT-GAYA,STATE-BIHAR,PIN CODE- 823003",
    "CONTACT": "7763802946",
    "CITY": "GAYA",
    "DISTRICT": "GAYA",
    "STATE": "BIHAR",
    "RTGS": true
  },
  "UTKS0001198": {
    "BANK": "UTKARSH SMALL FINANCE BANK",
    "IFSC": "UTKS0001198",
    "BRANCH": "KURHANI",
    "ADDRESS": "FIRST FLOOR,MAUZA KUDHANI,THANA - KUDHANI,DISTRICT - MUZAFFARPUR,STATE-BIHAR,PIN CODE-844120",
    "CONTACT": "7070092476",
    "CITY": "MUZAFFARPUR",
    "DISTRICT": "MUZAFFARPUR",
    "STATE": "BIHAR",
    "RTGS": true
  },
  "UTKS0001199": {
    "BANK": "UTKARSH SMALL FINANCE BANK",
    "IFSC": "UTKS0001199",
    "BRANCH": "SARFUDDINPUR",
    "ADDRESS": "GROUND FLOOR,MAUZA - MAIDAPUR,THANA - BOCHAHA,DISTRICT - MUZAFFARPUR,STATE - BIHAR,PIN CODE-843118",
    "CONTACT": "7541812267",
    "CITY": "MUZAFFARPUR",
    "DISTRICT": "MUZAFFARPUR",
    "STATE": "BIHAR",
    "RTGS": true
  },
  "UTKS0001200": {
    "BANK": "UTKARSH SMALL FINANCE BANK",
    "IFSC": "UTKS0001200",
    "BRANCH": "GOTEGAON",
    "ADDRESS": "FIRST FLOOR,KHASARA NO 86,MAIN ROAD,NEHARU WARD,GOTEGAON,DISTRICT - NARSINGHPUR,MADHYA PRADESH,PIN CODE-487118",
    "CONTACT": "7024156723",
    "CITY": "GOTEGAON",
    "DISTRICT": "NARSINGHPUR",
    "STATE": "MADHYA PRADESH"
  },
  "UTKS0001203": {
    "BANK": "UTKARSH SMALL FINANCE BANK",
    "IFSC": "UTKS0001203",
    "BRANCH": "FATUHA",
    "ADDRESS": "STATION ROAD FATHUA DIST PATNA PIN CODE 803202",
    "CONTACT": "7541812266",
    "CITY": "PATNA",
    "DISTRICT": "PATNA",
    "STATE": "BIHAR",
    "RTGS": true
  },
  "UTKS0001206": {
    "BANK": "UTKARSH SMALL FINANCE BANK",
    "IFSC": "UTKS0001206",
    "BRANCH": "WORK SHOP ROAD, YAMUNA NAGAR",
    "ADDRESS": "NO - 14,PROPERTY ID NO - 277C176U141,ISHWAR NAGAR,YAMUNA NAGAR,TEHSIL - JAGADHRI,DISTRICT - YAMUNA NAGAR,STATE - HARYANA,PIN CODE - 135001",
    "CONTACT": "8572821506",
    "CITY": "YAMUNA NAGAR",
    "DISTRICT": "YAMUNA NAGAR",
    "STATE": "HARYANA",
    "RTGS": true
  },
  "UTKS0001207": {
    "BANK": "UTKARSH SMALL FINANCE BANK",
    "IFSC": "UTKS0001207",
    "BRANCH": "SIRDALA",
    "ADDRESS": "MAUZA - KUSHAN,P.S- SIRDALA,DISTRICT- NAWADA,STATE- BIHAR,PIN CODE-805127,KHATA NO.- 173,KHESRA NO- 375& 376,THANA NO- 90",
    "CONTACT": "7766913477",
    "CITY": "NAWADA",
    "DISTRICT": "NAWADA",
    "STATE": "BIHAR",
    "RTGS": true
  },
  "UTKS0001210": {
    "BANK": "UTKARSH SMALL FINANCE BANK",
    "IFSC": "UTKS0001210",
    "BRANCH": "BANSI",
    "ADDRESS": "PLOT NO.- 160 MIN,AREA - 2160 SQ.FT. ( 1050 SQ.FT.AREA OFFERED FOR LESSEE ),MAUZA - RAMGARH,TAPP - KURADAN,PARAGANA - BANSI PURAB,TEHSIL - BANSI,DISTRICT - SIDDHARTH NAGAR,STATE - PIN CODE - 272207",
    "CONTACT": "9794839788",
    "CITY": "SIDDHARTHNAGAR",
    "DISTRICT": "SIDDHARTHNAGAR",
    "STATE": "UTTAR PRADESH"
  },
  "UTKS0001211": {
    "BANK": "UTKARSH SMALL FINANCE BANK",
    "IFSC": "UTKS0001211",
    "BRANCH": "NAUGARH",
    "ADDRESS": "ARAZI NO - 43 GHA AREA 1360 SQ.FT.MAUZA - TETARI BAZAR,TAPPA - THARAULI,PARAGANA - NAUGARH,TEHSIL - NAUGARH,DISTRICT - SIDDHARTHNAGAR,STATE - PIN CODE - 272207",
    "CONTACT": "9794861593",
    "CITY": "SIDDHARTHNAGAR",
    "DISTRICT": "SIDDHARTHNAGAR",
    "STATE": "UTTAR PRADESH"
  },
  "UTKS0001212": {
    "BANK": "UTKARSH SMALL FINANCE BANK",
    "IFSC": "UTKS0001212",
    "BRANCH": "LADWA",
    "ADDRESS": "LADWA,TEHSIL LADWA,BAVEN ROAD,NEAR CIVIL HOSPITAL,POST - LADWA,DISTRICT - KURUKSHETRA,HARYANA,PIN CODE - 136132",
    "CONTACT": "8572821504",
    "CITY": "KURUKSHETRA",
    "DISTRICT": "KURUKSHETRA",
    "STATE": "HARYANA",
    "RTGS": true
  },
  "UTKS0001215": {
    "BANK": "UTKARSH SMALL FINANCE BANK",
    "IFSC": "UTKS0001215",
    "BRANCH": "RUDHAULI",
    "ADDRESS": "VILLAGE- RUDHAULI KALA,( MAGAHAR WEST),TEHSIL- RUDHAULI, DISTRICT- BASTI, STATE- UTTAR PRADESH, PIN CODE 272151",
    "CONTACT": "7318250363",
    "CITY": "BASTI",
    "DISTRICT": "BASTI",
    "STATE": "UTTAR PRADESH"
  },
  "UTKS0001225": {
    "BANK": "UTKARSH SMALL FINANCE BANK",
    "IFSC": "UTKS0001225",
    "BRANCH": "BARARA",
    "ADDRESS": "PLOT NO.40/4,PREET NAGAR,BARARA,NEAR GOVT.SR.SEC.SCHOOL BARARA,DISTRICT -AMBALA,STATE -HARYANA,PIN CODE -133201",
    "CONTACT": "7082903242",
    "CITY": "AMBALA",
    "DISTRICT": "AMBALA",
    "STATE": "HARYANA",
    "RTGS": true
  },
  "UTKS0001226": {
    "BANK": "UTKARSH SMALL FINANCE BANK",
    "IFSC": "UTKS0001226",
    "BRANCH": "KURUKSHETRA",
    "ADDRESS": "DARRA KALAN,NEAR GOL BANK, VISHNU COLONY, THANESAR, RAILWAY ROAD, TEHSIL- THANESAR, DISTRICT-KURUKSHETRA, STATE -HARAYANA, PIN CODE-136118",
    "CONTACT": "8572821310",
    "CITY": "KURUKSHETRA",
    "DISTRICT": "KURUKSHETRA",
    "STATE": "HARYANA",
    "RTGS": true
  },
  "UTKS0001229": {
    "BANK": "UTKARSH SMALL FINANCE BANK",
    "IFSC": "UTKS0001229",
    "BRANCH": "ANUPPUR",
    "ADDRESS": "VILLAGE - SAMATPUR,HALKA - PATWARI ANUPPUR,TEHSIL - ANUPPUR,DISTRICT - ANUPPUR,STATE - MADHYA PRADESH,PIN CODE-484224",
    "CONTACT": "7389510395",
    "CITY": "ANUPPUR",
    "DISTRICT": "ANUPPUR",
    "STATE": "MADHYA PRADESH"
  },
  "UTKS0001231": {
    "BANK": "UTKARSH SMALL FINANCE BANK",
    "IFSC": "UTKS0001231",
    "BRANCH": "SAMASTIPUR",
    "ADDRESS": "VILLAGE - CHAKNOOR,P.S - SAMASTIPUR,DISTRICT - SAMASTIPUR,STATE - BIHAR,PIN CODE - 848101,KHATA NO - 519,KHESARA NO - 2446& 2447,THANA NO - 174",
    "CONTACT": "7033693903",
    "CITY": "SAMSTIPUR",
    "DISTRICT": "SAMSTIPUR",
    "STATE": "BIHAR",
    "RTGS": true
  },
  "UTKS0001232": {
    "BANK": "UTKARSH SMALL FINANCE BANK",
    "IFSC": "UTKS0001232",
    "BRANCH": "MAHUA",
    "ADDRESS": "MAUZA - SINGHARAI,PARAGANA - BISARA,P.S - MAHUA,MUZAFFARPUR ROAD,DISTRACT - VAISHALI,STATE - BIHAR,PIN CODE - 844122",
    "CONTACT": "9102992756",
    "CITY": "VAISHALI",
    "DISTRICT": "VAISHALI",
    "STATE": "BIHAR",
    "RTGS": true
  },
  "UTKS0001233": {
    "BANK": "UTKARSH SMALL FINANCE BANK",
    "IFSC": "UTKS0001233",
    "BRANCH": "BARNI",
    "ADDRESS": "MAUZA - BARNI,P.S.DHANARUA,DIST - PATNA,STATE - BIHAR,PIN CODE - 804452,KHATA NO - 788,KHESARA NO - 1696 AND 1693,THANA NO - 145",
    "CONTACT": "7033693948",
    "CITY": "PATNA",
    "DISTRICT": "PATNA",
    "STATE": "BIHAR",
    "RTGS": true
  },
  "UTKS0001235": {
    "BANK": "UTKARSH SMALL FINANCE BANK",
    "IFSC": "UTKS0001235",
    "BRANCH": "CHANDI",
    "ADDRESS": "VILLAGE - BHAGWANPUR,PARAGANA - PILICH,P.S - CHANDI,DISTRICT - NALANDA,STATE - BIHAR,PIN CODE - 803108,KHATA NO - 146,KHESARA NO - 208,THANA NO - 294",
    "CONTACT": "7033693949",
    "CITY": "NALANDA",
    "DISTRICT": "NALANDA",
    "STATE": "BIHAR",
    "RTGS": true
  },
  "UTKS0001236": {
    "BANK": "UTKARSH SMALL FINANCE BANK",
    "IFSC": "UTKS0001236",
    "BRANCH": "NARAINGARH",
    "ADDRESS": "GROUND FLOOR,KHEWAT-221,KHATAUNI NO.239,KHESRA NO.9/18/3/4,RAIPUR VIRAN,HB NO.302,TEHSIL-NARAINGARH,DISTRICT - AMBALA,STATE - HARYANA,PIN CODE - 134203",
    "CONTACT": "8572820673",
    "CITY": "NARAINGARH",
    "DISTRICT": "AMBALA",
    "STATE": "HARYANA",
    "RTGS": true
  },
  "UTKS0001238": {
    "BANK": "UTKARSH SMALL FINANCE BANK",
    "IFSC": "UTKS0001238",
    "BRANCH": "WARISALIGANJ",
    "ADDRESS": "C/O ARVIND KUMAR, THANA MORE WARISALIGANJ,NEAR-PUUNJAB NATIONAL BANK POST,PS- WARISALIGANJ DISTT-NAWADA,STATE- BIHAR, PIN 805130",
    "CONTACT": "9097455166",
    "CITY": "NAWADA",
    "DISTRICT": "NAWADA",
    "STATE": "BIHAR",
    "RTGS": true
  },
  "UTKS0001241": {
    "BANK": "UTKARSH SMALL FINANCE BANK",
    "IFSC": "UTKS0001241",
    "BRANCH": "NAGGAL",
    "ADDRESS": "GROUND FLOOR,HOUSE NO.23/16,15,14,NEW HOUSE NO.442/C-867,VILLAGE -NAGGAL,TEHSIL -AMBALA,DISTRICT -AMBALA,STATE -HARYANA,PIN CODE -135004",
    "CONTACT": "8572820676",
    "CITY": "AMBALA",
    "DISTRICT": "AMBALA",
    "STATE": "HARYANA",
    "RTGS": true
  },
  "UTKS0001242": {
    "BANK": "UTKARSH SMALL FINANCE BANK",
    "IFSC": "UTKS0001242",
    "BRANCH": "DALSINGH SARAI",
    "ADDRESS": "MAUZA - WAJIDPUR GADO,PARAGANA - SARAISA,P.S - DALSINGH SARAI,DIST - SAMSTIPUR,STATE - BIHAR,PIN CODE-848114,KHATA NO - 36,KHESRA NO - 1403,THANA NO - 68,TAUZI NO - 4261",
    "CONTACT": "7033694101",
    "CITY": "SAMSTIPUR",
    "DISTRICT": "SAMSTIPUR",
    "STATE": "BIHAR",
    "RTGS": true
  },
  "UTKS0001243": {
    "BANK": "UTKARSH SMALL FINANCE BANK",
    "IFSC": "UTKS0001243",
    "BRANCH": "ATRAULI",
    "ADDRESS": "VILLAGE - BHORAJPUR KALAN ROAD-HAIDARPUR ROAD,PARGANA - ATRAULIA,TEHSIL - BUDHANPUR,DISTT - AZAMGARH,STATE - UTTAR PRADESH PIN-223223",
    "CONTACT": "7607999331",
    "CITY": "AZAMGARH",
    "DISTRICT": "AZAMGARH",
    "STATE": "UTTAR PRADESH"
  },
  "UTKS0001244": {
    "BANK": "UTKARSH SMALL FINANCE BANK",
    "IFSC": "UTKS0001244",
    "BRANCH": "GURARU",
    "ADDRESS": "KHATA NO.-255,BEARING PLOT NO.3250,KITA TULSI ASTHAN,AREA 03 DECIMAL,MAUZA - RAUNA,TOLA-SHANKAR BIGHA,P.S.-KONCH,P.O.- MAJHIAWAN,ANCHAL - GURARU DISTRICT - GAYA,STATE - BIHAR,PIN CODE-824118",
    "CONTACT": "7033694086",
    "CITY": "GAYA",
    "DISTRICT": "GAYA",
    "STATE": "BIHAR",
    "RTGS": true
  },
  "UTKS0001245": {
    "BANK": "UTKARSH SMALL FINANCE BANK",
    "IFSC": "UTKS0001245",
    "BRANCH": "HARRAIYA",
    "ADDRESS": "GROUND FLOOR,VILLAGE - MURADIPUR,TAPPA - PURAINA,PARAGANA - AMORA,TEHSIL - HARRAIYA,DISTRACT - BASTI,STATE - UTTAR PRADESH,PIN CODE",
    "CONTACT": "7897998776",
    "CITY": "BASTI",
    "DISTRICT": "BASTI",
    "STATE": "UTTAR PRADESH"
  },
  "UTKS0001246": {
    "BANK": "UTKARSH SMALL FINANCE BANK",
    "IFSC": "UTKS0001246",
    "BRANCH": "SILAO",
    "ADDRESS": "SAKIN USHA NIWASH, EKANGARSARAI, BIHAR SHARIF ROAD NH-110, DIST. NALANDA, PIN CODE 801301",
    "CONTACT": "9102992766",
    "CITY": "SILAO",
    "DISTRICT": "BIHAR SHARIF",
    "STATE": "BIHAR",
    "RTGS": true
  },
  "UTKS0001247": {
    "BANK": "UTKARSH SMALL FINANCE BANK",
    "IFSC": "UTKS0001247",
    "BRANCH": "ILTEFATGANJ",
    "ADDRESS": "VILLAGE-GIGINA,POST - ILTIFATGANJ,TAHSIL - TANDA,DISTRICT - AMBEDAKAR NAGAR,UTTAR PRADESH,PIN CODE-224145",
    "CONTACT": "7755006531",
    "CITY": "AMBEDAKAR NAGAR",
    "DISTRICT": "AMBEDAKAR NAGAR",
    "STATE": "UTTAR PRADESH"
  },
  "UTKS0001249": {
    "BANK": "UTKARSH SMALL FINANCE BANK",
    "IFSC": "UTKS0001249",
    "BRANCH": "AKBARPUR -UP",
    "ADDRESS": "VILLAGE - MOHASINPUR,MANSOORPUR,PARAGANA - AKBARPUR TAHSIL - AKABARPUR,POST - BANGAO DEHWA,DISTRICT - AMBEDKARNAGAR,UP,PIN CODE-224122",
    "CONTACT": "7234901352",
    "CITY": "AMBEDAKAR NAGAR",
    "DISTRICT": "AMBEDAKAR NAGAR",
    "STATE": "UTTAR PRADESH"
  },
  "UTKS0001250": {
    "BANK": "UTKARSH SMALL FINANCE BANK",
    "IFSC": "UTKS0001250",
    "BRANCH": "KARNAL",
    "ADDRESS": "HOUSE NO.161,SANT NAGAR,KAITHAL ROAD,DISTRICT - KARNAL,STATE - HARYANA,PIN CODE-132001",
    "CONTACT": "7082018702",
    "CITY": "KARNAL",
    "DISTRICT": "KARNAL",
    "STATE": "HARYANA",
    "RTGS": true
  },
  "UTKS0001253": {
    "BANK": "UTKARSH SMALL FINANCE BANK",
    "IFSC": "UTKS0001253",
    "BRANCH": "GOSAIGANJ",
    "ADDRESS": "VILLAGE - DHAMAPATTI,PARAGANA - MIJHAURA,POST - GOSAIGANJ,TAHSIL - BHITI,DISTRICT - AMBEDKARNAGAR,STATE - UTTAR PRADESH,PIN CODE-224141",
    "CONTACT": "7522801115",
    "CITY": "AMBEDAKAR NAGAR",
    "DISTRICT": "AMBEDAKAR NAGAR",
    "STATE": "UTTAR PRADESH"
  },
  "UTKS0001254": {
    "BANK": "UTKARSH SMALL FINANCE BANK",
    "IFSC": "UTKS0001254",
    "BRANCH": "DARSHAN NAGAR",
    "ADDRESS": "VILLAGE - ASHAPUR,PARGANA - HAVALI AWADH,POST - DARSHAN NAGAR,TAHSIL AND DISTRICT - FAIZABAD,UTTAR PRADESH,PIN CODE - 224135",
    "CONTACT": "7752902449",
    "CITY": "FAIZABAD",
    "DISTRICT": "FAIZABAD",
    "STATE": "UTTAR PRADESH"
  },
  "UTKS0001255": {
    "BANK": "UTKARSH SMALL FINANCE BANK",
    "IFSC": "UTKS0001255",
    "BRANCH": "KHATOPUR CHOWK",
    "ADDRESS": "VILL - RAJA DUMARI,P.S - BEGUSARAI,EAST OF NAVODAYA SCHOOL,WARD NO - 45,DIST - BEGUSARAI,STATE - BIHAR-851129,KHATA NO-75,KHESARA NO-378,THANA NO - 338,TAUZI NO - 681",
    "CONTACT": "7485094984",
    "CITY": "BEGUSARAI",
    "DISTRICT": "BEGUSARAI",
    "STATE": "BIHAR",
    "RTGS": true
  },
  "UTKS0001257": {
    "BANK": "UTKARSH SMALL FINANCE BANK",
    "IFSC": "UTKS0001257",
    "BRANCH": "BALLIA BIHAR",
    "ADDRESS": "FIRST FLOOR,TAUZI NO -7796/4075,KHATA NO -1741,KHASRA NO -3825,WARD NO -15,PHOOL CHAUK,MAUZA-LAKHMINIA,THANA NO -627,PARAGANA -BALLIA,P S -BALLIA,DISTRICT - BEGUSARAI,STATE - BIHAR,PIN CODE -851211",
    "CONTACT": "9102999466",
    "CITY": "BEGUSARAI",
    "DISTRICT": "BEGUSARAI",
    "STATE": "BIHAR",
    "RTGS": true
  },
  "UTKS0001258": {
    "BANK": "UTKARSH SMALL FINANCE BANK",
    "IFSC": "UTKS0001258",
    "BRANCH": "GHARAUNDA",
    "ADDRESS": "PLOT NO -604/4,WARD NO -4/5,RAMNAGAR,TELU SINGH COLONY,SUDESH ARAIPURA ROAD,GHARAUNDA,DISTRICT - KARNAL,HARYANA,PIN CODE-132114",
    "CONTACT": "9587719716",
    "CITY": "GHARAUNDA",
    "DISTRICT": "KARNAL",
    "STATE": "HARYANA",
    "RTGS": true
  },
  "UTKS0001262": {
    "BANK": "UTKARSH SMALL FINANCE BANK",
    "IFSC": "UTKS0001262",
    "BRANCH": "ROSERA",
    "ADDRESS": "GROUND FLOOR, MAUZA- MAHAMMADINAGAR RORESA, THANA NO. 69, TAUZI NO.- 6424, PARAGANA-KASAMA, DISTRICT- SAMASTIPUR, BIHAR, PIN CODE-848210.",
    "CONTACT": "7091598852",
    "CITY": "SAMASTIPUR",
    "DISTRICT": "SAMASTIPUR",
    "STATE": "BIHAR",
    "RTGS": true
  },
  "UTKS0001267": {
    "BANK": "UTKARSH SMALL FINANCE BANK",
    "IFSC": "UTKS0001267",
    "BRANCH": "KAITHAL",
    "ADDRESS": "PATTI KAISTH SETH,AGGARSAIN PURAM,INSIDE MUNICIPAL LIMITS OF KAITHAL TOWN,AMBALA ROAD,DISTRICT -KAITHAL,STATE -HARYANA,PIN CODE -136027",
    "CONTACT": "7082008959",
    "CITY": "KAITHAL",
    "DISTRICT": "KAITHAL",
    "STATE": "HARYANA",
    "RTGS": true
  },
  "UTKS0001269": {
    "BANK": "UTKARSH SMALL FINANCE BANK",
    "IFSC": "UTKS0001269",
    "BRANCH": "CHHINDWARA",
    "ADDRESS": "MAUZA - KUKUDA JAGAT,NAGAR NIHAM,WARD NO.- 4,P.H.NO.- 19/11,B.NO.- 62,R.I.C- CHHINDWARA,KHATA NO.- 19/11,TEHSIL - CHHINDWARA,DISTRICT - CHHINDWARA,STATE - MADHYA PRADESH,PIN CODE - 480001",
    "CONTACT": "7024261136",
    "CITY": "CHHINDWARA",
    "DISTRICT": "CHHINDWARA",
    "STATE": "MADHYA PRADESH"
  },
  "UTKS0001274": {
    "BANK": "UTKARSH SMALL FINANCE BANK",
    "IFSC": "UTKS0001274",
    "BRANCH": "KALAMB",
    "ADDRESS": "PLOT NO.12,KEWATE LAY OUT,NEAR CHINTAMANI MANDIR,ATHAVADI BAZAR,KALAMB,YAVATMAL-445401",
    "CONTACT": "7722067926",
    "CITY": "YAVATMAL",
    "DISTRICT": "YAVATMAL",
    "STATE": "MAHARASHTRA"
  },
  "UTKS0001277": {
    "BANK": "UTKARSH SMALL FINANCE BANK",
    "IFSC": "UTKS0001277",
    "BRANCH": "MAU",
    "ADDRESS": "FIRST FLOOR,CHAK NO.- 1093,ARAZI NO.- 1624/2,AREA NO.- 0.011 HECTARE,MAU MUSTKIL,SHIVAPUR TIRAHA,MAU,POST-MAU,TAHSIL - MAU DIST - CHITRAKUT,TATE - UTTAR PRADESH,PIN CODE-210209",
    "CONTACT": "7318016330",
    "CITY": "CHITRAKUT",
    "DISTRICT": "CHITRAKUT",
    "STATE": "UTTAR PRADESH"
  },
  "UTKS0001280": {
    "BANK": "UTKARSH SMALL FINANCE BANK",
    "IFSC": "UTKS0001280",
    "BRANCH": "ROBERTSGANJ",
    "ADDRESS": "MAUZA - KAMHARI,PARAGANA - BADHAR,TAHSIL - ROBERTSGANJ,DISTRICT - SONBHADRA,STATE - UTTAR PRADESH,PIN CODE-231216",
    "CONTACT": "7318089289",
    "CITY": "SONBHADRA",
    "DISTRICT": "SONBHADRA",
    "STATE": "UTTAR PRADESH"
  },
  "UTKS0001281": {
    "BANK": "UTKARSH SMALL FINANCE BANK",
    "IFSC": "UTKS0001281",
    "BRANCH": "KAHALGAON",
    "ADDRESS": "VILL-KAHALGAON,P.S - KAHALGAON ARARIA,NEAR PURANI REGISTRY OFFICE,HATH ROAD,KAHALGAON,DIST - BHAGALPUR,STATE - BIHAR-813203,KHATA NO-206,KHESARA NO-104/3,THANA NO-267",
    "CONTACT": "7091599415",
    "CITY": "BHAGALPUR",
    "DISTRICT": "BHAGALPUR",
    "STATE": "BIHAR",
    "RTGS": true
  },
  "UTKS0001283": {
    "BANK": "UTKARSH SMALL FINANCE BANK",
    "IFSC": "UTKS0001283",
    "BRANCH": "BAHERI",
    "ADDRESS": "MAUZA - RASALPUR SOHRAN,BAHERI,PARAGANA - HAWI,P.S - BAHERI,DIST - DARBHANGA,STATE - BIHAR,PIN CODE-847105,KHATA NO-791,KHESARA NO - 4926,THANA NO-81,TAUZI NO - 6564",
    "CONTACT": "7091599416",
    "CITY": "DARBHANGA",
    "DISTRICT": "DARBHANGA",
    "STATE": "BIHAR",
    "RTGS": true
  },
  "UTKS0001287": {
    "BANK": "UTKARSH SMALL FINANCE BANK",
    "IFSC": "UTKS0001287",
    "BRANCH": "ORIYA\\HAZARIBAGH",
    "ADDRESS": "KHATA NO-18, KHASRA NO- 2617,VILLAGE- ORIYA, THANA NO-152, THANA- MUFFASIL,DISTRICT- HAZARIBAGH, JHARKHAND, PIN CODE-825301",
    "CONTACT": "7485094981",
    "CITY": "HAZARIBAGH",
    "DISTRICT": "HAZARIBAGH",
    "STATE": "JHARKHAND",
    "RTGS": true
  },
  "UTKS0001288": {
    "BANK": "UTKARSH SMALL FINANCE BANK",
    "IFSC": "UTKS0001288",
    "BRANCH": "GHORAWAL",
    "ADDRESS": "GROUND FLOOR, ARAZI NO.- 1057KHA, AREA NO. 0 38 HECTARE, MAUZA-GHORAWAL, PARAGANA-BADHAR, TEHSIL- GHORAWAL, DISTRICT- SONEBHADRA, STATE- UTTAR PRADESH, PIN CODE-231210",
    "CONTACT": "7318089269",
    "CITY": "SONBHADRA",
    "DISTRICT": "SONBHADRA",
    "STATE": "UTTAR PRADESH"
  },
  "UTKS0001289": {
    "BANK": "UTKARSH SMALL FINANCE BANK",
    "IFSC": "UTKS0001289",
    "BRANCH": "RAMGARH UP",
    "ADDRESS": "C/O MR.KAMLESH S/O RAMKUMARVILLAGE-RAMGARH,PO-RAMGARH,THAN - PANNU GANJ,DIS - SONBHADRA,PIN-231213",
    "CONTACT": "7318089287",
    "CITY": "ROBERTSGANJ",
    "DISTRICT": "SONBHADRA",
    "STATE": "UTTAR PRADESH"
  },
  "UTKS0001294": {
    "BANK": "UTKARSH SMALL FINANCE BANK",
    "IFSC": "UTKS0001294",
    "BRANCH": "GOLA",
    "ADDRESS": "C/O- MRS. MAMTA PODDAR, W/O- MR. PANCHAM CHANDRA PODDAR, MAIN ROAD GOLA, NH-23, DIST RAMGARH(JHARKHAND), PIN-829122,",
    "CONTACT": "7485095028",
    "CITY": "RAMGARH",
    "DISTRICT": "RAMGARH",
    "STATE": "JHARKHAND",
    "RTGS": true
  },
  "UTKS0001296": {
    "BANK": "UTKARSH SMALL FINANCE BANK",
    "IFSC": "UTKS0001296",
    "BRANCH": "RAJAPUR",
    "ADDRESS": "ARAZINO-664,MAUZA-RAJAPURMUSTKIL,PARAGANA-RAJAPUR,TEHSIL-RAJAPUR,DISTRICT-CHITRAKOOT,STATE-UTTARPRADESH,PINCODE-210207",
    "CONTACT": "7318089293",
    "CITY": "CHRIAKOOT",
    "DISTRICT": "CHRIAKOOT",
    "STATE": "UTTAR PRADESH"
  },
  "UTKS0001299": {
    "BANK": "UTKARSH SMALL FINANCE BANK",
    "IFSC": "UTKS0001299",
    "BRANCH": "AMARPUR",
    "ADDRESS": "GROUND FLOOR,MAUZA - BANAHARA,THANA NO.- 328,P.S.-AMARPUR,DISTRICT - BANKA,STATE - BIHAR,PIN CODE - 813101",
    "CONTACT": "7280027335",
    "CITY": "AMARPUR",
    "DISTRICT": "BANKA",
    "STATE": "BIHAR",
    "RTGS": true
  },
  "UTKS0001303": {
    "BANK": "UTKARSH SMALL FINANCE BANK",
    "IFSC": "UTKS0001303",
    "BRANCH": "DELHI MOD, DARBHANGA",
    "ADDRESS": "MAUZA - BASUDEOPUR,P.S - DARBHANGA,DIST - DARBHANGA,STATE - BIHAR,PIN CODE - 846005,KHATA NO - 1757,KHESARA NO - 1785 AND 1794,THANA NO - 449,TAUZI - 8534",
    "CONTACT": "7903882875",
    "CITY": "DARBHANGA",
    "DISTRICT": "DARBHANGA",
    "STATE": "BIHAR",
    "RTGS": true
  },
  "UTKS0001304": {
    "BANK": "UTKARSH SMALL FINANCE BANK",
    "IFSC": "UTKS0001304",
    "BRANCH": "BANKA",
    "ADDRESS": "FIRST FLOOR,WARD NO.5,KHATA NO 23& 37,KHASARA NO 6& 7,MAHARANA COMPLEX,KATORIYA ROAD,MAUZA - BOGARIA,MUHALLA - BIJAY NAGAR,THANA - BANKA,DISTRICT - BANKA,STATE - BIHAR,PIN CODE 813102",
    "CONTACT": "9811148660",
    "CITY": "BANKA",
    "DISTRICT": "BANKA",
    "STATE": "BIHAR",
    "RTGS": true
  },
  "UTKS0001309": {
    "BANK": "UTKARSH SMALL FINANCE BANK",
    "IFSC": "UTKS0001309",
    "BRANCH": "PATTI",
    "ADDRESS": "ARAZI NO.29,MAUZA BAHELIYAPUR,PARGANA AND TEHSIL PATTI,PRATAPGARH,UTTAR PRADESH 230134",
    "CONTACT": "7318076511",
    "CITY": "PRATAPGARH",
    "DISTRICT": "PRATAPGARH",
    "STATE": "UTTAR PRADESH"
  },
  "UTKS0001311": {
    "BANK": "UTKARSH SMALL FINANCE BANK",
    "IFSC": "UTKS0001311",
    "BRANCH": "JAMALPUR BR",
    "ADDRESS": "MAUZA - NAYAGAON,P.S-EAST COLONY,D D TULSI ROAD,POST - JAMALPUR,DIST - MUNGER-811814,KHATA NO-32,KHESARA NO-2439,THANA NO-11,TAUZI NO - 5439,AREA - 1 KATHA,WARD NO - 5",
    "CONTACT": "7280021704",
    "CITY": "MUNGER",
    "DISTRICT": "MUNGER",
    "STATE": "BIHAR",
    "RTGS": true
  },
  "UTKS0001312": {
    "BANK": "UTKARSH SMALL FINANCE BANK",
    "IFSC": "UTKS0001312",
    "BRANCH": "GHATSILA",
    "ADDRESS": "GROUND FLOOR,PLOT NO.713 SUB - PLOT NO.713/6,NEAR CIVIL COURT,PHULDUNGARI,DHARAMBAHAL,GHATSHILA,DISTRICT - EAST SINGHBHUM,STATE-JHARKHAND,PIN CODE-832303",
    "CONTACT": "7485094857",
    "CITY": "EAST SINGHBHUM",
    "DISTRICT": "EAST SINGHBHUM",
    "STATE": "JHARKHAND",
    "RTGS": true
  },
  "UTKS0001313": {
    "BANK": "UTKARSH SMALL FINANCE BANK",
    "IFSC": "UTKS0001313",
    "BRANCH": "MAHNAR",
    "ADDRESS": "UPPER GROUND FLOOR,THANA NO.-545,HALKA NO.-8,WARD NO.-3,NEW WARD NO.-4,KHATA NO.2424,THANA ROAD,SHAKUNTALA PALACE,MAHNAR,DISTRICT - VAISHALI,STATE - BIHAR,PIN CODE-844506",
    "CONTACT": "7091599411",
    "CITY": "VAISHALI",
    "DISTRICT": "VAISHALI",
    "STATE": "BIHAR",
    "RTGS": true
  },
  "UTKS0001314": {
    "BANK": "UTKARSH SMALL FINANCE BANK",
    "IFSC": "UTKS0001314",
    "BRANCH": "ABHANPUR",
    "ADDRESS": "MAUZA-1 URLA ABHANPUR,THANA - ABHANPUR,TEHSIL - ABHANPUR,DISTRICT - RAIPUR,STATE - CHHATTISGARH,PIN CODE - 493661",
    "CONTACT": "9993105053",
    "CITY": "RAIPUR",
    "DISTRICT": "RAIPUR",
    "STATE": "CHHATTISGARH",
    "RTGS": true
  },
  "UTKS0001316": {
    "BANK": "UTKARSH SMALL FINANCE BANK",
    "IFSC": "UTKS0001316",
    "BRANCH": "RAGHUNATHPUR",
    "ADDRESS": "TAUJI NO 3712,THANA NO 384,KHATA NO 613,SURVEY NO1798,AREA 06 KHATA NO 2,DHUR 10 KATHA,VILL-RAGHUNATHPUR,SABJI BAZAR,DIS- SIWAN,PIN CODE-841504",
    "CONTACT": "7070895569",
    "CITY": "SIWAN",
    "DISTRICT": "SIWAN",
    "STATE": "BIHAR",
    "RTGS": true
  },
  "UTKS0001319": {
    "BANK": "UTKARSH SMALL FINANCE BANK",
    "IFSC": "UTKS0001319",
    "BRANCH": "SARAIKELA JAMSHEDPUR",
    "ADDRESS": "WARD NO.-8,GARAJE CHAUK,SRAIKELA DIST - WEST SINGHBHUM,JHARKHAND,PIN CODE-833219",
    "CONTACT": "7369024003",
    "CITY": "WEST SINGHBHUM",
    "DISTRICT": "WEST SINGHBHUM",
    "STATE": "JHARKHAND",
    "RTGS": true
  },
  "UTKS0001320": {
    "BANK": "UTKARSH SMALL FINANCE BANK",
    "IFSC": "UTKS0001320",
    "BRANCH": "MAIN BRANCH, BARHI",
    "ADDRESS": "NEAR HERO AGENCY,MOHALLA UJJAINA,PARGANA BARSOAT,KODARMA ROAD,THANA-GARHI RAKWA 16 DECIMAL BARHI,DISTRICT-HAZARIBAGH,STATE - JHARKHAND,PIN CODE-825405",
    "CONTACT": "9708155910",
    "CITY": "HAZARIBAGH",
    "DISTRICT": "HAZARIBAGH",
    "STATE": "BIHAR",
    "RTGS": true
  },
  "UTKS0001321": {
    "BANK": "UTKARSH SMALL FINANCE BANK",
    "IFSC": "UTKS0001321",
    "BRANCH": "BANMANKHI",
    "ADDRESS": "WARD NO -08,KHATA NO -170,MAUZA -CHAKALA,MUHALLA MAIN BAZAR,PARAGANA,DHARAMPUR,THANA - BANMANKHI,DHIR MARKET,DIST - PURNIA,BIHAR,PIN CODE -854202",
    "CONTACT": "7319942539",
    "CITY": "PURNIA",
    "DISTRICT": "PURNIA",
    "STATE": "BIHAR",
    "RTGS": true
  },
  "UTKS0001324": {
    "BANK": "UTKARSH SMALL FINANCE BANK",
    "IFSC": "UTKS0001324",
    "BRANCH": "RANIGANJ",
    "ADDRESS": "PLOT NO -204,VILLAGE - DARIYAPUR,PARAGANA - PATTI,TEHSIL - RANIGANJ,GAURAGANJ ROAD,DARIYAPUR,RANIGANJ,DISTRICT-PRATAPGARH,STATE - UTTAR PRADESH,PIN CODE-230304",
    "CONTACT": "8756399797",
    "CITY": "PRATAPGARH",
    "DISTRICT": "PRATAPGARH",
    "STATE": "UTTAR PRADESH"
  },
  "UTKS0001326": {
    "BANK": "UTKARSH SMALL FINANCE BANK",
    "IFSC": "UTKS0001326",
    "BRANCH": "PURNIA",
    "ADDRESS": "THANA NO.-100/1,KHATA NO.-401,WARD NO.-42,RAJ COMPLAX,ABDULLA NAGAR,THANA - SADAR,PARAGNA - HAWELI NAWAIYAT,NEAR SHARDA TAKIZ KALIGHAT DIST - PURNIA,BIHAR,PIN CODE-854302",
    "CONTACT": "7319942537",
    "CITY": "PURNIA",
    "DISTRICT": "PURNIA",
    "STATE": "BIHAR",
    "RTGS": true
  },
  "UTKS0001327": {
    "BANK": "UTKARSH SMALL FINANCE BANK",
    "IFSC": "UTKS0001327",
    "BRANCH": "RAJDHANWAR",
    "ADDRESS": "C/O-MR. PRAMOD KUMAR, S/O- MR. MOTILAL SAHU, NEAR GHANDHI CHAUK BLOCK, RAJDHANWAR, DIST- GIRIDIH JHARKHAND, PIN-815301",
    "CONTACT": "7070194075",
    "CITY": "GRIDIH",
    "DISTRICT": "GRIDIH",
    "STATE": "JHARKHAND",
    "RTGS": true
  },
  "UTKS0001328": {
    "BANK": "UTKARSH SMALL FINANCE BANK",
    "IFSC": "UTKS0001328",
    "BRANCH": "ARANG",
    "ADDRESS": "VILLAGE- ARANG, WARD NO-54( MORDHWAJ WARD NO-1,ARANG TEHSIL- ARANG,KHRORA ROAD,NEAR KALE MOD, DISTRICT- RAIPUR,STATE- CHHATTISGARH PIN CODE-493441, KHASERA NO- 3361/4",
    "CONTACT": "9109187823",
    "CITY": "RAIPUR",
    "DISTRICT": "RAIPUR",
    "STATE": "CHHATTISGARH",
    "RTGS": true
  },
  "UTKS0001329": {
    "BANK": "UTKARSH SMALL FINANCE BANK",
    "IFSC": "UTKS0001329",
    "BRANCH": "CHOPAN",
    "ADDRESS": "PLOT NO.- 852,MARUZA - SENDHURIYA,PARAGANA - AGORI,TAHSIL - ROBERTSGANJ,DISTRICT - SONEBHADRA,STATE - UTTAR PRADESH,PIN CODE-231205",
    "CONTACT": "7080304954",
    "CITY": "SONEBHADRA",
    "DISTRICT": "SONEBHADRA",
    "STATE": "UTTAR PRADESH"
  },
  "UTKS0001330": {
    "BANK": "UTKARSH SMALL FINANCE BANK",
    "IFSC": "UTKS0001330",
    "BRANCH": "MARIHAN",
    "ADDRESS": "FIRST FLOOR,ARAZI NO.285,AREA 2 BISWA 10 DHOOR,MAUZA - PATEWAR,PARAGANA-KANTIT,TEHSIL - MADIHAN,DISTRICT-MIRZAPUR,STATE - UTTAR PRADESH,PIN CODE-231310",
    "CONTACT": "7318083517",
    "CITY": "MIRZAPUR",
    "DISTRICT": "MIRZAPUR",
    "STATE": "UTTAR PRADESH"
  },
  "UTKS0001333": {
    "BANK": "UTKARSH SMALL FINANCE BANK",
    "IFSC": "UTKS0001333",
    "BRANCH": "WASHIM",
    "ADDRESS": "MAUZA - WASHIM,SURVEY NO.530/1 SHEET NO.-88 C S NO.- 5094,WARD NO.- 4,SHOP NO.- 18& 19,PUSAD NAKA,TURKE COMPLEX,DISTRICT - WASHIM,STATE - MAHARASHTRA,PIN CODE - 444505",
    "CONTACT": "7722067998",
    "CITY": "WASHIM",
    "DISTRICT": "WASHIM",
    "STATE": "MAHARASHTRA"
  },
  "UTKS0001334": {
    "BANK": "UTKARSH SMALL FINANCE BANK",
    "IFSC": "UTKS0001334",
    "BRANCH": "BAGODAR",
    "ADDRESS": "C/O-MR. SURENDRA KUMAR GUPTA S/O-LATE KISHORE LAL OPPOSITE VAISHNAVI DEVI MANDIR JARMUNE BAGODAR, DIST- GIRIDIH (JHARKHAND), PIN-825322",
    "CONTACT": "9102992746",
    "CITY": "GRIDIH",
    "DISTRICT": "GRIDIH",
    "STATE": "JHARKHAND",
    "RTGS": true
  },
  "UTKS0001337": {
    "BANK": "UTKARSH SMALL FINANCE BANK",
    "IFSC": "UTKS0001337",
    "BRANCH": "KURSELA",
    "ADDRESS": "SHRI NILESH KUMAR GUPTA NH - 31,KURSELA,POST -AYODHYA NAGAR BAZAR,POLICE STATION -KURSELA DIST KATIHAR PIN - 854101",
    "CONTACT": "7070895889",
    "CITY": "KURSELA",
    "DISTRICT": "KATIHAR",
    "STATE": "BIHAR",
    "RTGS": true
  },
  "UTKS0001340": {
    "BANK": "UTKARSH SMALL FINANCE BANK",
    "IFSC": "UTKS0001340",
    "BRANCH": "CHAS",
    "ADDRESS": "VILLAGE - KURRA,KURRADIH,POST - KURRA,P.S-PINDRAJORA,P.S - 99,KHATA NO-03,PLOT NO-1884,DIST-BOKARO,STATE - HARKHAND,PIN CODE-827013",
    "CONTACT": "7485094852",
    "CITY": "BOKARO",
    "DISTRICT": "BOKARO",
    "STATE": "JHARKHAND",
    "RTGS": true
  },
  "UTKS0001344": {
    "BANK": "UTKARSH SMALL FINANCE BANK",
    "IFSC": "UTKS0001344",
    "BRANCH": "RUNISAIDPUR",
    "ADDRESS": "FIRST FLOOR,MAUZA - MORSAND BAKHARA,THANA - RUNNISAIDPUR,SUB REGISTRY - BELSAND,DISTRICT - SITAMADHI,STATE - BIHAR,PIN CODE-843328",
    "CONTACT": "7463881557",
    "CITY": "SITAMADHI",
    "DISTRICT": "SITAMADHI",
    "STATE": "BIHAR",
    "RTGS": true
  },
  "UTKS0001346": {
    "BANK": "UTKARSH SMALL FINANCE BANK",
    "IFSC": "UTKS0001346",
    "BRANCH": "MADHUBANI",
    "ADDRESS": "MAUZA - BEHAT,AMBEDAKAR CHOWK,BENIPATTI,DISTRICT - MADHUBANI,BIHAR,PIN CODE-847223,THANA NO.- 184,KHATA NO.198,KHESARA NO.1438",
    "CONTACT": "9364273727",
    "CITY": "MADHUBANI",
    "DISTRICT": "MADHUBANI",
    "STATE": "BIHAR",
    "RTGS": true
  },
  "UTKS0001347": {
    "BANK": "UTKARSH SMALL FINANCE BANK",
    "IFSC": "UTKS0001347",
    "BRANCH": "KURUD",
    "ADDRESS": "MAUZA KURUD,MUHALLA - SANJAY NAGAR,WARD NO.1,THANA - KURUD,DISTRICT - DHAMATARI,STATE - CHHATTISHGARH,PIN CODE-493663",
    "CONTACT": "7583893548",
    "CITY": "DHAMATARI",
    "DISTRICT": "DHAMATARI",
    "STATE": "CHHATTISGARH",
    "RTGS": true
  },
  "UTKS0001348": {
    "BANK": "UTKARSH SMALL FINANCE BANK",
    "IFSC": "UTKS0001348",
    "BRANCH": "CHATRO",
    "ADDRESS": "MAUZA - CHATRO,P.S.- DEORI,P.S.NO - 527,TOUZI NO - 213,KHATA N - 52,PLOT NO - 1913,VILLAGE - CHATRO,POST - CHATRO,P.S-DEORI,DIST - GRIDI,JHARKHAND,PIN CODE-815314",
    "CONTACT": "7091599429",
    "CITY": "GRIDIH",
    "DISTRICT": "GRIDIH",
    "STATE": "JHARKHAND",
    "RTGS": true
  },
  "UTKS0001352": {
    "BANK": "UTKARSH SMALL FINANCE BANK",
    "IFSC": "UTKS0001352",
    "BRANCH": "ALLAHABAD",
    "ADDRESS": "4/2 A GROUND FLOOR,2 SARDAR PATEL MARG,ALLAHABAD",
    "CONTACT": "7522000874",
    "CITY": "ALLAHABAD",
    "DISTRICT": "ALLAHABAD",
    "STATE": "UTTAR PRADESH"
  },
  "UTKS0001353": {
    "BANK": "UTKARSH SMALL FINANCE BANK",
    "IFSC": "UTKS0001353",
    "BRANCH": "FRASER ROAD",
    "ADDRESS": "GROUND FLOOR1,FRASER ROAD TOWN,SOUTH GANDHI MAIDAN,PATNA,BIHAR -800001",
    "CONTACT": "7000467856",
    "CITY": "PATNA",
    "DISTRICT": "PATNA",
    "STATE": "BIHAR",
    "RTGS": true
  },
  "UTKS0001354": {
    "BANK": "UTKARSH SMALL FINANCE BANK",
    "IFSC": "UTKS0001354",
    "BRANCH": "BANK ROAD",
    "ADDRESS": "GROUND FLOOR,LAHIRI BUILDING,BANK ROAD,PO -GORAKHPUR - HO,DISTRICT -GORAKHPUR,UTTAR PRADESH -273001",
    "CONTACT": "9919677554",
    "CITY": "GORAKHPUR",
    "DISTRICT": "GORAKHPUR",
    "STATE": "UTTAR PRADESH"
  },
  "UTKS0001356": {
    "BANK": "UTKARSH SMALL FINANCE BANK",
    "IFSC": "UTKS0001356",
    "BRANCH": "ARRAH",
    "ADDRESS": "UPPER GR FLR PLOT NO 516 THANA NO 237 MAHAJAN TOLI SHIVGANJ AARAH DIST BHOJPUR PIN 802301",
    "CONTACT": "9128600600",
    "CITY": "BHOJPUR",
    "DISTRICT": "BHOJPUR",
    "STATE": "BIHAR",
    "RTGS": true
  },
  "UTKS0001359": {
    "BANK": "UTKARSH SMALL FINANCE BANK",
    "IFSC": "UTKS0001359",
    "BRANCH": "NAJAFGARH",
    "ADDRESS": "1626 BY E1 THANA ROAD NAJAFGARH 110043",
    "CONTACT": "28017021",
    "CITY": "DELHI",
    "DISTRICT": "DELHI",
    "STATE": "DELHI",
    "RTGS": true
  },
  "UTKS0001360": {
    "BANK": "UTKARSH SMALL FINANCE BANK",
    "IFSC": "UTKS0001360",
    "BRANCH": "MUZAFFARPUR",
    "ADDRESS": "ZILA SCHOOL PARISHAD HATHI CHOWK NEAR ASG EYE HOSPITAL MUZAFFARPUR BIHAR 842001",
    "CONTACT": "9534866664",
    "CITY": "MUZAFFARPUR",
    "DISTRICT": "MUZAFFARPUR",
    "STATE": "BIHAR",
    "RTGS": true
  },
  "UTKS0001362": {
    "BANK": "UTKARSH SMALL FINANCE BANK",
    "IFSC": "UTKS0001362",
    "BRANCH": "DEORIA",
    "ADDRESS": "GROUND FLOOR H.NO 392, WARD NO 23, GORAKHPUR ROAD UTTAR PRADESH 274001",
    "CONTACT": "8756702468",
    "CITY": "DEORIA",
    "DISTRICT": "DEORIA",
    "STATE": "UTTARAKHAND"
  },
  "UTKS0001363": {
    "BANK": "UTKARSH SMALL FINANCE BANK",
    "IFSC": "UTKS0001363",
    "BRANCH": "JAUNPUR",
    "ADDRESS": "PLOTNO41BY2ALLAHABADVARANASIMAINROADWAJIDPURTIRAHAJAUNPUR222002",
    "CONTACT": "7897420223",
    "CITY": "JAUNPUR",
    "DISTRICT": "JAUNPUR",
    "STATE": "UTTAR PRADESH"
  },
  "UTKS0001371": {
    "BANK": "UTKARSH SMALL FINANCE BANK",
    "IFSC": "UTKS0001371",
    "BRANCH": "ROORKEE",
    "ADDRESS": "GROUND FLOOR, CIVIL LINES, ROORKEE, UTRAKHAND 247667",
    "CONTACT": "9639641221",
    "CITY": "ROORKEE",
    "DISTRICT": "ROORKEE",
    "STATE": "UTTAR PRADESH"
  },
  "UTKS0001372": {
    "BANK": "UTKARSH SMALL FINANCE BANK",
    "IFSC": "UTKS0001372",
    "BRANCH": "RANCHI",
    "ADDRESS": "GROUND FLOOR, NARAYANI COMPLEX, 5 MAIN ROAD, RANCHI-834001, JHARKHAND",
    "CONTACT": "7897074410",
    "CITY": "RANCHI",
    "DISTRICT": "RANCHI",
    "STATE": "JHARKHAND",
    "RTGS": true
  },
  "UTKS0001374": {
    "BANK": "UTKARSH SMALL FINANCE BANK",
    "IFSC": "UTKS0001374",
    "BRANCH": "FARIDABAD",
    "ADDRESS": "GROUND AND BASEMENT FLOOR,SHOP NO 5,OPPOSITE GHAZAL HOTEL,NEAR 1& 2 CHOWK,D2/5,NH-2,FARIDABAD,HARYANA -121001",
    "CONTACT": "9918130777",
    "CITY": "FARIDABAD",
    "DISTRICT": "FARIDABAD",
    "STATE": "HARYANA",
    "RTGS": true
  },
  "UTKS0001375": {
    "BANK": "UTKARSH SMALL FINANCE BANK",
    "IFSC": "UTKS0001375",
    "BRANCH": "VARANASI GODOWLIA",
    "ADDRESS": "UTKARSH SMALL FINANCE BANK, GROUND FLOOR, D37/37,37 A,111,164,SPICE KCM CINEPLEX,GADOWILA-MAIDAGIN ROAD, BARA DEO,PO-LUXA, DISTRICT VARANASI, UTTAR PARDESH, PIN-221001",
    "CONTACT": "9648093697",
    "CITY": "VARANASI",
    "DISTRICT": "VARANASI",
    "STATE": "UTTAR PRADESH"
  },
  "UTKS0001376": {
    "BANK": "UTKARSH SMALL FINANCE BANK",
    "IFSC": "UTKS0001376",
    "BRANCH": "GURUGRAM",
    "ADDRESS": "RUDFLRADBASEMETSCUM762HUDAMARKETSEC15LLURURAMHARYAA122001",
    "CONTACT": "9559003338",
    "CITY": "GURUGRAM",
    "DISTRICT": "GURUGRAM",
    "STATE": "HARYANA",
    "RTGS": true
  },
  "UTKS0001377": {
    "BANK": "UTKARSH SMALL FINANCE BANK",
    "IFSC": "UTKS0001377",
    "BRANCH": "SAGUNA MORE",
    "ADDRESS": "GROUND FLOOR PLOT NUMBER 202 VASHIKUNJ COMPLEX NEAR SAGUNA MORE PATNA 801503",
    "CONTACT": "9102405957",
    "CITY": "PATNA",
    "DISTRICT": "PATNA",
    "STATE": "BIHAR",
    "RTGS": true
  },
  "UTKS0001378": {
    "BANK": "UTKARSH SMALL FINANCE BANK",
    "IFSC": "UTKS0001378",
    "BRANCH": "MANESAR",
    "ADDRESS": "SHOP NUM 8 9 29 EROS CORPORATE PARK IMT MANESAR GURUGRAM PIN 122050 HARYANA",
    "CONTACT": "9718823978",
    "CITY": "GURUGRAM",
    "DISTRICT": "GURUGRAM",
    "STATE": "HARYANA",
    "RTGS": true
  },
  "UTKS0001379": {
    "BANK": "UTKARSH SMALL FINANCE BANK",
    "IFSC": "UTKS0001379",
    "BRANCH": "LAKADGANJ",
    "ADDRESS": "GROUNDFLOORHONEYARJUNKAUSHALYATOWERPLOTNO268CENTRALAVENUEROADLAKADGANJNAGPUR440008",
    "CONTACT": "9766938390",
    "CITY": "NAGPUR",
    "DISTRICT": "NAGPUR",
    "STATE": "MAHARASHTRA"
  },
  "UTKS0001380": {
    "BANK": "UTKARSH SMALL FINANCE BANK",
    "IFSC": "UTKS0001380",
    "BRANCH": "BARH",
    "ADDRESS": "STATION ROAD BARH PATNA BIHAR 803213",
    "CONTACT": "8271907330",
    "CITY": "PATNA",
    "DISTRICT": "PATNA",
    "STATE": "BIHAR",
    "RTGS": true
  },
  "UTKS0001381": {
    "BANK": "UTKARSH SMALL FINANCE BANK",
    "IFSC": "UTKS0001381",
    "BRANCH": "HASDIHA",
    "ADDRESS": "FIRST FLOOR, MAUZA- HATGAR, S.C. KASBA JAMABANDI NO. 1, PLOT NO. 46, AREA 4, KHATA NO, 4 DHUR, VILLAGE- HATGAR, P.S.- HANSDIHA, ANCHAL- SARAIYAHAT, DISTRICT- DUMKA, STATE- JHARKHAND, PIN CODE- 814145",
    "CONTACT": "7485808721",
    "CITY": "DUMKA",
    "DISTRICT": "DUMKA",
    "STATE": "JHARKHAND",
    "RTGS": true
  },
  "UTKS0001383": {
    "BANK": "UTKARSH SMALL FINANCE BANK",
    "IFSC": "UTKS0001383",
    "BRANCH": "GODDA",
    "ADDRESS": "MAUZA - GOURI GHAT O.504,JAMABANDI NO - 31,PLOT NO - 877,P.S - GODDA,ANCHAL - GODDA,DIST - GODDA,STATE - JHARKHAND,PIN CODE - 814133",
    "CONTACT": "7280027246",
    "CITY": "GODDA",
    "DISTRICT": "GODDA",
    "STATE": "JHARKHAND",
    "RTGS": true
  },
  "UTKS0001384": {
    "BANK": "UTKARSH SMALL FINANCE BANK",
    "IFSC": "UTKS0001384",
    "BRANCH": "VARANASI",
    "ADDRESS": "GROUND FLOOR D-59 BY 71,A-1,MOHALLAH SHIVPURWA,MEHMOORGANJ,VARANASI,UTTAR PRADESH 221010",
    "CONTACT": "9721321591",
    "CITY": "VARANASI",
    "DISTRICT": "VARANASI",
    "STATE": "UTTAR PRADESH"
  },
  "UTKS0001385": {
    "BANK": "UTKARSH SMALL FINANCE BANK",
    "IFSC": "UTKS0001385",
    "BRANCH": "CHEMBUR",
    "ADDRESS": "BEST COMMERCIAL BUILDING,OPPOSITE CR.AMBEDKAR UDYAN,CENTRAL AVENUE ROAD,CHEMBUR,MUMBAI-400071",
    "CONTACT": "9820682658",
    "CITY": "MUMBAI",
    "DISTRICT": "MUMBAI",
    "STATE": "MAHARASHTRA"
  },
  "UTKS0001386": {
    "BANK": "UTKARSH SMALL FINANCE BANK",
    "IFSC": "UTKS0001386",
    "BRANCH": "PUSA ROAD",
    "ADDRESS": "GROUND FLOOR 9 B PUSA ROAD,RAJENDRA PARK,NEW DELHI 110060",
    "CONTACT": "9871340606",
    "CITY": "NEW DELHI",
    "DISTRICT": "NEW DELHI",
    "STATE": "DELHI",
    "RTGS": true
  },
  "UTKS0001390": {
    "BANK": "UTKARSH SMALL FINANCE BANK",
    "IFSC": "UTKS0001390",
    "BRANCH": "SONIPAT",
    "ADDRESS": "GROUND AND FIRST FLOOR,215,SONIPAT,HARYANA-131001",
    "CONTACT": "9811237790",
    "CITY": "SONIPAT",
    "DISTRICT": "SONIPAT",
    "STATE": "HARYANA",
    "RTGS": true
  },
  "UTKS0001391": {
    "BANK": "UTKARSH SMALL FINANCE BANK",
    "IFSC": "UTKS0001391",
    "BRANCH": "YAMUNANAGAR",
    "ADDRESS": "UPPER GROUND FLOOR,38 39,NEHRU PARK ROAD,YAMUNA NAGAR,HARYANA 135001",
    "CONTACT": "8006006280",
    "CITY": "YAMUNANAGAR",
    "DISTRICT": "YAMUNANAGAR",
    "STATE": "HARYANA",
    "RTGS": true
  },
  "UTKS0001392": {
    "BANK": "UTKARSH SMALL FINANCE BANK",
    "IFSC": "UTKS0001392",
    "BRANCH": "BASTI",
    "ADDRESS": "GROUND FLOOR,89 A,PIKAURA SHIV GULAM,MALVIYA ROAD,BASTI,UTTAR PRADESH,PIN 272001",
    "CONTACT": "9839714243",
    "CITY": "BASTI",
    "DISTRICT": "BASTI",
    "STATE": "UTTAR PRADESH"
  },
  "UTKS0001393": {
    "BANK": "UTKARSH SMALL FINANCE BANK",
    "IFSC": "UTKS0001393",
    "BRANCH": "AMBALA",
    "ADDRESS": "GROUND FLOOR,5406 BY 2 3,PANJABI MOHALLA,AMBALA CANTT.133001,HARYANA",
    "CONTACT": "9910636699",
    "CITY": "AMBALA",
    "DISTRICT": "AMBALA",
    "STATE": "HARYANA",
    "RTGS": true
  },
  "UTKS0001395": {
    "BANK": "UTKARSH SMALL FINANCE BANK",
    "IFSC": "UTKS0001395",
    "BRANCH": "DHANBAD",
    "ADDRESS": "UPPER GROUND FLOOR,PLOT NO 649,652654,683,694698& 714,KHATA NO 43 AND 44,MOUZA DHANBAD,NO 51,PODDAR TOWER,SHASTRI NAGAR,DHANBAD,JHARKHAND 826001",
    "CONTACT": "7519447080",
    "CITY": "DHANBAD",
    "DISTRICT": "DHANBAD",
    "STATE": "JHARKHAND",
    "RTGS": true
  },
  "UTKS0001396": {
    "BANK": "UTKARSH SMALL FINANCE BANK",
    "IFSC": "UTKS0001396",
    "BRANCH": "RAMGARH",
    "ADDRESS": "GROUND FLOOR,BUILDING NUMBER JC 9 BY1,MAHATMA GANDHI CHOWK,MAIN ROAD,RAMGARH CANTT,DISTRICT RAMGARH,JHARKHAND,PIN 829122",
    "CONTACT": "8336071332",
    "CITY": "RAMGARH CANTT",
    "DISTRICT": "RAMGARH",
    "STATE": "JHARKHAND",
    "RTGS": true
  },
  "UTKS0001397": {
    "BANK": "UTKARSH SMALL FINANCE BANK",
    "IFSC": "UTKS0001397",
    "BRANCH": "HARIDWAR",
    "ADDRESS": "GROUND FLOOR,YOGI VIHAR,OPPOSITE AXIS BANK,JWALAPUR MAIN ROAD,HARIDWAR,UTTARAKHAND -249407",
    "CONTACT": "8191811444",
    "CITY": "HARIDWAR",
    "DISTRICT": "HARIDWAR",
    "STATE": "UTTARAKHAND"
  },
  "UTKS0001398": {
    "BANK": "UTKARSH SMALL FINANCE BANK",
    "IFSC": "UTKS0001398",
    "BRANCH": "BOKARO",
    "ADDRESS": "GROUND FLOOR,B 15,CITY CENTER,SECTOR 4,BOKARO STEEL CITY,DISTRICT-BOKARO,JHARKHAND,PIN 827004",
    "CONTACT": "9801927770",
    "CITY": "BOKARO",
    "DISTRICT": "BOKARO",
    "STATE": "JHARKHAND",
    "RTGS": true
  },
  "UTKS0001399": {
    "BANK": "UTKARSH SMALL FINANCE BANK",
    "IFSC": "UTKS0001399",
    "BRANCH": "DARBANGHA",
    "ADDRESS": "GROUND FLOOR AND FIRST FLOOR,HOLDING NUMBER 605,WARD NO 19,RAJKUMARGANJ,DARBHANGA,BIHAR,PIN 846004",
    "CONTACT": "7488351104",
    "CITY": "DARBHANGA",
    "DISTRICT": "DARBHANGA",
    "STATE": "BIHAR",
    "RTGS": true
  },
  "UTKS0001400": {
    "BANK": "UTKARSH SMALL FINANCE BANK",
    "IFSC": "UTKS0001400",
    "BRANCH": "RAIPUR",
    "ADDRESS": "GROUND FLOOR,17BY 2 GORE PARISAR,CIVIL LINES,RAIPUR,CHHATISGARH,PIN 492001",
    "CONTACT": "7712427055",
    "CITY": "RAIPUR",
    "DISTRICT": "RAIPUR",
    "STATE": "CHHATTISGARH",
    "RTGS": true
  },
  "UTKS0001401": {
    "BANK": "UTKARSH SMALL FINANCE BANK",
    "IFSC": "UTKS0001401",
    "BRANCH": "LAJPATNAGAR",
    "ADDRESS": "GROUND FLOOR K-91 LAIPAT NAGAR -IL DELHI-110024",
    "CONTACT": "8755731000",
    "CITY": "NEW DELHI",
    "DISTRICT": "NEW DELHI",
    "STATE": "DELHI",
    "RTGS": true
  },
  "UTKS0001402": {
    "BANK": "UTKARSH SMALL FINANCE BANK",
    "IFSC": "UTKS0001402",
    "BRANCH": "LALGANJ",
    "ADDRESS": "GROUND FLOOR,PLOT NO 131,AGARPUR,MUZAFFARPUR ROAD,LALGANJ,DISTRICT-VAISHALI,PIN 844121",
    "CONTACT": "9956354455",
    "CITY": "HAJIPUR",
    "DISTRICT": "VAISHALI",
    "STATE": "BIHAR",
    "RTGS": true
  },
  "UTKS0001403": {
    "BANK": "UTKARSH SMALL FINANCE BANK",
    "IFSC": "UTKS0001403",
    "BRANCH": "BIHAR SHARIFF",
    "ADDRESS": "GROUND FLOOR,HOLDING N0 603,BHAINSASUR,RANCHI ROAD,BIHAR SHARIF,DIST-NALANDA,BIHAR,PIN-803101",
    "CONTACT": "233150",
    "CITY": "BIHAR SHARIFF",
    "DISTRICT": "NALANDA",
    "STATE": "BIHAR",
    "RTGS": true
  },
  "UTKS0001404": {
    "BANK": "UTKARSH SMALL FINANCE BANK",
    "IFSC": "UTKS0001404",
    "BRANCH": "RASRA",
    "ADDRESS": "BHAGAT SINGH ROAD,RASRA,DIST BALLIA 221712",
    "CONTACT": "8948711222",
    "CITY": "RASRA",
    "DISTRICT": "BALLIA",
    "STATE": "UTTAR PRADESH"
  },
  "UTKS0001405": {
    "BANK": "UTKARSH SMALL FINANCE BANK",
    "IFSC": "UTKS0001405",
    "BRANCH": "BHABUA",
    "ADDRESS": "UPPER GROUND FLOOR,PATEL CHOWK,WARD NO 3,BHABHUA,DISTRICT KAIMUR,BIHAR,PIN 821101",
    "CONTACT": "8960091742",
    "CITY": "KAIMUR",
    "DISTRICT": "KAIMUR",
    "STATE": "BIHAR",
    "RTGS": true
  },
  "UTKS0001406": {
    "BANK": "UTKARSH SMALL FINANCE BANK",
    "IFSC": "UTKS0001406",
    "BRANCH": "BELA PRATAPGARH",
    "ADDRESS": "UPPER GROUND FLOOR 237,TRESAURY CHAURAHA,CIVIL LINE,PRATAPGARH,UTTAR PRADESH,PIN 230001",
    "CONTACT": "8400400627",
    "CITY": "PRATAPGARH",
    "DISTRICT": "PRATAPGARH",
    "STATE": "UTTAR PRADESH"
  },
  "UTKS0001407": {
    "BANK": "UTKARSH SMALL FINANCE BANK",
    "IFSC": "UTKS0001407",
    "BRANCH": "JAMSHEDPUR",
    "ADDRESS": "DF1RMDBTMD(TG)KDPI-811",
    "CONTACT": null,
    "CITY": "JAMSHEDPUR",
    "DISTRICT": "JAMSHEDPUR",
    "STATE": "JHARKHAND",
    "RTGS": true
  },
  "UTKS0001408": {
    "BANK": "UTKARSH SMALL FINANCE BANK",
    "IFSC": "UTKS0001408",
    "BRANCH": "KANKARBAGH",
    "ADDRESS": "&STR4HSGTTRPTPIN-86",
    "CONTACT": null,
    "CITY": "PATNA",
    "DISTRICT": "PATNA",
    "STATE": "BIHAR",
    "RTGS": true
  },
  "UTKS0001410": {
    "BANK": "UTKARSH SMALL FINANCE BANK",
    "IFSC": "UTKS0001410",
    "BRANCH": "RUDRAPUR",
    "ADDRESS": "GROUND FLOOR,PLOT NO.22 AVAS VIKAS COLONY,RUDRAPUR,UTTARAKHAND,DISTRICT UDHAM SINGH NAGAR,263153",
    "CONTACT": "9410348146",
    "CITY": "RUDRAPUR",
    "DISTRICT": "UDHAMSINGHNAGAR",
    "STATE": "UTTARAKHAND"
  },
  "UTKS0001412": {
    "BANK": "UTKARSH SMALL FINANCE BANK",
    "IFSC": "UTKS0001412",
    "BRANCH": "KANKER",
    "ADDRESS": "MAUZA- BARDEBHATAWRNO-18,GHNICHOWK,SRONRO,KNKER,TEHSIL-KNKER,DISRIC-KNKER,CHHISGRH,PINCOE-494334,KHESRNO-465/3/K/5",
    "CONTACT": null,
    "CITY": "KANKER",
    "DISTRICT": "KANKER",
    "STATE": "CHHATTISGARH",
    "RTGS": true
  },
  "UTKS0001501": {
    "BANK": "UTKARSH SMALL FINANCE BANK",
    "IFSC": "UTKS0001501",
    "BRANCH": "LUCKNOW",
    "ADDRESS": "UNIT NUMBER 201 ( PART),202 ( PART),203 ( PART ) UPPER GROUND FLOOR,TRIDENT BUILDING,10 RANA PRATAP MARG,HAZRATGANJ,LUCKNOW",
    "CONTACT": "9792014222",
    "CITY": "LUCKNOW",
    "DISTRICT": "LUCKNOW",
    "STATE": "UTTAR PRADESH"
  },
  "UTKS0001503": {
    "BANK": "UTKARSH SMALL FINANCE BANK",
    "IFSC": "UTKS0001503",
    "BRANCH": "JALIKHAN",
    "ADDRESS": "UTKARSH SMALL FINANCE BANK LTD,VILLAGE-JALIKHAN,POST OFFICE BANGIDHAR,TEHSIL -SALT,DIST -ALMORA,UTTRAKHAND -263676",
    "CONTACT": "9958407384",
    "CITY": "SULT",
    "DISTRICT": "ALMORA",
    "STATE": "UTTARAKHAND"
  },
  "UTKS0001504": {
    "BANK": "UTKARSH SMALL FINANCE BANK",
    "IFSC": "UTKS0001504",
    "BRANCH": "MOHALLA WRIGHT TOWN EXT.",
    "ADDRESS": "GROUND FLOOR,PLOT NO 2/B-1 HOUSE NO 1187 -1188,DIVERSION PLOT NO 527,DIVERSION SHEET NO 154-A,MOHALLA WRIGHT TOWN,JABALPUR -482001",
    "CONTACT": "9329129535",
    "CITY": "JABALPUR",
    "DISTRICT": "JABALPUR",
    "STATE": "MADHYA PRADESH"
  },
  "UTKS0001505": {
    "BANK": "UTKARSH SMALL FINANCE BANK",
    "IFSC": "UTKS0001505",
    "BRANCH": "KANPUR",
    "ADDRESS": "PLOT NO - 119/538,A MOHALLA DARSHANPURWA FAZALGANJ,GUMTI NO 5,POST -KAUSHALPURI,DISTRICT -KANPUR,STATE -UTTAR PRADESH 208012",
    "CONTACT": "9919992498",
    "CITY": "KANPUR",
    "DISTRICT": "KANPUR",
    "STATE": "UTTAR PRADESH"
  },
  "UTKS0001506": {
    "BANK": "UTKARSH SMALL FINANCE BANK",
    "IFSC": "UTKS0001506",
    "BRANCH": "BAREILLY",
    "ADDRESS": "GROUND FLOOR,PLOT NO -148 CIVIL LINES,BAREILLY STATE -UTTAR PRADESH,PIN -243001",
    "CONTACT": "7376263928",
    "CITY": "BAREILLY",
    "DISTRICT": "BAREILLY",
    "STATE": "UTTAR PRADESH"
  },
  "UTKS0001507": {
    "BANK": "UTKARSH SMALL FINANCE BANK",
    "IFSC": "UTKS0001507",
    "BRANCH": "MORADABAD",
    "ADDRESS": "GROUND FLOOR,HOUSE NO 0809153 B,AGARWAL COMPLEX,NEAR PILI KOTHI,ROAD -KANTH ROAD,POST -CIVIL LINE,DISTRICT -MORADABAD,STATE -UTTAR PRADESH,PIN -244001",
    "CONTACT": "9415868382",
    "CITY": "MORADABAD",
    "DISTRICT": "MORADABAD",
    "STATE": "UTTAR PRADESH"
  },
  "UTKS0001508": {
    "BANK": "UTKARSH SMALL FINANCE BANK",
    "IFSC": "UTKS0001508",
    "BRANCH": "PANCHKULA",
    "ADDRESS": "UTKARSH SMALL FINANCE BANK,SCO -6P,SECTOR -10,PANCHKULA -134109",
    "CONTACT": "9811114554",
    "CITY": "PANCHKULA",
    "DISTRICT": "PANCHKULA",
    "STATE": "HARYANA",
    "RTGS": true
  },
  "UTKS0001509": {
    "BANK": "UTKARSH SMALL FINANCE BANK",
    "IFSC": "UTKS0001509",
    "BRANCH": "BHOPAL",
    "ADDRESS": "UTKARSH SMALL FINANCE BANK,GROUND FLOOR,PLOT NO.178,MAHARANA PRATAP NAGAR,ZONE 2,BHOPAL,MADHYA PRADESH,PIN -462016",
    "CONTACT": "7697602185",
    "CITY": "BHOPAL",
    "DISTRICT": "BHOPAL",
    "STATE": "MADHYA PRADESH"
  },
  "UTKS0001510": {
    "BANK": "UTKARSH SMALL FINANCE BANK",
    "IFSC": "UTKS0001510",
    "BRANCH": "KOLKATA",
    "ADDRESS": "UTKARSH SMALL FINANCE BANK,GROUND FLOOR BC -28 SALT LAKE CITY,SECTOR -1,NEAR BIDHAN NAGAR POST OFFICE,WATER TANK NO.3,SALT LAKE CITY,KOLKATA -700064",
    "CONTACT": "9836955559",
    "CITY": "KOLKATA",
    "DISTRICT": "KOLKATA",
    "STATE": "WEST BENGAL"
  },
  "UTKS0001511": {
    "BANK": "UTKARSH SMALL FINANCE BANK",
    "IFSC": "UTKS0001511",
    "BRANCH": "BHAGALPUR",
    "ADDRESS": "GROUND FLOOR,SUMAN PLAZA,NETAJI SHUBHASH CHANDRA BOSE ROAD,NH-80,TILKA MANJHI,POST OFFICE - BHAGALPUR,DISTRICT - BHAGALPUR,BIHAR PIN-812001",
    "CONTACT": "8969126150",
    "CITY": "BHAGALPUR",
    "DISTRICT": "BHAGALPUR",
    "STATE": "BIHAR",
    "RTGS": true
  },
  "UTKS0001512": {
    "BANK": "UTKARSH SMALL FINANCE BANK",
    "IFSC": "UTKS0001512",
    "BRANCH": "PREET VIHAR",
    "ADDRESS": "GROUND FLOOR,9,PARK END,PANJATANI CO-OP HOUSE BUILDING SOCIETY LTD,VIKAS MARG,DELHI-110092",
    "CONTACT": "8130799513",
    "CITY": "DELHI",
    "DISTRICT": "DELHI",
    "STATE": "DELHI",
    "RTGS": true
  },
  "UTKS0001513": {
    "BANK": "UTKARSH SMALL FINANCE BANK",
    "IFSC": "UTKS0001513",
    "BRANCH": "LANKA",
    "ADDRESS": "GROUND FLOOR,B/36/10,PJR SHEETAL COMPLEX,DURGAKUND,DIST VARANASI,STATE - UTTAR PRADESH,PIN - 221005",
    "CONTACT": "9598057580",
    "CITY": "VARANASI",
    "DISTRICT": "VARANASI",
    "STATE": "UTTAR PRADESH"
  },
  "UTKS0001514": {
    "BANK": "UTKARSH SMALL FINANCE BANK",
    "IFSC": "UTKS0001514",
    "BRANCH": "NOIDA",
    "ADDRESS": "F-20,SECTOR-18,NOIDA,U.P.-201301",
    "CONTACT": "8006512410",
    "CITY": "NOIDA",
    "DISTRICT": "GAUTAM BUDDH NAGAR",
    "STATE": "UTTAR PRADESH"
  },
  "UTKS0001515": {
    "BANK": "UTKARSH SMALL FINANCE BANK",
    "IFSC": "UTKS0001515",
    "BRANCH": "INDORE",
    "ADDRESS": "SHOP NO.G-1,G-6,G-9,GROUND FLOOR,MANGAL CITY MALL& HOTEL,PLOT NO-A-1,SCHEME NO.54,PU-4 COMMERCIAL,INDORE,MADHYA PRADESH-452010",
    "CONTACT": "9589611171",
    "CITY": "INDORE",
    "DISTRICT": "INDORE",
    "STATE": "MADHYA PRADESH"
  },
  "UTKS0001516": {
    "BANK": "UTKARSH SMALL FINANCE BANK",
    "IFSC": "UTKS0001516",
    "BRANCH": "AGRA",
    "ADDRESS": "SHOP NO.G-12& B-12,FRIENDS WASAN PLAZA,17/2/4,SANJAY PLACE,AGRA,UTTAR PRADESH-282002",
    "CONTACT": "9984050022",
    "CITY": "AGRA",
    "DISTRICT": "AGRA",
    "STATE": "UTTAR PRADESH"
  }
}